counterparty,description,action,time,base_currency,reporting_dispute_amount,dispute_age,dispute_amount,agreement_id,event_id,rescued_data,reporting_date
CENTRAL 1 CREDIT UNION,Valuation dispute on FX portfolio,Pending Review,2026-06-03 09:30:00,USD,450000.0,3,450000.0,3001,390066,,2026-06-03
INVESTEC BANK LIMITED,Counterparty disputes call amount,Under Investigation,2026-06-03 09:30:00,USD,120000.0,5,120000.0,8075,345454,,2026-06-03
BIMCOR INC,Valuation dispute,Under Investigation,2026-06-24 09:30:00,USD,157000.0,3,157000.0,4359,360570,,2026-06-24
INVESTEC BANK LIMITED,Recon break,Resolved,2026-06-24 09:30:00,USD,179000.0,3,179000.0,8357,340170,,2026-06-24
MORGAN STANLEY INTL,Valuation dispute,Resolved,2026-06-03 09:30:00,USD,868000.0,15,868000.0,8950,384936,,2026-06-03
SWISS LIFE AG,Late notice,Resolved,2026-07-01 09:30:00,USD,71000.0,15,71000.0,5036,342421,,2026-07-01
DEUTSCHE BANK A.G.,Recon break,Pending Review,2026-06-24 09:30:00,USD,134000.0,8,134000.0,3174,341836,,2026-06-24
WELLINGTON GLOBAL EQUITY FUND 28R5,Valuation dispute,Pending Review,2026-06-10 09:30:00,USD,502000.0,15,502000.0,2988,360166,,2026-06-10
BIMCOR INC,Valuation dispute,Resolved,2026-07-01 09:30:00,USD,195000.0,15,195000.0,2282,397524,,2026-07-01
BANCO HABITAT,Recon break,Pending Review,2026-06-03 09:30:00,USD,124000.0,3,124000.0,8742,340548,,2026-06-03
BIMCOR INC,MTM discrepancy,Resolved,2026-07-01 09:30:00,USD,69000.0,3,69000.0,8277,381327,,2026-07-01
BIMCOR INC,Recon break,Pending Review,2026-07-01 09:30:00,USD,501000.0,5,501000.0,8543,548053,,2026-07-01
BANCO HABITAT,MTM discrepancy,Resolved,2026-06-17 09:30:00,USD,892000.0,8,892000.0,3591,374408,,2026-06-17
MORGAN STANLEY INTL,Valuation dispute,Resolved,2026-06-10 09:30:00,USD,499000.0,15,499000.0,6101,384482,,2026-06-10
CENTRAL 1 CREDIT UNION,Valuation dispute,Pending Review,2026-06-10 09:30:00,USD,569000.0,3,569000.0,8711,350097,,2026-06-10
SWISS LIFE AG,Late notice,Resolved,2026-07-01 09:30:00,USD,144000.0,8,144000.0,8088,357527,,2026-07-01
BANCO HABITAT,Late notice,Resolved,2026-06-03 09:30:00,USD,11000.0,3,11000.0,1371,372694,,2026-06-03
BANCO HABITAT,Recon break,Under Investigation,2026-06-24 09:30:00,USD,480000.0,8,480000.0,8274,360684,,2026-06-24
BANK OF NOVA SCOTIA,Valuation dispute,Pending Review,2026-06-24 09:30:00,USD,545000.0,1,545000.0,1155,358795,,2026-06-24
BANK OF NOVA SCOTIA,Late notice,Under Investigation,2026-06-24 09:30:00,USD,451000.0,1,451000.0,2794,354190,,2026-06-24
CITIBANK NA,Recon break,Under Investigation,2026-06-03 09:30:00,USD,335000.0,3,335000.0,1941,351376,,2026-06-03
CITIBANK NA,Late notice,Resolved,2026-07-01 09:30:00,USD,140000.0,15,140000.0,9405,380113,,2026-07-01
BIMCOR INC,Valuation dispute,Under Investigation,2026-06-17 09:30:00,USD,605000.0,15,605000.0,9724,346650,,2026-06-17
DEUTSCHE BANK A.G.,Valuation dispute,Pending Review,2026-06-10 09:30:00,USD,698000.0,3,698000.0,6801,386038,,2026-06-10
SWISS LIFE AG,MTM discrepancy,Under Investigation,2026-06-17 09:30:00,USD,851000.0,1,851000.0,4922,384013,,2026-06-17
CENTRAL 1 CREDIT UNION,Recon break,Resolved,2026-06-10 09:30:00,USD,455000.0,8,455000.0,1813,357586,,2026-06-10
BANK OF NOVA SCOTIA,Late notice,Resolved,2026-06-10 09:30:00,USD,185000.0,1,185000.0,9184,526601,,2026-06-10
MORGAN STANLEY INTL,Recon break,Under Investigation,2026-06-24 09:30:00,USD,801000.0,1,801000.0,7432,340170,,2026-06-24
BANCO HABITAT,MTM discrepancy,Under Investigation,2026-06-17 09:30:00,USD,417000.0,8,417000.0,1584,387090,,2026-06-17
SWISS LIFE AG,Recon break,Under Investigation,2026-06-10 09:30:00,USD,242000.0,1,242000.0,6410,352769,,2026-06-10
MORGAN STANLEY INTL,Valuation dispute,Pending Review,2026-06-17 09:30:00,USD,528000.0,3,528000.0,1853,376538,,2026-06-17
MORGAN STANLEY INTL,MTM discrepancy,Under Investigation,2026-06-24 09:30:00,USD,192000.0,5,192000.0,5975,387944,,2026-06-24
CENTRAL 1 CREDIT UNION,Late notice,Pending Review,2026-07-01 09:30:00,USD,590000.0,15,590000.0,3941,357879,,2026-07-01
BANCO HABITAT,Late notice,Under Investigation,2026-06-17 09:30:00,USD,193000.0,3,193000.0,7912,367511,,2026-06-17
SWISS LIFE AG,MTM discrepancy,Resolved,2026-06-03 09:30:00,USD,672000.0,15,672000.0,5843,381359,,2026-06-03
CITIBANK NA,MTM discrepancy,Pending Review,2026-06-03 09:30:00,USD,430000.0,3,430000.0,2005,376733,,2026-06-03
DEUTSCHE BANK A.G.,Recon break,Pending Review,2026-06-03 09:30:00,USD,566000.0,1,566000.0,4131,396608,,2026-06-03
BANK OF NOVA SCOTIA,Recon break,Pending Review,2026-06-17 09:30:00,USD,470000.0,8,470000.0,8004,354032,,2026-06-17
INVESTEC BANK LIMITED,Valuation dispute,Pending Review,2026-06-17 09:30:00,USD,844000.0,15,844000.0,2423,368039,,2026-06-17
INVESTEC BANK LIMITED,Recon break,Pending Review,2026-06-03 09:30:00,USD,107000.0,5,107000.0,3401,363120,,2026-06-03
DEUTSCHE BANK A.G.,Valuation dispute,Under Investigation,2026-06-17 09:30:00,USD,615000.0,8,615000.0,5403,351432,,2026-06-17
CENTRAL 1 CREDIT UNION,Recon break,Resolved,2026-06-10 09:30:00,USD,24000.0,15,24000.0,1414,351207,,2026-06-10
BANK OF NOVA SCOTIA,Recon break,Under Investigation,2026-06-17 09:30:00,USD,92000.0,8,92000.0,5266,367172,,2026-06-17
DEUTSCHE BANK A.G.,MTM discrepancy,Under Investigation,2026-06-10 09:30:00,USD,614000.0,5,614000.0,2296,385094,,2026-06-10
DEUTSCHE BANK A.G.,Recon break,Resolved,2026-06-03 09:30:00,USD,799000.0,3,799000.0,2278,342533,,2026-06-03
CENTRAL 1 CREDIT UNION,MTM discrepancy,Pending Review,2026-06-17 09:30:00,USD,589000.0,8,589000.0,4670,388637,,2026-06-17
CENTRAL 1 CREDIT UNION,Valuation dispute,Pending Review,2026-07-01 09:30:00,USD,637000.0,15,637000.0,8108,398761,,2026-07-01
DEUTSCHE BANK A.G.,Recon break,Resolved,2026-06-17 09:30:00,USD,227000.0,15,227000.0,3641,395688,,2026-06-17
CITIBANK NA,MTM discrepancy,Pending Review,2026-06-24 09:30:00,USD,328000.0,3,328000.0,5696,523451,,2026-06-24
BANCO HABITAT,Recon break,Pending Review,2026-06-17 09:30:00,USD,469000.0,5,469000.0,6994,362968,,2026-06-17
CITIBANK NA,Late notice,Resolved,2026-06-24 09:30:00,USD,259000.0,15,259000.0,4602,398356,,2026-06-24
CENTRAL 1 CREDIT UNION,Valuation dispute,Pending Review,2026-06-24 09:30:00,USD,392000.0,15,392000.0,7269,373611,,2026-06-24
BANCO HABITAT,Valuation dispute,Under Investigation,2026-06-17 09:30:00,USD,444000.0,8,444000.0,8777,387192,,2026-06-17
CENTRAL 1 CREDIT UNION,Late notice,Resolved,2026-07-01 09:30:00,USD,219000.0,5,219000.0,7480,560957,,2026-07-01
INVESTEC BANK LIMITED,Valuation dispute,Resolved,2026-06-24 09:30:00,USD,162000.0,15,162000.0,6456,358705,,2026-06-24
MORGAN STANLEY INTL,Valuation dispute,Resolved,2026-06-03 09:30:00,USD,186000.0,15,186000.0,7945,385215,,2026-06-03
MORGAN STANLEY INTL,MTM discrepancy,Under Investigation,2026-06-03 09:30:00,USD,678000.0,15,678000.0,8393,343425,,2026-06-03
WELLINGTON GLOBAL EQUITY FUND 28R5,Recon break,Pending Review,2026-06-10 09:30:00,USD,663000.0,1,663000.0,2857,358529,,2026-06-10
DEUTSCHE BANK A.G.,Recon break,Under Investigation,2026-06-03 09:30:00,USD,256000.0,8,256000.0,1844,386807,,2026-06-03
BANCO HABITAT,MTM discrepancy,Under Investigation,2026-06-24 09:30:00,USD,824000.0,3,824000.0,9774,385541,,2026-06-24
BANK OF NOVA SCOTIA,Valuation dispute,Resolved,2026-07-01 09:30:00,USD,863000.0,15,863000.0,5754,376682,,2026-07-01
INVESTEC BANK LIMITED,Recon break,Under Investigation,2026-06-03 09:30:00,USD,597000.0,1,597000.0,4221,347562,,2026-06-03
BIMCOR INC,Late notice,Under Investigation,2026-06-03 09:30:00,USD,250000.0,1,250000.0,5685,381055,,2026-06-03
CITIBANK NA,Valuation dispute,Under Investigation,2026-06-17 09:30:00,USD,398000.0,15,398000.0,6333,368643,,2026-06-17
BANCO HABITAT,Recon break,Under Investigation,2026-06-10 09:30:00,USD,892000.0,5,892000.0,3749,357941,,2026-06-10
DEUTSCHE BANK A.G.,Valuation dispute,Resolved,2026-06-24 09:30:00,USD,690000.0,8,690000.0,4950,352870,,2026-06-24
BIMCOR INC,Recon break,Pending Review,2026-06-17 09:30:00,USD,724000.0,15,724000.0,5411,382366,,2026-06-17
DEUTSCHE BANK A.G.,MTM discrepancy,Resolved,2026-07-01 09:30:00,USD,597000.0,3,597000.0,1763,365689,,2026-07-01
MORGAN STANLEY INTL,Valuation dispute,Resolved,2026-06-24 09:30:00,USD,334000.0,15,334000.0,9819,344476,,2026-06-24
DEUTSCHE BANK A.G.,MTM discrepancy,Under Investigation,2026-06-24 09:30:00,USD,664000.0,15,664000.0,3528,399614,,2026-06-24
BANK OF NOVA SCOTIA,Late notice,Resolved,2026-06-10 09:30:00,USD,688000.0,5,688000.0,2043,350364,,2026-06-10
MORGAN STANLEY INTL,Late notice,Pending Review,2026-06-24 09:30:00,USD,874000.0,8,874000.0,2052,350151,,2026-06-24
DEUTSCHE BANK A.G.,Recon break,Resolved,2026-06-17 09:30:00,USD,77000.0,8,77000.0,9092,390122,,2026-06-17
BANK OF NOVA SCOTIA,Recon break,Resolved,2026-06-17 09:30:00,USD,550000.0,1,550000.0,2522,384027,,2026-06-17
DEUTSCHE BANK A.G.,Late notice,Pending Review,2026-06-10 09:30:00,USD,294000.0,5,294000.0,7385,393480,,2026-06-10
BANCO HABITAT,Late notice,Pending Review,2026-06-03 09:30:00,USD,243000.0,5,243000.0,8892,383197,,2026-06-03
BANK OF NOVA SCOTIA,Valuation dispute,Resolved,2026-06-24 09:30:00,USD,550000.0,5,550000.0,4689,362163,,2026-06-24
MORGAN STANLEY INTL,MTM discrepancy,Resolved,2026-06-24 09:30:00,USD,41000.0,15,41000.0,6996,377230,,2026-06-24
WELLINGTON GLOBAL EQUITY FUND 28R5,Valuation dispute,Resolved,2026-06-03 09:30:00,USD,418000.0,15,418000.0,7435,373907,,2026-06-03
DEUTSCHE BANK A.G.,Late notice,Pending Review,2026-06-03 09:30:00,USD,212000.0,1,212000.0,7002,342715,,2026-06-03
MORGAN STANLEY INTL,Recon break,Resolved,2026-06-10 09:30:00,USD,514000.0,3,514000.0,4158,393959,,2026-06-10
CITIBANK NA,Valuation dispute,Resolved,2026-06-24 09:30:00,USD,50000.0,5,50000.0,6467,378199,,2026-06-24
WELLINGTON GLOBAL EQUITY FUND 28R5,Recon break,Resolved,2026-06-17 09:30:00,USD,179000.0,5,179000.0,6973,388728,,2026-06-17
CITIBANK NA,MTM discrepancy,Pending Review,2026-07-01 09:30:00,USD,21000.0,15,21000.0,9652,504764,,2026-07-01
BANCO HABITAT,Recon break,Pending Review,2026-06-10 09:30:00,USD,291000.0,1,291000.0,3310,370659,,2026-06-10
BANK OF NOVA SCOTIA,MTM discrepancy,Resolved,2026-06-17 09:30:00,USD,837000.0,1,837000.0,8844,389945,,2026-06-17
CITIBANK NA,MTM discrepancy,Resolved,2026-06-24 09:30:00,USD,55000.0,8,55000.0,5054,399137,,2026-06-24
INVESTEC BANK LIMITED,Valuation dispute,Under Investigation,2026-06-03 09:30:00,USD,575000.0,3,575000.0,9769,367084,,2026-06-03
BANK OF NOVA SCOTIA,Recon break,Resolved,2026-07-01 09:30:00,USD,799000.0,15,799000.0,1861,381083,,2026-07-01
MORGAN STANLEY INTL,Recon break,Resolved,2026-07-01 09:30:00,USD,420000.0,1,420000.0,2958,358418,,2026-07-01
SWISS LIFE AG,Recon break,Under Investigation,2026-06-24 09:30:00,USD,357000.0,1,357000.0,7370,353011,,2026-06-24
CENTRAL 1 CREDIT UNION,Recon break,Resolved,2026-07-01 09:30:00,USD,497000.0,3,497000.0,7766,357330,,2026-07-01
INVESTEC BANK LIMITED,Valuation dispute,Under Investigation,2026-06-17 09:30:00,USD,519000.0,5,519000.0,2645,346109,,2026-06-17
DEUTSCHE BANK A.G.,MTM discrepancy,Under Investigation,2026-06-03 09:30:00,USD,762000.0,8,762000.0,9081,384954,,2026-06-03
BIMCOR INC,Recon break,Under Investigation,2026-06-10 09:30:00,USD,40000.0,3,40000.0,5460,358465,,2026-06-10
CENTRAL 1 CREDIT UNION,Late notice,Resolved,2026-06-10 09:30:00,USD,825000.0,8,825000.0,1759,358647,,2026-06-10
BIMCOR INC,Valuation dispute,Pending Review,2026-06-03 09:30:00,USD,543000.0,1,543000.0,2000,366702,,2026-06-03
DEUTSCHE BANK A.G.,Valuation dispute,Resolved,2026-06-24 09:30:00,USD,751000.0,8,751000.0,4783,341540,,2026-06-24
INVESTEC BANK LIMITED,Late notice,Pending Review,2026-06-03 09:30:00,USD,740000.0,5,740000.0,3328,371316,,2026-06-03
BANCO HABITAT,Recon break,Under Investigation,2026-07-01 09:30:00,USD,588000.0,8,588000.0,7846,343015,,2026-07-01
INVESTEC BANK LIMITED,MTM discrepancy,Under Investigation,2026-06-24 09:30:00,USD,852000.0,8,852000.0,2612,524589,,2026-06-24
BIMCOR INC,Late notice,Under Investigation,2026-07-01 09:30:00,USD,323000.0,1,323000.0,8953,347829,,2026-07-01
BANCO HABITAT,MTM discrepancy,Resolved,2026-06-03 09:30:00,USD,557000.0,3,557000.0,5796,341861,,2026-06-03
BIMCOR INC,MTM discrepancy,Pending Review,2026-07-01 09:30:00,USD,640000.0,8,640000.0,5490,366473,,2026-07-01
SWISS LIFE AG,Valuation dispute,Pending Review,2026-06-17 09:30:00,USD,850000.0,15,850000.0,6811,351878,,2026-06-17
BANCO HABITAT,Recon break,Resolved,2026-06-24 09:30:00,USD,311000.0,5,311000.0,6363,341090,,2026-06-24
BANCO HABITAT,MTM discrepancy,Pending Review,2026-06-24 09:30:00,USD,830000.0,15,830000.0,9867,389468,,2026-06-24
CITIBANK NA,Recon break,Under Investigation,2026-06-10 09:30:00,USD,288000.0,8,288000.0,3512,372053,,2026-06-10
BANCO HABITAT,Valuation dispute,Pending Review,2026-06-10 09:30:00,USD,240000.0,5,240000.0,8479,360794,,2026-06-10
CENTRAL 1 CREDIT UNION,Recon break,Pending Review,2026-06-10 09:30:00,USD,134000.0,3,134000.0,7708,386710,,2026-06-10
BIMCOR INC,Recon break,Resolved,2026-06-17 09:30:00,USD,598000.0,1,598000.0,4218,365938,,2026-06-17
BIMCOR INC,Valuation dispute,Resolved,2026-06-17 09:30:00,USD,437000.0,1,437000.0,8634,388831,,2026-06-17
CENTRAL 1 CREDIT UNION,Valuation dispute,Pending Review,2026-06-10 09:30:00,USD,633000.0,5,633000.0,2154,388728,,2026-06-10
WELLINGTON GLOBAL EQUITY FUND 28R5,Recon break,Pending Review,2026-06-24 09:30:00,USD,116000.0,8,116000.0,1376,360161,,2026-06-24
BIMCOR INC,MTM discrepancy,Resolved,2026-06-24 09:30:00,USD,455000.0,15,455000.0,3555,374422,,2026-06-24
BIMCOR INC,Valuation dispute,Resolved,2026-06-03 09:30:00,USD,17000.0,8,17000.0,7818,381014,,2026-06-03
BIMCOR INC,Valuation dispute,Pending Review,2026-06-10 09:30:00,USD,324000.0,1,324000.0,1507,343673,,2026-06-10
MORGAN STANLEY INTL,Late notice,Under Investigation,2026-06-10 09:30:00,USD,710000.0,15,710000.0,3437,399899,,2026-06-10
WELLINGTON GLOBAL EQUITY FUND 28R5,Late notice,Resolved,2026-06-17 09:30:00,USD,8000.0,8,8000.0,8046,378759,,2026-06-17
MORGAN STANLEY INTL,Valuation dispute,Resolved,2026-06-24 09:30:00,USD,21000.0,3,21000.0,7374,365374,,2026-06-24
DEUTSCHE BANK A.G.,Late notice,Resolved,2026-06-17 09:30:00,USD,504000.0,8,504000.0,8413,350130,,2026-06-17
BANCO HABITAT,Valuation dispute,Resolved,2026-06-10 09:30:00,USD,760000.0,5,760000.0,4925,378341,,2026-06-10
BANCO HABITAT,Valuation dispute,Under Investigation,2026-07-01 09:30:00,USD,66000.0,1,66000.0,2139,377876,,2026-07-01
BANCO HABITAT,Valuation dispute,Under Investigation,2026-06-03 09:30:00,USD,135000.0,15,135000.0,4576,359396,,2026-06-03
INVESTEC BANK LIMITED,Recon break,Under Investigation,2026-07-01 09:30:00,USD,406000.0,8,406000.0,9234,545712,,2026-07-01
WELLINGTON GLOBAL EQUITY FUND 28R5,Valuation dispute,Resolved,2026-06-03 09:30:00,USD,592000.0,8,592000.0,3949,397453,,2026-06-03
BANK OF NOVA SCOTIA,MTM discrepancy,Pending Review,2026-06-17 09:30:00,USD,602000.0,5,602000.0,4996,376571,,2026-06-17
INVESTEC BANK LIMITED,Late notice,Under Investigation,2026-06-17 09:30:00,USD,880000.0,5,880000.0,7276,368799,,2026-06-17
BANK OF NOVA SCOTIA,Valuation dispute,Resolved,2026-06-17 09:30:00,USD,363000.0,1,363000.0,4715,341829,,2026-06-17
BANK OF NOVA SCOTIA,Late notice,Under Investigation,2026-07-01 09:30:00,USD,779000.0,5,779000.0,5727,584317,,2026-07-01
DEUTSCHE BANK A.G.,Recon break,Pending Review,2026-06-17 09:30:00,USD,395000.0,15,395000.0,7009,367694,,2026-06-17
CENTRAL 1 CREDIT UNION,Late notice,Under Investigation,2026-06-17 09:30:00,USD,132000.0,8,132000.0,5280,353807,,2026-06-17
INVESTEC BANK LIMITED,MTM discrepancy,Under Investigation,2026-07-01 09:30:00,USD,614000.0,3,614000.0,5376,342084,,2026-07-01
INVESTEC BANK LIMITED,Valuation dispute,Under Investigation,2026-07-01 09:30:00,USD,227000.0,8,227000.0,3584,394759,,2026-07-01
CENTRAL 1 CREDIT UNION,Late notice,Pending Review,2026-06-03 09:30:00,USD,111000.0,1,111000.0,5538,377357,,2026-06-03
BANCO HABITAT,MTM discrepancy,Pending Review,2026-06-17 09:30:00,USD,594000.0,1,594000.0,4181,359034,,2026-06-17
BIMCOR INC,MTM discrepancy,Pending Review,2026-06-10 09:30:00,USD,720000.0,3,720000.0,2339,372098,,2026-06-10
SWISS LIFE AG,Recon break,Resolved,2026-06-17 09:30:00,USD,222000.0,5,222000.0,4643,398539,,2026-06-17
MORGAN STANLEY INTL,MTM discrepancy,Pending Review,2026-06-10 09:30:00,USD,445000.0,3,445000.0,7732,591019,,2026-06-10
BANK OF NOVA SCOTIA,Valuation dispute,Pending Review,2026-06-03 09:30:00,USD,115000.0,1,115000.0,1514,344738,,2026-06-03
BANK OF NOVA SCOTIA,MTM discrepancy,Under Investigation,2026-07-01 09:30:00,USD,659000.0,3,659000.0,1327,358338,,2026-07-01
BIMCOR INC,MTM discrepancy,Under Investigation,2026-07-01 09:30:00,USD,87000.0,8,87000.0,4863,355510,,2026-07-01
INVESTEC BANK LIMITED,Late notice,Pending Review,2026-06-24 09:30:00,USD,200000.0,8,200000.0,4289,371259,,2026-06-24
CITIBANK NA,Recon break,Pending Review,2026-07-01 09:30:00,USD,133000.0,8,133000.0,5636,392317,,2026-07-01
CENTRAL 1 CREDIT UNION,MTM discrepancy,Under Investigation,2026-06-17 09:30:00,USD,899000.0,1,899000.0,9151,399229,,2026-06-17
CENTRAL 1 CREDIT UNION,Late notice,Under Investigation,2026-06-17 09:30:00,USD,281000.0,8,281000.0,8463,346462,,2026-06-17
INVESTEC BANK LIMITED,Recon break,Under Investigation,2026-06-24 09:30:00,USD,400000.0,15,400000.0,8522,340331,,2026-06-24
MORGAN STANLEY INTL,Recon break,Resolved,2026-07-01 09:30:00,USD,350000.0,1,350000.0,3753,547705,,2026-07-01
CENTRAL 1 CREDIT UNION,MTM discrepancy,Under Investigation,2026-06-10 09:30:00,USD,250000.0,3,250000.0,1928,342139,,2026-06-10
BANK OF NOVA SCOTIA,Late notice,Resolved,2026-06-17 09:30:00,USD,472000.0,8,472000.0,4524,550665,,2026-06-17
SWISS LIFE AG,MTM discrepancy,Pending Review,2026-06-17 09:30:00,USD,346000.0,3,346000.0,6259,356708,,2026-06-17
BIMCOR INC,Recon break,Pending Review,2026-06-17 09:30:00,USD,795000.0,1,795000.0,1147,388949,,2026-06-17
DEUTSCHE BANK A.G.,Late notice,Resolved,2026-06-24 09:30:00,USD,786000.0,5,786000.0,4171,341664,,2026-06-24
DEUTSCHE BANK A.G.,MTM discrepancy,Pending Review,2026-06-24 09:30:00,USD,234000.0,15,234000.0,8447,587739,,2026-06-24
MORGAN STANLEY INTL,Late notice,Under Investigation,2026-06-10 09:30:00,USD,481000.0,15,481000.0,3427,349586,,2026-06-10
WELLINGTON GLOBAL EQUITY FUND 28R5,Valuation dispute,Pending Review,2026-06-10 09:30:00,USD,464000.0,15,464000.0,3083,386281,,2026-06-10
DEUTSCHE BANK A.G.,Valuation dispute,Resolved,2026-06-17 09:30:00,USD,209000.0,15,209000.0,3661,368930,,2026-06-17
INVESTEC BANK LIMITED,MTM discrepancy,Pending Review,2026-06-17 09:30:00,USD,45000.0,1,45000.0,5515,363883,,2026-06-17
DEUTSCHE BANK A.G.,Valuation dispute,Under Investigation,2026-06-10 09:30:00,USD,831000.0,3,831000.0,5430,378492,,2026-06-10
BANCO HABITAT,Recon break,Under Investigation,2026-06-24 09:30:00,USD,227000.0,1,227000.0,7867,340292,,2026-06-24
CITIBANK NA,Valuation dispute,Resolved,2026-06-03 09:30:00,USD,52000.0,5,52000.0,6184,358224,,2026-06-03
BIMCOR INC,Recon break,Pending Review,2026-06-24 09:30:00,USD,594000.0,15,594000.0,9025,393340,,2026-06-24
CENTRAL 1 CREDIT UNION,Valuation dispute,Resolved,2026-06-03 09:30:00,USD,51000.0,1,51000.0,3616,359131,,2026-06-03
SWISS LIFE AG,Valuation dispute,Under Investigation,2026-06-17 09:30:00,USD,407000.0,15,407000.0,7075,377908,,2026-06-17
SWISS LIFE AG,Valuation dispute,Under Investigation,2026-06-17 09:30:00,USD,197000.0,1,197000.0,3594,384877,,2026-06-17
INVESTEC BANK LIMITED,Valuation dispute,Pending Review,2026-06-17 09:30:00,USD,513000.0,5,513000.0,3861,360468,,2026-06-17
BANCO HABITAT,Late notice,Under Investigation,2026-06-10 09:30:00,USD,877000.0,5,877000.0,6674,348511,,2026-06-10
BIMCOR INC,Recon break,Resolved,2026-06-24 09:30:00,USD,718000.0,1,718000.0,9053,354062,,2026-06-24
SWISS LIFE AG,MTM discrepancy,Under Investigation,2026-06-24 09:30:00,USD,37000.0,5,37000.0,6136,385525,,2026-06-24
WELLINGTON GLOBAL EQUITY FUND 28R5,MTM discrepancy,Under Investigation,2026-07-01 09:30:00,USD,745000.0,3,745000.0,7926,393750,,2026-07-01
BANCO HABITAT,Late notice,Under Investigation,2026-06-24 09:30:00,USD,181000.0,3,181000.0,6722,351300,,2026-06-24
MORGAN STANLEY INTL,Recon break,Under Investigation,2026-06-10 09:30:00,USD,149000.0,15,149000.0,5862,341550,,2026-06-10
INVESTEC BANK LIMITED,Valuation dispute,Resolved,2026-06-10 09:30:00,USD,11000.0,3,11000.0,8578,352563,,2026-06-10
MORGAN STANLEY INTL,Valuation dispute,Resolved,2026-06-17 09:30:00,USD,828000.0,1,828000.0,8971,352091,,2026-06-17
BANCO HABITAT,Recon break,Resolved,2026-06-17 09:30:00,USD,135000.0,15,135000.0,1375,341676,,2026-06-17
BANCO HABITAT,Late notice,Resolved,2026-06-24 09:30:00,USD,401000.0,8,401000.0,7361,389748,,2026-06-24
INVESTEC BANK LIMITED,Late notice,Pending Review,2026-07-01 09:30:00,USD,760000.0,15,760000.0,3268,391919,,2026-07-01
BIMCOR INC,Valuation dispute,Under Investigation,2026-06-10 09:30:00,USD,86000.0,1,86000.0,6279,389100,,2026-06-10
WELLINGTON GLOBAL EQUITY FUND 28R5,Recon break,Pending Review,2026-06-24 09:30:00,USD,96000.0,5,96000.0,8001,395211,,2026-06-24
BANCO HABITAT,Valuation dispute,Under Investigation,2026-06-24 09:30:00,USD,321000.0,5,321000.0,9901,392704,,2026-06-24
CENTRAL 1 CREDIT UNION,Valuation dispute,Resolved,2026-06-24 09:30:00,USD,798000.0,5,798000.0,4761,378247,,2026-06-24
BANK OF NOVA SCOTIA,Valuation dispute,Pending Review,2026-07-01 09:30:00,USD,303000.0,15,303000.0,1943,380259,,2026-07-01
MORGAN STANLEY INTL,Valuation dispute,Pending Review,2026-06-24 09:30:00,USD,816000.0,5,816000.0,9483,387285,,2026-06-24
WELLINGTON GLOBAL EQUITY FUND 28R5,Recon break,Under Investigation,2026-06-24 09:30:00,USD,833000.0,5,833000.0,8164,359318,,2026-06-24
BANK OF NOVA SCOTIA,Valuation dispute,Under Investigation,2026-06-24 09:30:00,USD,447000.0,1,447000.0,8748,358154,,2026-06-24
DEUTSCHE BANK A.G.,Recon break,Resolved,2026-06-03 09:30:00,USD,881000.0,1,881000.0,9990,388267,,2026-06-03
BANCO HABITAT,Late notice,Pending Review,2026-06-24 09:30:00,USD,143000.0,5,143000.0,2421,391324,,2026-06-24
DEUTSCHE BANK A.G.,Late notice,Pending Review,2026-06-10 09:30:00,USD,410000.0,1,410000.0,6319,367978,,2026-06-10
SWISS LIFE AG,Recon break,Resolved,2026-07-01 09:30:00,USD,451000.0,8,451000.0,2313,345968,,2026-07-01
MORGAN STANLEY INTL,Recon break,Under Investigation,2026-06-03 09:30:00,USD,171000.0,8,171000.0,1945,382673,,2026-06-03
BANCO HABITAT,Late notice,Resolved,2026-06-10 09:30:00,USD,425000.0,3,425000.0,5713,365236,,2026-06-10
BIMCOR INC,MTM discrepancy,Under Investigation,2026-06-03 09:30:00,USD,692000.0,8,692000.0,7141,361694,,2026-06-03
CENTRAL 1 CREDIT UNION,Late notice,Pending Review,2026-07-01 09:30:00,USD,289000.0,8,289000.0,9219,358462,,2026-07-01
MORGAN STANLEY INTL,Valuation dispute,Pending Review,2026-06-10 09:30:00,USD,603000.0,1,603000.0,4588,585615,,2026-06-10
MORGAN STANLEY INTL,MTM discrepancy,Resolved,2026-06-24 09:30:00,USD,249000.0,15,249000.0,5073,359411,,2026-06-24
CITIBANK NA,MTM discrepancy,Resolved,2026-06-10 09:30:00,USD,571000.0,3,571000.0,2155,369311,,2026-06-10
CITIBANK NA,Valuation dispute,Under Investigation,2026-06-10 09:30:00,USD,333000.0,8,333000.0,8678,376539,,2026-06-10
BIMCOR INC,Valuation dispute,Under Investigation,2026-06-17 09:30:00,USD,831000.0,5,831000.0,1432,342979,,2026-06-17
CITIBANK NA,Recon break,Under Investigation,2026-06-10 09:30:00,USD,106000.0,5,106000.0,2044,361789,,2026-06-10
CENTRAL 1 CREDIT UNION,MTM discrepancy,Under Investigation,2026-06-10 09:30:00,USD,766000.0,8,766000.0,2743,376513,,2026-06-10
BIMCOR INC,Valuation dispute,Resolved,2026-07-01 09:30:00,USD,110000.0,3,110000.0,6935,357594,,2026-07-01
BANCO HABITAT,Recon break,Pending Review,2026-06-10 09:30:00,USD,25000.0,1,25000.0,1963,524870,,2026-06-10
SWISS LIFE AG,Late notice,Under Investigation,2026-06-17 09:30:00,USD,144000.0,3,144000.0,3919,352073,,2026-06-17
BANCO HABITAT,Recon break,Pending Review,2026-06-10 09:30:00,USD,640000.0,3,640000.0,5815,385658,,2026-06-10
CITIBANK NA,Late notice,Resolved,2026-06-17 09:30:00,USD,650000.0,8,650000.0,5258,368499,,2026-06-17
BANK OF NOVA SCOTIA,MTM discrepancy,Pending Review,2026-06-17 09:30:00,USD,120000.0,15,120000.0,1190,352779,,2026-06-17
WELLINGTON GLOBAL EQUITY FUND 28R5,MTM discrepancy,Under Investigation,2026-06-03 09:30:00,USD,710000.0,3,710000.0,9243,360465,,2026-06-03
BANK OF NOVA SCOTIA,Valuation dispute,Resolved,2026-06-17 09:30:00,USD,432000.0,8,432000.0,2792,398750,,2026-06-17
WELLINGTON GLOBAL EQUITY FUND 28R5,MTM discrepancy,Resolved,2026-06-10 09:30:00,USD,548000.0,8,548000.0,2781,390939,,2026-06-10
SWISS LIFE AG,Valuation dispute,Pending Review,2026-06-17 09:30:00,USD,473000.0,3,473000.0,7494,357083,,2026-06-17
BANK OF NOVA SCOTIA,MTM discrepancy,Resolved,2026-07-01 09:30:00,USD,723000.0,1,723000.0,1653,369825,,2026-07-01
BIMCOR INC,Recon break,Under Investigation,2026-06-17 09:30:00,USD,511000.0,15,511000.0,3976,384886,,2026-06-17
BANCO HABITAT,Recon break,Pending Review,2026-06-17 09:30:00,USD,751000.0,5,751000.0,8779,385512,,2026-06-17
BANK OF NOVA SCOTIA,Recon break,Resolved,2026-06-24 09:30:00,USD,668000.0,5,668000.0,1927,390933,,2026-06-24
BANK OF NOVA SCOTIA,Recon break,Resolved,2026-06-17 09:30:00,USD,224000.0,3,224000.0,2342,385680,,2026-06-17
DEUTSCHE BANK A.G.,Valuation dispute,Under Investigation,2026-06-10 09:30:00,USD,328000.0,3,328000.0,9330,379307,,2026-06-10
BIMCOR INC,Valuation dispute,Resolved,2026-06-17 09:30:00,USD,444000.0,5,444000.0,8596,375753,,2026-06-17
DEUTSCHE BANK A.G.,Valuation dispute,Under Investigation,2026-07-01 09:30:00,USD,336000.0,1,336000.0,6884,396169,,2026-07-01
SWISS LIFE AG,Recon break,Resolved,2026-07-01 09:30:00,USD,208000.0,5,208000.0,6173,367658,,2026-07-01
INVESTEC BANK LIMITED,Recon break,Pending Review,2026-06-10 09:30:00,USD,552000.0,5,552000.0,4278,390689,,2026-06-10
CENTRAL 1 CREDIT UNION,MTM discrepancy,Pending Review,2026-06-10 09:30:00,USD,669000.0,3,669000.0,9851,343962,,2026-06-10
BIMCOR INC,MTM discrepancy,Resolved,2026-06-10 09:30:00,USD,137000.0,1,137000.0,3448,378589,,2026-06-10
DEUTSCHE BANK A.G.,Recon break,Under Investigation,2026-06-10 09:30:00,USD,256000.0,5,256000.0,4364,348901,,2026-06-10
DEUTSCHE BANK A.G.,MTM discrepancy,Resolved,2026-06-10 09:30:00,USD,816000.0,3,816000.0,3311,395297,,2026-06-10
BANCO HABITAT,Late notice,Pending Review,2026-06-03 09:30:00,USD,866000.0,3,866000.0,9550,359752,,2026-06-03
CENTRAL 1 CREDIT UNION,Late notice,Under Investigation,2026-07-01 09:30:00,USD,676000.0,3,676000.0,6242,355038,,2026-07-01
WELLINGTON GLOBAL EQUITY FUND 28R5,Valuation dispute,Under Investigation,2026-07-01 09:30:00,USD,309000.0,5,309000.0,9265,342963,,2026-07-01
MORGAN STANLEY INTL,Valuation dispute,Resolved,2026-07-01 09:30:00,USD,277000.0,1,277000.0,5396,373665,,2026-07-01
MORGAN STANLEY INTL,MTM discrepancy,Under Investigation,2026-07-01 09:30:00,USD,305000.0,15,305000.0,5294,365814,,2026-07-01
DEUTSCHE BANK A.G.,MTM discrepancy,Under Investigation,2026-07-01 09:30:00,USD,373000.0,15,373000.0,2684,342016,,2026-07-01
SWISS LIFE AG,Late notice,Resolved,2026-06-17 09:30:00,USD,681000.0,5,681000.0,4853,351367,,2026-06-17
CENTRAL 1 CREDIT UNION,Late notice,Resolved,2026-06-03 09:30:00,USD,576000.0,15,576000.0,2627,381187,,2026-06-03
BANK OF NOVA SCOTIA,MTM discrepancy,Under Investigation,2026-06-10 09:30:00,USD,224000.0,5,224000.0,6901,385616,,2026-06-10
MORGAN STANLEY INTL,Valuation dispute,Under Investigation,2026-06-17 09:30:00,USD,513000.0,3,513000.0,2409,393508,,2026-06-17
CITIBANK NA,MTM discrepancy,Resolved,2026-06-10 09:30:00,USD,788000.0,5,788000.0,7838,396110,,2026-06-10
SWISS LIFE AG,Valuation dispute,Under Investigation,2026-06-03 09:30:00,USD,665000.0,1,665000.0,8877,374277,,2026-06-03
BANK OF NOVA SCOTIA,Late notice,Resolved,2026-06-17 09:30:00,USD,377000.0,1,377000.0,1902,352383,,2026-06-17
BANK OF NOVA SCOTIA,Late notice,Under Investigation,2026-07-01 09:30:00,USD,95000.0,1,95000.0,1525,380952,,2026-07-01
BANCO HABITAT,Valuation dispute,Pending Review,2026-06-17 09:30:00,USD,481000.0,8,481000.0,1843,382775,,2026-06-17
SWISS LIFE AG,MTM discrepancy,Resolved,2026-06-17 09:30:00,USD,843000.0,8,843000.0,7057,343995,,2026-06-17
CENTRAL 1 CREDIT UNION,MTM discrepancy,Pending Review,2026-06-24 09:30:00,USD,297000.0,15,297000.0,4523,359801,,2026-06-24
MORGAN STANLEY INTL,MTM discrepancy,Resolved,2026-07-01 09:30:00,USD,68000.0,3,68000.0,4217,597086,,2026-07-01
BANK OF NOVA SCOTIA,MTM discrepancy,Under Investigation,2026-06-24 09:30:00,USD,816000.0,1,816000.0,7460,354358,,2026-06-24
BANK OF NOVA SCOTIA,Recon break,Resolved,2026-06-03 09:30:00,USD,816000.0,15,816000.0,1674,359441,,2026-06-03
INVESTEC BANK LIMITED,Valuation dispute,Under Investigation,2026-07-01 09:30:00,USD,108000.0,8,108000.0,3747,390563,,2026-07-01
CITIBANK NA,MTM discrepancy,Resolved,2026-06-03 09:30:00,USD,168000.0,15,168000.0,2431,363468,,2026-06-03
CENTRAL 1 CREDIT UNION,Valuation dispute,Under Investigation,2026-06-03 09:30:00,USD,78000.0,3,78000.0,3834,504585,,2026-06-03
SWISS LIFE AG,MTM discrepancy,Pending Review,2026-06-17 09:30:00,USD,312000.0,15,312000.0,3673,387794,,2026-06-17
BANK OF NOVA SCOTIA,MTM discrepancy,Pending Review,2026-06-10 09:30:00,USD,575000.0,8,575000.0,8430,379202,,2026-06-10
WELLINGTON GLOBAL EQUITY FUND 28R5,Recon break,Under Investigation,2026-06-03 09:30:00,USD,417000.0,1,417000.0,5535,369172,,2026-06-03
BANK OF NOVA SCOTIA,Valuation dispute,Pending Review,2026-06-10 09:30:00,USD,325000.0,1,325000.0,9645,533425,,2026-06-10
CENTRAL 1 CREDIT UNION,Recon break,Resolved,2026-06-17 09:30:00,USD,586000.0,8,586000.0,6388,375045,,2026-06-17
CITIBANK NA,Valuation dispute,Pending Review,2026-07-01 09:30:00,USD,757000.0,1,757000.0,8763,342636,,2026-07-01
BIMCOR INC,Valuation dispute,Pending Review,2026-07-01 09:30:00,USD,886000.0,3,886000.0,5909,367414,,2026-07-01
WELLINGTON GLOBAL EQUITY FUND 28R5,Valuation dispute,Resolved,2026-06-17 09:30:00,USD,370000.0,8,370000.0,1087,346677,,2026-06-17
BANCO HABITAT,Valuation dispute,Resolved,2026-06-03 09:30:00,USD,851000.0,1,851000.0,6679,355264,,2026-06-03
WELLINGTON GLOBAL EQUITY FUND 28R5,MTM discrepancy,Resolved,2026-06-03 09:30:00,USD,348000.0,8,348000.0,1684,564990,,2026-06-03
MORGAN STANLEY INTL,Valuation dispute,Under Investigation,2026-06-10 09:30:00,USD,811000.0,5,811000.0,1691,394736,,2026-06-10
SWISS LIFE AG,Valuation dispute,Pending Review,2026-07-01 09:30:00,USD,858000.0,15,858000.0,6128,369757,,2026-07-01
BANK OF NOVA SCOTIA,Late notice,Under Investigation,2026-07-01 09:30:00,USD,577000.0,5,577000.0,5482,388677,,2026-07-01
WELLINGTON GLOBAL EQUITY FUND 28R5,Late notice,Under Investigation,2026-06-03 09:30:00,USD,847000.0,5,847000.0,5715,374490,,2026-06-03
BIMCOR INC,Late notice,Pending Review,2026-07-01 09:30:00,USD,895000.0,5,895000.0,4849,369921,,2026-07-01
CITIBANK NA,MTM discrepancy,Resolved,2026-06-03 09:30:00,USD,599000.0,1,599000.0,8801,362197,,2026-06-03
BIMCOR INC,MTM discrepancy,Under Investigation,2026-06-10 09:30:00,USD,209000.0,8,209000.0,3957,399085,,2026-06-10
DEUTSCHE BANK A.G.,Late notice,Pending Review,2026-06-10 09:30:00,USD,334000.0,3,334000.0,1012,345602,,2026-06-10
DEUTSCHE BANK A.G.,Late notice,Under Investigation,2026-07-01 09:30:00,USD,515000.0,3,515000.0,2961,358996,,2026-07-01
CENTRAL 1 CREDIT UNION,Valuation dispute,Under Investigation,2026-06-10 09:30:00,USD,444000.0,3,444000.0,2025,353362,,2026-06-10
MORGAN STANLEY INTL,Recon break,Resolved,2026-06-03 09:30:00,USD,201000.0,5,201000.0,5060,340735,,2026-06-03
SWISS LIFE AG,Valuation dispute,Resolved,2026-06-03 09:30:00,USD,564000.0,3,564000.0,7658,345921,,2026-06-03
BANK OF NOVA SCOTIA,Late notice,Resolved,2026-06-17 09:30:00,USD,590000.0,1,590000.0,2360,395513,,2026-06-17
WELLINGTON GLOBAL EQUITY FUND 28R5,Valuation dispute,Under Investigation,2026-06-17 09:30:00,USD,834000.0,1,834000.0,5408,342575,,2026-06-17
WELLINGTON GLOBAL EQUITY FUND 28R5,Recon break,Pending Review,2026-06-10 09:30:00,USD,527000.0,5,527000.0,4076,398602,,2026-06-10
CITIBANK NA,Late notice,Under Investigation,2026-06-10 09:30:00,USD,17000.0,5,17000.0,8188,350374,,2026-06-10
BANK OF NOVA SCOTIA,Recon break,Pending Review,2026-06-10 09:30:00,USD,867000.0,8,867000.0,1193,358413,,2026-06-10
WELLINGTON GLOBAL EQUITY FUND 28R5,Valuation dispute,Pending Review,2026-06-03 09:30:00,USD,816000.0,1,816000.0,4833,389127,,2026-06-03
SWISS LIFE AG,Valuation dispute,Under Investigation,2026-06-03 09:30:00,USD,501000.0,1,501000.0,3214,393623,,2026-06-03
SWISS LIFE AG,Valuation dispute,Under Investigation,2026-07-01 09:30:00,USD,18000.0,3,18000.0,8832,364716,,2026-07-01
MORGAN STANLEY INTL,Valuation dispute,Under Investigation,2026-07-01 09:30:00,USD,449000.0,5,449000.0,7665,366702,,2026-07-01
SWISS LIFE AG,Recon break,Pending Review,2026-06-17 09:30:00,USD,768000.0,1,768000.0,1696,366707,,2026-06-17
DEUTSCHE BANK A.G.,Valuation dispute,Resolved,2026-06-10 09:30:00,USD,728000.0,3,728000.0,5066,386072,,2026-06-10
WELLINGTON GLOBAL EQUITY FUND 28R5,Late notice,Under Investigation,2026-06-10 09:30:00,USD,561000.0,3,561000.0,3642,393003,,2026-06-10
CENTRAL 1 CREDIT UNION,Valuation dispute,Under Investigation,2026-06-17 09:30:00,USD,522000.0,5,522000.0,8639,506808,,2026-06-17
MORGAN STANLEY INTL,MTM discrepancy,Under Investigation,2026-06-03 09:30:00,USD,336000.0,1,336000.0,6359,547921,,2026-06-03
CITIBANK NA,Recon break,Pending Review,2026-06-24 09:30:00,USD,705000.0,5,705000.0,6744,386834,,2026-06-24
SWISS LIFE AG,Valuation dispute,Resolved,2026-06-10 09:30:00,USD,566000.0,3,566000.0,3481,376469,,2026-06-10
CITIBANK NA,Late notice,Resolved,2026-06-24 09:30:00,USD,309000.0,1,309000.0,7010,361963,,2026-06-24
CENTRAL 1 CREDIT UNION,Late notice,Under Investigation,2026-06-10 09:30:00,USD,663000.0,1,663000.0,4867,393446,,2026-06-10
DEUTSCHE BANK A.G.,Valuation dispute,Pending Review,2026-07-01 09:30:00,USD,393000.0,8,393000.0,8510,347330,,2026-07-01
BANCO HABITAT,Valuation dispute,Under Investigation,2026-07-01 09:30:00,USD,168000.0,8,168000.0,6825,352073,,2026-07-01
CITIBANK NA,Recon break,Pending Review,2026-06-10 09:30:00,USD,359000.0,5,359000.0,7705,552579,,2026-06-10
CENTRAL 1 CREDIT UNION,Recon break,Under Investigation,2026-06-10 09:30:00,USD,188000.0,1,188000.0,9971,367239,,2026-06-10
BANCO HABITAT,Late notice,Pending Review,2026-07-01 09:30:00,USD,577000.0,5,577000.0,6976,359250,,2026-07-01
BANK OF NOVA SCOTIA,MTM discrepancy,Under Investigation,2026-07-01 09:30:00,USD,356000.0,5,356000.0,8875,358679,,2026-07-01
SWISS LIFE AG,MTM discrepancy,Pending Review,2026-06-03 09:30:00,USD,410000.0,15,410000.0,8932,364783,,2026-06-03
SWISS LIFE AG,Recon break,Under Investigation,2026-06-10 09:30:00,USD,323000.0,5,323000.0,8499,373103,,2026-06-10
BIMCOR INC,MTM discrepancy,Resolved,2026-06-17 09:30:00,USD,244000.0,1,244000.0,8387,366183,,2026-06-17
WELLINGTON GLOBAL EQUITY FUND 28R5,Recon break,Pending Review,2026-06-03 09:30:00,USD,769000.0,3,769000.0,9508,372530,,2026-06-03
CITIBANK NA,Late notice,Resolved,2026-07-01 09:30:00,USD,297000.0,1,297000.0,9745,340127,,2026-07-01
BANK OF NOVA SCOTIA,MTM discrepancy,Under Investigation,2026-06-17 09:30:00,USD,850000.0,3,850000.0,3013,362166,,2026-06-17
CENTRAL 1 CREDIT UNION,MTM discrepancy,Pending Review,2026-06-24 09:30:00,USD,339000.0,5,339000.0,7148,385956,,2026-06-24
BANCO HABITAT,MTM discrepancy,Resolved,2026-06-24 09:30:00,USD,562000.0,1,562000.0,9243,350966,,2026-06-24
MORGAN STANLEY INTL,Valuation dispute,Pending Review,2026-06-17 09:30:00,USD,578000.0,8,578000.0,9641,388554,,2026-06-17
BANK OF NOVA SCOTIA,MTM discrepancy,Under Investigation,2026-07-01 09:30:00,USD,512000.0,5,512000.0,8221,340347,,2026-07-01
DEUTSCHE BANK A.G.,Valuation dispute,Resolved,2026-06-03 09:30:00,USD,879000.0,5,879000.0,2768,392885,,2026-06-03
BIMCOR INC,MTM discrepancy,Under Investigation,2026-06-03 09:30:00,USD,489000.0,3,489000.0,9992,345987,,2026-06-03
BANCO HABITAT,Recon break,Pending Review,2026-06-03 09:30:00,USD,337000.0,15,337000.0,6608,391575,,2026-06-03
BIMCOR INC,Late notice,Resolved,2026-06-03 09:30:00,USD,643000.0,15,643000.0,8524,384322,,2026-06-03
INVESTEC BANK LIMITED,Valuation dispute,Resolved,2026-06-24 09:30:00,USD,454000.0,8,454000.0,7044,396250,,2026-06-24
MORGAN STANLEY INTL,Late notice,Pending Review,2026-07-01 09:30:00,USD,788000.0,3,788000.0,7054,393831,,2026-07-01
BANK OF NOVA SCOTIA,Valuation dispute,Under Investigation,2026-06-24 09:30:00,USD,859000.0,8,859000.0,4077,372296,,2026-06-24
BANK OF NOVA SCOTIA,Valuation dispute,Resolved,2026-06-17 09:30:00,USD,318000.0,1,318000.0,2750,396761,,2026-06-17
DEUTSCHE BANK A.G.,Valuation dispute,Under Investigation,2026-06-17 09:30:00,USD,234000.0,15,234000.0,1346,377217,,2026-06-17
CENTRAL 1 CREDIT UNION,Late notice,Resolved,2026-06-03 09:30:00,USD,364000.0,1,364000.0,6950,390799,,2026-06-03
DEUTSCHE BANK A.G.,Recon break,Pending Review,2026-06-10 09:30:00,USD,127000.0,8,127000.0,8526,351399,,2026-06-10
BANCO HABITAT,Late notice,Resolved,2026-06-24 09:30:00,USD,31000.0,5,31000.0,6868,366114,,2026-06-24
MORGAN STANLEY INTL,Recon break,Resolved,2026-06-17 09:30:00,USD,177000.0,5,177000.0,3196,378869,,2026-06-17
MORGAN STANLEY INTL,MTM discrepancy,Pending Review,2026-07-01 09:30:00,USD,735000.0,15,735000.0,4625,381426,,2026-07-01
INVESTEC BANK LIMITED,Late notice,Under Investigation,2026-06-24 09:30:00,USD,240000.0,1,240000.0,4066,362607,,2026-06-24
MORGAN STANLEY INTL,MTM discrepancy,Under Investigation,2026-07-01 09:30:00,USD,264000.0,5,264000.0,9187,354469,,2026-07-01
CENTRAL 1 CREDIT UNION,Late notice,Pending Review,2026-06-10 09:30:00,USD,16000.0,15,16000.0,7767,395673,,2026-06-10
WELLINGTON GLOBAL EQUITY FUND 28R5,Valuation dispute,Pending Review,2026-06-24 09:30:00,USD,854000.0,1,854000.0,7071,362584,,2026-06-24
MORGAN STANLEY INTL,Late notice,Resolved,2026-06-17 09:30:00,USD,792000.0,5,792000.0,5392,391417,,2026-06-17
BIMCOR INC,Valuation dispute,Under Investigation,2026-07-01 09:30:00,USD,625000.0,8,625000.0,5437,393856,,2026-07-01
CITIBANK NA,MTM discrepancy,Resolved,2026-06-10 09:30:00,USD,805000.0,8,805000.0,2000,388719,,2026-06-10
WELLINGTON GLOBAL EQUITY FUND 28R5,Recon break,Resolved,2026-06-17 09:30:00,USD,311000.0,5,311000.0,1126,388920,,2026-06-17
CITIBANK NA,Recon break,Pending Review,2026-07-01 09:30:00,USD,19000.0,8,19000.0,5807,380929,,2026-07-01
BANK OF NOVA SCOTIA,MTM discrepancy,Resolved,2026-06-24 09:30:00,USD,896000.0,15,896000.0,3694,347521,,2026-06-24
WELLINGTON GLOBAL EQUITY FUND 28R5,Recon break,Resolved,2026-07-01 09:30:00,USD,446000.0,5,446000.0,9330,588175,,2026-07-01
DEUTSCHE BANK A.G.,Late notice,Under Investigation,2026-07-01 09:30:00,USD,618000.0,15,618000.0,2921,392417,,2026-07-01
BANCO HABITAT,Recon break,Under Investigation,2026-06-24 09:30:00,USD,295000.0,1,295000.0,7957,398652,,2026-06-24
SWISS LIFE AG,Late notice,Resolved,2026-06-03 09:30:00,USD,120000.0,1,120000.0,6769,399410,,2026-06-03
INVESTEC BANK LIMITED,Recon break,Resolved,2026-07-01 09:30:00,USD,670000.0,3,670000.0,4040,340541,,2026-07-01
CITIBANK NA,Late notice,Pending Review,2026-06-24 09:30:00,USD,30000.0,3,30000.0,8311,353212,,2026-06-24
CITIBANK NA,Recon break,Resolved,2026-06-10 09:30:00,USD,539000.0,8,539000.0,6569,570655,,2026-06-10
BANK OF NOVA SCOTIA,Late notice,Pending Review,2026-06-10 09:30:00,USD,240000.0,3,240000.0,3754,386061,,2026-06-10
BANK OF NOVA SCOTIA,Recon break,Resolved,2026-06-03 09:30:00,USD,272000.0,1,272000.0,1272,346837,,2026-06-03
WELLINGTON GLOBAL EQUITY FUND 28R5,Late notice,Resolved,2026-06-17 09:30:00,USD,459000.0,3,459000.0,3608,394025,,2026-06-17
BIMCOR INC,Late notice,Pending Review,2026-07-01 09:30:00,USD,569000.0,1,569000.0,2836,397129,,2026-07-01
WELLINGTON GLOBAL EQUITY FUND 28R5,Valuation dispute,Pending Review,2026-06-03 09:30:00,USD,290000.0,5,290000.0,5552,341443,,2026-06-03
BIMCOR INC,Valuation dispute,Under Investigation,2026-06-17 09:30:00,USD,475000.0,3,475000.0,5120,356370,,2026-06-17
BIMCOR INC,MTM discrepancy,Resolved,2026-06-17 09:30:00,USD,715000.0,5,715000.0,8103,382049,,2026-06-17
BANK OF NOVA SCOTIA,Valuation dispute,Pending Review,2026-07-01 09:30:00,USD,699000.0,3,699000.0,5918,354649,,2026-07-01
MORGAN STANLEY INTL,Late notice,Under Investigation,2026-06-10 09:30:00,USD,210000.0,3,210000.0,5648,342133,,2026-06-10
INVESTEC BANK LIMITED,MTM discrepancy,Pending Review,2026-07-01 09:30:00,USD,495000.0,8,495000.0,2278,379095,,2026-07-01
CITIBANK NA,Recon break,Resolved,2026-07-01 09:30:00,USD,322000.0,3,322000.0,8584,392620,,2026-07-01
BANCO HABITAT,MTM discrepancy,Resolved,2026-06-24 09:30:00,USD,474000.0,5,474000.0,7802,392089,,2026-06-24
DEUTSCHE BANK A.G.,MTM discrepancy,Resolved,2026-06-17 09:30:00,USD,512000.0,3,512000.0,8358,391854,,2026-06-17
WELLINGTON GLOBAL EQUITY FUND 28R5,MTM discrepancy,Resolved,2026-06-24 09:30:00,USD,851000.0,15,851000.0,6392,381670,,2026-06-24
CITIBANK NA,Late notice,Resolved,2026-06-03 09:30:00,USD,449000.0,3,449000.0,2839,357119,,2026-06-03
BANK OF NOVA SCOTIA,Late notice,Under Investigation,2026-06-17 09:30:00,USD,75000.0,15,75000.0,1830,356448,,2026-06-17
SWISS LIFE AG,Valuation dispute,Under Investigation,2026-06-03 09:30:00,USD,113000.0,8,113000.0,3329,340837,,2026-06-03
DEUTSCHE BANK A.G.,Valuation dispute,Pending Review,2026-07-01 09:30:00,USD,455000.0,3,455000.0,1587,393248,,2026-07-01
SWISS LIFE AG,MTM discrepancy,Resolved,2026-06-24 09:30:00,USD,864000.0,8,864000.0,3066,390764,,2026-06-24
CENTRAL 1 CREDIT UNION,Recon break,Pending Review,2026-07-01 09:30:00,USD,21000.0,15,21000.0,8866,530754,,2026-07-01
MORGAN STANLEY INTL,Recon break,Pending Review,2026-06-17 09:30:00,USD,821000.0,1,821000.0,2751,399257,,2026-06-17
CITIBANK NA,Recon break,Pending Review,2026-07-01 09:30:00,USD,223000.0,1,223000.0,6553,378704,,2026-07-01
SWISS LIFE AG,Late notice,Resolved,2026-07-01 09:30:00,USD,435000.0,15,435000.0,6731,374565,,2026-07-01
CENTRAL 1 CREDIT UNION,Recon break,Pending Review,2026-06-24 09:30:00,USD,386000.0,8,386000.0,1070,391553,,2026-06-24
SWISS LIFE AG,Recon break,Pending Review,2026-06-17 09:30:00,USD,835000.0,3,835000.0,3870,386970,,2026-06-17
CITIBANK NA,Recon break,Pending Review,2026-06-17 09:30:00,USD,292000.0,3,292000.0,3921,368524,,2026-06-17
BIMCOR INC,Late notice,Pending Review,2026-06-03 09:30:00,USD,127000.0,1,127000.0,1262,357300,,2026-06-03
DEUTSCHE BANK A.G.,Recon break,Pending Review,2026-07-01 09:30:00,USD,5000.0,3,5000.0,3891,353936,,2026-07-01
BIMCOR INC,Recon break,Under Investigation,2026-06-24 09:30:00,USD,366000.0,8,366000.0,8810,368215,,2026-06-24
CITIBANK NA,Recon break,Under Investigation,2026-06-10 09:30:00,USD,541000.0,1,541000.0,3153,345486,,2026-06-10
INVESTEC BANK LIMITED,Valuation dispute,Resolved,2026-06-17 09:30:00,USD,334000.0,15,334000.0,5534,355531,,2026-06-17
BANK OF NOVA SCOTIA,MTM discrepancy,Pending Review,2026-06-17 09:30:00,USD,378000.0,3,378000.0,3658,352087,,2026-06-17
DEUTSCHE BANK A.G.,Valuation dispute,Under Investigation,2026-07-01 09:30:00,USD,693000.0,1,693000.0,3881,389648,,2026-07-01
BANK OF NOVA SCOTIA,MTM discrepancy,Resolved,2026-06-24 09:30:00,USD,883000.0,15,883000.0,3010,385849,,2026-06-24
CENTRAL 1 CREDIT UNION,Recon break,Pending Review,2026-06-10 09:30:00,USD,660000.0,8,660000.0,4949,340704,,2026-06-10
CITIBANK NA,Valuation dispute,Under Investigation,2026-06-24 09:30:00,USD,138000.0,5,138000.0,9583,354778,,2026-06-24
CITIBANK NA,Late notice,Under Investigation,2026-06-10 09:30:00,USD,69000.0,3,69000.0,2649,501158,,2026-06-10
WELLINGTON GLOBAL EQUITY FUND 28R5,Late notice,Pending Review,2026-06-24 09:30:00,USD,443000.0,1,443000.0,4863,366587,,2026-06-24
CENTRAL 1 CREDIT UNION,Valuation dispute,Under Investigation,2026-06-03 09:30:00,USD,53000.0,5,53000.0,3626,348091,,2026-06-03
INVESTEC BANK LIMITED,Valuation dispute,Pending Review,2026-06-24 09:30:00,USD,637000.0,5,637000.0,8039,358252,,2026-06-24
CITIBANK NA,Recon break,Resolved,2026-06-10 09:30:00,USD,719000.0,15,719000.0,4358,348272,,2026-06-10
WELLINGTON GLOBAL EQUITY FUND 28R5,Recon break,Under Investigation,2026-06-03 09:30:00,USD,437000.0,15,437000.0,5425,371386,,2026-06-03
INVESTEC BANK LIMITED,Recon break,Resolved,2026-06-10 09:30:00,USD,71000.0,8,71000.0,8014,343208,,2026-06-10
BANK OF NOVA SCOTIA,Valuation dispute,Resolved,2026-07-01 09:30:00,USD,395000.0,8,395000.0,3209,343916,,2026-07-01
MORGAN STANLEY INTL,MTM discrepancy,Resolved,2026-06-24 09:30:00,USD,874000.0,1,874000.0,1491,383211,,2026-06-24
DEUTSCHE BANK A.G.,Late notice,Under Investigation,2026-06-24 09:30:00,USD,135000.0,3,135000.0,4145,352050,,2026-06-24
BANCO HABITAT,Late notice,Resolved,2026-07-01 09:30:00,USD,542000.0,8,542000.0,5061,349172,,2026-07-01
SWISS LIFE AG,MTM discrepancy,Resolved,2026-06-24 09:30:00,USD,63000.0,5,63000.0,9514,375809,,2026-06-24
WELLINGTON GLOBAL EQUITY FUND 28R5,Recon break,Under Investigation,2026-06-24 09:30:00,USD,239000.0,1,239000.0,4947,347072,,2026-06-24
CENTRAL 1 CREDIT UNION,Late notice,Resolved,2026-07-01 09:30:00,USD,342000.0,15,342000.0,2349,354701,,2026-07-01
CENTRAL 1 CREDIT UNION,MTM discrepancy,Under Investigation,2026-06-03 09:30:00,USD,707000.0,5,707000.0,7902,396333,,2026-06-03
INVESTEC BANK LIMITED,Late notice,Under Investigation,2026-06-03 09:30:00,USD,745000.0,1,745000.0,3746,370318,,2026-06-03
BIMCOR INC,Recon break,Under Investigation,2026-06-24 09:30:00,USD,623000.0,1,623000.0,2596,353204,,2026-06-24
BANCO HABITAT,MTM discrepancy,Pending Review,2026-06-17 09:30:00,USD,153000.0,3,153000.0,4129,370514,,2026-06-17
BANK OF NOVA SCOTIA,Late notice,Pending Review,2026-06-03 09:30:00,USD,436000.0,15,436000.0,2582,375214,,2026-06-03
DEUTSCHE BANK A.G.,MTM discrepancy,Under Investigation,2026-06-17 09:30:00,USD,600000.0,3,600000.0,4159,345445,,2026-06-17
BIMCOR INC,Recon break,Pending Review,2026-07-01 09:30:00,USD,448000.0,1,448000.0,3357,377047,,2026-07-01
MORGAN STANLEY INTL,Late notice,Pending Review,2026-06-24 09:30:00,USD,118000.0,3,118000.0,5075,387274,,2026-06-24
CENTRAL 1 CREDIT UNION,MTM discrepancy,Under Investigation,2026-06-24 09:30:00,USD,800000.0,8,800000.0,1016,379095,,2026-06-24
SWISS LIFE AG,MTM discrepancy,Resolved,2026-07-01 09:30:00,USD,533000.0,1,533000.0,9409,364173,,2026-07-01
BANCO HABITAT,MTM discrepancy,Pending Review,2026-06-10 09:30:00,USD,309000.0,3,309000.0,9727,399490,,2026-06-10
BANCO HABITAT,Late notice,Under Investigation,2026-06-24 09:30:00,USD,763000.0,3,763000.0,8469,549453,,2026-06-24
BANCO HABITAT,MTM discrepancy,Under Investigation,2026-06-17 09:30:00,USD,867000.0,8,867000.0,3316,389201,,2026-06-17
BANCO HABITAT,MTM discrepancy,Resolved,2026-06-17 09:30:00,USD,634000.0,15,634000.0,2951,393202,,2026-06-17
BANK OF NOVA SCOTIA,Recon break,Pending Review,2026-07-01 09:30:00,USD,79000.0,5,79000.0,2883,389893,,2026-07-01
CENTRAL 1 CREDIT UNION,Valuation dispute,Pending Review,2026-06-10 09:30:00,USD,535000.0,1,535000.0,8691,360968,,2026-06-10
INVESTEC BANK LIMITED,Late notice,Resolved,2026-07-01 09:30:00,USD,60000.0,15,60000.0,9602,364127,,2026-07-01
CENTRAL 1 CREDIT UNION,Valuation dispute,Resolved,2026-06-24 09:30:00,USD,62000.0,3,62000.0,5872,379369,,2026-06-24
WELLINGTON GLOBAL EQUITY FUND 28R5,MTM discrepancy,Resolved,2026-06-24 09:30:00,USD,900000.0,3,900000.0,5213,393738,,2026-06-24
BIMCOR INC,Late notice,Under Investigation,2026-06-24 09:30:00,USD,870000.0,8,870000.0,6452,591670,,2026-06-24
SWISS LIFE AG,Recon break,Under Investigation,2026-07-01 09:30:00,USD,98000.0,8,98000.0,8320,354439,,2026-07-01
CITIBANK NA,Valuation dispute,Under Investigation,2026-06-03 09:30:00,USD,66000.0,1,66000.0,5104,385476,,2026-06-03
BANK OF NOVA SCOTIA,Recon break,Resolved,2026-06-24 09:30:00,USD,525000.0,8,525000.0,7326,394754,,2026-06-24
DEUTSCHE BANK A.G.,Valuation dispute,Under Investigation,2026-06-10 09:30:00,USD,289000.0,15,289000.0,9040,342483,,2026-06-10
WELLINGTON GLOBAL EQUITY FUND 28R5,Late notice,Pending Review,2026-06-10 09:30:00,USD,37000.0,8,37000.0,2488,387697,,2026-06-10
CITIBANK NA,Late notice,Resolved,2026-06-17 09:30:00,USD,198000.0,5,198000.0,2230,361407,,2026-06-17
MORGAN STANLEY INTL,Valuation dispute,Pending Review,2026-06-10 09:30:00,USD,288000.0,8,288000.0,3006,356849,,2026-06-10
BIMCOR INC,Late notice,Under Investigation,2026-06-03 09:30:00,USD,137000.0,3,137000.0,3817,378531,,2026-06-03
BANK OF NOVA SCOTIA,MTM discrepancy,Pending Review,2026-06-24 09:30:00,USD,36000.0,5,36000.0,9464,351896,,2026-06-24
MORGAN STANLEY INTL,Valuation dispute,Pending Review,2026-06-10 09:30:00,USD,321000.0,3,321000.0,7395,357043,,2026-06-10
CITIBANK NA,MTM discrepancy,Resolved,2026-06-24 09:30:00,USD,851000.0,8,851000.0,6333,361854,,2026-06-24
MORGAN STANLEY INTL,Recon break,Under Investigation,2026-06-10 09:30:00,USD,837000.0,8,837000.0,5900,399402,,2026-06-10
BIMCOR INC,MTM discrepancy,Under Investigation,2026-06-17 09:30:00,USD,620000.0,3,620000.0,2503,377118,,2026-06-17
SWISS LIFE AG,MTM discrepancy,Pending Review,2026-06-10 09:30:00,USD,112000.0,15,112000.0,1660,343764,,2026-06-10
BIMCOR INC,Valuation dispute,Under Investigation,2026-06-17 09:30:00,USD,511000.0,3,511000.0,5191,348799,,2026-06-17
WELLINGTON GLOBAL EQUITY FUND 28R5,MTM discrepancy,Resolved,2026-06-10 09:30:00,USD,509000.0,8,509000.0,8647,367105,,2026-06-10
CENTRAL 1 CREDIT UNION,Valuation dispute,Under Investigation,2026-06-10 09:30:00,USD,845000.0,3,845000.0,5274,354078,,2026-06-10
SWISS LIFE AG,Valuation dispute,Under Investigation,2026-06-17 09:30:00,USD,202000.0,3,202000.0,2095,377791,,2026-06-17
CENTRAL 1 CREDIT UNION,MTM discrepancy,Resolved,2026-06-17 09:30:00,USD,387000.0,3,387000.0,2976,391396,,2026-06-17
INVESTEC BANK LIMITED,Late notice,Under Investigation,2026-06-17 09:30:00,USD,701000.0,1,701000.0,5032,355485,,2026-06-17
WELLINGTON GLOBAL EQUITY FUND 28R5,MTM discrepancy,Pending Review,2026-06-24 09:30:00,USD,820000.0,8,820000.0,9942,350906,,2026-06-24
SWISS LIFE AG,Valuation dispute,Pending Review,2026-06-10 09:30:00,USD,489000.0,8,489000.0,9429,391985,,2026-06-10
DEUTSCHE BANK A.G.,Late notice,Under Investigation,2026-06-10 09:30:00,USD,641000.0,3,641000.0,8799,379378,,2026-06-10
SWISS LIFE AG,Late notice,Resolved,2026-06-24 09:30:00,USD,83000.0,1,83000.0,8596,365408,,2026-06-24
CENTRAL 1 CREDIT UNION,Late notice,Pending Review,2026-06-17 09:30:00,USD,460000.0,15,460000.0,6571,363939,,2026-06-17
INVESTEC BANK LIMITED,Recon break,Pending Review,2026-06-17 09:30:00,USD,473000.0,1,473000.0,4654,377385,,2026-06-17
BANCO HABITAT,Valuation dispute,Under Investigation,2026-06-03 09:30:00,USD,551000.0,8,551000.0,9668,346219,,2026-06-03
DEUTSCHE BANK A.G.,Recon break,Under Investigation,2026-06-24 09:30:00,USD,202000.0,5,202000.0,9518,350619,,2026-06-24
MORGAN STANLEY INTL,Valuation dispute,Resolved,2026-06-10 09:30:00,USD,486000.0,1,486000.0,9999,340270,,2026-06-10
INVESTEC BANK LIMITED,Recon break,Under Investigation,2026-06-17 09:30:00,USD,60000.0,15,60000.0,2141,396342,,2026-06-17
MORGAN STANLEY INTL,MTM discrepancy,Resolved,2026-06-03 09:30:00,USD,617000.0,8,617000.0,5397,385689,,2026-06-03
BIMCOR INC,Recon break,Resolved,2026-07-01 09:30:00,USD,552000.0,3,552000.0,6633,377503,,2026-07-01
DEUTSCHE BANK A.G.,MTM discrepancy,Under Investigation,2026-06-17 09:30:00,USD,781000.0,8,781000.0,7370,362782,,2026-06-17
DEUTSCHE BANK A.G.,Recon break,Under Investigation,2026-07-01 09:30:00,USD,241000.0,3,241000.0,1289,358000,,2026-07-01
BANK OF NOVA SCOTIA,Recon break,Pending Review,2026-07-01 09:30:00,USD,598000.0,15,598000.0,7858,382634,,2026-07-01
DEUTSCHE BANK A.G.,Late notice,Under Investigation,2026-06-24 09:30:00,USD,431000.0,1,431000.0,3685,356192,,2026-06-24
DEUTSCHE BANK A.G.,Recon break,Pending Review,2026-06-17 09:30:00,USD,261000.0,15,261000.0,8202,379895,,2026-06-17
BIMCOR INC,Valuation dispute,Under Investigation,2026-07-01 09:30:00,USD,325000.0,15,325000.0,3034,386683,,2026-07-01
BANCO HABITAT,Valuation dispute,Under Investigation,2026-07-01 09:30:00,USD,511000.0,1,511000.0,6721,358121,,2026-07-01
INVESTEC BANK LIMITED,MTM discrepancy,Resolved,2026-07-01 09:30:00,USD,709000.0,5,709000.0,1809,381002,,2026-07-01
BANK OF NOVA SCOTIA,MTM discrepancy,Resolved,2026-06-17 09:30:00,USD,845000.0,5,845000.0,5801,370870,,2026-06-17
WELLINGTON GLOBAL EQUITY FUND 28R5,MTM discrepancy,Resolved,2026-06-24 09:30:00,USD,705000.0,1,705000.0,4087,502140,,2026-06-24
CENTRAL 1 CREDIT UNION,MTM discrepancy,Under Investigation,2026-06-03 09:30:00,USD,533000.0,3,533000.0,9143,542251,,2026-06-03
BIMCOR INC,Valuation dispute,Under Investigation,2026-06-17 09:30:00,USD,654000.0,15,654000.0,9299,354030,,2026-06-17
SWISS LIFE AG,MTM discrepancy,Resolved,2026-06-24 09:30:00,USD,375000.0,1,375000.0,9267,365544,,2026-06-24
SWISS LIFE AG,Late notice,Pending Review,2026-07-01 09:30:00,USD,159000.0,3,159000.0,4835,363079,,2026-07-01
INVESTEC BANK LIMITED,Late notice,Under Investigation,2026-07-01 09:30:00,USD,596000.0,5,596000.0,9298,369436,,2026-07-01
INVESTEC BANK LIMITED,Valuation dispute,Resolved,2026-06-17 09:30:00,USD,844000.0,1,844000.0,9789,371733,,2026-06-17
INVESTEC BANK LIMITED,Recon break,Pending Review,2026-06-10 09:30:00,USD,766000.0,8,766000.0,8605,390282,,2026-06-10
SWISS LIFE AG,MTM discrepancy,Pending Review,2026-06-24 09:30:00,USD,167000.0,15,167000.0,8468,370059,,2026-06-24
CITIBANK NA,Late notice,Under Investigation,2026-06-10 09:30:00,USD,823000.0,15,823000.0,2559,342839,,2026-06-10
MORGAN STANLEY INTL,MTM discrepancy,Pending Review,2026-06-03 09:30:00,USD,359000.0,8,359000.0,2783,358943,,2026-06-03
INVESTEC BANK LIMITED,Valuation dispute,Resolved,2026-06-03 09:30:00,USD,76000.0,15,76000.0,3892,369635,,2026-06-03
BANK OF NOVA SCOTIA,Late notice,Pending Review,2026-06-03 09:30:00,USD,283000.0,5,283000.0,5104,507214,,2026-06-03
SWISS LIFE AG,MTM discrepancy,Resolved,2026-06-03 09:30:00,USD,657000.0,1,657000.0,6902,369539,,2026-06-03
BANCO HABITAT,Valuation dispute,Under Investigation,2026-06-10 09:30:00,USD,25000.0,8,25000.0,9431,398254,,2026-06-10
CENTRAL 1 CREDIT UNION,Valuation dispute,Resolved,2026-07-01 09:30:00,USD,892000.0,1,892000.0,5326,388256,,2026-07-01
BANCO HABITAT,MTM discrepancy,Pending Review,2026-06-24 09:30:00,USD,355000.0,1,355000.0,2691,348120,,2026-06-24
WELLINGTON GLOBAL EQUITY FUND 28R5,Late notice,Pending Review,2026-06-03 09:30:00,USD,32000.0,15,32000.0,2329,355429,,2026-06-03
CENTRAL 1 CREDIT UNION,Valuation dispute,Pending Review,2026-06-24 09:30:00,USD,50000.0,15,50000.0,6350,347148,,2026-06-24
MORGAN STANLEY INTL,MTM discrepancy,Under Investigation,2026-07-01 09:30:00,USD,228000.0,15,228000.0,6312,358548,,2026-07-01
INVESTEC BANK LIMITED,MTM discrepancy,Pending Review,2026-06-10 09:30:00,USD,874000.0,3,874000.0,9391,357043,,2026-06-10
BANK OF NOVA SCOTIA,Valuation dispute,Under Investigation,2026-07-01 09:30:00,USD,680000.0,8,680000.0,2809,381217,,2026-07-01
BANK OF NOVA SCOTIA,Valuation dispute,Pending Review,2026-06-10 09:30:00,USD,770000.0,3,770000.0,9708,374279,,2026-06-10
MORGAN STANLEY INTL,Valuation dispute,Pending Review,2026-06-17 09:30:00,USD,622000.0,1,622000.0,1917,363197,,2026-06-17
DEUTSCHE BANK A.G.,Recon break,Pending Review,2026-06-17 09:30:00,USD,733000.0,8,733000.0,7025,345965,,2026-06-17
DEUTSCHE BANK A.G.,Recon break,Resolved,2026-06-17 09:30:00,USD,760000.0,8,760000.0,9508,351519,,2026-06-17
BANK OF NOVA SCOTIA,Recon break,Resolved,2026-06-24 09:30:00,USD,47000.0,1,47000.0,7673,385322,,2026-06-24
CENTRAL 1 CREDIT UNION,Recon break,Resolved,2026-07-01 09:30:00,USD,42000.0,15,42000.0,4554,380246,,2026-07-01
BANCO HABITAT,Valuation dispute,Under Investigation,2026-07-01 09:30:00,USD,677000.0,15,677000.0,9982,353632,,2026-07-01
SWISS LIFE AG,Recon break,Under Investigation,2026-06-10 09:30:00,USD,85000.0,15,85000.0,7822,346394,,2026-06-10
SWISS LIFE AG,Recon break,Under Investigation,2026-06-24 09:30:00,USD,659000.0,3,659000.0,8653,372873,,2026-06-24
DEUTSCHE BANK A.G.,Recon break,Under Investigation,2026-06-17 09:30:00,USD,236000.0,8,236000.0,7351,352217,,2026-06-17
DEUTSCHE BANK A.G.,Valuation dispute,Pending Review,2026-06-24 09:30:00,USD,424000.0,3,424000.0,1305,598576,,2026-06-24
BANK OF NOVA SCOTIA,Late notice,Resolved,2026-06-17 09:30:00,USD,432000.0,5,432000.0,3312,364649,,2026-06-17
BANK OF NOVA SCOTIA,Recon break,Resolved,2026-06-24 09:30:00,USD,269000.0,1,269000.0,9928,377146,,2026-06-24
WELLINGTON GLOBAL EQUITY FUND 28R5,MTM discrepancy,Under Investigation,2026-06-24 09:30:00,USD,146000.0,1,146000.0,4009,368877,,2026-06-24
BIMCOR INC,Late notice,Pending Review,2026-06-24 09:30:00,USD,753000.0,15,753000.0,1410,392068,,2026-06-24
WELLINGTON GLOBAL EQUITY FUND 28R5,MTM discrepancy,Under Investigation,2026-06-03 09:30:00,USD,293000.0,15,293000.0,9768,377522,,2026-06-03
MORGAN STANLEY INTL,Valuation dispute,Pending Review,2026-07-01 09:30:00,USD,486000.0,3,486000.0,3245,504435,,2026-07-01
BANK OF NOVA SCOTIA,Late notice,Pending Review,2026-06-10 09:30:00,USD,450000.0,1,450000.0,6969,366172,,2026-06-10
BANCO HABITAT,Late notice,Pending Review,2026-06-24 09:30:00,USD,89000.0,3,89000.0,2070,369877,,2026-06-24
CENTRAL 1 CREDIT UNION,MTM discrepancy,Resolved,2026-06-24 09:30:00,USD,762000.0,5,762000.0,6071,342400,,2026-06-24
CITIBANK NA,Late notice,Pending Review,2026-06-24 09:30:00,USD,141000.0,3,141000.0,3862,366648,,2026-06-24
BANCO HABITAT,Recon break,Under Investigation,2026-06-03 09:30:00,USD,819000.0,3,819000.0,7841,353746,,2026-06-03
BIMCOR INC,MTM discrepancy,Pending Review,2026-07-01 09:30:00,USD,157000.0,8,157000.0,7494,375113,,2026-07-01
CITIBANK NA,Late notice,Resolved,2026-06-03 09:30:00,USD,547000.0,15,547000.0,2449,386998,,2026-06-03
CENTRAL 1 CREDIT UNION,Late notice,Pending Review,2026-06-24 09:30:00,USD,308000.0,1,308000.0,9847,381605,,2026-06-24
DEUTSCHE BANK A.G.,Valuation dispute,Resolved,2026-07-01 09:30:00,USD,857000.0,8,857000.0,9804,393476,,2026-07-01
BIMCOR INC,Late notice,Pending Review,2026-06-03 09:30:00,USD,876000.0,5,876000.0,7287,362155,,2026-06-03
BANCO HABITAT,Recon break,Resolved,2026-06-10 09:30:00,USD,120000.0,3,120000.0,6290,365032,,2026-06-10
INVESTEC BANK LIMITED,MTM discrepancy,Resolved,2026-06-03 09:30:00,USD,351000.0,5,351000.0,9697,364218,,2026-06-03
BANCO HABITAT,MTM discrepancy,Pending Review,2026-06-17 09:30:00,USD,883000.0,1,883000.0,1550,371348,,2026-06-17
CITIBANK NA,Late notice,Under Investigation,2026-06-17 09:30:00,USD,336000.0,3,336000.0,6942,366158,,2026-06-17
CITIBANK NA,Recon break,Pending Review,2026-07-01 09:30:00,USD,814000.0,1,814000.0,5735,388556,,2026-07-01
CENTRAL 1 CREDIT UNION,Late notice,Resolved,2026-06-24 09:30:00,USD,837000.0,3,837000.0,1691,350570,,2026-06-24
INVESTEC BANK LIMITED,Recon break,Pending Review,2026-06-17 09:30:00,USD,237000.0,1,237000.0,5820,565026,,2026-06-17
MORGAN STANLEY INTL,Valuation dispute,Pending Review,2026-06-24 09:30:00,USD,679000.0,3,679000.0,2498,385042,,2026-06-24
BIMCOR INC,MTM discrepancy,Under Investigation,2026-06-24 09:30:00,USD,74000.0,3,74000.0,7436,385847,,2026-06-24
MORGAN STANLEY INTL,Late notice,Resolved,2026-06-03 09:30:00,USD,312000.0,15,312000.0,8889,379379,,2026-06-03
BIMCOR INC,Late notice,Resolved,2026-06-03 09:30:00,USD,515000.0,3,515000.0,2780,517512,,2026-06-03
DEUTSCHE BANK A.G.,Recon break,Pending Review,2026-06-17 09:30:00,USD,29000.0,8,29000.0,3935,397121,,2026-06-17
CENTRAL 1 CREDIT UNION,Recon break,Resolved,2026-07-01 09:30:00,USD,31000.0,3,31000.0,1285,398704,,2026-07-01
MORGAN STANLEY INTL,Valuation dispute,Resolved,2026-06-17 09:30:00,USD,176000.0,5,176000.0,3468,342392,,2026-06-17
BIMCOR INC,Recon break,Resolved,2026-06-17 09:30:00,USD,791000.0,15,791000.0,9647,359403,,2026-06-17
SWISS LIFE AG,MTM discrepancy,Under Investigation,2026-06-17 09:30:00,USD,892000.0,3,892000.0,2585,344906,,2026-06-17
INVESTEC BANK LIMITED,Valuation dispute,Under Investigation,2026-06-10 09:30:00,USD,567000.0,3,567000.0,9166,354595,,2026-06-10
CENTRAL 1 CREDIT UNION,MTM discrepancy,Resolved,2026-06-17 09:30:00,USD,823000.0,1,823000.0,7155,342343,,2026-06-17
BANK OF NOVA SCOTIA,MTM discrepancy,Pending Review,2026-06-03 09:30:00,USD,194000.0,3,194000.0,7010,399409,,2026-06-03
CITIBANK NA,Recon break,Resolved,2026-06-03 09:30:00,USD,374000.0,8,374000.0,5411,360157,,2026-06-03
SWISS LIFE AG,Late notice,Pending Review,2026-06-03 09:30:00,USD,829000.0,15,829000.0,6172,340270,,2026-06-03
BANCO HABITAT,Recon break,Pending Review,2026-07-01 09:30:00,USD,206000.0,1,206000.0,7471,366100,,2026-07-01
SWISS LIFE AG,MTM discrepancy,Pending Review,2026-06-10 09:30:00,USD,585000.0,3,585000.0,1554,341855,,2026-06-10
CENTRAL 1 CREDIT UNION,Valuation dispute,Resolved,2026-06-24 09:30:00,USD,674000.0,8,674000.0,3706,358955,,2026-06-24
MORGAN STANLEY INTL,MTM discrepancy,Resolved,2026-06-10 09:30:00,USD,738000.0,15,738000.0,5745,365752,,2026-06-10
CITIBANK NA,Valuation dispute,Pending Review,2026-06-24 09:30:00,USD,104000.0,15,104000.0,3154,384945,,2026-06-24
BANCO HABITAT,Valuation dispute,Resolved,2026-07-01 09:30:00,USD,623000.0,15,623000.0,2411,394417,,2026-07-01
SWISS LIFE AG,MTM discrepancy,Resolved,2026-07-01 09:30:00,USD,111000.0,8,111000.0,2531,372049,,2026-07-01
BANCO HABITAT,MTM discrepancy,Under Investigation,2026-06-10 09:30:00,USD,398000.0,15,398000.0,5506,358440,,2026-06-10
MORGAN STANLEY INTL,Late notice,Resolved,2026-07-01 09:30:00,USD,846000.0,8,846000.0,1198,397409,,2026-07-01
INVESTEC BANK LIMITED,MTM discrepancy,Resolved,2026-06-24 09:30:00,USD,416000.0,3,416000.0,1790,362649,,2026-06-24
BIMCOR INC,MTM discrepancy,Under Investigation,2026-07-01 09:30:00,USD,349000.0,15,349000.0,6865,376908,,2026-07-01
WELLINGTON GLOBAL EQUITY FUND 28R5,Late notice,Pending Review,2026-06-17 09:30:00,USD,305000.0,3,305000.0,8348,357800,,2026-06-17
CENTRAL 1 CREDIT UNION,Recon break,Under Investigation,2026-06-24 09:30:00,USD,32000.0,15,32000.0,7355,362812,,2026-06-24
CENTRAL 1 CREDIT UNION,MTM discrepancy,Resolved,2026-06-24 09:30:00,USD,804000.0,3,804000.0,8458,364764,,2026-06-24
CITIBANK NA,MTM discrepancy,Resolved,2026-06-03 09:30:00,USD,869000.0,15,869000.0,1219,352843,,2026-06-03
CENTRAL 1 CREDIT UNION,Valuation dispute,Resolved,2026-06-03 09:30:00,USD,308000.0,5,308000.0,3406,392072,,2026-06-03
INVESTEC BANK LIMITED,Valuation dispute,Resolved,2026-06-03 09:30:00,USD,151000.0,8,151000.0,2322,559302,,2026-06-03
CITIBANK NA,Late notice,Pending Review,2026-06-24 09:30:00,USD,436000.0,1,436000.0,8322,366483,,2026-06-24
DEUTSCHE BANK A.G.,Late notice,Pending Review,2026-06-17 09:30:00,USD,181000.0,5,181000.0,6121,371902,,2026-06-17
CITIBANK NA,Recon break,Under Investigation,2026-06-24 09:30:00,USD,41000.0,5,41000.0,2434,385224,,2026-06-24
SWISS LIFE AG,Late notice,Under Investigation,2026-06-17 09:30:00,USD,120000.0,5,120000.0,4015,350507,,2026-06-17
BANCO HABITAT,Recon break,Resolved,2026-07-01 09:30:00,USD,234000.0,15,234000.0,8894,342909,,2026-07-01
WELLINGTON GLOBAL EQUITY FUND 28R5,Recon break,Under Investigation,2026-07-01 09:30:00,USD,124000.0,3,124000.0,3294,376020,,2026-07-01
CENTRAL 1 CREDIT UNION,MTM discrepancy,Resolved,2026-06-03 09:30:00,USD,536000.0,1,536000.0,5423,382358,,2026-06-03
BANCO HABITAT,Valuation dispute,Pending Review,2026-06-10 09:30:00,USD,736000.0,5,736000.0,6666,369274,,2026-06-10
BIMCOR INC,MTM discrepancy,Under Investigation,2026-06-24 09:30:00,USD,434000.0,5,434000.0,4001,375402,,2026-06-24
CITIBANK NA,MTM discrepancy,Pending Review,2026-07-01 09:30:00,USD,269000.0,8,269000.0,3609,356526,,2026-07-01
BANCO HABITAT,Valuation dispute,Resolved,2026-06-24 09:30:00,USD,714000.0,5,714000.0,2711,377361,,2026-06-24
MORGAN STANLEY INTL,Late notice,Resolved,2026-06-17 09:30:00,USD,749000.0,8,749000.0,5493,355149,,2026-06-17
SWISS LIFE AG,Late notice,Resolved,2026-06-17 09:30:00,USD,225000.0,5,225000.0,8469,531488,,2026-06-17
BANK OF NOVA SCOTIA,Late notice,Under Investigation,2026-06-03 09:30:00,USD,617000.0,8,617000.0,4506,380618,,2026-06-03
BANCO HABITAT,Recon break,Pending Review,2026-06-03 09:30:00,USD,226000.0,8,226000.0,1031,385224,,2026-06-03
INVESTEC BANK LIMITED,MTM discrepancy,Pending Review,2026-06-10 09:30:00,USD,603000.0,8,603000.0,7770,353669,,2026-06-10
BANCO HABITAT,MTM discrepancy,Pending Review,2026-06-03 09:30:00,USD,113000.0,1,113000.0,8443,369148,,2026-06-03
BANCO HABITAT,Late notice,Pending Review,2026-06-17 09:30:00,USD,539000.0,3,539000.0,7902,355464,,2026-06-17
DEUTSCHE BANK A.G.,Valuation dispute,Pending Review,2026-06-03 09:30:00,USD,337000.0,15,337000.0,7539,363599,,2026-06-03
BANCO HABITAT,Late notice,Pending Review,2026-06-03 09:30:00,USD,42000.0,3,42000.0,1694,364472,,2026-06-03
MORGAN STANLEY INTL,Late notice,Under Investigation,2026-06-03 09:30:00,USD,5000.0,8,5000.0,7353,392289,,2026-06-03
BIMCOR INC,Recon break,Pending Review,2026-06-10 09:30:00,USD,32000.0,8,32000.0,6480,364753,,2026-06-10
CENTRAL 1 CREDIT UNION,Recon break,Resolved,2026-06-03 09:30:00,USD,629000.0,3,629000.0,5219,532178,,2026-06-03
MORGAN STANLEY INTL,Valuation dispute,Under Investigation,2026-06-17 09:30:00,USD,410000.0,8,410000.0,2816,375615,,2026-06-17
CENTRAL 1 CREDIT UNION,Late notice,Under Investigation,2026-07-01 09:30:00,USD,744000.0,1,744000.0,7355,376235,,2026-07-01
BIMCOR INC,MTM discrepancy,Under Investigation,2026-06-10 09:30:00,USD,824000.0,1,824000.0,3293,386236,,2026-06-10
DEUTSCHE BANK A.G.,Recon break,Resolved,2026-06-03 09:30:00,USD,348000.0,1,348000.0,9600,343983,,2026-06-03
WELLINGTON GLOBAL EQUITY FUND 28R5,MTM discrepancy,Under Investigation,2026-06-24 09:30:00,USD,128000.0,15,128000.0,1528,536663,,2026-06-24
INVESTEC BANK LIMITED,Recon break,Pending Review,2026-06-10 09:30:00,USD,797000.0,1,797000.0,2738,389984,,2026-06-10
CITIBANK NA,Recon break,Resolved,2026-07-01 09:30:00,USD,832000.0,8,832000.0,5473,369402,,2026-07-01
INVESTEC BANK LIMITED,Recon break,Pending Review,2026-06-03 09:30:00,USD,567000.0,15,567000.0,5688,367343,,2026-06-03
MORGAN STANLEY INTL,Valuation dispute,Under Investigation,2026-06-03 09:30:00,USD,257000.0,15,257000.0,6406,357786,,2026-06-03
BANK OF NOVA SCOTIA,Recon break,Pending Review,2026-06-03 09:30:00,USD,578000.0,5,578000.0,7227,543385,,2026-06-03
CENTRAL 1 CREDIT UNION,MTM discrepancy,Resolved,2026-06-03 09:30:00,USD,194000.0,15,194000.0,1046,396431,,2026-06-03
CITIBANK NA,Late notice,Pending Review,2026-07-01 09:30:00,USD,892000.0,1,892000.0,5213,392406,,2026-07-01
BIMCOR INC,Recon break,Pending Review,2026-06-24 09:30:00,USD,364000.0,3,364000.0,9981,347199,,2026-06-24
BANCO HABITAT,MTM discrepancy,Pending Review,2026-06-03 09:30:00,USD,879000.0,5,879000.0,8447,364279,,2026-06-03
CENTRAL 1 CREDIT UNION,Late notice,Under Investigation,2026-06-10 09:30:00,USD,844000.0,3,844000.0,5552,341548,,2026-06-10
INVESTEC BANK LIMITED,MTM discrepancy,Under Investigation,2026-06-03 09:30:00,USD,231000.0,8,231000.0,9041,540969,,2026-06-03
BANK OF NOVA SCOTIA,MTM discrepancy,Resolved,2026-06-10 09:30:00,USD,134000.0,8,134000.0,4448,350046,,2026-06-10
BANK OF NOVA SCOTIA,Recon break,Under Investigation,2026-06-10 09:30:00,USD,764000.0,1,764000.0,2480,396924,,2026-06-10
BANK OF NOVA SCOTIA,Late notice,Pending Review,2026-07-01 09:30:00,USD,752000.0,1,752000.0,5915,371016,,2026-07-01
INVESTEC BANK LIMITED,Recon break,Resolved,2026-06-24 09:30:00,USD,43000.0,15,43000.0,1857,354708,,2026-06-24
BANK OF NOVA SCOTIA,Late notice,Under Investigation,2026-06-10 09:30:00,USD,534000.0,15,534000.0,9304,351144,,2026-06-10
BIMCOR INC,Valuation dispute,Pending Review,2026-06-17 09:30:00,USD,468000.0,5,468000.0,7818,368804,,2026-06-17
DEUTSCHE BANK A.G.,Recon break,Pending Review,2026-06-24 09:30:00,USD,164000.0,8,164000.0,6782,343750,,2026-06-24
CITIBANK NA,Valuation dispute,Under Investigation,2026-06-17 09:30:00,USD,840000.0,8,840000.0,4623,344592,,2026-06-17
WELLINGTON GLOBAL EQUITY FUND 28R5,Recon break,Under Investigation,2026-06-03 09:30:00,USD,844000.0,15,844000.0,4199,374875,,2026-06-03
INVESTEC BANK LIMITED,Recon break,Pending Review,2026-06-03 09:30:00,USD,668000.0,15,668000.0,2845,344370,,2026-06-03
CENTRAL 1 CREDIT UNION,Late notice,Pending Review,2026-06-17 09:30:00,USD,42000.0,5,42000.0,8155,351924,,2026-06-17
DEUTSCHE BANK A.G.,Late notice,Under Investigation,2026-06-24 09:30:00,USD,433000.0,15,433000.0,4143,382887,,2026-06-24
BANK OF NOVA SCOTIA,Recon break,Under Investigation,2026-07-01 09:30:00,USD,174000.0,8,174000.0,8555,342367,,2026-07-01
CENTRAL 1 CREDIT UNION,Valuation dispute,Pending Review,2026-06-10 09:30:00,USD,571000.0,15,571000.0,8668,354118,,2026-06-10
WELLINGTON GLOBAL EQUITY FUND 28R5,Valuation dispute,Resolved,2026-07-01 09:30:00,USD,49000.0,15,49000.0,3282,366086,,2026-07-01
BIMCOR INC,MTM discrepancy,Resolved,2026-06-03 09:30:00,USD,530000.0,5,530000.0,4675,370687,,2026-06-03
MORGAN STANLEY INTL,Late notice,Under Investigation,2026-06-10 09:30:00,USD,541000.0,3,541000.0,4971,371489,,2026-06-10
SWISS LIFE AG,Valuation dispute,Under Investigation,2026-06-17 09:30:00,USD,512000.0,1,512000.0,7199,377081,,2026-06-17
CENTRAL 1 CREDIT UNION,Valuation dispute,Pending Review,2026-07-01 09:30:00,USD,381000.0,5,381000.0,9634,393134,,2026-07-01
INVESTEC BANK LIMITED,Late notice,Pending Review,2026-07-01 09:30:00,USD,232000.0,5,232000.0,7713,521980,,2026-07-01
SWISS LIFE AG,MTM discrepancy,Under Investigation,2026-06-17 09:30:00,USD,366000.0,1,366000.0,2307,391682,,2026-06-17
INVESTEC BANK LIMITED,Recon break,Resolved,2026-06-10 09:30:00,USD,233000.0,15,233000.0,9417,381364,,2026-06-10
CITIBANK NA,Late notice,Resolved,2026-06-03 09:30:00,USD,250000.0,1,250000.0,3430,395507,,2026-06-03
INVESTEC BANK LIMITED,Valuation dispute,Pending Review,2026-06-24 09:30:00,USD,158000.0,1,158000.0,3732,384545,,2026-06-24
BANCO HABITAT,Late notice,Pending Review,2026-06-03 09:30:00,USD,535000.0,8,535000.0,9910,366846,,2026-06-03
CENTRAL 1 CREDIT UNION,Recon break,Under Investigation,2026-07-01 09:30:00,USD,390000.0,8,390000.0,4865,348625,,2026-07-01
CENTRAL 1 CREDIT UNION,MTM discrepancy,Pending Review,2026-06-10 09:30:00,USD,16000.0,15,16000.0,7285,364818,,2026-06-10
CENTRAL 1 CREDIT UNION,Valuation dispute,Pending Review,2026-06-10 09:30:00,USD,421000.0,1,421000.0,6275,387621,,2026-06-10
BIMCOR INC,Late notice,Resolved,2026-06-10 09:30:00,USD,436000.0,15,436000.0,9007,371423,,2026-06-10
CENTRAL 1 CREDIT UNION,Late notice,Resolved,2026-07-01 09:30:00,USD,492000.0,1,492000.0,3034,344736,,2026-07-01
BANCO HABITAT,Late notice,Pending Review,2026-06-10 09:30:00,USD,373000.0,8,373000.0,9787,510479,,2026-06-10
BANK OF NOVA SCOTIA,Late notice,Under Investigation,2026-06-17 09:30:00,USD,621000.0,1,621000.0,7673,382873,,2026-06-17
DEUTSCHE BANK A.G.,Valuation dispute,Pending Review,2026-07-01 09:30:00,USD,529000.0,5,529000.0,4037,398426,,2026-07-01
SWISS LIFE AG,MTM discrepancy,Pending Review,2026-06-24 09:30:00,USD,23000.0,15,23000.0,3473,362725,,2026-06-24
DEUTSCHE BANK A.G.,MTM discrepancy,Pending Review,2026-06-24 09:30:00,USD,137000.0,8,137000.0,1391,382533,,2026-06-24
BIMCOR INC,Late notice,Under Investigation,2026-06-24 09:30:00,USD,745000.0,3,745000.0,3680,389453,,2026-06-24
INVESTEC BANK LIMITED,Late notice,Under Investigation,2026-06-17 09:30:00,USD,342000.0,3,342000.0,9563,384795,,2026-06-17
BANCO HABITAT,MTM discrepancy,Resolved,2026-06-17 09:30:00,USD,346000.0,5,346000.0,4611,359975,,2026-06-17
MORGAN STANLEY INTL,Recon break,Pending Review,2026-06-10 09:30:00,USD,134000.0,15,134000.0,5969,396472,,2026-06-10
BANCO HABITAT,Valuation dispute,Pending Review,2026-06-03 09:30:00,USD,690000.0,15,690000.0,5321,383453,,2026-06-03
SWISS LIFE AG,Valuation dispute,Under Investigation,2026-06-17 09:30:00,USD,880000.0,5,880000.0,9173,391573,,2026-06-17
CITIBANK NA,MTM discrepancy,Under Investigation,2026-06-10 09:30:00,USD,662000.0,5,662000.0,6761,346769,,2026-06-10
BANK OF NOVA SCOTIA,MTM discrepancy,Pending Review,2026-06-17 09:30:00,USD,723000.0,8,723000.0,1822,364368,,2026-06-17
CENTRAL 1 CREDIT UNION,Recon break,Under Investigation,2026-07-01 09:30:00,USD,766000.0,5,766000.0,3137,340762,,2026-07-01
BIMCOR INC,MTM discrepancy,Resolved,2026-06-24 09:30:00,USD,48000.0,15,48000.0,8110,359846,,2026-06-24
BANK OF NOVA SCOTIA,MTM discrepancy,Pending Review,2026-06-03 09:30:00,USD,111000.0,3,111000.0,2192,399827,,2026-06-03
BANK OF NOVA SCOTIA,MTM discrepancy,Under Investigation,2026-06-03 09:30:00,USD,550000.0,8,550000.0,1705,363461,,2026-06-03
BANCO HABITAT,MTM discrepancy,Pending Review,2026-06-17 09:30:00,USD,848000.0,8,848000.0,7312,386767,,2026-06-17
INVESTEC BANK LIMITED,Valuation dispute,Pending Review,2026-06-24 09:30:00,USD,272000.0,15,272000.0,5329,389936,,2026-06-24
BANK OF NOVA SCOTIA,Valuation dispute,Under Investigation,2026-07-01 09:30:00,USD,297000.0,3,297000.0,4759,375468,,2026-07-01
INVESTEC BANK LIMITED,Late notice,Under Investigation,2026-06-17 09:30:00,USD,338000.0,1,338000.0,3512,351383,,2026-06-17
WELLINGTON GLOBAL EQUITY FUND 28R5,MTM discrepancy,Pending Review,2026-06-03 09:30:00,USD,99000.0,1,99000.0,6923,372301,,2026-06-03
DEUTSCHE BANK A.G.,Late notice,Pending Review,2026-06-17 09:30:00,USD,374000.0,8,374000.0,5955,512809,,2026-06-17
MORGAN STANLEY INTL,Late notice,Pending Review,2026-06-10 09:30:00,USD,251000.0,3,251000.0,1793,384679,,2026-06-10
INVESTEC BANK LIMITED,Recon break,Resolved,2026-06-17 09:30:00,USD,201000.0,5,201000.0,1323,362984,,2026-06-17
WELLINGTON GLOBAL EQUITY FUND 28R5,MTM discrepancy,Pending Review,2026-07-01 09:30:00,USD,212000.0,8,212000.0,6324,367342,,2026-07-01
MORGAN STANLEY INTL,Valuation dispute,Under Investigation,2026-07-01 09:30:00,USD,414000.0,1,414000.0,5858,349431,,2026-07-01
BANK OF NOVA SCOTIA,Recon break,Resolved,2026-07-01 09:30:00,USD,321000.0,5,321000.0,6708,355351,,2026-07-01
DEUTSCHE BANK A.G.,Recon break,Under Investigation,2026-06-24 09:30:00,USD,392000.0,1,392000.0,7941,375368,,2026-06-24
BANK OF NOVA SCOTIA,Valuation dispute,Under Investigation,2026-06-17 09:30:00,USD,343000.0,1,343000.0,9213,363782,,2026-06-17
BANCO HABITAT,Late notice,Under Investigation,2026-07-01 09:30:00,USD,592000.0,1,592000.0,4108,351062,,2026-07-01
INVESTEC BANK LIMITED,Late notice,Resolved,2026-06-10 09:30:00,USD,690000.0,5,690000.0,2716,399409,,2026-06-10
MORGAN STANLEY INTL,Late notice,Pending Review,2026-06-17 09:30:00,USD,842000.0,5,842000.0,1953,501598,,2026-06-17
BANK OF NOVA SCOTIA,Late notice,Resolved,2026-06-24 09:30:00,USD,818000.0,1,818000.0,8624,381359,,2026-06-24
MORGAN STANLEY INTL,Late notice,Pending Review,2026-06-10 09:30:00,USD,151000.0,3,151000.0,7066,394256,,2026-06-10
BANK OF NOVA SCOTIA,Valuation dispute,Pending Review,2026-06-10 09:30:00,USD,70000.0,3,70000.0,8469,388582,,2026-06-10
INVESTEC BANK LIMITED,Recon break,Under Investigation,2026-06-03 09:30:00,USD,294000.0,1,294000.0,8449,353299,,2026-06-03
INVESTEC BANK LIMITED,Late notice,Pending Review,2026-06-17 09:30:00,USD,110000.0,15,110000.0,9232,348652,,2026-06-17
MORGAN STANLEY INTL,Recon break,Resolved,2026-06-10 09:30:00,USD,111000.0,15,111000.0,4736,353790,,2026-06-10
MORGAN STANLEY INTL,Recon break,Pending Review,2026-06-24 09:30:00,USD,875000.0,15,875000.0,5992,361289,,2026-06-24
BANCO HABITAT,MTM discrepancy,Pending Review,2026-07-01 09:30:00,USD,153000.0,15,153000.0,3940,369555,,2026-07-01
INVESTEC BANK LIMITED,MTM discrepancy,Under Investigation,2026-06-17 09:30:00,USD,795000.0,15,795000.0,9204,349862,,2026-06-17
MORGAN STANLEY INTL,Recon break,Resolved,2026-06-10 09:30:00,USD,733000.0,8,733000.0,6204,342417,,2026-06-10
CENTRAL 1 CREDIT UNION,Late notice,Pending Review,2026-06-24 09:30:00,USD,261000.0,3,261000.0,5534,380893,,2026-06-24
BANK OF NOVA SCOTIA,Recon break,Pending Review,2026-06-17 09:30:00,USD,309000.0,8,309000.0,5963,365759,,2026-06-17
BANCO HABITAT,MTM discrepancy,Pending Review,2026-07-01 09:30:00,USD,181000.0,15,181000.0,7759,347842,,2026-07-01
DEUTSCHE BANK A.G.,Recon break,Under Investigation,2026-07-01 09:30:00,USD,114000.0,3,114000.0,9860,373229,,2026-07-01
DEUTSCHE BANK A.G.,MTM discrepancy,Pending Review,2026-06-17 09:30:00,USD,877000.0,1,877000.0,9962,396774,,2026-06-17
BIMCOR INC,Recon break,Resolved,2026-06-03 09:30:00,USD,401000.0,8,401000.0,5969,366609,,2026-06-03
CENTRAL 1 CREDIT UNION,Late notice,Resolved,2026-06-17 09:30:00,USD,611000.0,15,611000.0,4448,540545,,2026-06-17
CITIBANK NA,Valuation dispute,Pending Review,2026-06-03 09:30:00,USD,522000.0,15,522000.0,1939,370236,,2026-06-03
SWISS LIFE AG,Recon break,Pending Review,2026-06-17 09:30:00,USD,701000.0,1,701000.0,7183,348513,,2026-06-17
BIMCOR INC,MTM discrepancy,Under Investigation,2026-07-01 09:30:00,USD,735000.0,5,735000.0,1704,348244,,2026-07-01
BANCO HABITAT,Valuation dispute,Resolved,2026-06-03 09:30:00,USD,384000.0,3,384000.0,5334,357938,,2026-06-03
WELLINGTON GLOBAL EQUITY FUND 28R5,Late notice,Under Investigation,2026-07-01 09:30:00,USD,749000.0,15,749000.0,6069,346068,,2026-07-01
DEUTSCHE BANK A.G.,Recon break,Pending Review,2026-06-17 09:30:00,USD,750000.0,1,750000.0,3571,382473,,2026-06-17
MORGAN STANLEY INTL,MTM discrepancy,Resolved,2026-06-17 09:30:00,USD,674000.0,3,674000.0,8357,397096,,2026-06-17
BANCO HABITAT,Valuation dispute,Under Investigation,2026-06-17 09:30:00,USD,770000.0,5,770000.0,3457,382806,,2026-06-17
BIMCOR INC,Late notice,Resolved,2026-07-01 09:30:00,USD,752000.0,5,752000.0,2211,546866,,2026-07-01
MORGAN STANLEY INTL,Recon break,Resolved,2026-06-10 09:30:00,USD,21000.0,3,21000.0,2828,357397,,2026-06-10
MORGAN STANLEY INTL,Recon break,Pending Review,2026-07-01 09:30:00,USD,888000.0,5,888000.0,1239,370858,,2026-07-01
BANCO HABITAT,Valuation dispute,Pending Review,2026-07-01 09:30:00,USD,830000.0,8,830000.0,6052,358856,,2026-07-01
BANCO HABITAT,Late notice,Under Investigation,2026-06-17 09:30:00,USD,700000.0,8,700000.0,5808,393964,,2026-06-17
DEUTSCHE BANK A.G.,Recon break,Pending Review,2026-06-24 09:30:00,USD,836000.0,1,836000.0,9957,386129,,2026-06-24
INVESTEC BANK LIMITED,MTM discrepancy,Resolved,2026-06-03 09:30:00,USD,663000.0,1,663000.0,1862,561908,,2026-06-03
BIMCOR INC,Late notice,Resolved,2026-06-17 09:30:00,USD,489000.0,15,489000.0,2595,366922,,2026-06-17
CITIBANK NA,MTM discrepancy,Pending Review,2026-06-24 09:30:00,USD,751000.0,8,751000.0,3805,343524,,2026-06-24
BIMCOR INC,MTM discrepancy,Pending Review,2026-06-24 09:30:00,USD,605000.0,3,605000.0,9430,355036,,2026-06-24
INVESTEC BANK LIMITED,MTM discrepancy,Under Investigation,2026-06-10 09:30:00,USD,700000.0,5,700000.0,9797,382429,,2026-06-10
MORGAN STANLEY INTL,MTM discrepancy,Pending Review,2026-06-17 09:30:00,USD,303000.0,5,303000.0,8527,371097,,2026-06-17
MORGAN STANLEY INTL,Late notice,Pending Review,2026-06-17 09:30:00,USD,465000.0,1,465000.0,3532,380619,,2026-06-17
WELLINGTON GLOBAL EQUITY FUND 28R5,Recon break,Resolved,2026-06-24 09:30:00,USD,230000.0,8,230000.0,3479,388039,,2026-06-24
BANCO HABITAT,MTM discrepancy,Resolved,2026-06-10 09:30:00,USD,349000.0,1,349000.0,5766,390374,,2026-06-10
BANCO HABITAT,MTM discrepancy,Resolved,2026-06-17 09:30:00,USD,387000.0,3,387000.0,7342,381533,,2026-06-17
BANK OF NOVA SCOTIA,Late notice,Under Investigation,2026-06-17 09:30:00,USD,621000.0,5,621000.0,1435,386505,,2026-06-17
BANCO HABITAT,Valuation dispute,Under Investigation,2026-06-10 09:30:00,USD,10000.0,15,10000.0,4477,351082,,2026-06-10
BANCO HABITAT,Valuation dispute,Pending Review,2026-06-03 09:30:00,USD,299000.0,15,299000.0,9560,347141,,2026-06-03
DEUTSCHE BANK A.G.,Late notice,Resolved,2026-07-01 09:30:00,USD,870000.0,3,870000.0,5251,350439,,2026-07-01
MORGAN STANLEY INTL,Late notice,Pending Review,2026-07-01 09:30:00,USD,237000.0,8,237000.0,1232,389677,,2026-07-01
INVESTEC BANK LIMITED,Late notice,Resolved,2026-06-10 09:30:00,USD,750000.0,5,750000.0,4555,365430,,2026-06-10
CENTRAL 1 CREDIT UNION,Recon break,Resolved,2026-06-03 09:30:00,USD,172000.0,15,172000.0,5628,381835,,2026-06-03
BANK OF NOVA SCOTIA,Late notice,Pending Review,2026-06-17 09:30:00,USD,554000.0,8,554000.0,6694,388549,,2026-06-17
CENTRAL 1 CREDIT UNION,Recon break,Resolved,2026-06-10 09:30:00,USD,403000.0,1,403000.0,2644,352564,,2026-06-10
MORGAN STANLEY INTL,MTM discrepancy,Under Investigation,2026-06-10 09:30:00,USD,86000.0,8,86000.0,4055,340127,,2026-06-10
CITIBANK NA,Valuation dispute,Pending Review,2026-06-03 09:30:00,USD,899000.0,1,899000.0,1273,384167,,2026-06-03
BANCO HABITAT,Recon break,Under Investigation,2026-06-03 09:30:00,USD,680000.0,3,680000.0,3537,520506,,2026-06-03
BIMCOR INC,Recon break,Under Investigation,2026-06-17 09:30:00,USD,481000.0,3,481000.0,6531,357001,,2026-06-17
SWISS LIFE AG,Late notice,Under Investigation,2026-06-10 09:30:00,USD,607000.0,1,607000.0,2326,381257,,2026-06-10
BANCO HABITAT,Recon break,Resolved,2026-06-24 09:30:00,USD,816000.0,8,816000.0,8102,352184,,2026-06-24
CITIBANK NA,Late notice,Pending Review,2026-06-03 09:30:00,USD,305000.0,1,305000.0,5193,374033,,2026-06-03
SWISS LIFE AG,Recon break,Under Investigation,2026-06-03 09:30:00,USD,859000.0,8,859000.0,4423,378387,,2026-06-03
BIMCOR INC,Late notice,Under Investigation,2026-06-10 09:30:00,USD,250000.0,8,250000.0,3226,346529,,2026-06-10
CENTRAL 1 CREDIT UNION,MTM discrepancy,Under Investigation,2026-06-10 09:30:00,USD,30000.0,15,30000.0,5073,368474,,2026-06-10
BIMCOR INC,Recon break,Pending Review,2026-06-17 09:30:00,USD,218000.0,15,218000.0,2209,547979,,2026-06-17
CENTRAL 1 CREDIT UNION,Late notice,Pending Review,2026-06-10 09:30:00,USD,897000.0,1,897000.0,2301,389403,,2026-06-10
CITIBANK NA,Recon break,Resolved,2026-06-03 09:30:00,USD,702000.0,5,702000.0,7622,518825,,2026-06-03
INVESTEC BANK LIMITED,Recon break,Pending Review,2026-06-17 09:30:00,USD,624000.0,3,624000.0,1864,393296,,2026-06-17
WELLINGTON GLOBAL EQUITY FUND 28R5,MTM discrepancy,Under Investigation,2026-06-10 09:30:00,USD,185000.0,5,185000.0,3885,389753,,2026-06-10
INVESTEC BANK LIMITED,Late notice,Under Investigation,2026-06-10 09:30:00,USD,275000.0,5,275000.0,8812,396572,,2026-06-10
CENTRAL 1 CREDIT UNION,Recon break,Resolved,2026-06-17 09:30:00,USD,274000.0,1,274000.0,1450,381207,,2026-06-17
CENTRAL 1 CREDIT UNION,Late notice,Resolved,2026-06-03 09:30:00,USD,441000.0,15,441000.0,3530,351165,,2026-06-03
BANCO HABITAT,MTM discrepancy,Pending Review,2026-06-10 09:30:00,USD,619000.0,5,619000.0,8238,399019,,2026-06-10
CITIBANK NA,Valuation dispute,Pending Review,2026-06-03 09:30:00,USD,625000.0,8,625000.0,1559,382859,,2026-06-03
BANCO HABITAT,Valuation dispute,Resolved,2026-06-17 09:30:00,USD,223000.0,8,223000.0,3484,399771,,2026-06-17
MORGAN STANLEY INTL,MTM discrepancy,Pending Review,2026-07-01 09:30:00,USD,255000.0,1,255000.0,6818,397794,,2026-07-01
BANK OF NOVA SCOTIA,MTM discrepancy,Under Investigation,2026-07-01 09:30:00,USD,144000.0,8,144000.0,6349,340119,,2026-07-01
WELLINGTON GLOBAL EQUITY FUND 28R5,Late notice,Resolved,2026-06-24 09:30:00,USD,290000.0,3,290000.0,1925,346823,,2026-06-24
BIMCOR INC,MTM discrepancy,Under Investigation,2026-06-03 09:30:00,USD,443000.0,15,443000.0,3673,545038,,2026-06-03
BIMCOR INC,MTM discrepancy,Resolved,2026-06-10 09:30:00,USD,64000.0,8,64000.0,8607,366042,,2026-06-10
SWISS LIFE AG,MTM discrepancy,Resolved,2026-07-01 09:30:00,USD,502000.0,15,502000.0,5631,381108,,2026-07-01
SWISS LIFE AG,Late notice,Pending Review,2026-06-10 09:30:00,USD,71000.0,8,71000.0,8922,364565,,2026-06-10
CENTRAL 1 CREDIT UNION,MTM discrepancy,Under Investigation,2026-07-01 09:30:00,USD,539000.0,3,539000.0,1920,379480,,2026-07-01
WELLINGTON GLOBAL EQUITY FUND 28R5,Valuation dispute,Resolved,2026-06-24 09:30:00,USD,90000.0,3,90000.0,9987,378296,,2026-06-24
BANK OF NOVA SCOTIA,Late notice,Under Investigation,2026-06-17 09:30:00,USD,613000.0,15,613000.0,7487,376313,,2026-06-17
INVESTEC BANK LIMITED,Recon break,Pending Review,2026-06-03 09:30:00,USD,719000.0,5,719000.0,6924,386660,,2026-06-03
SWISS LIFE AG,Late notice,Pending Review,2026-06-17 09:30:00,USD,155000.0,1,155000.0,2635,393955,,2026-06-17
BANK OF NOVA SCOTIA,Valuation dispute,Pending Review,2026-06-17 09:30:00,USD,454000.0,5,454000.0,9460,386412,,2026-06-17
BANK OF NOVA SCOTIA,Late notice,Resolved,2026-07-01 09:30:00,USD,550000.0,8,550000.0,3816,389999,,2026-07-01
CITIBANK NA,MTM discrepancy,Under Investigation,2026-06-10 09:30:00,USD,656000.0,1,656000.0,7044,364716,,2026-06-10
INVESTEC BANK LIMITED,Valuation dispute,Resolved,2026-06-03 09:30:00,USD,137000.0,1,137000.0,9573,379803,,2026-06-03
WELLINGTON GLOBAL EQUITY FUND 28R5,Late notice,Under Investigation,2026-07-01 09:30:00,USD,303000.0,5,303000.0,5785,370861,,2026-07-01
WELLINGTON GLOBAL EQUITY FUND 28R5,Recon break,Resolved,2026-06-24 09:30:00,USD,863000.0,8,863000.0,8084,375059,,2026-06-24
INVESTEC BANK LIMITED,Valuation dispute,Resolved,2026-06-24 09:30:00,USD,208000.0,1,208000.0,7898,399969,,2026-06-24
INVESTEC BANK LIMITED,MTM discrepancy,Resolved,2026-06-10 09:30:00,USD,667000.0,1,667000.0,9956,373238,,2026-06-10
CENTRAL 1 CREDIT UNION,MTM discrepancy,Pending Review,2026-06-24 09:30:00,USD,879000.0,15,879000.0,1065,344464,,2026-06-24
WELLINGTON GLOBAL EQUITY FUND 28R5,Late notice,Pending Review,2026-06-24 09:30:00,USD,596000.0,8,596000.0,6867,345006,,2026-06-24
INVESTEC BANK LIMITED,Late notice,Resolved,2026-06-17 09:30:00,USD,778000.0,8,778000.0,5584,352873,,2026-06-17
SWISS LIFE AG,Recon break,Resolved,2026-06-17 09:30:00,USD,601000.0,1,601000.0,9572,377891,,2026-06-17
MORGAN STANLEY INTL,MTM discrepancy,Pending Review,2026-06-03 09:30:00,USD,409000.0,15,409000.0,9270,360174,,2026-06-03
SWISS LIFE AG,Valuation dispute,Resolved,2026-06-17 09:30:00,USD,872000.0,15,872000.0,8021,344642,,2026-06-17
INVESTEC BANK LIMITED,Recon break,Pending Review,2026-06-03 09:30:00,USD,51000.0,8,51000.0,8814,361044,,2026-06-03
BANK OF NOVA SCOTIA,MTM discrepancy,Resolved,2026-07-01 09:30:00,USD,389000.0,3,389000.0,2385,355274,,2026-07-01
BIMCOR INC,Recon break,Under Investigation,2026-06-03 09:30:00,USD,621000.0,8,621000.0,7734,346454,,2026-06-03
WELLINGTON GLOBAL EQUITY FUND 28R5,MTM discrepancy,Pending Review,2026-07-01 09:30:00,USD,516000.0,8,516000.0,9831,361070,,2026-07-01
WELLINGTON GLOBAL EQUITY FUND 28R5,MTM discrepancy,Resolved,2026-06-03 09:30:00,USD,284000.0,8,284000.0,3649,351730,,2026-06-03
DEUTSCHE BANK A.G.,Recon break,Resolved,2026-06-03 09:30:00,USD,555000.0,8,555000.0,2362,382630,,2026-06-03
BANK OF NOVA SCOTIA,MTM discrepancy,Resolved,2026-06-03 09:30:00,USD,328000.0,15,328000.0,6725,372410,,2026-06-03
SWISS LIFE AG,Valuation dispute,Pending Review,2026-06-10 09:30:00,USD,128000.0,8,128000.0,8021,371529,,2026-06-10
DEUTSCHE BANK A.G.,Valuation dispute,Resolved,2026-06-03 09:30:00,USD,178000.0,1,178000.0,4609,377891,,2026-06-03
BIMCOR INC,Recon break,Under Investigation,2026-06-17 09:30:00,USD,27000.0,15,27000.0,1518,385056,,2026-06-17
INVESTEC BANK LIMITED,MTM discrepancy,Under Investigation,2026-07-01 09:30:00,USD,426000.0,3,426000.0,2317,359791,,2026-07-01
INVESTEC BANK LIMITED,MTM discrepancy,Under Investigation,2026-06-03 09:30:00,USD,629000.0,15,629000.0,1970,381073,,2026-06-03
DEUTSCHE BANK A.G.,Late notice,Resolved,2026-06-10 09:30:00,USD,384000.0,3,384000.0,3577,361320,,2026-06-10
CITIBANK NA,Recon break,Pending Review,2026-06-24 09:30:00,USD,557000.0,15,557000.0,4678,355063,,2026-06-24
BIMCOR INC,Recon break,Under Investigation,2026-06-24 09:30:00,USD,790000.0,5,790000.0,2737,362984,,2026-06-24
SWISS LIFE AG,Valuation dispute,Resolved,2026-07-01 09:30:00,USD,149000.0,3,149000.0,9641,367059,,2026-07-01
BIMCOR INC,MTM discrepancy,Pending Review,2026-06-17 09:30:00,USD,842000.0,1,842000.0,2581,373324,,2026-06-17
INVESTEC BANK LIMITED,MTM discrepancy,Under Investigation,2026-06-03 09:30:00,USD,78000.0,3,78000.0,1195,374288,,2026-06-03
MORGAN STANLEY INTL,Late notice,Resolved,2026-07-01 09:30:00,USD,158000.0,1,158000.0,8107,389937,,2026-07-01
MORGAN STANLEY INTL,Recon break,Pending Review,2026-07-01 09:30:00,USD,389000.0,3,389000.0,5978,382237,,2026-07-01
CITIBANK NA,Late notice,Under Investigation,2026-06-10 09:30:00,USD,325000.0,3,325000.0,7055,343548,,2026-06-10
WELLINGTON GLOBAL EQUITY FUND 28R5,Recon break,Pending Review,2026-06-17 09:30:00,USD,130000.0,3,130000.0,6056,519739,,2026-06-17
WELLINGTON GLOBAL EQUITY FUND 28R5,Recon break,Under Investigation,2026-06-10 09:30:00,USD,84000.0,1,84000.0,4986,556282,,2026-06-10
DEUTSCHE BANK A.G.,Late notice,Pending Review,2026-06-24 09:30:00,USD,10000.0,5,10000.0,5864,399645,,2026-06-24
MORGAN STANLEY INTL,MTM discrepancy,Under Investigation,2026-06-17 09:30:00,USD,739000.0,1,739000.0,7958,378998,,2026-06-17
MORGAN STANLEY INTL,Valuation dispute,Under Investigation,2026-06-24 09:30:00,USD,858000.0,8,858000.0,7524,350993,,2026-06-24
BANCO HABITAT,Recon break,Under Investigation,2026-06-17 09:30:00,USD,406000.0,15,406000.0,2976,399291,,2026-06-17
BANK OF NOVA SCOTIA,Valuation dispute,Pending Review,2026-07-01 09:30:00,USD,737000.0,1,737000.0,9861,574195,,2026-07-01
DEUTSCHE BANK A.G.,Valuation dispute,Under Investigation,2026-06-17 09:30:00,USD,681000.0,15,681000.0,5017,382006,,2026-06-17
MORGAN STANLEY INTL,Late notice,Pending Review,2026-06-10 09:30:00,USD,122000.0,1,122000.0,5096,379080,,2026-06-10
BANK OF NOVA SCOTIA,Valuation dispute,Under Investigation,2026-06-24 09:30:00,USD,746000.0,3,746000.0,5149,365728,,2026-06-24
DEUTSCHE BANK A.G.,Recon break,Under Investigation,2026-07-01 09:30:00,USD,773000.0,5,773000.0,6179,373723,,2026-07-01
BANK OF NOVA SCOTIA,Valuation dispute,Under Investigation,2026-06-24 09:30:00,USD,492000.0,5,492000.0,1278,351575,,2026-06-24
CITIBANK NA,Recon break,Resolved,2026-07-01 09:30:00,USD,588000.0,3,588000.0,7279,342092,,2026-07-01
INVESTEC BANK LIMITED,MTM discrepancy,Resolved,2026-06-03 09:30:00,USD,31000.0,5,31000.0,7722,392520,,2026-06-03
INVESTEC BANK LIMITED,Recon break,Under Investigation,2026-07-01 09:30:00,USD,109000.0,8,109000.0,7472,377664,,2026-07-01
BANCO HABITAT,MTM discrepancy,Pending Review,2026-06-03 09:30:00,USD,775000.0,1,775000.0,3500,389474,,2026-06-03
BIMCOR INC,Valuation dispute,Under Investigation,2026-06-24 09:30:00,USD,51000.0,3,51000.0,3332,343425,,2026-06-24
INVESTEC BANK LIMITED,Valuation dispute,Pending Review,2026-06-03 09:30:00,USD,155000.0,1,155000.0,1473,348954,,2026-06-03
BANCO HABITAT,Late notice,Pending Review,2026-07-01 09:30:00,USD,123000.0,8,123000.0,9779,354172,,2026-07-01
INVESTEC BANK LIMITED,Recon break,Under Investigation,2026-07-01 09:30:00,USD,397000.0,15,397000.0,2235,380815,,2026-07-01
MORGAN STANLEY INTL,Late notice,Resolved,2026-06-03 09:30:00,USD,371000.0,15,371000.0,1219,387759,,2026-06-03
CENTRAL 1 CREDIT UNION,MTM discrepancy,Under Investigation,2026-06-17 09:30:00,USD,345000.0,1,345000.0,8226,345701,,2026-06-17
BANCO HABITAT,Valuation dispute,Pending Review,2026-06-03 09:30:00,USD,298000.0,5,298000.0,2102,361070,,2026-06-03
WELLINGTON GLOBAL EQUITY FUND 28R5,MTM discrepancy,Pending Review,2026-06-03 09:30:00,USD,550000.0,8,550000.0,1979,396222,,2026-06-03
SWISS LIFE AG,Recon break,Pending Review,2026-06-03 09:30:00,USD,540000.0,3,540000.0,7942,351143,,2026-06-03
DEUTSCHE BANK A.G.,Late notice,Resolved,2026-07-01 09:30:00,USD,390000.0,3,390000.0,8665,350465,,2026-07-01
BANCO HABITAT,Recon break,Resolved,2026-06-17 09:30:00,USD,192000.0,3,192000.0,7109,349580,,2026-06-17
DEUTSCHE BANK A.G.,Valuation dispute,Pending Review,2026-06-24 09:30:00,USD,777000.0,3,777000.0,9664,355512,,2026-06-24
BANK OF NOVA SCOTIA,Valuation dispute,Pending Review,2026-06-03 09:30:00,USD,665000.0,8,665000.0,2535,371145,,2026-06-03
CENTRAL 1 CREDIT UNION,Recon break,Pending Review,2026-06-03 09:30:00,USD,33000.0,15,33000.0,7690,389461,,2026-06-03
MORGAN STANLEY INTL,Valuation dispute,Under Investigation,2026-06-24 09:30:00,USD,487000.0,15,487000.0,5104,352765,,2026-06-24
MORGAN STANLEY INTL,Recon break,Pending Review,2026-07-01 09:30:00,USD,256000.0,15,256000.0,4930,375675,,2026-07-01
MORGAN STANLEY INTL,Late notice,Resolved,2026-06-24 09:30:00,USD,114000.0,3,114000.0,7273,398968,,2026-06-24
BANK OF NOVA SCOTIA,Late notice,Resolved,2026-07-01 09:30:00,USD,628000.0,5,628000.0,6707,372209,,2026-07-01
BANCO HABITAT,MTM discrepancy,Resolved,2026-06-03 09:30:00,USD,152000.0,8,152000.0,2313,384146,,2026-06-03
BIMCOR INC,Late notice,Resolved,2026-07-01 09:30:00,USD,493000.0,1,493000.0,3472,382630,,2026-07-01
DEUTSCHE BANK A.G.,Valuation dispute,Pending Review,2026-06-24 09:30:00,USD,207000.0,8,207000.0,3712,383592,,2026-06-24
CITIBANK NA,Late notice,Resolved,2026-06-03 09:30:00,USD,116000.0,5,116000.0,6845,344981,,2026-06-03
BANCO HABITAT,Valuation dispute,Resolved,2026-06-10 09:30:00,USD,809000.0,8,809000.0,5854,359738,,2026-06-10
CITIBANK NA,MTM discrepancy,Under Investigation,2026-06-10 09:30:00,USD,784000.0,1,784000.0,4309,527663,,2026-06-10
BANK OF NOVA SCOTIA,Late notice,Pending Review,2026-06-17 09:30:00,USD,285000.0,5,285000.0,2179,350140,,2026-06-17
CENTRAL 1 CREDIT UNION,Late notice,Resolved,2026-06-24 09:30:00,USD,112000.0,15,112000.0,3891,393835,,2026-06-24
MORGAN STANLEY INTL,MTM discrepancy,Resolved,2026-06-10 09:30:00,USD,825000.0,15,825000.0,1011,374715,,2026-06-10
BIMCOR INC,Valuation dispute,Pending Review,2026-06-17 09:30:00,USD,249000.0,3,249000.0,1807,357564,,2026-06-17
WELLINGTON GLOBAL EQUITY FUND 28R5,MTM discrepancy,Pending Review,2026-06-24 09:30:00,USD,806000.0,1,806000.0,6057,386526,,2026-06-24
INVESTEC BANK LIMITED,MTM discrepancy,Resolved,2026-06-17 09:30:00,USD,580000.0,15,580000.0,4943,350196,,2026-06-17
BANCO HABITAT,MTM discrepancy,Under Investigation,2026-06-24 09:30:00,USD,140000.0,1,140000.0,9884,374288,,2026-06-24
DEUTSCHE BANK A.G.,Recon break,Pending Review,2026-07-01 09:30:00,USD,446000.0,5,446000.0,6414,343389,,2026-07-01
MORGAN STANLEY INTL,MTM discrepancy,Under Investigation,2026-06-24 09:30:00,USD,651000.0,8,651000.0,5324,392014,,2026-06-24
BANCO HABITAT,MTM discrepancy,Pending Review,2026-07-01 09:30:00,USD,655000.0,3,655000.0,6710,370783,,2026-07-01
BANK OF NOVA SCOTIA,Recon break,Pending Review,2026-06-03 09:30:00,USD,546000.0,1,546000.0,3588,558867,,2026-06-03
BANCO HABITAT,Valuation dispute,Under Investigation,2026-06-03 09:30:00,USD,716000.0,3,716000.0,6964,566459,,2026-06-03
BANCO HABITAT,Late notice,Resolved,2026-06-03 09:30:00,USD,544000.0,5,544000.0,1737,395409,,2026-06-03
CITIBANK NA,Late notice,Pending Review,2026-06-17 09:30:00,USD,626000.0,3,626000.0,3116,383809,,2026-06-17
CENTRAL 1 CREDIT UNION,Valuation dispute,Under Investigation,2026-06-03 09:30:00,USD,360000.0,1,360000.0,7242,369825,,2026-06-03
WELLINGTON GLOBAL EQUITY FUND 28R5,Recon break,Under Investigation,2026-07-01 09:30:00,USD,624000.0,3,624000.0,2992,368972,,2026-07-01
BANK OF NOVA SCOTIA,MTM discrepancy,Pending Review,2026-06-03 09:30:00,USD,794000.0,3,794000.0,5658,379354,,2026-06-03
INVESTEC BANK LIMITED,Valuation dispute,Resolved,2026-07-01 09:30:00,USD,428000.0,1,428000.0,4569,542650,,2026-07-01
BANCO HABITAT,Recon break,Resolved,2026-06-10 09:30:00,USD,345000.0,15,345000.0,3341,395513,,2026-06-10
BIMCOR INC,Late notice,Under Investigation,2026-06-17 09:30:00,USD,542000.0,8,542000.0,2635,378603,,2026-06-17
INVESTEC BANK LIMITED,Recon break,Under Investigation,2026-06-10 09:30:00,USD,354000.0,8,354000.0,9716,397005,,2026-06-10
DEUTSCHE BANK A.G.,Recon break,Pending Review,2026-06-17 09:30:00,USD,198000.0,8,198000.0,9137,355607,,2026-06-17
CITIBANK NA,MTM discrepancy,Pending Review,2026-06-17 09:30:00,USD,673000.0,15,673000.0,7848,354236,,2026-06-17
CENTRAL 1 CREDIT UNION,Recon break,Resolved,2026-06-24 09:30:00,USD,806000.0,1,806000.0,5436,370642,,2026-06-24
BIMCOR INC,Valuation dispute,Under Investigation,2026-06-24 09:30:00,USD,105000.0,3,105000.0,3928,340872,,2026-06-24
INVESTEC BANK LIMITED,Late notice,Under Investigation,2026-07-01 09:30:00,USD,224000.0,5,224000.0,4964,377803,,2026-07-01
CITIBANK NA,Valuation dispute,Pending Review,2026-07-01 09:30:00,USD,386000.0,15,386000.0,4971,364344,,2026-07-01
BANK OF NOVA SCOTIA,Recon break,Pending Review,2026-06-17 09:30:00,USD,108000.0,5,108000.0,3503,343976,,2026-06-17
CENTRAL 1 CREDIT UNION,Valuation dispute,Resolved,2026-06-03 09:30:00,USD,230000.0,1,230000.0,3827,351654,,2026-06-03
BIMCOR INC,Recon break,Pending Review,2026-06-17 09:30:00,USD,506000.0,5,506000.0,7038,384480,,2026-06-17
BANK OF NOVA SCOTIA,MTM discrepancy,Under Investigation,2026-07-01 09:30:00,USD,8000.0,1,8000.0,3393,351829,,2026-07-01
DEUTSCHE BANK A.G.,Valuation dispute,Under Investigation,2026-06-03 09:30:00,USD,819000.0,3,819000.0,4537,384428,,2026-06-03
INVESTEC BANK LIMITED,Valuation dispute,Resolved,2026-06-03 09:30:00,USD,118000.0,15,118000.0,3979,388645,,2026-06-03
MORGAN STANLEY INTL,Valuation dispute,Pending Review,2026-06-24 09:30:00,USD,462000.0,15,462000.0,9058,378462,,2026-06-24
BIMCOR INC,Recon break,Under Investigation,2026-07-01 09:30:00,USD,711000.0,15,711000.0,5067,340226,,2026-07-01
CITIBANK NA,Late notice,Under Investigation,2026-06-10 09:30:00,USD,288000.0,15,288000.0,4240,363707,,2026-06-10
CITIBANK NA,MTM discrepancy,Under Investigation,2026-07-01 09:30:00,USD,383000.0,1,383000.0,1071,372927,,2026-07-01
DEUTSCHE BANK A.G.,Recon break,Under Investigation,2026-06-24 09:30:00,USD,851000.0,1,851000.0,3352,352945,,2026-06-24
DEUTSCHE BANK A.G.,MTM discrepancy,Resolved,2026-06-03 09:30:00,USD,442000.0,1,442000.0,4518,399033,,2026-06-03
INVESTEC BANK LIMITED,MTM discrepancy,Under Investigation,2026-06-24 09:30:00,USD,882000.0,15,882000.0,6915,359963,,2026-06-24
BANK OF NOVA SCOTIA,Late notice,Pending Review,2026-06-17 09:30:00,USD,639000.0,1,639000.0,1548,353500,,2026-06-17
WELLINGTON GLOBAL EQUITY FUND 28R5,Recon break,Under Investigation,2026-06-24 09:30:00,USD,243000.0,15,243000.0,8426,377962,,2026-06-24
CENTRAL 1 CREDIT UNION,Recon break,Under Investigation,2026-06-24 09:30:00,USD,766000.0,15,766000.0,1839,380706,,2026-06-24
DEUTSCHE BANK A.G.,Recon break,Resolved,2026-06-10 09:30:00,USD,743000.0,8,743000.0,2131,374128,,2026-06-10
BANCO HABITAT,Recon break,Resolved,2026-07-01 09:30:00,USD,123000.0,3,123000.0,9878,372545,,2026-07-01
SWISS LIFE AG,Late notice,Pending Review,2026-07-01 09:30:00,USD,447000.0,5,447000.0,3128,384275,,2026-07-01
CITIBANK NA,Valuation dispute,Resolved,2026-06-24 09:30:00,USD,839000.0,1,839000.0,3928,383899,,2026-06-24
SWISS LIFE AG,Valuation dispute,Pending Review,2026-06-03 09:30:00,USD,360000.0,3,360000.0,5341,372997,,2026-06-03
BANCO HABITAT,Valuation dispute,Resolved,2026-06-24 09:30:00,USD,338000.0,1,338000.0,4581,376609,,2026-06-24
CITIBANK NA,Recon break,Pending Review,2026-07-01 09:30:00,USD,180000.0,15,180000.0,7711,341861,,2026-07-01
INVESTEC BANK LIMITED,Recon break,Resolved,2026-06-03 09:30:00,USD,537000.0,3,537000.0,3286,345591,,2026-06-03
DEUTSCHE BANK A.G.,Valuation dispute,Under Investigation,2026-07-01 09:30:00,USD,250000.0,8,250000.0,5203,392042,,2026-07-01
CITIBANK NA,Valuation dispute,Pending Review,2026-06-10 09:30:00,USD,756000.0,15,756000.0,6132,346742,,2026-06-10
MORGAN STANLEY INTL,MTM discrepancy,Under Investigation,2026-06-17 09:30:00,USD,863000.0,8,863000.0,7711,395272,,2026-06-17
BANK OF NOVA SCOTIA,Valuation dispute,Under Investigation,2026-07-01 09:30:00,USD,384000.0,15,384000.0,8456,361518,,2026-07-01
WELLINGTON GLOBAL EQUITY FUND 28R5,Recon break,Under Investigation,2026-06-10 09:30:00,USD,219000.0,3,219000.0,3798,344209,,2026-06-10
CENTRAL 1 CREDIT UNION,Valuation dispute,Under Investigation,2026-06-03 09:30:00,USD,412000.0,1,412000.0,7714,388808,,2026-06-03
SWISS LIFE AG,MTM discrepancy,Under Investigation,2026-07-01 09:30:00,USD,568000.0,5,568000.0,3266,362258,,2026-07-01
CITIBANK NA,Recon break,Resolved,2026-06-03 09:30:00,USD,579000.0,1,579000.0,3287,346741,,2026-06-03
MORGAN STANLEY INTL,Recon break,Under Investigation,2026-06-17 09:30:00,USD,776000.0,1,776000.0,7806,369715,,2026-06-17
WELLINGTON GLOBAL EQUITY FUND 28R5,Valuation dispute,Resolved,2026-06-03 09:30:00,USD,692000.0,3,692000.0,7862,396440,,2026-06-03
MORGAN STANLEY INTL,Late notice,Pending Review,2026-06-10 09:30:00,USD,587000.0,8,587000.0,5348,340932,,2026-06-10
DEUTSCHE BANK A.G.,Late notice,Pending Review,2026-06-17 09:30:00,USD,749000.0,15,749000.0,4532,352655,,2026-06-17
INVESTEC BANK LIMITED,Valuation dispute,Pending Review,2026-07-01 09:30:00,USD,882000.0,8,882000.0,5610,349909,,2026-07-01
SWISS LIFE AG,Valuation dispute,Pending Review,2026-06-24 09:30:00,USD,339000.0,1,339000.0,8314,388799,,2026-06-24
INVESTEC BANK LIMITED,Late notice,Resolved,2026-06-17 09:30:00,USD,832000.0,8,832000.0,8242,383441,,2026-06-17
SWISS LIFE AG,Recon break,Under Investigation,2026-06-24 09:30:00,USD,287000.0,3,287000.0,8492,363760,,2026-06-24
DEUTSCHE BANK A.G.,Late notice,Resolved,2026-07-01 09:30:00,USD,873000.0,1,873000.0,4375,582854,,2026-07-01
SWISS LIFE AG,MTM discrepancy,Under Investigation,2026-06-24 09:30:00,USD,636000.0,3,636000.0,6801,381796,,2026-06-24
CITIBANK NA,Valuation dispute,Under Investigation,2026-06-10 09:30:00,USD,439000.0,8,439000.0,2138,356653,,2026-06-10
BIMCOR INC,Late notice,Pending Review,2026-06-17 09:30:00,USD,356000.0,1,356000.0,8969,381642,,2026-06-17
CITIBANK NA,Recon break,Pending Review,2026-07-01 09:30:00,USD,339000.0,8,339000.0,8795,365994,,2026-07-01
BANK OF NOVA SCOTIA,MTM discrepancy,Resolved,2026-06-10 09:30:00,USD,899000.0,5,899000.0,2641,371366,,2026-06-10
MORGAN STANLEY INTL,Valuation dispute,Resolved,2026-06-17 09:30:00,USD,157000.0,3,157000.0,8098,373766,,2026-06-17
BANCO HABITAT,MTM discrepancy,Under Investigation,2026-06-03 09:30:00,USD,732000.0,8,732000.0,6076,388214,,2026-06-03
CITIBANK NA,Late notice,Resolved,2026-06-24 09:30:00,USD,521000.0,8,521000.0,5743,355051,,2026-06-24
INVESTEC BANK LIMITED,Late notice,Resolved,2026-06-24 09:30:00,USD,219000.0,3,219000.0,7003,373262,,2026-06-24
CENTRAL 1 CREDIT UNION,MTM discrepancy,Resolved,2026-06-17 09:30:00,USD,276000.0,5,276000.0,1996,391370,,2026-06-17
WELLINGTON GLOBAL EQUITY FUND 28R5,Recon break,Pending Review,2026-06-10 09:30:00,USD,146000.0,5,146000.0,2672,394081,,2026-06-10
WELLINGTON GLOBAL EQUITY FUND 28R5,Valuation dispute,Under Investigation,2026-06-10 09:30:00,USD,698000.0,15,698000.0,3070,385058,,2026-06-10
WELLINGTON GLOBAL EQUITY FUND 28R5,Valuation dispute,Pending Review,2026-06-17 09:30:00,USD,150000.0,1,150000.0,9982,367873,,2026-06-17
DEUTSCHE BANK A.G.,Recon break,Pending Review,2026-06-17 09:30:00,USD,600000.0,8,600000.0,7523,347735,,2026-06-17
MORGAN STANLEY INTL,Valuation dispute,Resolved,2026-07-01 09:30:00,USD,41000.0,5,41000.0,7585,395528,,2026-07-01
SWISS LIFE AG,Valuation dispute,Resolved,2026-06-03 09:30:00,USD,177000.0,5,177000.0,5689,384930,,2026-06-03
MORGAN STANLEY INTL,MTM discrepancy,Pending Review,2026-06-10 09:30:00,USD,626000.0,1,626000.0,6623,360822,,2026-06-10
BANK OF NOVA SCOTIA,MTM discrepancy,Resolved,2026-06-10 09:30:00,USD,488000.0,5,488000.0,1074,384513,,2026-06-10
MORGAN STANLEY INTL,Recon break,Resolved,2026-06-03 09:30:00,USD,580000.0,5,580000.0,6256,575575,,2026-06-03
BANCO HABITAT,MTM discrepancy,Under Investigation,2026-06-24 09:30:00,USD,73000.0,5,73000.0,6408,375602,,2026-06-24
SWISS LIFE AG,Valuation dispute,Resolved,2026-06-17 09:30:00,USD,123000.0,3,123000.0,8327,351355,,2026-06-17
CENTRAL 1 CREDIT UNION,Recon break,Resolved,2026-07-01 09:30:00,USD,259000.0,5,259000.0,9413,356373,,2026-07-01
MORGAN STANLEY INTL,Late notice,Pending Review,2026-06-10 09:30:00,USD,70000.0,3,70000.0,4805,352492,,2026-06-10
SWISS LIFE AG,MTM discrepancy,Resolved,2026-06-24 09:30:00,USD,433000.0,15,433000.0,4758,366479,,2026-06-24
CENTRAL 1 CREDIT UNION,Late notice,Resolved,2026-06-17 09:30:00,USD,678000.0,1,678000.0,5534,362790,,2026-06-17
BANCO HABITAT,Valuation dispute,Resolved,2026-06-03 09:30:00,USD,447000.0,15,447000.0,5719,398057,,2026-06-03
CENTRAL 1 CREDIT UNION,Valuation dispute,Under Investigation,2026-06-24 09:30:00,USD,848000.0,1,848000.0,9110,369771,,2026-06-24
INVESTEC BANK LIMITED,Late notice,Pending Review,2026-07-01 09:30:00,USD,129000.0,8,129000.0,7555,349953,,2026-07-01
MORGAN STANLEY INTL,Recon break,Under Investigation,2026-06-10 09:30:00,USD,218000.0,3,218000.0,1918,395435,,2026-06-10
BANCO HABITAT,Recon break,Resolved,2026-06-24 09:30:00,USD,408000.0,8,408000.0,7168,388071,,2026-06-24
CITIBANK NA,Recon break,Under Investigation,2026-07-01 09:30:00,USD,674000.0,8,674000.0,8511,359100,,2026-07-01
BANCO HABITAT,Valuation dispute,Resolved,2026-06-10 09:30:00,USD,418000.0,5,418000.0,4888,364612,,2026-06-10
WELLINGTON GLOBAL EQUITY FUND 28R5,Recon break,Under Investigation,2026-07-01 09:30:00,USD,52000.0,5,52000.0,3357,372872,,2026-07-01
CITIBANK NA,Recon break,Pending Review,2026-06-17 09:30:00,USD,466000.0,3,466000.0,3350,360475,,2026-06-17
DEUTSCHE BANK A.G.,Valuation dispute,Pending Review,2026-07-01 09:30:00,USD,521000.0,3,521000.0,8726,379912,,2026-07-01
INVESTEC BANK LIMITED,Valuation dispute,Resolved,2026-06-03 09:30:00,USD,57000.0,3,57000.0,2560,390958,,2026-06-03
CENTRAL 1 CREDIT UNION,Valuation dispute,Under Investigation,2026-07-01 09:30:00,USD,213000.0,15,213000.0,4783,386776,,2026-07-01
BANCO HABITAT,Late notice,Resolved,2026-06-17 09:30:00,USD,719000.0,5,719000.0,2988,398249,,2026-06-17
MORGAN STANLEY INTL,Recon break,Pending Review,2026-06-10 09:30:00,USD,668000.0,15,668000.0,5853,396013,,2026-06-10
CITIBANK NA,Recon break,Pending Review,2026-06-10 09:30:00,USD,558000.0,15,558000.0,8081,343285,,2026-06-10
BANK OF NOVA SCOTIA,Valuation dispute,Under Investigation,2026-07-01 09:30:00,USD,22000.0,5,22000.0,6077,371402,,2026-07-01
BIMCOR INC,MTM discrepancy,Resolved,2026-06-24 09:30:00,USD,187000.0,1,187000.0,7256,389007,,2026-06-24
INVESTEC BANK LIMITED,Valuation dispute,Resolved,2026-06-10 09:30:00,USD,639000.0,1,639000.0,4882,347370,,2026-06-10
INVESTEC BANK LIMITED,Late notice,Resolved,2026-06-17 09:30:00,USD,639000.0,15,639000.0,9243,365062,,2026-06-17
MORGAN STANLEY INTL,MTM discrepancy,Pending Review,2026-06-03 09:30:00,USD,725000.0,3,725000.0,8557,539356,,2026-06-03
BIMCOR INC,Valuation dispute,Pending Review,2026-07-01 09:30:00,USD,268000.0,8,268000.0,6773,346852,,2026-07-01
CENTRAL 1 CREDIT UNION,Late notice,Resolved,2026-06-03 09:30:00,USD,165000.0,3,165000.0,1623,370161,,2026-06-03
SWISS LIFE AG,Late notice,Under Investigation,2026-06-24 09:30:00,USD,826000.0,1,826000.0,1570,350791,,2026-06-24
SWISS LIFE AG,MTM discrepancy,Pending Review,2026-06-10 09:30:00,USD,345000.0,5,345000.0,8803,370787,,2026-06-10
WELLINGTON GLOBAL EQUITY FUND 28R5,Recon break,Resolved,2026-06-17 09:30:00,USD,21000.0,3,21000.0,2870,350523,,2026-06-17
DEUTSCHE BANK A.G.,MTM discrepancy,Pending Review,2026-06-24 09:30:00,USD,506000.0,1,506000.0,9930,367084,,2026-06-24
BANCO HABITAT,Recon break,Under Investigation,2026-07-01 09:30:00,USD,840000.0,1,840000.0,8136,376745,,2026-07-01
CENTRAL 1 CREDIT UNION,Late notice,Pending Review,2026-06-17 09:30:00,USD,461000.0,1,461000.0,2044,372179,,2026-06-17
CITIBANK NA,Recon break,Pending Review,2026-06-17 09:30:00,USD,456000.0,15,456000.0,6042,381898,,2026-06-17
BIMCOR INC,Recon break,Pending Review,2026-06-24 09:30:00,USD,239000.0,15,239000.0,5213,354505,,2026-06-24
INVESTEC BANK LIMITED,MTM discrepancy,Under Investigation,2026-06-03 09:30:00,USD,132000.0,1,132000.0,9891,386007,,2026-06-03
CENTRAL 1 CREDIT UNION,Recon break,Resolved,2026-06-17 09:30:00,USD,414000.0,8,414000.0,2319,389589,,2026-06-17
CITIBANK NA,Recon break,Under Investigation,2026-07-01 09:30:00,USD,232000.0,1,232000.0,3079,354824,,2026-07-01
WELLINGTON GLOBAL EQUITY FUND 28R5,Valuation dispute,Under Investigation,2026-06-17 09:30:00,USD,131000.0,8,131000.0,6589,393462,,2026-06-17
INVESTEC BANK LIMITED,Recon break,Pending Review,2026-07-01 09:30:00,USD,264000.0,15,264000.0,7544,379564,,2026-07-01
INVESTEC BANK LIMITED,MTM discrepancy,Resolved,2026-06-03 09:30:00,USD,140000.0,15,140000.0,4834,361339,,2026-06-03
DEUTSCHE BANK A.G.,MTM discrepancy,Under Investigation,2026-06-17 09:30:00,USD,620000.0,1,620000.0,5769,383468,,2026-06-17
BANCO HABITAT,Recon break,Resolved,2026-06-24 09:30:00,USD,12000.0,3,12000.0,9401,343491,,2026-06-24
CENTRAL 1 CREDIT UNION,Recon break,Under Investigation,2026-06-10 09:30:00,USD,227000.0,3,227000.0,6867,397898,,2026-06-10
WELLINGTON GLOBAL EQUITY FUND 28R5,Late notice,Resolved,2026-07-01 09:30:00,USD,577000.0,15,577000.0,7621,342736,,2026-07-01
BIMCOR INC,Late notice,Under Investigation,2026-06-03 09:30:00,USD,464000.0,15,464000.0,2474,347646,,2026-06-03
CITIBANK NA,MTM discrepancy,Under Investigation,2026-07-01 09:30:00,USD,444000.0,15,444000.0,8974,346852,,2026-07-01
INVESTEC BANK LIMITED,Valuation dispute,Under Investigation,2026-06-17 09:30:00,USD,13000.0,8,13000.0,1444,359932,,2026-06-17
CITIBANK NA,Recon break,Resolved,2026-07-01 09:30:00,USD,851000.0,3,851000.0,7240,340457,,2026-07-01
BANCO HABITAT,Recon break,Under Investigation,2026-06-24 09:30:00,USD,97000.0,3,97000.0,2366,360570,,2026-06-24
BANCO HABITAT,MTM discrepancy,Under Investigation,2026-06-24 09:30:00,USD,317000.0,15,317000.0,5134,360982,,2026-06-24
SWISS LIFE AG,Valuation dispute,Under Investigation,2026-06-24 09:30:00,USD,604000.0,15,604000.0,8657,568202,,2026-06-24
CENTRAL 1 CREDIT UNION,Recon break,Pending Review,2026-06-17 09:30:00,USD,783000.0,1,783000.0,2789,362436,,2026-06-17
MORGAN STANLEY INTL,Late notice,Resolved,2026-06-10 09:30:00,USD,633000.0,1,633000.0,5238,386578,,2026-06-10
BIMCOR INC,MTM discrepancy,Resolved,2026-06-24 09:30:00,USD,340000.0,15,340000.0,3644,343703,,2026-06-24
SWISS LIFE AG,MTM discrepancy,Resolved,2026-06-17 09:30:00,USD,894000.0,8,894000.0,8747,546428,,2026-06-17
WELLINGTON GLOBAL EQUITY FUND 28R5,MTM discrepancy,Resolved,2026-07-01 09:30:00,USD,237000.0,15,237000.0,8674,364785,,2026-07-01
BANCO HABITAT,Valuation dispute,Pending Review,2026-06-17 09:30:00,USD,542000.0,5,542000.0,9883,399817,,2026-06-17
CITIBANK NA,MTM discrepancy,Under Investigation,2026-06-17 09:30:00,USD,359000.0,1,359000.0,6507,360313,,2026-06-17
CITIBANK NA,MTM discrepancy,Resolved,2026-06-03 09:30:00,USD,679000.0,15,679000.0,9489,385628,,2026-06-03
CENTRAL 1 CREDIT UNION,Late notice,Under Investigation,2026-06-10 09:30:00,USD,251000.0,15,251000.0,7072,340744,,2026-06-10
DEUTSCHE BANK A.G.,Recon break,Resolved,2026-06-17 09:30:00,USD,512000.0,3,512000.0,4248,368484,,2026-06-17
BANCO HABITAT,Valuation dispute,Pending Review,2026-06-03 09:30:00,USD,573000.0,15,573000.0,2261,393190,,2026-06-03
CITIBANK NA,Valuation dispute,Under Investigation,2026-06-10 09:30:00,USD,365000.0,8,365000.0,9366,384686,,2026-06-10
INVESTEC BANK LIMITED,Recon break,Resolved,2026-06-10 09:30:00,USD,775000.0,5,775000.0,5777,371012,,2026-06-10
BIMCOR INC,MTM discrepancy,Pending Review,2026-06-03 09:30:00,USD,801000.0,15,801000.0,9229,357752,,2026-06-03
CENTRAL 1 CREDIT UNION,MTM discrepancy,Under Investigation,2026-06-24 09:30:00,USD,595000.0,3,595000.0,7173,378850,,2026-06-24
SWISS LIFE AG,Recon break,Resolved,2026-06-10 09:30:00,USD,558000.0,5,558000.0,6427,379332,,2026-06-10
SWISS LIFE AG,Recon break,Under Investigation,2026-06-17 09:30:00,USD,204000.0,8,204000.0,6344,385461,,2026-06-17
SWISS LIFE AG,Late notice,Under Investigation,2026-06-10 09:30:00,USD,682000.0,1,682000.0,5998,396847,,2026-06-10
DEUTSCHE BANK A.G.,MTM discrepancy,Pending Review,2026-06-03 09:30:00,USD,552000.0,8,552000.0,1028,385245,,2026-06-03
CITIBANK NA,MTM discrepancy,Resolved,2026-06-03 09:30:00,USD,195000.0,3,195000.0,8236,397885,,2026-06-03
MORGAN STANLEY INTL,Late notice,Resolved,2026-06-10 09:30:00,USD,198000.0,15,198000.0,2314,354849,,2026-06-10
BIMCOR INC,Late notice,Resolved,2026-07-01 09:30:00,USD,855000.0,1,855000.0,6673,505380,,2026-07-01
BIMCOR INC,MTM discrepancy,Resolved,2026-07-01 09:30:00,USD,745000.0,3,745000.0,7497,353520,,2026-07-01
BANK OF NOVA SCOTIA,Valuation dispute,Pending Review,2026-06-10 09:30:00,USD,230000.0,1,230000.0,3158,560598,,2026-06-10
INVESTEC BANK LIMITED,Late notice,Under Investigation,2026-07-01 09:30:00,USD,72000.0,8,72000.0,2063,543638,,2026-07-01
SWISS LIFE AG,Late notice,Pending Review,2026-06-17 09:30:00,USD,67000.0,1,67000.0,7489,368652,,2026-06-17
BANCO HABITAT,Valuation dispute,Resolved,2026-06-17 09:30:00,USD,167000.0,8,167000.0,6010,543380,,2026-06-17
CITIBANK NA,Late notice,Under Investigation,2026-07-01 09:30:00,USD,831000.0,1,831000.0,2889,364218,,2026-07-01
BANK OF NOVA SCOTIA,Late notice,Under Investigation,2026-07-01 09:30:00,USD,796000.0,5,796000.0,2065,382486,,2026-07-01
MORGAN STANLEY INTL,Recon break,Resolved,2026-06-24 09:30:00,USD,234000.0,5,234000.0,9276,350587,,2026-06-24
BIMCOR INC,MTM discrepancy,Pending Review,2026-06-17 09:30:00,USD,603000.0,8,603000.0,6478,384686,,2026-06-17
CITIBANK NA,Valuation dispute,Under Investigation,2026-06-03 09:30:00,USD,95000.0,1,95000.0,1747,377553,,2026-06-03
SWISS LIFE AG,Late notice,Under Investigation,2026-06-10 09:30:00,USD,597000.0,5,597000.0,6520,392380,,2026-06-10
CITIBANK NA,Valuation dispute,Under Investigation,2026-06-24 09:30:00,USD,603000.0,1,603000.0,6397,368247,,2026-06-24
BANCO HABITAT,Recon break,Resolved,2026-06-10 09:30:00,USD,531000.0,8,531000.0,9126,358530,,2026-06-10
SWISS LIFE AG,MTM discrepancy,Resolved,2026-06-17 09:30:00,USD,55000.0,1,55000.0,9064,366949,,2026-06-17
BANK OF NOVA SCOTIA,Valuation dispute,Pending Review,2026-06-10 09:30:00,USD,756000.0,3,756000.0,2154,368409,,2026-06-10
BANK OF NOVA SCOTIA,Valuation dispute,Under Investigation,2026-07-01 09:30:00,USD,742000.0,3,742000.0,5514,343578,,2026-07-01
CITIBANK NA,MTM discrepancy,Pending Review,2026-06-17 09:30:00,USD,114000.0,8,114000.0,3521,367729,,2026-06-17
CENTRAL 1 CREDIT UNION,MTM discrepancy,Resolved,2026-07-01 09:30:00,USD,205000.0,15,205000.0,8366,380383,,2026-07-01
BIMCOR INC,Recon break,Resolved,2026-06-17 09:30:00,USD,49000.0,15,49000.0,3761,365490,,2026-06-17
CENTRAL 1 CREDIT UNION,Late notice,Pending Review,2026-06-10 09:30:00,USD,719000.0,1,719000.0,9794,368437,,2026-06-10
INVESTEC BANK LIMITED,MTM discrepancy,Under Investigation,2026-07-01 09:30:00,USD,258000.0,1,258000.0,8175,340934,,2026-07-01
INVESTEC BANK LIMITED,Valuation dispute,Resolved,2026-06-10 09:30:00,USD,34000.0,3,34000.0,5298,352219,,2026-06-10
MORGAN STANLEY INTL,Valuation dispute,Pending Review,2026-07-01 09:30:00,USD,159000.0,1,159000.0,1150,341857,,2026-07-01
WELLINGTON GLOBAL EQUITY FUND 28R5,Late notice,Pending Review,2026-06-10 09:30:00,USD,428000.0,1,428000.0,5566,358589,,2026-06-10
SWISS LIFE AG,Recon break,Under Investigation,2026-07-01 09:30:00,USD,663000.0,1,663000.0,9522,372206,,2026-07-01
MORGAN STANLEY INTL,Recon break,Under Investigation,2026-06-03 09:30:00,USD,793000.0,8,793000.0,5440,362198,,2026-06-03
SWISS LIFE AG,Late notice,Under Investigation,2026-07-01 09:30:00,USD,235000.0,15,235000.0,6538,345197,,2026-07-01
DEUTSCHE BANK A.G.,Valuation dispute,Resolved,2026-07-01 09:30:00,USD,816000.0,15,816000.0,6828,364295,,2026-07-01
BANK OF NOVA SCOTIA,Recon break,Resolved,2026-06-24 09:30:00,USD,294000.0,5,294000.0,5028,396316,,2026-06-24
BANK OF NOVA SCOTIA,MTM discrepancy,Under Investigation,2026-07-01 09:30:00,USD,100000.0,5,100000.0,3978,396649,,2026-07-01
WELLINGTON GLOBAL EQUITY FUND 28R5,Valuation dispute,Resolved,2026-06-03 09:30:00,USD,618000.0,15,618000.0,1367,393950,,2026-06-03
BANCO HABITAT,Late notice,Resolved,2026-07-01 09:30:00,USD,89000.0,15,89000.0,3109,350659,,2026-07-01
SWISS LIFE AG,Recon break,Pending Review,2026-06-17 09:30:00,USD,577000.0,3,577000.0,1608,364449,,2026-06-17
INVESTEC BANK LIMITED,Late notice,Under Investigation,2026-06-24 09:30:00,USD,799000.0,3,799000.0,9421,377497,,2026-06-24
CITIBANK NA,MTM discrepancy,Pending Review,2026-07-01 09:30:00,USD,821000.0,1,821000.0,6203,369655,,2026-07-01
MORGAN STANLEY INTL,Recon break,Resolved,2026-06-17 09:30:00,USD,433000.0,15,433000.0,4814,392560,,2026-06-17
CENTRAL 1 CREDIT UNION,Late notice,Under Investigation,2026-06-17 09:30:00,USD,173000.0,8,173000.0,8421,392062,,2026-06-17
BANCO HABITAT,Valuation dispute,Pending Review,2026-07-01 09:30:00,USD,259000.0,1,259000.0,6124,368726,,2026-07-01
CITIBANK NA,Late notice,Pending Review,2026-06-03 09:30:00,USD,146000.0,5,146000.0,7304,384995,,2026-06-03
CITIBANK NA,Late notice,Pending Review,2026-06-24 09:30:00,USD,546000.0,5,546000.0,6748,348740,,2026-06-24
MORGAN STANLEY INTL,Late notice,Pending Review,2026-06-24 09:30:00,USD,27000.0,1,27000.0,7947,359129,,2026-06-24
INVESTEC BANK LIMITED,Late notice,Pending Review,2026-06-03 09:30:00,USD,329000.0,5,329000.0,7947,556945,,2026-06-03
SWISS LIFE AG,Valuation dispute,Under Investigation,2026-06-24 09:30:00,USD,668000.0,8,668000.0,7486,353629,,2026-06-24
CITIBANK NA,Valuation dispute,Pending Review,2026-06-24 09:30:00,USD,670000.0,8,670000.0,2197,341986,,2026-06-24
BIMCOR INC,Recon break,Under Investigation,2026-06-24 09:30:00,USD,799000.0,1,799000.0,1525,383103,,2026-06-24
SWISS LIFE AG,Valuation dispute,Pending Review,2026-07-01 09:30:00,USD,273000.0,5,273000.0,9026,353916,,2026-07-01
