parent_id,petrid,org_lei,parent_lei,parent_name,internal_rating,internal_flag,rescued_data,reporting_date
BCCU,600101,549300XXHOD8SXSZKY72,549300XXHOD8SXSZKY72,CENTRAL 1 CREDIT UNION,1C,Y,,2026-06-03
INBL,600102,549300RH5FFHO48FXT69,549300RH5FFHO48FXT69,INVESTEC BANK LIMITED,2A,Y,,2026-06-03
BANH,600103,B6ARUI4946ST4S7WOU88,B6ARUI4946ST4S7WOU88,BANCO HABITAT,2B,N,,2026-06-03
WH17,600104,,,WELLINGTON GLOBAL EQUITY FUND 28R5,3A,N,,2026-06-03
SWCD,600105,529900ZM2M8QF6PZDD34,529900ZM2M8QF6PZDD34,SWISS LIFE AG,1B,Y,,2026-06-03
BNSC,600106,L3I9ZG2KFGXZ61BMYR72,L3I9ZG2KFGXZ61BMYR72,BANK OF NOVA SCOTIA,1A,Y,,2026-06-03
DBFR,600107,7LTWFZYICNSX8D621K86,7LTWFZYICNSX8D621K86,DEUTSCHE BANK A.G.,2A,N,,2026-06-03
CITI,600108,E57ODZWZ7FF32TWEFA76,E57ODZWZ7FF32TWEFA76,CITIBANK NA,1B,N,,2026-06-03
MSIL,600109,4PQUHN3JPFGFNF3BB653,4PQUHN3JPFGFNF3BB653,MORGAN STANLEY INTL,2A,Y,,2026-06-03
BIMC,600110,,,BIMCOR INC,3B,Y,,2026-06-03
PDVZ,600200,5493049924253087,5493080836372880,SYNTH FUND PDVZ,1B,Y,,2026-06-03
NWOW,600201,5493030898650814,5493064920984752,SYNTH FUND NWOW,2B,N,,2026-06-03
MUGS,600202,5493007333139142,5493040924214459,SYNTH FUND MUGS,2B,Y,,2026-06-03
MELK,600203,5493001371672097,5493016885315017,SYNTH FUND MELK,1A,N,,2026-06-03
ZCQU,600204,5493036556475749,5493035888740868,SYNTH FUND ZCQU,1A,N,,2026-06-03
QPFT,600205,5493089960988318,5493085082787135,SYNTH FUND QPFT,3A,Y,,2026-06-03
AOYF,600206,5493023303308241,,SYNTH FUND AOYF,,N,,2026-06-03
KDAC,600207,5493019657035109,5493006565280614,SYNTH FUND KDAC,1A,N,,2026-06-03
DWXQ,600208,5493064332321166,5493019105888266,SYNTH FUND DWXQ,2A,Y,,2026-06-03
JVTE,600209,5493065962292368,5493091765696823,SYNTH FUND JVTE,,Y,,2026-06-03
WQLC,600210,5493039072859284,5493040885611158,SYNTH FUND WQLC,2B,N,,2026-06-03
LLHM,600211,5493016097115753,5493028971998089,SYNTH FUND LLHM,1A,Y,,2026-06-03
VALU,600212,5493073516913982,5493025033768563,SYNTH FUND VALU,2A,N,,2026-06-03
LNDF,600213,5493068640041561,5493088782869118,SYNTH FUND LNDF,1B,N,,2026-06-03
QTOX,600214,5493052680959023,5493015429032067,SYNTH FUND QTOX,1B,N,,2026-06-03
POTQ,600215,5493066016428694,5493092054035936,SYNTH FUND POTQ,1A,N,,2026-06-03
YGMB,600216,5493009476878283,,SYNTH FUND YGMB,,N,,2026-06-03
POEB,600217,5493035261981764,,SYNTH FUND POEB,,Y,,2026-06-03
TAHP,600218,5493086317501127,5493091949620782,SYNTH FUND TAHP,1A,Y,,2026-06-03
OGEG,600219,5493032486728776,5493039144925980,SYNTH FUND OGEG,3A,Y,,2026-06-03
CHRT,600220,,5493003176858361,SYNTH FUND CHRT,1B,N,,2026-06-03
AEZM,600221,5493046614361516,5493046247056132,SYNTH FUND AEZM,,Y,,2026-06-03
TSUR,600222,5493035490982990,5493071512583376,SYNTH FUND TSUR,3A,Y,,2026-06-03
OYHJ,600223,5493052797246841,5493078403383404,SYNTH FUND OYHJ,,Y,,2026-06-03
NHQP,600224,5493008691362814,5493065202164660,SYNTH FUND NHQP,2A,Y,,2026-06-03
BAMG,600225,5493078478796698,5493092290953139,SYNTH FUND BAMG,2A,N,,2026-06-03
AZCA,600226,5493025541362415,5493025962815719,SYNTH FUND AZCA,2A,N,,2026-06-03
ERYY,600227,,,SYNTH FUND ERYY,1A,Y,,2026-06-03
IFZV,600228,5493036944506600,5493002449008739,SYNTH FUND IFZV,2B,Y,,2026-06-03
ZMKZ,600229,,5493024731644495,SYNTH FUND ZMKZ,1B,N,,2026-06-03
UVYP,600230,5493086854800858,5493079036405107,SYNTH FUND UVYP,3A,N,,2026-06-03
KPAF,600231,5493086210169646,5493083110904018,SYNTH FUND KPAF,2B,N,,2026-06-03
EXTL,600232,5493089842891400,5493052625247087,SYNTH FUND EXTL,1A,Y,,2026-06-03
JZEO,600233,5493049874301137,5493072739792776,SYNTH FUND JZEO,1B,Y,,2026-06-03
YRRL,600234,5493022452756672,,SYNTH FUND YRRL,,Y,,2026-06-03
BTTQ,600235,5493037870846742,5493009859493629,SYNTH FUND BTTQ,2B,Y,,2026-06-03
YVSC,600236,5493086785013729,5493076586815647,SYNTH FUND YVSC,1B,N,,2026-06-03
UUGI,600237,5493081754164780,5493083325618889,SYNTH FUND UUGI,1B,Y,,2026-06-03
QQEK,600238,5493070197487736,5493061016249134,SYNTH FUND QQEK,,N,,2026-06-03
ENOL,600239,5493017166061671,5493015995973031,SYNTH FUND ENOL,,N,,2026-06-03
UWTD,600240,5493075144551097,5493064625277615,SYNTH FUND UWTD,3A,Y,,2026-06-03
ITZS,600241,5493097117737048,5493046359346617,SYNTH FUND ITZS,3A,Y,,2026-06-03
TWVL,600242,5493060728106184,5493039109203450,SYNTH FUND TWVL,2B,Y,,2026-06-03
NPGS,600243,5493069788507020,5493007786343561,SYNTH FUND NPGS,2A,N,,2026-06-03
QLEQ,600244,5493075320646794,5493088291026457,SYNTH FUND QLEQ,,N,,2026-06-03
AKCJ,600245,5493022699658434,5493082150818360,SYNTH FUND AKCJ,2B,Y,,2026-06-03
SDRR,600246,5493028421834371,5493041954435782,SYNTH FUND SDRR,2B,N,,2026-06-03
DFOF,600247,5493006919844289,5493097908732175,SYNTH FUND DFOF,2B,N,,2026-06-03
FZXY,600248,5493000543746492,5493058989295601,SYNTH FUND FZXY,2A,Y,,2026-06-03
QAIA,600249,5493051078690459,5493008295438727,SYNTH FUND QAIA,3A,N,,2026-06-03
BMXY,600250,5493080336967904,,SYNTH FUND BMXY,,N,,2026-06-03
DQKD,600251,5493057790681409,5493055119965074,SYNTH FUND DQKD,2B,N,,2026-06-03
VISY,600252,5493076966352291,5493053751888137,SYNTH FUND VISY,3A,Y,,2026-06-03
HJHM,600253,5493008983561008,5493004571686938,SYNTH FUND HJHM,2B,Y,,2026-06-03
KKMM,600254,,5493031844663478,SYNTH FUND KKMM,2B,Y,,2026-06-03
DKPT,600255,5493085508055271,5493001862382167,SYNTH FUND DKPT,,Y,,2026-06-03
NOHX,600256,5493045980862675,5493020783161662,SYNTH FUND NOHX,2B,Y,,2026-06-03
ZFJD,600257,5493033834990380,5493077508363361,SYNTH FUND ZFJD,2A,N,,2026-06-03
WZDH,600258,5493077366570108,5493033280722790,SYNTH FUND WZDH,,N,,2026-06-03
SIRD,600259,5493007575856533,5493095698473576,SYNTH FUND SIRD,2B,N,,2026-06-03
GNLK,600260,5493005548396115,5493022125771631,SYNTH FUND GNLK,1A,Y,,2026-06-03
XLIX,600261,5493099739581596,5493030626657308,SYNTH FUND XLIX,2B,Y,,2026-06-03
GLAH,600262,5493097936640037,5493079759347786,SYNTH FUND GLAH,2A,Y,,2026-06-03
BDFO,600263,,5493078863919820,SYNTH FUND BDFO,,N,,2026-06-03
HUSQ,600264,5493013095031995,5493095685793560,SYNTH FUND HUSQ,,N,,2026-06-03
FHSQ,600265,5493092802824853,5493029619513613,SYNTH FUND FHSQ,1A,Y,,2026-06-03
ECUF,600266,5493022130902248,5493026490792735,SYNTH FUND ECUF,2A,Y,,2026-06-03
IKMN,600267,5493009779461754,,SYNTH FUND IKMN,,N,,2026-06-03
CTUA,600268,5493071984895075,5493017141657377,SYNTH FUND CTUA,,N,,2026-06-03
PGEO,600269,5493082058975958,5493082147735225,SYNTH FUND PGEO,1B,Y,,2026-06-03
WCFG,600270,5493050012558082,5493057714387588,SYNTH FUND WCFG,1A,Y,,2026-06-03
KAAS,600271,5493035256109462,5493037272508777,SYNTH FUND KAAS,2B,Y,,2026-06-03
WBME,600272,5493011168024305,5493090425784533,SYNTH FUND WBME,2B,N,,2026-06-03
KLFQ,600273,5493079611607365,5493039559625563,SYNTH FUND KLFQ,3A,Y,,2026-06-03
BAKJ,600274,,5493025835240675,SYNTH FUND BAKJ,2B,Y,,2026-06-03
UPSR,600275,5493096443555448,5493074060669591,SYNTH FUND UPSR,,Y,,2026-06-03
WEMG,600276,5493009159595241,5493014050017265,SYNTH FUND WEMG,3A,Y,,2026-06-03
YHMN,600277,5493088355448573,5493050499069344,SYNTH FUND YHMN,1A,Y,,2026-06-03
BKQB,600278,5493046921062333,5493009452994513,SYNTH FUND BKQB,3A,N,,2026-06-03
PWJD,600279,5493009675393541,5493084106758879,SYNTH FUND PWJD,1B,Y,,2026-06-03
LWJL,600280,5493066303909058,5493087942081883,SYNTH FUND LWJL,2A,N,,2026-06-03
VGWR,600281,5493099110980312,5493002674761787,SYNTH FUND VGWR,2B,Y,,2026-06-03
GWMN,600282,5493079009709759,5493035974746794,SYNTH FUND GWMN,1A,N,,2026-06-03
ZPOU,600283,5493002423467693,5493068343600595,SYNTH FUND ZPOU,3A,N,,2026-06-03
QJWA,600284,5493090605408903,,SYNTH FUND QJWA,2B,Y,,2026-06-03
BBGA,600285,5493024946142157,5493081354540513,SYNTH FUND BBGA,,N,,2026-06-03
GAPX,600286,5493072647493137,5493079861911265,SYNTH FUND GAPX,1B,Y,,2026-06-03
VJAI,600287,5493075948661991,5493025994672630,SYNTH FUND VJAI,,Y,,2026-06-03
SMUF,600288,5493078102065305,5493097929053418,SYNTH FUND SMUF,2A,N,,2026-06-03
COAK,600289,5493085714131236,5493096954783127,SYNTH FUND COAK,,N,,2026-06-03
SOTJ,600290,5493050217446493,5493045545375156,SYNTH FUND SOTJ,1A,N,,2026-06-03
TVVE,600291,5493090025635111,5493044104170306,SYNTH FUND TVVE,3A,N,,2026-06-03
DSRL,600292,5493057938282118,5493084587869796,SYNTH FUND DSRL,1B,N,,2026-06-03
IOGE,600293,5493053394407016,5493073816745342,SYNTH FUND IOGE,2B,N,,2026-06-03
TTDX,600294,5493087184681004,5493031870076652,SYNTH FUND TTDX,3A,Y,,2026-06-03
DJWK,600295,5493029709290770,5493091661071066,SYNTH FUND DJWK,1A,Y,,2026-06-03
TXPY,600296,5493077041136726,5493017409892886,SYNTH FUND TXPY,3A,Y,,2026-06-03
VOMM,600297,5493065892318027,5493081124434909,SYNTH FUND VOMM,2B,Y,,2026-06-03
JMCT,600298,5493041892012458,5493019009923249,SYNTH FUND JMCT,,Y,,2026-06-03
LAKX,600299,5493068813989042,5493022640442922,SYNTH FUND LAKX,1A,N,,2026-06-03
UWFQ,600300,5493039300436707,5493065321332017,SYNTH FUND UWFQ,,N,,2026-06-03
KJHX,600301,5493062660528596,5493043454446348,SYNTH FUND KJHX,1B,N,,2026-06-03
ZAEC,600302,5493078164986958,5493001328503796,SYNTH FUND ZAEC,2A,N,,2026-06-03
NJYP,600303,5493003726607257,5493085088714229,SYNTH FUND NJYP,2B,Y,,2026-06-03
GLNM,600304,5493090953237096,,SYNTH FUND GLNM,2A,N,,2026-06-03
MNAR,600305,5493012242613121,5493099893351458,SYNTH FUND MNAR,2A,Y,,2026-06-03
IGBG,600306,5493034623084671,,SYNTH FUND IGBG,2A,Y,,2026-06-03
HENU,600307,5493099788753285,5493077104525873,SYNTH FUND HENU,,N,,2026-06-03
YBIY,600308,5493069508713702,5493067680500930,SYNTH FUND YBIY,1B,Y,,2026-06-03
UDHF,600309,5493068779436393,5493041056235635,SYNTH FUND UDHF,1A,N,,2026-06-03
YTXU,600310,5493063337443574,5493019745202849,SYNTH FUND YTXU,,Y,,2026-06-03
PMUK,600311,5493055664326657,5493040645219074,SYNTH FUND PMUK,2B,N,,2026-06-03
FKBF,600312,5493020865981935,5493079154734735,SYNTH FUND FKBF,2B,N,,2026-06-03
BQLZ,600313,5493065871991346,5493078226316118,SYNTH FUND BQLZ,2A,Y,,2026-06-03
SNOB,600314,5493040097806077,5493099022832098,SYNTH FUND SNOB,2B,Y,,2026-06-03
KNFN,600315,5493056057645037,5493036731176419,SYNTH FUND KNFN,2B,Y,,2026-06-03
DZJH,600316,5493007726114764,5493000389879524,SYNTH FUND DZJH,3A,N,,2026-06-03
WCNK,600317,5493084090613454,5493081021191477,SYNTH FUND WCNK,1A,N,,2026-06-03
AYNO,600318,5493038814223080,5493088668726617,SYNTH FUND AYNO,2B,N,,2026-06-03
OXPA,600319,5493058555669547,5493067215564505,SYNTH FUND OXPA,2A,N,,2026-06-03
MMKS,600320,5493063034447286,5493084181199976,SYNTH FUND MMKS,1B,Y,,2026-06-03
QRMT,600321,5493005413442568,5493079599449175,SYNTH FUND QRMT,1B,Y,,2026-06-03
UTWC,600322,5493023574958206,5493073837617021,SYNTH FUND UTWC,,N,,2026-06-03
NTEP,600323,5493022021769779,5493091188458333,SYNTH FUND NTEP,,N,,2026-06-03
DRVS,600324,5493034330180143,5493000703549304,SYNTH FUND DRVS,2A,N,,2026-06-03
NNHB,600325,5493064016194592,5493081317446471,SYNTH FUND NNHB,,Y,,2026-06-03
BACG,600326,,5493051135162358,SYNTH FUND BACG,2A,N,,2026-06-03
QOIA,600327,5493011956510383,5493046908643938,SYNTH FUND QOIA,,Y,,2026-06-03
MUCE,600328,,5493076100392111,SYNTH FUND MUCE,,N,,2026-06-03
LSFB,600329,5493025075792266,5493085196610054,SYNTH FUND LSFB,1A,Y,,2026-06-03
JBKI,600330,5493051809531772,5493010897380674,SYNTH FUND JBKI,2A,Y,,2026-06-03
KFMG,600331,5493082811728609,5493054688646416,SYNTH FUND KFMG,,Y,,2026-06-03
EFQP,600332,5493098421880675,5493023047902418,SYNTH FUND EFQP,2B,Y,,2026-06-03
IAIX,600333,5493017560003760,5493073047613428,SYNTH FUND IAIX,1B,Y,,2026-06-03
OUGC,600334,5493011325333264,5493017738199752,SYNTH FUND OUGC,1B,Y,,2026-06-03
IYLO,600335,,5493035183696404,SYNTH FUND IYLO,,Y,,2026-06-03
IUCP,600336,5493080776280182,5493066394372797,SYNTH FUND IUCP,,Y,,2026-06-03
MFVL,600337,5493037224125994,5493098263607450,SYNTH FUND MFVL,,Y,,2026-06-03
TIQH,600338,5493041232078796,5493060586866456,SYNTH FUND TIQH,1B,Y,,2026-06-03
UFTX,600339,5493083028624919,5493089268822742,SYNTH FUND UFTX,1A,N,,2026-06-03
OZIQ,600340,5493025927581539,,SYNTH FUND OZIQ,2A,Y,,2026-06-03
VQTD,600341,5493097043487293,,SYNTH FUND VQTD,1A,Y,,2026-06-03
TVUD,600342,5493060213490344,5493007775743135,SYNTH FUND TVUD,2A,N,,2026-06-03
QSOG,600343,5493062850003475,5493077448340039,SYNTH FUND QSOG,2B,N,,2026-06-03
TKST,600344,5493031507158812,5493059583765574,SYNTH FUND TKST,3A,Y,,2026-06-03
USTP,600345,5493092842940742,5493019935228035,SYNTH FUND USTP,2B,Y,,2026-06-03
SFEO,600346,5493055313379032,5493034386325682,SYNTH FUND SFEO,2B,N,,2026-06-03
XVEW,600347,5493021517888101,5493028617182111,SYNTH FUND XVEW,2A,N,,2026-06-03
SJLA,600348,5493018874959394,5493090306224032,SYNTH FUND SJLA,3A,N,,2026-06-03
CJHI,600349,5493054670423992,5493036446713821,SYNTH FUND CJHI,1A,N,,2026-06-03
VOPA,600350,5493085198654466,5493041303629365,SYNTH FUND VOPA,1B,Y,,2026-06-03
OGXW,600351,5493035666469738,5493012938655880,SYNTH FUND OGXW,2B,N,,2026-06-03
OPJL,600352,5493096005189662,5493055069559780,SYNTH FUND OPJL,3A,N,,2026-06-03
OJZM,600353,5493007288210859,5493075557344288,SYNTH FUND OJZM,2A,N,,2026-06-03
NTDR,600354,5493081559639520,5493012076694448,SYNTH FUND NTDR,2B,N,,2026-06-03
EYWV,600355,5493004573346370,5493065708206939,SYNTH FUND EYWV,2B,N,,2026-06-03
OVBL,600356,5493055643754050,5493051536493534,SYNTH FUND OVBL,2B,Y,,2026-06-03
ZHVJ,600357,5493082018723159,5493036458694354,SYNTH FUND ZHVJ,2B,N,,2026-06-03
VKJU,600358,,,SYNTH FUND VKJU,2B,N,,2026-06-03
PHBC,600359,5493040599055119,5493040016459235,SYNTH FUND PHBC,,Y,,2026-06-03
SYZJ,600360,5493042671048137,5493087751731089,SYNTH FUND SYZJ,2A,Y,,2026-06-03
OLYO,600361,5493092721382393,5493045925966131,SYNTH FUND OLYO,3A,Y,,2026-06-03
VZYF,600362,5493034262697150,5493016901770812,SYNTH FUND VZYF,3A,N,,2026-06-03
KZSW,600363,5493068546888456,,SYNTH FUND KZSW,,Y,,2026-06-03
YRUF,600364,5493069225044079,5493005211670396,SYNTH FUND YRUF,2A,Y,,2026-06-03
NISN,600365,5493017270723750,5493039059549774,SYNTH FUND NISN,2A,Y,,2026-06-03
FQOF,600366,5493022408460858,5493063018446004,SYNTH FUND FQOF,1A,N,,2026-06-03
VARA,600367,5493020958818252,,SYNTH FUND VARA,3A,Y,,2026-06-03
REBL,600368,5493060965613918,5493039358319979,SYNTH FUND REBL,3A,N,,2026-06-03
NXKG,600369,5493012295295586,5493014294214856,SYNTH FUND NXKG,1B,Y,,2026-06-03
QLZL,600370,5493068206530107,5493058707158271,SYNTH FUND QLZL,1B,N,,2026-06-03
VQCC,600371,5493042956004476,5493015606684061,SYNTH FUND VQCC,,Y,,2026-06-03
DCAH,600372,5493062312660189,5493081630030784,SYNTH FUND DCAH,1A,Y,,2026-06-03
BVMA,600373,5493013775409004,5493001876905492,SYNTH FUND BVMA,2A,Y,,2026-06-03
XNAM,600374,5493057558950719,5493061285818368,SYNTH FUND XNAM,1A,Y,,2026-06-03
MHCZ,600375,5493089783324055,5493016359486150,SYNTH FUND MHCZ,3A,Y,,2026-06-03
FBPD,600376,5493028530371280,5493004510855154,SYNTH FUND FBPD,1B,Y,,2026-06-03
WRAI,600377,5493038910075549,5493012229481100,SYNTH FUND WRAI,1A,N,,2026-06-03
WECI,600378,5493067618256551,5493087709245480,SYNTH FUND WECI,1B,Y,,2026-06-03
RYMG,600379,5493013669232852,5493042202349695,SYNTH FUND RYMG,1A,N,,2026-06-03
KDTL,600380,5493036061352502,5493019364331643,SYNTH FUND KDTL,2B,Y,,2026-06-03
TIKK,600381,5493014948955704,5493058587590842,SYNTH FUND TIKK,1A,N,,2026-06-03
XUXG,600382,5493074416927553,,SYNTH FUND XUXG,,N,,2026-06-03
VKPY,600383,5493042336797336,5493075713639337,SYNTH FUND VKPY,1A,N,,2026-06-03
FVLL,600384,,,SYNTH FUND FVLL,1A,N,,2026-06-03
ADUW,600385,5493036079328041,5493082270868810,SYNTH FUND ADUW,2B,Y,,2026-06-03
VHWY,600386,5493052010640365,5493025005681096,SYNTH FUND VHWY,2B,N,,2026-06-03
ROEZ,600387,5493054030710479,5493072258391664,SYNTH FUND ROEZ,1A,N,,2026-06-03
CSVO,600388,5493034005209908,5493001720654040,SYNTH FUND CSVO,1B,Y,,2026-06-03
HZOQ,600389,5493042046850547,5493027421882920,SYNTH FUND HZOQ,2B,Y,,2026-06-03
BOQX,600390,5493080160042099,5493099558140453,SYNTH FUND BOQX,3A,N,,2026-06-03
GEHO,600391,5493079288045484,5493053201712442,SYNTH FUND GEHO,2B,Y,,2026-06-03
XJIC,600392,5493060289419085,5493059534848810,SYNTH FUND XJIC,2A,N,,2026-06-03
BYNU,600393,5493069466755394,5493005120451299,SYNTH FUND BYNU,2A,N,,2026-06-03
LQJX,600394,5493044800400829,,SYNTH FUND LQJX,,Y,,2026-06-03
ZNCY,600395,,,SYNTH FUND ZNCY,3A,Y,,2026-06-03
LZGJ,600396,5493066546561322,,SYNTH FUND LZGJ,2A,N,,2026-06-03
PZOC,600397,5493000093073939,5493097006407788,SYNTH FUND PZOC,3A,N,,2026-06-03
FQXH,600398,5493025950390204,5493008823414520,SYNTH FUND FQXH,1B,N,,2026-06-03
IBNF,600399,5493010014566079,,SYNTH FUND IBNF,,N,,2026-06-03
SDNJ,600400,5493054545158549,5493081599340129,SYNTH FUND SDNJ,1A,Y,,2026-06-03
AOLL,600401,5493058197471516,5493076732706832,SYNTH FUND AOLL,,Y,,2026-06-03
BIAR,600402,5493039301795113,5493077212986821,SYNTH FUND BIAR,1B,Y,,2026-06-03
UXXF,600403,5493041026375190,5493081341955018,SYNTH FUND UXXF,1B,Y,,2026-06-03
IVYM,600404,5493068316846013,5493085546344374,SYNTH FUND IVYM,2A,Y,,2026-06-03
ETHF,600405,5493054504656771,5493000970047280,SYNTH FUND ETHF,3A,Y,,2026-06-03
RDZU,600406,5493087351363401,5493075809662811,SYNTH FUND RDZU,1A,N,,2026-06-03
NWIM,600407,5493025279900366,5493018279439998,SYNTH FUND NWIM,,Y,,2026-06-03
BSPM,600408,5493063938765752,5493043012382663,SYNTH FUND BSPM,1A,Y,,2026-06-03
CZEY,600409,5493096150708132,5493098492921216,SYNTH FUND CZEY,3A,Y,,2026-06-03
ELEI,600410,5493091861719422,5493067143746253,SYNTH FUND ELEI,,Y,,2026-06-03
LTLR,600411,5493055686730020,5493036439806534,SYNTH FUND LTLR,2B,N,,2026-06-03
RVON,600412,5493070372885245,5493030330094078,SYNTH FUND RVON,,N,,2026-06-03
NWYG,600413,5493028733457806,5493043559856489,SYNTH FUND NWYG,1B,N,,2026-06-03
CGWA,600414,5493010349263066,5493060845135351,SYNTH FUND CGWA,1B,N,,2026-06-03
HOPF,600415,5493083613831668,5493071627776536,SYNTH FUND HOPF,2B,Y,,2026-06-03
ZWEY,600416,5493037643711994,5493016466846137,SYNTH FUND ZWEY,1A,Y,,2026-06-03
BJXW,600417,5493086452387089,5493053433204191,SYNTH FUND BJXW,2A,Y,,2026-06-03
SAPH,600418,5493007170105448,5493009859761042,SYNTH FUND SAPH,3A,N,,2026-06-03
ZWBG,600419,5493018538357022,5493023139084550,SYNTH FUND ZWBG,2A,Y,,2026-06-03
KSGU,600420,5493034637954497,5493073846553682,SYNTH FUND KSGU,2A,Y,,2026-06-03
VRZY,600421,5493074334613413,5493089338768036,SYNTH FUND VRZY,,N,,2026-06-03
BMUK,600422,5493014640444916,5493071834419736,SYNTH FUND BMUK,2B,Y,,2026-06-03
KXCX,600423,5493073022535356,5493028076823215,SYNTH FUND KXCX,1B,N,,2026-06-03
OLVM,600424,5493074967766884,5493019518346360,SYNTH FUND OLVM,1A,N,,2026-06-03
JQUU,600425,5493098547093908,5493067418726882,SYNTH FUND JQUU,2B,Y,,2026-06-03
EBMS,600426,5493093406463578,5493061402939668,SYNTH FUND EBMS,2A,Y,,2026-06-03
RTGT,600427,5493061248152981,5493027464442562,SYNTH FUND RTGT,2A,N,,2026-06-03
DYTZ,600428,5493075473867211,,SYNTH FUND DYTZ,2B,N,,2026-06-03
ROHR,600429,5493032649211442,5493068433704574,SYNTH FUND ROHR,1A,N,,2026-06-03
IBYP,600430,5493087211790686,5493001937065959,SYNTH FUND IBYP,,Y,,2026-06-03
BBRX,600431,5493091278068622,5493008825739777,SYNTH FUND BBRX,2B,N,,2026-06-03
CFGJ,600432,5493099742547804,5493061722408304,SYNTH FUND CFGJ,1A,Y,,2026-06-03
RMXT,600433,5493054663907987,5493091486091466,SYNTH FUND RMXT,2B,N,,2026-06-03
EKTR,600434,5493060878455348,5493031655943400,SYNTH FUND EKTR,2A,Y,,2026-06-03
BWMQ,600435,5493047856928700,5493004293522288,SYNTH FUND BWMQ,2A,Y,,2026-06-03
EQXU,600436,5493008230096455,5493004041112373,SYNTH FUND EQXU,3A,N,,2026-06-03
KGTK,600437,5493001582321040,5493087386166883,SYNTH FUND KGTK,2B,Y,,2026-06-03
QQPP,600438,5493009502801391,5493044293522966,SYNTH FUND QQPP,1B,Y,,2026-06-03
CQZY,600439,5493074890577742,5493010565757954,SYNTH FUND CQZY,1A,N,,2026-06-03
JDEE,600440,,5493079294335168,SYNTH FUND JDEE,2B,N,,2026-06-03
NYWJ,600441,5493074698291623,5493024074340499,SYNTH FUND NYWJ,3A,N,,2026-06-03
LWQP,600442,5493045310531832,5493055668485880,SYNTH FUND LWQP,,Y,,2026-06-03
OKXY,600443,,5493063287466859,SYNTH FUND OKXY,,N,,2026-06-03
GFJM,600444,,5493089125298678,SYNTH FUND GFJM,2B,N,,2026-06-03
NEPO,600445,5493057225998697,5493050817013876,SYNTH FUND NEPO,1A,Y,,2026-06-03
QXHV,600446,,,SYNTH FUND QXHV,,Y,,2026-06-03
IDBE,600447,5493054734510723,5493099132460521,SYNTH FUND IDBE,3A,N,,2026-06-03
GYGJ,600448,5493036249739502,5493026652690326,SYNTH FUND GYGJ,1A,Y,,2026-06-03
QWZH,600449,5493080536987040,5493005884471055,SYNTH FUND QWZH,1A,Y,,2026-06-03
YUIB,600450,5493085168817847,5493053608629785,SYNTH FUND YUIB,2B,N,,2026-06-03
BKML,600451,5493078290015974,5493057237878584,SYNTH FUND BKML,,Y,,2026-06-03
YPVY,600452,5493059392127395,5493008613075787,SYNTH FUND YPVY,3A,N,,2026-06-03
GNCD,600453,5493036151619739,5493053032942972,SYNTH FUND GNCD,3A,Y,,2026-06-03
YVWP,600454,5493078057623023,5493064205366468,SYNTH FUND YVWP,2B,N,,2026-06-03
CKCM,600455,5493002566808965,5493091797584098,SYNTH FUND CKCM,,Y,,2026-06-03
WVKM,600456,5493064526405287,5493056703013805,SYNTH FUND WVKM,1B,Y,,2026-06-03
WHRN,600457,5493010179325985,5493038226682931,SYNTH FUND WHRN,2B,N,,2026-06-03
EIYZ,600458,5493002449662803,5493073648240638,SYNTH FUND EIYZ,1B,Y,,2026-06-03
IVVF,600459,5493032116986530,5493004848045907,SYNTH FUND IVVF,,N,,2026-06-03
YQHP,600460,,5493053505919162,SYNTH FUND YQHP,1A,N,,2026-06-03
UKDO,600461,5493034534326983,5493055312469666,SYNTH FUND UKDO,1A,Y,,2026-06-03
USUP,600462,5493085836501036,5493071536052510,SYNTH FUND USUP,1A,N,,2026-06-03
WRPZ,600463,5493047199313923,5493027619238467,SYNTH FUND WRPZ,2A,N,,2026-06-03
OIIY,600464,5493031857045731,,SYNTH FUND OIIY,3A,N,,2026-06-03
LVUN,600465,5493086813603807,5493023998939514,SYNTH FUND LVUN,2A,N,,2026-06-03
TDQW,600466,5493089199833395,5493060428119417,SYNTH FUND TDQW,,N,,2026-06-03
XMYN,600467,5493032112903791,5493070301480123,SYNTH FUND XMYN,,N,,2026-06-03
XPVW,600468,5493003363703476,5493073109091524,SYNTH FUND XPVW,3A,Y,,2026-06-03
PACI,600469,5493021905827638,5493087945803764,SYNTH FUND PACI,2A,N,,2026-06-03
TIFQ,600470,5493094999423451,5493072415498957,SYNTH FUND TIFQ,2A,N,,2026-06-03
BEQC,600471,5493026892314626,5493088608166050,SYNTH FUND BEQC,1A,Y,,2026-06-03
UPPK,600472,5493024151272337,5493073962852195,SYNTH FUND UPPK,3A,Y,,2026-06-03
FFSW,600473,5493035834850884,5493020991850422,SYNTH FUND FFSW,3A,N,,2026-06-03
ZWTC,600474,5493017397789029,5493026445798146,SYNTH FUND ZWTC,,Y,,2026-06-03
LIDK,600475,5493001272276076,5493090684297360,SYNTH FUND LIDK,3A,Y,,2026-06-03
BTUE,600476,5493026934371148,5493074445287656,SYNTH FUND BTUE,2B,Y,,2026-06-03
QGGV,600477,5493072187373213,5493084831688239,SYNTH FUND QGGV,1B,Y,,2026-06-03
QYVK,600478,5493092275086848,5493059437451171,SYNTH FUND QYVK,3A,N,,2026-06-03
IJCD,600479,5493003923553203,5493001597397245,SYNTH FUND IJCD,1A,N,,2026-06-03
BQTT,600480,5493034593175704,5493093589255623,SYNTH FUND BQTT,1B,Y,,2026-06-03
FOBX,600481,5493009082924428,5493026388907917,SYNTH FUND FOBX,,N,,2026-06-03
BSTA,600482,5493055052331588,5493050863487627,SYNTH FUND BSTA,2A,Y,,2026-06-03
MHXI,600483,5493046561219585,5493055821202741,SYNTH FUND MHXI,3A,Y,,2026-06-03
RSFE,600484,5493060834532461,5493025888860629,SYNTH FUND RSFE,3A,Y,,2026-06-03
ZQJV,600485,5493030861556085,5493007405129470,SYNTH FUND ZQJV,,Y,,2026-06-03
LNRX,600486,5493054090329867,5493079446765540,SYNTH FUND LNRX,2A,Y,,2026-06-03
ILRI,600487,5493050476350522,5493067709769197,SYNTH FUND ILRI,2B,N,,2026-06-03
TJPA,600488,5493021719807184,,SYNTH FUND TJPA,,N,,2026-06-03
VPZA,600489,5493013739156999,,SYNTH FUND VPZA,1B,Y,,2026-06-03
XXSS,600490,5493068185434323,,SYNTH FUND XXSS,3A,Y,,2026-06-03
SZAQ,600491,5493094836952414,5493033939492411,SYNTH FUND SZAQ,2A,Y,,2026-06-03
FHHR,600492,5493095061358134,5493051540977543,SYNTH FUND FHHR,2B,Y,,2026-06-03
YYKG,600493,,5493079395044317,SYNTH FUND YYKG,1A,Y,,2026-06-03
MDXK,600494,5493085332341325,,SYNTH FUND MDXK,,N,,2026-06-03
BZFC,600495,5493024512818862,5493016541601621,SYNTH FUND BZFC,1B,N,,2026-06-03
EGPW,600496,5493050991081138,5493078256337888,SYNTH FUND EGPW,1B,N,,2026-06-03
MCXU,600497,5493033462724867,5493014692175730,SYNTH FUND MCXU,1B,N,,2026-06-03
YYGE,600498,5493016998370829,5493065631093552,SYNTH FUND YYGE,2B,Y,,2026-06-03
DFYT,600499,5493077659590449,5493062770438324,SYNTH FUND DFYT,1B,Y,,2026-06-03
IAXT,600500,5493075346550886,,SYNTH FUND IAXT,1B,N,,2026-06-03
BNPD,600501,5493051498090499,5493027334833371,SYNTH FUND BNPD,2A,N,,2026-06-03
IDLZ,600502,5493077960167156,,SYNTH FUND IDLZ,2B,Y,,2026-06-03
OLJV,600503,5493018544658082,5493050620918997,SYNTH FUND OLJV,3A,N,,2026-06-03
QXLX,600504,,5493017773586350,SYNTH FUND QXLX,2B,Y,,2026-06-03
WPST,600505,5493063158057734,5493013815192946,SYNTH FUND WPST,2A,N,,2026-06-03
HISI,600506,5493048409320979,5493034979697803,SYNTH FUND HISI,2B,Y,,2026-06-03
PQWJ,600507,5493074822377824,5493066813987649,SYNTH FUND PQWJ,1A,N,,2026-06-03
KOJO,600508,5493018983550585,,SYNTH FUND KOJO,1B,N,,2026-06-03
XYDB,600509,5493096431422623,5493077069581080,SYNTH FUND XYDB,,N,,2026-06-03
UNIN,600510,5493075890260807,5493095672532922,SYNTH FUND UNIN,1A,Y,,2026-06-03
HQPR,600511,,5493089520432053,SYNTH FUND HQPR,1B,N,,2026-06-03
ZEEJ,600512,5493051807953741,5493042716756119,SYNTH FUND ZEEJ,2A,Y,,2026-06-03
JAMR,600513,5493006910905027,5493076953270597,SYNTH FUND JAMR,2B,Y,,2026-06-03
ZGLV,600514,5493012998427962,5493084508703890,SYNTH FUND ZGLV,1A,N,,2026-06-03
QKBE,600515,5493071573130441,5493057264037698,SYNTH FUND QKBE,1A,Y,,2026-06-03
HYNA,600516,5493024183556555,5493024686817014,SYNTH FUND HYNA,1B,N,,2026-06-03
DHRI,600517,5493059003816376,5493007982586688,SYNTH FUND DHRI,1B,Y,,2026-06-03
IJJT,600518,5493018867406011,5493019566174084,SYNTH FUND IJJT,1B,Y,,2026-06-03
YAPG,600519,5493051627310131,5493011226213584,SYNTH FUND YAPG,1A,Y,,2026-06-03
ATTK,600520,,5493030417069511,SYNTH FUND ATTK,,Y,,2026-06-03
GFTI,600521,5493033552064152,5493081012943369,SYNTH FUND GFTI,2A,N,,2026-06-03
SMHR,600522,5493084819244299,5493097279886245,SYNTH FUND SMHR,2A,N,,2026-06-03
VWGR,600523,5493028746596629,5493075325201105,SYNTH FUND VWGR,2A,Y,,2026-06-03
ZDRE,600524,5493046097580400,5493043251364587,SYNTH FUND ZDRE,1B,N,,2026-06-03
ODED,600525,5493062607565095,5493074808136586,SYNTH FUND ODED,,N,,2026-06-03
FXPO,600526,5493086733715528,5493015362983621,SYNTH FUND FXPO,2A,N,,2026-06-03
CXAH,600527,5493018672526662,5493053291279276,SYNTH FUND CXAH,3A,N,,2026-06-03
GBUT,600528,5493028000451124,5493041157032818,SYNTH FUND GBUT,,Y,,2026-06-03
KFCS,600529,5493000151469642,5493011626591131,SYNTH FUND KFCS,,Y,,2026-06-03
ZRUT,600530,5493010047596595,5493043890075245,SYNTH FUND ZRUT,1A,N,,2026-06-03
KFSX,600531,5493042062005487,5493049357358396,SYNTH FUND KFSX,1B,N,,2026-06-03
QKIH,600532,5493062091527735,5493084118341145,SYNTH FUND QKIH,,Y,,2026-06-03
AGHV,600533,5493002846510704,,SYNTH FUND AGHV,1A,N,,2026-06-03
EVMK,600534,5493084698961679,5493055434860986,SYNTH FUND EVMK,,N,,2026-06-03
RHZP,600535,5493089393021620,5493035503717500,SYNTH FUND RHZP,1B,Y,,2026-06-03
TLUX,600536,5493097708455307,5493055122428258,SYNTH FUND TLUX,,N,,2026-06-03
JYIA,600537,5493061534606531,5493091662427019,SYNTH FUND JYIA,,Y,,2026-06-03
OIBV,600538,5493043812434650,5493019748496733,SYNTH FUND OIBV,2A,Y,,2026-06-03
FDXU,600539,5493080363241373,5493044424005222,SYNTH FUND FDXU,,Y,,2026-06-03
MCMM,600540,5493095533744561,5493033614701769,SYNTH FUND MCMM,1B,N,,2026-06-03
WCCH,600541,5493092370004905,5493059133102620,SYNTH FUND WCCH,2A,N,,2026-06-03
BMLD,600542,5493018560698018,5493093233630926,SYNTH FUND BMLD,1A,N,,2026-06-03
ICCW,600543,5493092037371841,5493043243506549,SYNTH FUND ICCW,1B,N,,2026-06-03
UISS,600544,5493089684953484,5493013489922679,SYNTH FUND UISS,1A,N,,2026-06-03
LJND,600545,5493098822025466,5493006108676562,SYNTH FUND LJND,1A,N,,2026-06-03
CTMR,600546,5493020882034958,5493095752637495,SYNTH FUND CTMR,2A,Y,,2026-06-03
AOCZ,600547,5493073840693818,5493079173493482,SYNTH FUND AOCZ,1A,Y,,2026-06-03
HNGL,600548,5493070207568352,5493038843195670,SYNTH FUND HNGL,1B,Y,,2026-06-03
CHOY,600549,5493030153170119,5493091920792319,SYNTH FUND CHOY,2A,N,,2026-06-03
YWUT,600550,5493088031657763,5493088667056879,SYNTH FUND YWUT,2B,Y,,2026-06-03
VDZU,600551,5493098894861223,5493081942984127,SYNTH FUND VDZU,3A,Y,,2026-06-03
WLAJ,600552,5493016374432152,5493095274876694,SYNTH FUND WLAJ,2A,Y,,2026-06-03
WAFV,600553,5493000321792010,5493025814537594,SYNTH FUND WAFV,2B,Y,,2026-06-03
IHHL,600554,5493013955975713,5493078836751198,SYNTH FUND IHHL,3A,N,,2026-06-03
XBST,600555,5493009749220654,5493074850515582,SYNTH FUND XBST,2B,Y,,2026-06-03
QTJF,600556,5493071683613093,5493068722657080,SYNTH FUND QTJF,1A,Y,,2026-06-03
KYCY,600557,5493083815726007,5493099561229137,SYNTH FUND KYCY,2A,N,,2026-06-03
GTCE,600558,5493045807360142,5493013991188848,SYNTH FUND GTCE,1A,N,,2026-06-03
CYFX,600559,5493018403033185,5493052521136054,SYNTH FUND CYFX,2B,N,,2026-06-03
VFZE,600560,5493017969748461,,SYNTH FUND VFZE,1A,N,,2026-06-03
IQIR,600561,5493098832260202,5493047098214518,SYNTH FUND IQIR,2A,Y,,2026-06-03
DNNK,600562,5493014968898839,5493019626846699,SYNTH FUND DNNK,,Y,,2026-06-03
QLIC,600563,,5493061119574465,SYNTH FUND QLIC,2A,N,,2026-06-03
BUDZ,600564,5493042043929356,5493093818014285,SYNTH FUND BUDZ,1A,N,,2026-06-03
FNSA,600565,5493094950717348,5493087618621260,SYNTH FUND FNSA,,N,,2026-06-03
HNJT,600566,5493089672310325,5493043242733120,SYNTH FUND HNJT,3A,N,,2026-06-03
IKUE,600567,5493029233832612,5493002586339415,SYNTH FUND IKUE,2B,N,,2026-06-03
PQXY,600568,5493062113984360,5493043265632005,SYNTH FUND PQXY,2A,N,,2026-06-03
EVJF,600569,5493049536386301,5493017260348085,SYNTH FUND EVJF,2A,Y,,2026-06-03
HHZJ,600570,5493022478659912,5493027027709550,SYNTH FUND HHZJ,2A,N,,2026-06-03
JWGR,600571,5493099786590525,5493008175851049,SYNTH FUND JWGR,2A,Y,,2026-06-03
UCFJ,600572,,5493028702570762,SYNTH FUND UCFJ,2B,N,,2026-06-03
QXLI,600573,5493020372331202,5493098738780334,SYNTH FUND QXLI,1A,Y,,2026-06-03
WDLY,600574,5493041328378056,5493079218758434,SYNTH FUND WDLY,1B,N,,2026-06-03
IQSA,600575,5493043059961290,5493015334306883,SYNTH FUND IQSA,3A,Y,,2026-06-03
SXZD,600576,,5493096113336867,SYNTH FUND SXZD,,N,,2026-06-03
CBRP,600577,5493095986946613,5493087644791943,SYNTH FUND CBRP,,N,,2026-06-03
BBST,600578,5493080671585551,5493096131264050,SYNTH FUND BBST,2B,Y,,2026-06-03
VWAS,600579,5493032664915854,5493094279306346,SYNTH FUND VWAS,,Y,,2026-06-03
SDBW,600580,5493076285686042,5493096741334160,SYNTH FUND SDBW,3A,Y,,2026-06-03
LASU,600581,5493026743117297,5493009381972656,SYNTH FUND LASU,2B,N,,2026-06-03
LZZR,600582,5493092811322494,5493094295787131,SYNTH FUND LZZR,2A,N,,2026-06-03
EOVF,600583,5493081076615434,5493002358659990,SYNTH FUND EOVF,1A,Y,,2026-06-03
YTYB,600584,5493072334551777,5493012086652833,SYNTH FUND YTYB,1B,N,,2026-06-03
LESV,600585,5493049040766888,5493008532909215,SYNTH FUND LESV,,N,,2026-06-03
TNEQ,600586,5493077576142737,5493041243957620,SYNTH FUND TNEQ,,Y,,2026-06-03
MYIK,600587,5493087192096230,5493016811699651,SYNTH FUND MYIK,1B,N,,2026-06-03
CYPI,600588,5493012532206116,5493092784154349,SYNTH FUND CYPI,2B,N,,2026-06-03
WUFK,600589,,5493028286666191,SYNTH FUND WUFK,2A,N,,2026-06-03
BCCU,600101,549300XXHOD8SXSZKY72,549300XXHOD8SXSZKY72,CENTRAL 1 CREDIT UNION,1C,Y,,2026-06-10
INBL,600102,549300RH5FFHO48FXT69,549300RH5FFHO48FXT69,INVESTEC BANK LIMITED,2A,N,,2026-06-10
BANH,600103,B6ARUI4946ST4S7WOU88,B6ARUI4946ST4S7WOU88,BANCO HABITAT,2B,N,,2026-06-10
WH17,600104,,,WELLINGTON GLOBAL EQUITY FUND 28R5,3A,N,,2026-06-10
SWCD,600105,529900ZM2M8QF6PZDD34,529900ZM2M8QF6PZDD34,SWISS LIFE AG,1B,Y,,2026-06-10
BNSC,600106,L3I9ZG2KFGXZ61BMYR72,L3I9ZG2KFGXZ61BMYR72,BANK OF NOVA SCOTIA,1A,Y,,2026-06-10
DBFR,600107,7LTWFZYICNSX8D621K86,7LTWFZYICNSX8D621K86,DEUTSCHE BANK A.G.,2A,N,,2026-06-10
CITI,600108,E57ODZWZ7FF32TWEFA76,E57ODZWZ7FF32TWEFA76,CITIBANK NA,1B,N,,2026-06-10
MSIL,600109,4PQUHN3JPFGFNF3BB653,4PQUHN3JPFGFNF3BB653,MORGAN STANLEY INTL,2A,N,,2026-06-10
BIMC,600110,,,BIMCOR INC,3B,N,,2026-06-10
TJPC,600200,5493072661984031,5493088947689303,SYNTH FUND TJPC,3A,N,,2026-06-10
JRMS,600201,,5493052992958190,SYNTH FUND JRMS,3A,Y,,2026-06-10
DUVV,600202,5493012992728976,5493012350209633,SYNTH FUND DUVV,1B,Y,,2026-06-10
PCMY,600203,5493085232991639,,SYNTH FUND PCMY,1B,N,,2026-06-10
FAFC,600204,5493005347698109,5493037668750133,SYNTH FUND FAFC,1A,N,,2026-06-10
DREE,600205,5493025490331218,5493070197609995,SYNTH FUND DREE,2B,Y,,2026-06-10
LWFQ,600206,5493013061646056,5493023008796127,SYNTH FUND LWFQ,2B,N,,2026-06-10
SSRR,600207,5493063639605488,5493070236554076,SYNTH FUND SSRR,3A,Y,,2026-06-10
XKMN,600208,5493033556890536,,SYNTH FUND XKMN,,N,,2026-06-10
IHLM,600209,5493058858163590,5493061634972058,SYNTH FUND IHLM,3A,N,,2026-06-10
ACTP,600210,5493026860841696,5493099885444335,SYNTH FUND ACTP,3A,N,,2026-06-10
YUHN,600211,5493064515605927,5493042447979949,SYNTH FUND YUHN,2B,N,,2026-06-10
BKSS,600212,5493027613427924,5493083627388064,SYNTH FUND BKSS,3A,Y,,2026-06-10
CHPT,600213,5493067608266395,5493090447169245,SYNTH FUND CHPT,2A,Y,,2026-06-10
PKZD,600214,5493052904836349,5493090733440647,SYNTH FUND PKZD,,N,,2026-06-10
MVCM,600215,5493032616150302,5493013620260593,SYNTH FUND MVCM,3A,N,,2026-06-10
WLQW,600216,5493032970579555,5493033543168736,SYNTH FUND WLQW,1B,N,,2026-06-10
LGFL,600217,5493069665675969,5493003694751444,SYNTH FUND LGFL,,N,,2026-06-10
HLPD,600218,5493005016597014,5493007128904469,SYNTH FUND HLPD,,Y,,2026-06-10
FZUE,600219,5493008794725758,5493021230964410,SYNTH FUND FZUE,2B,N,,2026-06-10
CFUM,600220,5493065412430789,5493030032231103,SYNTH FUND CFUM,2A,N,,2026-06-10
AZCV,600221,5493031108180939,,SYNTH FUND AZCV,3A,Y,,2026-06-10
AOTO,600222,5493062084999220,5493085212736519,SYNTH FUND AOTO,3A,N,,2026-06-10
LVZC,600223,5493025390332508,5493034229013157,SYNTH FUND LVZC,2B,N,,2026-06-10
JKKC,600224,5493014983741505,5493054283909033,SYNTH FUND JKKC,1B,N,,2026-06-10
ZZEP,600225,5493013685694006,5493071742965610,SYNTH FUND ZZEP,1A,N,,2026-06-10
VDMI,600226,,,SYNTH FUND VDMI,,N,,2026-06-10
XBQK,600227,5493098466190569,5493010252846753,SYNTH FUND XBQK,1B,N,,2026-06-10
JJTV,600228,5493039572096957,5493020797378701,SYNTH FUND JJTV,1A,Y,,2026-06-10
NZFN,600229,5493040356161148,5493089340475499,SYNTH FUND NZFN,3A,Y,,2026-06-10
LJFK,600230,5493064247159984,5493015690417406,SYNTH FUND LJFK,2A,Y,,2026-06-10
TNTB,600231,5493010033690966,5493019206300668,SYNTH FUND TNTB,1A,Y,,2026-06-10
RQLO,600232,5493095705638176,5493027325859004,SYNTH FUND RQLO,2B,N,,2026-06-10
HQRI,600233,5493071606978077,5493017692286054,SYNTH FUND HQRI,3A,N,,2026-06-10
XRCQ,600234,5493007126674835,5493018062036973,SYNTH FUND XRCQ,2A,Y,,2026-06-10
DSOZ,600235,5493007949566952,5493068259960044,SYNTH FUND DSOZ,1A,Y,,2026-06-10
ZHYS,600236,5493049003011739,5493017514149139,SYNTH FUND ZHYS,2A,Y,,2026-06-10
KPMM,600237,5493046490453777,5493011538857764,SYNTH FUND KPMM,1B,N,,2026-06-10
UDNS,600238,5493025263303047,5493061265777054,SYNTH FUND UDNS,,Y,,2026-06-10
LJVM,600239,5493062882223189,5493032646751918,SYNTH FUND LJVM,3A,N,,2026-06-10
HBBK,600240,5493046047867842,5493090840198863,SYNTH FUND HBBK,1A,Y,,2026-06-10
TSWR,600241,5493069288038300,5493029920882930,SYNTH FUND TSWR,3A,Y,,2026-06-10
BCAN,600242,,5493071925323554,SYNTH FUND BCAN,2A,Y,,2026-06-10
ZFJD,600243,5493022136549263,5493029053161627,SYNTH FUND ZFJD,1A,N,,2026-06-10
EWVN,600244,5493059286994588,5493082830377939,SYNTH FUND EWVN,,N,,2026-06-10
EROX,600245,5493074066979002,5493059786832362,SYNTH FUND EROX,,N,,2026-06-10
WTXH,600246,5493083926744374,5493007618498785,SYNTH FUND WTXH,3A,N,,2026-06-10
RDMT,600247,,5493001401481537,SYNTH FUND RDMT,2B,N,,2026-06-10
RKMC,600248,,5493023670927591,SYNTH FUND RKMC,1B,Y,,2026-06-10
BKAX,600249,5493053068184675,5493009413769324,SYNTH FUND BKAX,2A,N,,2026-06-10
JQQV,600250,5493006071724961,5493007119133521,SYNTH FUND JQQV,1A,N,,2026-06-10
GLMU,600251,5493040148118985,5493090042610529,SYNTH FUND GLMU,,Y,,2026-06-10
PWIG,600252,5493077777396430,,SYNTH FUND PWIG,2B,Y,,2026-06-10
OBKI,600253,5493072573837692,5493022124905667,SYNTH FUND OBKI,2B,Y,,2026-06-10
YJMX,600254,5493078647034155,5493026584867196,SYNTH FUND YJMX,2A,Y,,2026-06-10
GANT,600255,5493079336421018,5493076617133640,SYNTH FUND GANT,2A,Y,,2026-06-10
ZZVH,600256,5493078018465220,5493070087709102,SYNTH FUND ZZVH,1A,N,,2026-06-10
DYHV,600257,5493082622450432,5493015212652925,SYNTH FUND DYHV,1A,N,,2026-06-10
MKGE,600258,,5493062139081071,SYNTH FUND MKGE,3A,N,,2026-06-10
USKQ,600259,,5493043716191798,SYNTH FUND USKQ,1B,N,,2026-06-10
BLOZ,600260,5493034662745681,5493032017458605,SYNTH FUND BLOZ,,Y,,2026-06-10
DPOO,600261,5493040663828269,5493081285518876,SYNTH FUND DPOO,3A,N,,2026-06-10
YAOT,600262,,5493099854102709,SYNTH FUND YAOT,2B,Y,,2026-06-10
UCBB,600263,5493006400506338,5493078867963857,SYNTH FUND UCBB,3A,N,,2026-06-10
BKBW,600264,5493016017187183,5493084453632900,SYNTH FUND BKBW,3A,N,,2026-06-10
XRTZ,600265,5493036156918719,5493091767065585,SYNTH FUND XRTZ,,Y,,2026-06-10
HNJT,600266,,5493042897530704,SYNTH FUND HNJT,1B,N,,2026-06-10
SVZV,600267,5493052561274773,5493064470174268,SYNTH FUND SVZV,3A,N,,2026-06-10
LVQL,600268,5493016764732301,5493053871261250,SYNTH FUND LVQL,1B,N,,2026-06-10
RGBU,600269,5493059925328429,5493016435694256,SYNTH FUND RGBU,3A,N,,2026-06-10
YERT,600270,5493065617130548,,SYNTH FUND YERT,3A,Y,,2026-06-10
QLLW,600271,5493030937882273,5493046069095678,SYNTH FUND QLLW,,N,,2026-06-10
CGRX,600272,5493087506346036,5493018776488977,SYNTH FUND CGRX,2A,N,,2026-06-10
LQAR,600273,5493084464947222,5493095000012437,SYNTH FUND LQAR,1A,Y,,2026-06-10
IYKN,600274,5493068343532809,5493011613782178,SYNTH FUND IYKN,1B,N,,2026-06-10
MYDI,600275,5493027281686504,5493047654854429,SYNTH FUND MYDI,2A,Y,,2026-06-10
CGON,600276,5493079545522603,5493031573811990,SYNTH FUND CGON,1A,Y,,2026-06-10
VAUZ,600277,5493017956852686,5493048059253076,SYNTH FUND VAUZ,1B,N,,2026-06-10
UADD,600278,5493015136534483,5493044996598276,SYNTH FUND UADD,1A,N,,2026-06-10
VBAN,600279,5493087680707556,5493058185685354,SYNTH FUND VBAN,,N,,2026-06-10
KCVP,600280,5493019115709257,5493067266219295,SYNTH FUND KCVP,1A,N,,2026-06-10
CCQC,600281,5493021718976924,5493044414380282,SYNTH FUND CCQC,2B,Y,,2026-06-10
CYWR,600282,5493080568147425,5493051406004024,SYNTH FUND CYWR,3A,N,,2026-06-10
KTJY,600283,5493064334572341,5493012550411516,SYNTH FUND KTJY,1B,N,,2026-06-10
IQIN,600284,5493071468464294,5493071064043190,SYNTH FUND IQIN,2B,Y,,2026-06-10
OOWQ,600285,5493071311918723,5493069944060021,SYNTH FUND OOWQ,2B,N,,2026-06-10
MGNZ,600286,5493048454004313,5493021981473763,SYNTH FUND MGNZ,1A,Y,,2026-06-10
EGSM,600287,5493091788082110,5493062820166075,SYNTH FUND EGSM,,N,,2026-06-10
JRQY,600288,5493091316507652,5493042524908374,SYNTH FUND JRQY,1B,N,,2026-06-10
MVIY,600289,5493004997454361,5493096252648044,SYNTH FUND MVIY,1B,N,,2026-06-10
OQTY,600290,,5493037595897155,SYNTH FUND OQTY,2A,N,,2026-06-10
ULZP,600291,5493009086315968,5493004137090736,SYNTH FUND ULZP,1B,Y,,2026-06-10
IHPJ,600292,5493092737072298,5493054548957917,SYNTH FUND IHPJ,,Y,,2026-06-10
DALD,600293,5493059249538882,5493029214242687,SYNTH FUND DALD,2B,N,,2026-06-10
WJMU,600294,5493046583609690,5493003555248921,SYNTH FUND WJMU,,N,,2026-06-10
TUCL,600295,5493086977390088,5493095340421664,SYNTH FUND TUCL,3A,N,,2026-06-10
XDCF,600296,,5493099793054546,SYNTH FUND XDCF,3A,Y,,2026-06-10
KKWE,600297,5493036082855725,5493041444118962,SYNTH FUND KKWE,2B,Y,,2026-06-10
CMQI,600298,5493017219145329,5493056395997090,SYNTH FUND CMQI,1B,Y,,2026-06-10
QYJK,600299,5493046310559940,,SYNTH FUND QYJK,3A,N,,2026-06-10
THNS,600300,5493022770317611,5493007387508680,SYNTH FUND THNS,2A,Y,,2026-06-10
NKAJ,600301,5493040726778521,5493034349960704,SYNTH FUND NKAJ,2A,Y,,2026-06-10
NHLG,600302,5493043995005238,5493064492779071,SYNTH FUND NHLG,,Y,,2026-06-10
FVVD,600303,5493021388560549,5493053345237944,SYNTH FUND FVVD,,N,,2026-06-10
SISF,600304,5493010131673761,5493080684519808,SYNTH FUND SISF,1B,Y,,2026-06-10
HAOG,600305,5493096110651236,5493073568122457,SYNTH FUND HAOG,1A,N,,2026-06-10
LQAM,600306,,5493021753025534,SYNTH FUND LQAM,3A,Y,,2026-06-10
LEKL,600307,5493072553691142,5493044299860439,SYNTH FUND LEKL,2A,Y,,2026-06-10
HGKK,600308,5493081546758872,5493049227648122,SYNTH FUND HGKK,2A,N,,2026-06-10
PXIN,600309,5493019441002850,5493069632425113,SYNTH FUND PXIN,1B,Y,,2026-06-10
TKGE,600310,5493043537044232,5493025435646395,SYNTH FUND TKGE,1B,Y,,2026-06-10
AZNX,600311,5493031177709665,5493056809174628,SYNTH FUND AZNX,1A,N,,2026-06-10
MZJY,600312,5493023959263602,5493078415850966,SYNTH FUND MZJY,2A,N,,2026-06-10
XLYR,600313,5493054089414134,5493027629521704,SYNTH FUND XLYR,2B,Y,,2026-06-10
ZVHV,600314,5493050851992103,5493018549710649,SYNTH FUND ZVHV,3A,Y,,2026-06-10
RUUG,600315,5493059288811635,5493057054457913,SYNTH FUND RUUG,3A,N,,2026-06-10
SPZS,600316,5493023653747000,5493017779956145,SYNTH FUND SPZS,2A,N,,2026-06-10
AHRF,600317,5493040965896581,5493076414622549,SYNTH FUND AHRF,2A,Y,,2026-06-10
CDTM,600318,5493057747114977,5493057139158861,SYNTH FUND CDTM,2B,N,,2026-06-10
NIEW,600319,5493001688802152,5493056590926751,SYNTH FUND NIEW,2B,Y,,2026-06-10
RROR,600320,5493036506773224,5493074610269140,SYNTH FUND RROR,,N,,2026-06-10
VPJX,600321,5493001960477229,5493067589357165,SYNTH FUND VPJX,,Y,,2026-06-10
FDQC,600322,5493055691467595,5493002952012448,SYNTH FUND FDQC,1B,Y,,2026-06-10
JUHS,600323,5493071368726119,5493049716219291,SYNTH FUND JUHS,2B,N,,2026-06-10
TIGR,600324,5493098070346213,5493057623952994,SYNTH FUND TIGR,3A,N,,2026-06-10
ORIB,600325,5493097778162646,5493054662329997,SYNTH FUND ORIB,2B,Y,,2026-06-10
KQQL,600326,5493042407963526,5493068383520405,SYNTH FUND KQQL,1B,Y,,2026-06-10
SKGI,600327,,5493072366066099,SYNTH FUND SKGI,3A,Y,,2026-06-10
VVTR,600328,5493075708574885,5493068116415648,SYNTH FUND VVTR,1B,N,,2026-06-10
YBLT,600329,5493025584145636,5493078058764284,SYNTH FUND YBLT,2B,N,,2026-06-10
INMV,600330,5493005765955981,5493094997732601,SYNTH FUND INMV,,N,,2026-06-10
YWBC,600331,5493078286658810,5493025014290238,SYNTH FUND YWBC,1A,Y,,2026-06-10
VODI,600332,5493039897363975,5493093593759884,SYNTH FUND VODI,2A,N,,2026-06-10
BBNO,600333,5493083850212776,5493006413768241,SYNTH FUND BBNO,2B,Y,,2026-06-10
UZWC,600334,5493031951352251,,SYNTH FUND UZWC,,N,,2026-06-10
IYBA,600335,5493020056455253,5493003159219298,SYNTH FUND IYBA,2A,Y,,2026-06-10
JXHO,600336,5493051201978903,5493077239215127,SYNTH FUND JXHO,2A,Y,,2026-06-10
RFGU,600337,5493058521000008,5493081087588210,SYNTH FUND RFGU,1B,N,,2026-06-10
REQY,600338,5493090348347641,,SYNTH FUND REQY,2B,N,,2026-06-10
IKQE,600339,5493096846172101,5493009722552408,SYNTH FUND IKQE,3A,N,,2026-06-10
DXYK,600340,5493031479230367,5493019208367347,SYNTH FUND DXYK,1A,N,,2026-06-10
JYRC,600341,5493028783179242,5493027633925565,SYNTH FUND JYRC,2B,N,,2026-06-10
HRTR,600342,5493013916856501,5493005564596643,SYNTH FUND HRTR,2A,Y,,2026-06-10
HAWV,600343,5493099885454883,5493025934194240,SYNTH FUND HAWV,3A,N,,2026-06-10
UVBL,600344,5493015566558241,5493030480362829,SYNTH FUND UVBL,2A,N,,2026-06-10
FEBU,600345,5493059408911656,5493028975794836,SYNTH FUND FEBU,,Y,,2026-06-10
TVUV,600346,5493030046931343,5493092909006366,SYNTH FUND TVUV,2B,N,,2026-06-10
KSTR,600347,5493001100925018,5493011679050929,SYNTH FUND KSTR,3A,Y,,2026-06-10
ZVUZ,600348,5493049655335884,5493090173525909,SYNTH FUND ZVUZ,2A,N,,2026-06-10
PRSP,600349,5493070157911356,5493006388469046,SYNTH FUND PRSP,2A,Y,,2026-06-10
PUWG,600350,5493079961981622,5493097375383877,SYNTH FUND PUWG,2B,Y,,2026-06-10
MCFN,600351,5493070426302212,5493059617484644,SYNTH FUND MCFN,1A,Y,,2026-06-10
JRTU,600352,5493076686063360,5493022474954341,SYNTH FUND JRTU,,Y,,2026-06-10
KAQV,600353,5493096679426503,5493044432180424,SYNTH FUND KAQV,1B,N,,2026-06-10
JNJZ,600354,5493045010813304,5493084620877917,SYNTH FUND JNJZ,1B,Y,,2026-06-10
PEBB,600355,5493087387325931,5493033735176621,SYNTH FUND PEBB,1B,N,,2026-06-10
ORVK,600356,5493088777165016,5493055277800738,SYNTH FUND ORVK,1A,Y,,2026-06-10
OMWZ,600357,5493056566681436,5493099464386781,SYNTH FUND OMWZ,,N,,2026-06-10
QFKT,600358,5493078806750785,5493012985467148,SYNTH FUND QFKT,2B,Y,,2026-06-10
EYPG,600359,5493098369782714,5493005039157288,SYNTH FUND EYPG,2B,Y,,2026-06-10
TZYG,600360,5493072172079742,5493030351123065,SYNTH FUND TZYG,2B,Y,,2026-06-10
BZNP,600361,,5493045736410392,SYNTH FUND BZNP,2A,Y,,2026-06-10
UOOG,600362,5493006793048778,5493076582981823,SYNTH FUND UOOG,2A,Y,,2026-06-10
WODP,600363,5493018440312997,5493009479770884,SYNTH FUND WODP,3A,N,,2026-06-10
YHSI,600364,5493006528558266,5493060635031012,SYNTH FUND YHSI,2B,Y,,2026-06-10
YUXS,600365,5493049267878106,5493050592670146,SYNTH FUND YUXS,1B,N,,2026-06-10
XMBM,600366,5493038574883268,5493036965723887,SYNTH FUND XMBM,2A,Y,,2026-06-10
EVTJ,600367,5493095315549958,5493000144237055,SYNTH FUND EVTJ,2B,N,,2026-06-10
MFAG,600368,5493085778678302,5493037249360198,SYNTH FUND MFAG,2A,N,,2026-06-10
DQNI,600369,5493015177744697,5493045319988086,SYNTH FUND DQNI,3A,Y,,2026-06-10
SZBJ,600370,5493077445798779,5493063614724774,SYNTH FUND SZBJ,3A,Y,,2026-06-10
QLGO,600371,5493067168253701,5493068103226159,SYNTH FUND QLGO,,Y,,2026-06-10
BWCX,600372,5493017388084068,,SYNTH FUND BWCX,1B,Y,,2026-06-10
MNYU,600373,5493000312537318,5493019762246649,SYNTH FUND MNYU,1B,N,,2026-06-10
EVPT,600374,5493003298159680,5493004588671413,SYNTH FUND EVPT,1A,N,,2026-06-10
NTDN,600375,5493069790104405,5493004960582419,SYNTH FUND NTDN,1B,Y,,2026-06-10
IJQE,600376,5493046798490805,5493028260056627,SYNTH FUND IJQE,2B,N,,2026-06-10
HRQT,600377,5493078479807969,5493042685870818,SYNTH FUND HRQT,1A,N,,2026-06-10
VWGX,600378,5493053333878635,5493051232910014,SYNTH FUND VWGX,1A,Y,,2026-06-10
FCLO,600379,5493016561245521,5493086182528769,SYNTH FUND FCLO,1A,Y,,2026-06-10
BDKE,600380,5493093983172205,5493091670720402,SYNTH FUND BDKE,2B,Y,,2026-06-10
YBOC,600381,5493034624296362,5493042487983963,SYNTH FUND YBOC,1A,N,,2026-06-10
YMSW,600382,5493047661761631,5493011072695174,SYNTH FUND YMSW,1B,N,,2026-06-10
YUGY,600383,,5493048885386538,SYNTH FUND YUGY,3A,Y,,2026-06-10
NFFR,600384,5493039043813633,5493052054821758,SYNTH FUND NFFR,,Y,,2026-06-10
GFTW,600385,5493053867685905,5493045109796115,SYNTH FUND GFTW,1A,Y,,2026-06-10
NUFX,600386,5493071317380406,5493090370326192,SYNTH FUND NUFX,3A,Y,,2026-06-10
TUWR,600387,5493072758506083,,SYNTH FUND TUWR,2B,N,,2026-06-10
WQKX,600388,5493097927447588,5493032417280162,SYNTH FUND WQKX,1B,Y,,2026-06-10
DCAS,600389,5493084847483016,5493045038918551,SYNTH FUND DCAS,2B,N,,2026-06-10
SFKF,600390,5493091056271616,5493015222225056,SYNTH FUND SFKF,2B,Y,,2026-06-10
RTDJ,600391,5493017145945462,,SYNTH FUND RTDJ,1A,N,,2026-06-10
WPFE,600392,5493004208804260,5493040072567819,SYNTH FUND WPFE,3A,Y,,2026-06-10
BCRS,600393,,5493008440709879,SYNTH FUND BCRS,1B,Y,,2026-06-10
MVPA,600394,5493053517450834,5493067341093092,SYNTH FUND MVPA,,Y,,2026-06-10
RAUO,600395,5493091020173917,5493004727316635,SYNTH FUND RAUO,,Y,,2026-06-10
FSUT,600396,5493072901872369,5493094303074810,SYNTH FUND FSUT,2A,Y,,2026-06-10
XQUV,600397,5493087106301111,5493009226487103,SYNTH FUND XQUV,,Y,,2026-06-10
TCDU,600398,5493051360872358,5493001081840727,SYNTH FUND TCDU,3A,N,,2026-06-10
XYDS,600399,5493073891848746,5493095896631101,SYNTH FUND XYDS,3A,Y,,2026-06-10
KNSP,600400,5493051421331982,5493068059663531,SYNTH FUND KNSP,,Y,,2026-06-10
TPEX,600401,5493022577612779,5493014582228276,SYNTH FUND TPEX,1A,N,,2026-06-10
NOEJ,600402,,5493071121594929,SYNTH FUND NOEJ,2A,Y,,2026-06-10
NTWR,600403,5493031857313040,5493091922203263,SYNTH FUND NTWR,,N,,2026-06-10
KLEG,600404,5493083026625385,5493082314688832,SYNTH FUND KLEG,2B,Y,,2026-06-10
EWDC,600405,5493029162554654,5493022072753154,SYNTH FUND EWDC,3A,Y,,2026-06-10
YOLH,600406,5493080064833111,5493035675397461,SYNTH FUND YOLH,1A,N,,2026-06-10
HYHS,600407,5493051110631481,5493078639524524,SYNTH FUND HYHS,3A,N,,2026-06-10
JWXJ,600408,5493071947202641,,SYNTH FUND JWXJ,,Y,,2026-06-10
HQBM,600409,5493003563056882,5493030863183745,SYNTH FUND HQBM,,Y,,2026-06-10
MBIQ,600410,5493005568979671,5493085225384787,SYNTH FUND MBIQ,3A,N,,2026-06-10
BBTN,600411,5493091757947125,5493087635270198,SYNTH FUND BBTN,1A,Y,,2026-06-10
ZXKA,600412,5493024277181467,5493057759100482,SYNTH FUND ZXKA,,N,,2026-06-10
XOQG,600413,5493014562226307,,SYNTH FUND XOQG,,Y,,2026-06-10
NHIL,600414,5493058073919731,5493065324106692,SYNTH FUND NHIL,1B,N,,2026-06-10
JNFK,600415,5493018468612576,,SYNTH FUND JNFK,2B,Y,,2026-06-10
GYLS,600416,5493083174239692,5493017048107318,SYNTH FUND GYLS,,N,,2026-06-10
CJJO,600417,5493057385545329,5493081307922293,SYNTH FUND CJJO,1A,Y,,2026-06-10
LWMU,600418,5493087410809468,5493000610519061,SYNTH FUND LWMU,2A,N,,2026-06-10
ZACU,600419,5493029606366421,5493087474077762,SYNTH FUND ZACU,2B,N,,2026-06-10
DYKZ,600420,,5493070126581602,SYNTH FUND DYKZ,1A,N,,2026-06-10
UVGR,600421,5493084174959682,5493046870331359,SYNTH FUND UVGR,3A,Y,,2026-06-10
XOPA,600422,5493057835103134,5493066105460094,SYNTH FUND XOPA,1B,N,,2026-06-10
NXGA,600423,5493036421108555,5493036303494184,SYNTH FUND NXGA,2A,Y,,2026-06-10
IPUD,600424,5493076957187910,5493034578223076,SYNTH FUND IPUD,1A,N,,2026-06-10
XKGM,600425,5493062614358442,5493033836842859,SYNTH FUND XKGM,3A,N,,2026-06-10
ACYB,600426,,5493071658990781,SYNTH FUND ACYB,1A,Y,,2026-06-10
IMYN,600427,5493046632383731,5493028609954562,SYNTH FUND IMYN,2B,Y,,2026-06-10
QXOV,600428,,5493024958062764,SYNTH FUND QXOV,3A,Y,,2026-06-10
PWKG,600429,5493001478415293,5493005728041669,SYNTH FUND PWKG,,Y,,2026-06-10
YKUF,600430,5493036833702044,5493006805611699,SYNTH FUND YKUF,2A,Y,,2026-06-10
HPYK,600431,5493060642418227,5493077718582156,SYNTH FUND HPYK,3A,Y,,2026-06-10
BIAF,600432,5493026126438979,5493049322824158,SYNTH FUND BIAF,1A,Y,,2026-06-10
WUZP,600433,5493096928323749,5493079740908488,SYNTH FUND WUZP,1B,N,,2026-06-10
TLTO,600434,5493081623233383,,SYNTH FUND TLTO,2A,Y,,2026-06-10
JTGY,600435,5493059388372241,5493006238137507,SYNTH FUND JTGY,2A,N,,2026-06-10
GIBW,600436,,5493027404202238,SYNTH FUND GIBW,3A,N,,2026-06-10
HGBX,600437,5493088405790128,5493048945338214,SYNTH FUND HGBX,2B,Y,,2026-06-10
AKKM,600438,,5493018967387443,SYNTH FUND AKKM,1A,N,,2026-06-10
PQJD,600439,5493001351564832,5493021737575581,SYNTH FUND PQJD,1B,Y,,2026-06-10
FQNO,600440,5493032824264319,5493084767354736,SYNTH FUND FQNO,1A,N,,2026-06-10
TAHW,600441,5493037949962975,5493043035368001,SYNTH FUND TAHW,1A,N,,2026-06-10
IVKQ,600442,5493091378243620,5493027160713743,SYNTH FUND IVKQ,2A,N,,2026-06-10
BQRA,600443,5493086774471837,5493022700416962,SYNTH FUND BQRA,2A,Y,,2026-06-10
SSTH,600444,5493061135074694,5493009565444755,SYNTH FUND SSTH,,Y,,2026-06-10
YLFB,600445,5493002480683441,5493040578488450,SYNTH FUND YLFB,2B,N,,2026-06-10
DXVC,600446,5493066870661703,5493041353916110,SYNTH FUND DXVC,3A,N,,2026-06-10
BDSE,600447,5493028519475615,5493092962559422,SYNTH FUND BDSE,2B,N,,2026-06-10
VFRW,600448,5493037376297499,5493022680868468,SYNTH FUND VFRW,2A,Y,,2026-06-10
VHPB,600449,5493049540645978,5493037464256796,SYNTH FUND VHPB,,Y,,2026-06-10
TFFO,600450,,5493040313167318,SYNTH FUND TFFO,2B,N,,2026-06-10
WEMK,600451,5493018762834155,5493057711422651,SYNTH FUND WEMK,,N,,2026-06-10
BEIY,600452,5493069819376755,5493027427256059,SYNTH FUND BEIY,1B,Y,,2026-06-10
MQVD,600453,,5493071431058754,SYNTH FUND MQVD,1A,N,,2026-06-10
WOJI,600454,5493022590569373,5493031527773481,SYNTH FUND WOJI,2B,N,,2026-06-10
DRMV,600455,5493053562280712,5493094421803530,SYNTH FUND DRMV,2B,Y,,2026-06-10
XZUR,600456,5493023050832222,5493098128362939,SYNTH FUND XZUR,1B,N,,2026-06-10
HRXY,600457,5493065509928638,5493088905592873,SYNTH FUND HRXY,3A,N,,2026-06-10
ETJX,600458,,5493058263953988,SYNTH FUND ETJX,2B,Y,,2026-06-10
CKVF,600459,5493032504686547,5493096974857902,SYNTH FUND CKVF,2A,Y,,2026-06-10
OWUC,600460,5493088868175479,5493011656523572,SYNTH FUND OWUC,3A,N,,2026-06-10
DTZF,600461,,5493007047937368,SYNTH FUND DTZF,2A,N,,2026-06-10
QPVU,600462,5493037522211926,,SYNTH FUND QPVU,1A,N,,2026-06-10
NQGT,600463,5493063485907715,5493078838340246,SYNTH FUND NQGT,2B,N,,2026-06-10
AIAY,600464,5493071391163451,5493008588711767,SYNTH FUND AIAY,,Y,,2026-06-10
PFFG,600465,5493005551990273,5493068538235888,SYNTH FUND PFFG,3A,Y,,2026-06-10
XVRP,600466,5493052986412053,5493033284810491,SYNTH FUND XVRP,2B,N,,2026-06-10
PKIM,600467,5493009292782472,5493008400467897,SYNTH FUND PKIM,1A,Y,,2026-06-10
WTTN,600468,5493082268124232,5493033096276065,SYNTH FUND WTTN,1B,N,,2026-06-10
HVOZ,600469,5493088526647194,5493034449402910,SYNTH FUND HVOZ,,Y,,2026-06-10
CZBH,600470,,5493053507472296,SYNTH FUND CZBH,,N,,2026-06-10
UNGE,600471,,5493021109972818,SYNTH FUND UNGE,1B,N,,2026-06-10
LMDG,600472,,5493045719712282,SYNTH FUND LMDG,1A,N,,2026-06-10
ACXY,600473,5493099499492569,5493041676880150,SYNTH FUND ACXY,1A,Y,,2026-06-10
DJYF,600474,5493098979130230,5493041623760808,SYNTH FUND DJYF,2B,Y,,2026-06-10
CDVV,600475,5493074373636596,5493084453323268,SYNTH FUND CDVV,2B,Y,,2026-06-10
GWUY,600476,5493043464024621,5493059216231780,SYNTH FUND GWUY,1B,Y,,2026-06-10
BHRJ,600477,5493049268188516,5493024525591441,SYNTH FUND BHRJ,,N,,2026-06-10
FKOW,600478,5493082671012803,5493021008858033,SYNTH FUND FKOW,3A,Y,,2026-06-10
BTGE,600479,5493055869874593,5493028280849746,SYNTH FUND BTGE,2B,N,,2026-06-10
EWBW,600480,5493095598630636,5493053187806661,SYNTH FUND EWBW,2A,Y,,2026-06-10
BGAO,600481,5493008624889149,5493082102640823,SYNTH FUND BGAO,1B,Y,,2026-06-10
WZFT,600482,5493088837640435,5493000588515047,SYNTH FUND WZFT,3A,Y,,2026-06-10
HCDI,600483,5493034669549842,5493031429246470,SYNTH FUND HCDI,2A,N,,2026-06-10
EPIH,600484,5493080659120832,5493046078438834,SYNTH FUND EPIH,1B,N,,2026-06-10
COYK,600485,,5493029046458881,SYNTH FUND COYK,,N,,2026-06-10
PECH,600486,5493060407731374,5493046545260205,SYNTH FUND PECH,1A,N,,2026-06-10
HDXJ,600487,5493077200548959,5493041653075019,SYNTH FUND HDXJ,3A,Y,,2026-06-10
HWPR,600488,5493001201316534,5493061661730003,SYNTH FUND HWPR,2A,N,,2026-06-10
YSJN,600489,5493003722448970,5493028202919246,SYNTH FUND YSJN,2B,N,,2026-06-10
KWNU,600490,5493065494353370,5493056535911943,SYNTH FUND KWNU,2B,N,,2026-06-10
OHKX,600491,5493077800705689,5493075485065109,SYNTH FUND OHKX,3A,N,,2026-06-10
TNPL,600492,5493039756855694,,SYNTH FUND TNPL,2B,Y,,2026-06-10
ICZC,600493,5493065535615882,5493009895530972,SYNTH FUND ICZC,3A,N,,2026-06-10
RACH,600494,5493067904134036,5493032544472889,SYNTH FUND RACH,,N,,2026-06-10
EFXZ,600495,5493037319490139,5493065472242204,SYNTH FUND EFXZ,2A,N,,2026-06-10
ANWF,600496,,5493092332482959,SYNTH FUND ANWF,,N,,2026-06-10
QQGP,600497,5493082032196990,5493000571588541,SYNTH FUND QQGP,3A,N,,2026-06-10
MEGS,600498,5493092516171361,5493066991035260,SYNTH FUND MEGS,2A,N,,2026-06-10
XYGF,600499,5493012352265670,5493022977017777,SYNTH FUND XYGF,3A,N,,2026-06-10
DLXU,600500,5493057875925461,5493095429688520,SYNTH FUND DLXU,3A,Y,,2026-06-10
TWQA,600501,5493033729653710,5493065396148266,SYNTH FUND TWQA,3A,N,,2026-06-10
DOQZ,600502,5493053682908555,5493093340712657,SYNTH FUND DOQZ,,Y,,2026-06-10
HMGG,600503,5493087879125157,5493077563534876,SYNTH FUND HMGG,3A,N,,2026-06-10
FAII,600504,5493032091204630,5493063253477827,SYNTH FUND FAII,1B,N,,2026-06-10
IJSH,600505,5493038250853157,5493037569984803,SYNTH FUND IJSH,2A,N,,2026-06-10
PLOV,600506,5493079116019567,5493013441604609,SYNTH FUND PLOV,3A,N,,2026-06-10
VSXP,600507,5493068646648941,5493036281329094,SYNTH FUND VSXP,1A,N,,2026-06-10
DETD,600508,5493043656061004,5493012238653345,SYNTH FUND DETD,2A,Y,,2026-06-10
MHLC,600509,5493027628404810,5493093010626485,SYNTH FUND MHLC,,N,,2026-06-10
XORV,600510,5493069457169267,5493044381118693,SYNTH FUND XORV,2A,N,,2026-06-10
KJDY,600511,5493042902923947,5493041390861549,SYNTH FUND KJDY,2A,Y,,2026-06-10
UTDN,600512,5493087853131876,,SYNTH FUND UTDN,,Y,,2026-06-10
FGLW,600513,5493046723983292,5493044346350644,SYNTH FUND FGLW,1B,Y,,2026-06-10
WOMJ,600514,5493068398259781,5493009410221083,SYNTH FUND WOMJ,,N,,2026-06-10
WZDZ,600515,5493017201116842,5493066129398451,SYNTH FUND WZDZ,,N,,2026-06-10
MCSE,600516,5493038735735002,5493026787757237,SYNTH FUND MCSE,3A,Y,,2026-06-10
LEXM,600517,5493002519818539,5493093860901183,SYNTH FUND LEXM,1A,N,,2026-06-10
KPID,600518,5493033132206625,5493067323058200,SYNTH FUND KPID,2B,Y,,2026-06-10
KMYM,600519,5493097070241182,5493090652997402,SYNTH FUND KMYM,1A,Y,,2026-06-10
BGDE,600520,5493053475292101,5493059836322868,SYNTH FUND BGDE,1A,Y,,2026-06-10
WGPM,600521,,5493049486063059,SYNTH FUND WGPM,2A,N,,2026-06-10
BJXQ,600522,5493031947871164,5493020122280487,SYNTH FUND BJXQ,3A,N,,2026-06-10
SUFQ,600523,5493046150638134,,SYNTH FUND SUFQ,1B,Y,,2026-06-10
ANJJ,600524,5493020136238625,5493066059658689,SYNTH FUND ANJJ,2B,Y,,2026-06-10
NJYU,600525,5493026549170242,5493099731569138,SYNTH FUND NJYU,,N,,2026-06-10
VTGL,600526,5493077453387059,5493008366649328,SYNTH FUND VTGL,2B,N,,2026-06-10
USRI,600527,5493029050250561,5493092728066937,SYNTH FUND USRI,1B,N,,2026-06-10
RZSH,600528,,5493097178748753,SYNTH FUND RZSH,2B,Y,,2026-06-10
CNII,600529,,5493071551528221,SYNTH FUND CNII,1A,Y,,2026-06-10
PLUR,600530,5493071305492671,5493011155353552,SYNTH FUND PLUR,,Y,,2026-06-10
RGZR,600531,,,SYNTH FUND RGZR,3A,N,,2026-06-10
YFUS,600532,5493092271841262,5493015234837076,SYNTH FUND YFUS,1A,Y,,2026-06-10
SOWI,600533,5493027866510304,5493076834083918,SYNTH FUND SOWI,2B,Y,,2026-06-10
ONUX,600534,5493005252547173,5493067003465506,SYNTH FUND ONUX,1B,Y,,2026-06-10
PSCN,600535,5493015306512598,5493077833931463,SYNTH FUND PSCN,1B,N,,2026-06-10
LOZB,600536,5493074263474451,5493064287136043,SYNTH FUND LOZB,3A,N,,2026-06-10
QOHU,600537,5493045114226564,5493080999180429,SYNTH FUND QOHU,1A,Y,,2026-06-10
FXJF,600538,5493099743135753,5493029312254506,SYNTH FUND FXJF,2A,N,,2026-06-10
AVCP,600539,,5493075601344373,SYNTH FUND AVCP,,Y,,2026-06-10
ATSS,600540,5493071894552250,5493054468169581,SYNTH FUND ATSS,1B,Y,,2026-06-10
TPBQ,600541,5493048436191412,5493008547141051,SYNTH FUND TPBQ,1B,Y,,2026-06-10
RETP,600542,5493088961053562,5493042465146649,SYNTH FUND RETP,,N,,2026-06-10
MOGU,600543,5493089153208572,5493068872419614,SYNTH FUND MOGU,1A,N,,2026-06-10
HMSE,600544,5493064554296153,5493033814447076,SYNTH FUND HMSE,1B,N,,2026-06-10
HNBU,600545,5493047226105915,5493085065580729,SYNTH FUND HNBU,1A,N,,2026-06-10
LWGP,600546,5493096144049630,5493025519481061,SYNTH FUND LWGP,2B,Y,,2026-06-10
VNQV,600547,5493094802696885,5493017277376493,SYNTH FUND VNQV,,N,,2026-06-10
ZTVI,600548,5493090896454299,5493043222666385,SYNTH FUND ZTVI,2A,N,,2026-06-10
CKPR,600549,5493037956715690,5493058197315441,SYNTH FUND CKPR,2A,Y,,2026-06-10
PPSW,600550,5493070291986450,5493077423668027,SYNTH FUND PPSW,1B,Y,,2026-06-10
VZEJ,600551,5493081263241373,5493032053945654,SYNTH FUND VZEJ,1A,Y,,2026-06-10
NQZQ,600552,5493020154483458,5493067985058317,SYNTH FUND NQZQ,,Y,,2026-06-10
FNND,600553,5493041753017481,5493029812510216,SYNTH FUND FNND,3A,Y,,2026-06-10
XZRH,600554,5493095229165989,5493017279329448,SYNTH FUND XZRH,2A,Y,,2026-06-10
LKQP,600555,5493054147079851,5493061895218238,SYNTH FUND LKQP,3A,N,,2026-06-10
XCRG,600556,5493046762892827,5493049407880714,SYNTH FUND XCRG,3A,N,,2026-06-10
YPVI,600557,5493096607513592,5493089038247635,SYNTH FUND YPVI,2B,Y,,2026-06-10
NLQY,600558,5493025194648890,5493064072419095,SYNTH FUND NLQY,3A,Y,,2026-06-10
RCSJ,600559,5493081625307849,5493031607015145,SYNTH FUND RCSJ,2B,Y,,2026-06-10
YMHP,600560,5493032240722174,5493097870472546,SYNTH FUND YMHP,1A,Y,,2026-06-10
FGEB,600561,5493048956985242,5493067258836554,SYNTH FUND FGEB,3A,N,,2026-06-10
YAEY,600562,5493079476289042,5493047300305437,SYNTH FUND YAEY,2A,Y,,2026-06-10
MOYL,600563,5493074324333764,5493089011355261,SYNTH FUND MOYL,2B,N,,2026-06-10
LHUC,600564,5493056041853416,5493094320009491,SYNTH FUND LHUC,2B,Y,,2026-06-10
ZIEU,600565,5493060578880520,5493091692144233,SYNTH FUND ZIEU,1A,N,,2026-06-10
JIOF,600566,5493007425449897,5493025068198603,SYNTH FUND JIOF,3A,N,,2026-06-10
KIBR,600567,5493064749172835,5493079229321670,SYNTH FUND KIBR,3A,Y,,2026-06-10
JARK,600568,5493049467969599,5493090275734864,SYNTH FUND JARK,1B,Y,,2026-06-10
OAIE,600569,5493078378686725,5493089461032070,SYNTH FUND OAIE,2B,Y,,2026-06-10
MDBK,600570,5493043893258547,5493027654258142,SYNTH FUND MDBK,2A,N,,2026-06-10
UDAD,600571,5493097252828056,5493053492918616,SYNTH FUND UDAD,3A,N,,2026-06-10
SJRS,600572,5493040382036039,5493047734898555,SYNTH FUND SJRS,1A,N,,2026-06-10
OUEH,600573,5493058618238131,5493006437865620,SYNTH FUND OUEH,2A,Y,,2026-06-10
EVDY,600574,,5493002036157290,SYNTH FUND EVDY,,N,,2026-06-10
MRAF,600575,5493085003608753,,SYNTH FUND MRAF,3A,N,,2026-06-10
CWKW,600576,5493061835957559,,SYNTH FUND CWKW,,Y,,2026-06-10
MVUC,600577,5493095152755876,5493084287734306,SYNTH FUND MVUC,3A,Y,,2026-06-10
JINV,600578,5493013979888880,5493035464634686,SYNTH FUND JINV,1B,N,,2026-06-10
UKTO,600579,5493049216583641,5493077564449868,SYNTH FUND UKTO,1B,N,,2026-06-10
SGKX,600580,,5493035762185075,SYNTH FUND SGKX,2A,N,,2026-06-10
CLRI,600581,5493041482080635,5493061637683905,SYNTH FUND CLRI,2A,N,,2026-06-10
FIFB,600582,5493098562641519,5493060487741346,SYNTH FUND FIFB,1A,N,,2026-06-10
PFLL,600583,5493084629855896,5493002450973811,SYNTH FUND PFLL,3A,Y,,2026-06-10
HWXE,600584,5493042178239344,5493099167344604,SYNTH FUND HWXE,3A,N,,2026-06-10
YIBE,600585,5493056545708495,5493009937564653,SYNTH FUND YIBE,2B,N,,2026-06-10
KRAL,600586,5493045073293630,5493039128173523,SYNTH FUND KRAL,3A,Y,,2026-06-10
XPTV,600587,5493018041061991,5493066149979022,SYNTH FUND XPTV,1A,N,,2026-06-10
HXVA,600588,5493097075547732,5493071913947505,SYNTH FUND HXVA,2B,Y,,2026-06-10
EGRB,600589,5493070302425533,5493039055693465,SYNTH FUND EGRB,3A,N,,2026-06-10
BCCU,600101,549300XXHOD8SXSZKY72,549300XXHOD8SXSZKY72,CENTRAL 1 CREDIT UNION,1C,N,,2026-06-17
INBL,600102,549300RH5FFHO48FXT69,549300RH5FFHO48FXT69,INVESTEC BANK LIMITED,2A,Y,,2026-06-17
BANH,600103,B6ARUI4946ST4S7WOU88,B6ARUI4946ST4S7WOU88,BANCO HABITAT,2B,Y,,2026-06-17
WH17,600104,,,WELLINGTON GLOBAL EQUITY FUND 28R5,3A,N,,2026-06-17
SWCD,600105,529900ZM2M8QF6PZDD34,529900ZM2M8QF6PZDD34,SWISS LIFE AG,1B,N,,2026-06-17
BNSC,600106,L3I9ZG2KFGXZ61BMYR72,L3I9ZG2KFGXZ61BMYR72,BANK OF NOVA SCOTIA,1A,N,,2026-06-17
DBFR,600107,7LTWFZYICNSX8D621K86,7LTWFZYICNSX8D621K86,DEUTSCHE BANK A.G.,2A,Y,,2026-06-17
CITI,600108,E57ODZWZ7FF32TWEFA76,E57ODZWZ7FF32TWEFA76,CITIBANK NA,1B,Y,,2026-06-17
MSIL,600109,4PQUHN3JPFGFNF3BB653,4PQUHN3JPFGFNF3BB653,MORGAN STANLEY INTL,2A,Y,,2026-06-17
BIMC,600110,,,BIMCOR INC,3B,N,,2026-06-17
SLVR,600200,5493021105806599,5493050628832740,SYNTH FUND SLVR,,Y,,2026-06-17
VHHW,600201,5493058973419919,5493005448331260,SYNTH FUND VHHW,3A,N,,2026-06-17
XJDS,600202,5493082648265054,5493023789926346,SYNTH FUND XJDS,2A,N,,2026-06-17
GJMP,600203,5493096489915640,5493073454294870,SYNTH FUND GJMP,,Y,,2026-06-17
KGNX,600204,5493063932874415,5493072858012339,SYNTH FUND KGNX,1A,Y,,2026-06-17
HUAW,600205,5493002833103851,5493002739611032,SYNTH FUND HUAW,1A,N,,2026-06-17
ZBUT,600206,5493073147815146,5493021290638880,SYNTH FUND ZBUT,2A,Y,,2026-06-17
WSOI,600207,5493076681560433,5493052018559057,SYNTH FUND WSOI,,Y,,2026-06-17
OQWB,600208,5493009819142620,,SYNTH FUND OQWB,1A,Y,,2026-06-17
KVUS,600209,5493041437752670,5493030891557009,SYNTH FUND KVUS,1B,N,,2026-06-17
ZMLN,600210,5493029421958095,5493024363286625,SYNTH FUND ZMLN,3A,Y,,2026-06-17
YMLA,600211,5493089183689247,,SYNTH FUND YMLA,1B,Y,,2026-06-17
FJPQ,600212,5493021003096886,5493071060944214,SYNTH FUND FJPQ,,Y,,2026-06-17
YDOD,600213,5493051351201011,5493087977306786,SYNTH FUND YDOD,2B,Y,,2026-06-17
BRSD,600214,,5493081217477504,SYNTH FUND BRSD,3A,Y,,2026-06-17
DRHP,600215,5493061226030020,5493063436773812,SYNTH FUND DRHP,2B,N,,2026-06-17
VRXW,600216,5493086899397778,5493027918630111,SYNTH FUND VRXW,2B,N,,2026-06-17
QLII,600217,5493071684669937,5493068481122655,SYNTH FUND QLII,1B,N,,2026-06-17
QHRX,600218,5493097019138279,5493035836460768,SYNTH FUND QHRX,3A,Y,,2026-06-17
DJKD,600219,5493005359066665,5493037160850830,SYNTH FUND DJKD,1B,N,,2026-06-17
SNNA,600220,5493024285310385,5493028909888433,SYNTH FUND SNNA,1B,Y,,2026-06-17
BNZY,600221,5493037938804985,5493017498511383,SYNTH FUND BNZY,,Y,,2026-06-17
WGVE,600222,5493088074754803,5493048083518507,SYNTH FUND WGVE,3A,N,,2026-06-17
RBBC,600223,5493000654053717,5493071114421299,SYNTH FUND RBBC,2A,Y,,2026-06-17
JYZO,600224,5493026178021445,5493085438787857,SYNTH FUND JYZO,3A,Y,,2026-06-17
GBKF,600225,5493058092582827,5493074701904423,SYNTH FUND GBKF,3A,Y,,2026-06-17
UTXT,600226,5493022525578277,,SYNTH FUND UTXT,1B,Y,,2026-06-17
OYET,600227,5493074418496419,,SYNTH FUND OYET,,N,,2026-06-17
VSUE,600228,5493039564343981,,SYNTH FUND VSUE,2B,N,,2026-06-17
IVUW,600229,5493000328867415,5493065467521838,SYNTH FUND IVUW,1B,Y,,2026-06-17
YTFX,600230,5493058133968953,5493013308945154,SYNTH FUND YTFX,1B,N,,2026-06-17
WBNP,600231,5493069308998344,5493055620295200,SYNTH FUND WBNP,,N,,2026-06-17
LWCO,600232,,5493036471275597,SYNTH FUND LWCO,2B,N,,2026-06-17
MROL,600233,5493048122913446,,SYNTH FUND MROL,2A,Y,,2026-06-17
JBLO,600234,5493011293589029,5493025301720155,SYNTH FUND JBLO,,Y,,2026-06-17
DQBG,600235,5493008382996935,5493055577872942,SYNTH FUND DQBG,1A,Y,,2026-06-17
HDZS,600236,5493011494663886,5493050538040125,SYNTH FUND HDZS,2B,Y,,2026-06-17
DZAY,600237,5493044339220242,5493028777241796,SYNTH FUND DZAY,2B,Y,,2026-06-17
CWZF,600238,5493038388253470,5493080394887402,SYNTH FUND CWZF,1B,Y,,2026-06-17
IGHG,600239,5493013622983583,5493029651590263,SYNTH FUND IGHG,,Y,,2026-06-17
TYHY,600240,5493049954603876,5493004366207388,SYNTH FUND TYHY,,N,,2026-06-17
XSJY,600241,5493038352547754,5493009642378715,SYNTH FUND XSJY,1B,Y,,2026-06-17
CAYC,600242,5493009545229641,5493046771574388,SYNTH FUND CAYC,2B,Y,,2026-06-17
SEBE,600243,5493052263540156,5493085918105607,SYNTH FUND SEBE,1A,Y,,2026-06-17
XWIN,600244,5493052651663156,5493094128501407,SYNTH FUND XWIN,2B,N,,2026-06-17
DBMK,600245,5493072032512722,5493071432352266,SYNTH FUND DBMK,2A,N,,2026-06-17
NYFX,600246,5493094373366997,5493003785643065,SYNTH FUND NYFX,,Y,,2026-06-17
OAWS,600247,5493096304396261,5493033666439756,SYNTH FUND OAWS,,Y,,2026-06-17
LMMN,600248,5493009016377691,5493087854986242,SYNTH FUND LMMN,2A,N,,2026-06-17
ZLAB,600249,,5493046323901859,SYNTH FUND ZLAB,,N,,2026-06-17
XHRV,600250,5493053042608180,5493059313113874,SYNTH FUND XHRV,2B,N,,2026-06-17
QLKR,600251,5493035060062959,5493052301309369,SYNTH FUND QLKR,1B,N,,2026-06-17
KRPE,600252,5493070934035240,5493087411520770,SYNTH FUND KRPE,,N,,2026-06-17
MDDO,600253,5493016373265602,5493076428161235,SYNTH FUND MDDO,3A,Y,,2026-06-17
XQHT,600254,5493016694109303,,SYNTH FUND XQHT,1A,N,,2026-06-17
YHAJ,600255,5493085923147112,5493038836222122,SYNTH FUND YHAJ,,N,,2026-06-17
PQWY,600256,5493069464995563,5493094718257350,SYNTH FUND PQWY,2B,Y,,2026-06-17
BLKU,600257,5493036090858500,5493056053878587,SYNTH FUND BLKU,1B,N,,2026-06-17
RLZV,600258,5493067139051039,5493087866827779,SYNTH FUND RLZV,2A,N,,2026-06-17
SSTP,600259,5493023107808788,,SYNTH FUND SSTP,3A,Y,,2026-06-17
OBSR,600260,5493090163916042,5493043136470813,SYNTH FUND OBSR,2B,N,,2026-06-17
TPSL,600261,5493088257253441,,SYNTH FUND TPSL,,N,,2026-06-17
VLPY,600262,5493088185021416,5493076102213562,SYNTH FUND VLPY,2A,Y,,2026-06-17
LWTV,600263,5493067589769904,,SYNTH FUND LWTV,1B,N,,2026-06-17
BMZW,600264,5493001991022846,5493006895613615,SYNTH FUND BMZW,1B,N,,2026-06-17
RSGO,600265,5493059463730102,5493093519936233,SYNTH FUND RSGO,1A,Y,,2026-06-17
HMUM,600266,5493003693053419,5493087788234584,SYNTH FUND HMUM,1A,N,,2026-06-17
PMXU,600267,5493025771259212,5493018088396849,SYNTH FUND PMXU,1A,Y,,2026-06-17
WSET,600268,5493024317836236,5493053082639653,SYNTH FUND WSET,3A,Y,,2026-06-17
LSCW,600269,5493006948564953,,SYNTH FUND LSCW,1B,Y,,2026-06-17
ASGS,600270,5493077070892186,5493048991335686,SYNTH FUND ASGS,2A,Y,,2026-06-17
XLUV,600271,5493018717452693,5493099147682597,SYNTH FUND XLUV,1A,Y,,2026-06-17
DQMM,600272,5493058233214250,5493047190931082,SYNTH FUND DQMM,3A,N,,2026-06-17
WIVY,600273,5493028233468301,5493026865368324,SYNTH FUND WIVY,1A,Y,,2026-06-17
BVOB,600274,5493002543659410,5493046148771583,SYNTH FUND BVOB,3A,Y,,2026-06-17
UHEO,600275,5493049645170327,5493021455556538,SYNTH FUND UHEO,3A,N,,2026-06-17
PPDU,600276,5493092539385033,5493035882133314,SYNTH FUND PPDU,3A,Y,,2026-06-17
HCAZ,600277,,,SYNTH FUND HCAZ,2A,N,,2026-06-17
GWBV,600278,,5493016163564148,SYNTH FUND GWBV,2B,N,,2026-06-17
OFSE,600279,5493027252090698,5493001514952326,SYNTH FUND OFSE,3A,N,,2026-06-17
MVQF,600280,5493029224850240,5493010683852631,SYNTH FUND MVQF,,N,,2026-06-17
DHZL,600281,5493065137539381,5493073988133196,SYNTH FUND DHZL,1B,N,,2026-06-17
TCEI,600282,5493053177941763,5493061152599955,SYNTH FUND TCEI,2B,Y,,2026-06-17
JIYZ,600283,,5493044207945097,SYNTH FUND JIYZ,,Y,,2026-06-17
HONA,600284,5493007058134718,5493021673194228,SYNTH FUND HONA,1A,Y,,2026-06-17
MMYS,600285,5493002144002476,5493077442941545,SYNTH FUND MMYS,3A,Y,,2026-06-17
NASS,600286,5493024290656630,5493024647744923,SYNTH FUND NASS,,Y,,2026-06-17
BEQW,600287,5493099258352578,5493029236586256,SYNTH FUND BEQW,1A,N,,2026-06-17
LEON,600288,5493070079745560,,SYNTH FUND LEON,1A,N,,2026-06-17
EYBP,600289,5493059818631195,5493060873260853,SYNTH FUND EYBP,2B,N,,2026-06-17
HXVO,600290,5493088388956589,5493038519384487,SYNTH FUND HXVO,,Y,,2026-06-17
IXTO,600291,5493038648704997,5493009409830113,SYNTH FUND IXTO,1B,Y,,2026-06-17
WHBF,600292,5493020437980681,5493012515090586,SYNTH FUND WHBF,2A,Y,,2026-06-17
EDRA,600293,5493028853422219,5493018671063299,SYNTH FUND EDRA,1B,N,,2026-06-17
SZTC,600294,5493055913297151,5493086320235458,SYNTH FUND SZTC,1A,N,,2026-06-17
KLQZ,600295,5493037308320964,5493039374641411,SYNTH FUND KLQZ,3A,N,,2026-06-17
VLHG,600296,5493051147890384,5493006839662525,SYNTH FUND VLHG,2A,Y,,2026-06-17
XRRV,600297,,5493025863628793,SYNTH FUND XRRV,1A,N,,2026-06-17
QROI,600298,5493006284131344,5493011040570209,SYNTH FUND QROI,1A,N,,2026-06-17
HJAR,600299,,,SYNTH FUND HJAR,1A,N,,2026-06-17
DWIC,600300,5493051200766056,5493040314058024,SYNTH FUND DWIC,2A,N,,2026-06-17
EBGC,600301,5493038046712710,5493027544549743,SYNTH FUND EBGC,,Y,,2026-06-17
LHWI,600302,5493016129501905,5493076226351936,SYNTH FUND LHWI,3A,N,,2026-06-17
OEDX,600303,5493070542835547,5493037426630148,SYNTH FUND OEDX,2A,N,,2026-06-17
ZGWG,600304,5493029198630179,5493001939702461,SYNTH FUND ZGWG,1B,N,,2026-06-17
GKAP,600305,5493058346043495,5493032217319014,SYNTH FUND GKAP,2B,Y,,2026-06-17
CSLY,600306,5493015667088378,5493085042804818,SYNTH FUND CSLY,3A,N,,2026-06-17
KMDP,600307,5493081733479773,5493087973245095,SYNTH FUND KMDP,1A,Y,,2026-06-17
PWOK,600308,5493065506343454,5493042916653035,SYNTH FUND PWOK,1B,N,,2026-06-17
YOJZ,600309,5493046090219692,5493019691802624,SYNTH FUND YOJZ,,N,,2026-06-17
HUGL,600310,,5493002838534991,SYNTH FUND HUGL,1A,Y,,2026-06-17
WAYD,600311,5493032883053121,5493028975170701,SYNTH FUND WAYD,1A,N,,2026-06-17
BFIJ,600312,5493015716478117,5493015251482365,SYNTH FUND BFIJ,,Y,,2026-06-17
OJCH,600313,5493041027535832,5493013882409140,SYNTH FUND OJCH,1B,N,,2026-06-17
GYYL,600314,5493012529319124,5493007261996440,SYNTH FUND GYYL,3A,Y,,2026-06-17
PYDW,600315,5493025346302311,5493085990013952,SYNTH FUND PYDW,1B,N,,2026-06-17
OOOP,600316,5493070217587859,5493044300253619,SYNTH FUND OOOP,1A,N,,2026-06-17
APAB,600317,5493035585307190,5493051055988917,SYNTH FUND APAB,1A,N,,2026-06-17
NQAF,600318,5493044449746498,5493025431456669,SYNTH FUND NQAF,1B,Y,,2026-06-17
XUHK,600319,5493067991539768,5493004408414242,SYNTH FUND XUHK,1B,N,,2026-06-17
JFDH,600320,5493091803470027,5493052713332710,SYNTH FUND JFDH,2A,N,,2026-06-17
OSED,600321,5493025180615400,5493095217344433,SYNTH FUND OSED,3A,N,,2026-06-17
JGQU,600322,5493043397603349,5493028313009819,SYNTH FUND JGQU,1A,Y,,2026-06-17
HKCZ,600323,5493011926015884,5493033281976049,SYNTH FUND HKCZ,,N,,2026-06-17
IMRD,600324,5493045100129894,5493073813891716,SYNTH FUND IMRD,3A,Y,,2026-06-17
COZZ,600325,5493013542500416,5493064852175164,SYNTH FUND COZZ,2A,N,,2026-06-17
TTCN,600326,5493092323993560,5493005548339874,SYNTH FUND TTCN,1A,N,,2026-06-17
DCWB,600327,5493088909773490,,SYNTH FUND DCWB,1B,N,,2026-06-17
GNCM,600328,5493084691456281,5493016629564242,SYNTH FUND GNCM,1B,Y,,2026-06-17
DACL,600329,5493089654057937,,SYNTH FUND DACL,2B,Y,,2026-06-17
UBDY,600330,5493099697790796,5493076431513545,SYNTH FUND UBDY,1B,Y,,2026-06-17
ZEVO,600331,5493019795786603,5493027826254816,SYNTH FUND ZEVO,1A,Y,,2026-06-17
CNQQ,600332,5493021258820837,5493019641117111,SYNTH FUND CNQQ,1B,Y,,2026-06-17
QNHJ,600333,5493018814611051,5493056501338413,SYNTH FUND QNHJ,3A,N,,2026-06-17
TUSK,600334,5493005085199792,5493023525146899,SYNTH FUND TUSK,1A,Y,,2026-06-17
QGAS,600335,5493090754472481,5493064338651201,SYNTH FUND QGAS,1A,Y,,2026-06-17
JFHQ,600336,5493059337376632,,SYNTH FUND JFHQ,2B,N,,2026-06-17
QFDJ,600337,,5493052765916218,SYNTH FUND QFDJ,3A,Y,,2026-06-17
EGUE,600338,5493048612860452,5493013219489214,SYNTH FUND EGUE,1A,N,,2026-06-17
KADQ,600339,5493076414957893,5493056594362311,SYNTH FUND KADQ,2A,N,,2026-06-17
WLYN,600340,5493099703987927,5493036752237062,SYNTH FUND WLYN,1B,Y,,2026-06-17
XXLA,600341,5493091429420850,5493044228721845,SYNTH FUND XXLA,,N,,2026-06-17
NGXY,600342,5493044282435122,5493091771614106,SYNTH FUND NGXY,1B,N,,2026-06-17
TMGR,600343,5493016236986827,5493023040500617,SYNTH FUND TMGR,,N,,2026-06-17
GOTP,600344,5493067289264563,5493045782030248,SYNTH FUND GOTP,,Y,,2026-06-17
GRAB,600345,5493030555429221,5493041707158449,SYNTH FUND GRAB,1B,N,,2026-06-17
CVJG,600346,5493052097343824,,SYNTH FUND CVJG,1B,Y,,2026-06-17
EBYI,600347,5493084359459286,5493033951281121,SYNTH FUND EBYI,2A,N,,2026-06-17
CMIM,600348,5493052539071033,5493020127411308,SYNTH FUND CMIM,1A,N,,2026-06-17
FNJI,600349,5493000259448098,5493086648156232,SYNTH FUND FNJI,2B,N,,2026-06-17
XSVP,600350,5493069611724836,5493020147246387,SYNTH FUND XSVP,2B,Y,,2026-06-17
XODH,600351,5493061389286095,5493005846974912,SYNTH FUND XODH,3A,Y,,2026-06-17
HNCB,600352,5493063660611992,5493020875171810,SYNTH FUND HNCB,3A,Y,,2026-06-17
MJIL,600353,,5493063241301667,SYNTH FUND MJIL,2A,Y,,2026-06-17
SURB,600354,5493007042764738,5493006685593214,SYNTH FUND SURB,2A,N,,2026-06-17
STSX,600355,5493072561933707,5493057612739453,SYNTH FUND STSX,1B,Y,,2026-06-17
XLWI,600356,5493070360158920,5493046022281341,SYNTH FUND XLWI,3A,Y,,2026-06-17
EQOP,600357,5493055701551304,5493082452461518,SYNTH FUND EQOP,3A,N,,2026-06-17
BJPS,600358,5493009557311091,5493053220006174,SYNTH FUND BJPS,2B,N,,2026-06-17
QKTA,600359,5493036450730237,5493054906534039,SYNTH FUND QKTA,,Y,,2026-06-17
MYCK,600360,5493077169475571,5493095437572897,SYNTH FUND MYCK,1B,N,,2026-06-17
BVYC,600361,5493026003865480,5493003165143264,SYNTH FUND BVYC,2B,Y,,2026-06-17
TZWW,600362,5493024565407106,5493009933654554,SYNTH FUND TZWW,1A,Y,,2026-06-17
ALTE,600363,,5493088780871076,SYNTH FUND ALTE,1A,N,,2026-06-17
FVNU,600364,5493055086401816,,SYNTH FUND FVNU,2A,N,,2026-06-17
BCHD,600365,5493037571745714,,SYNTH FUND BCHD,3A,Y,,2026-06-17
OSUM,600366,,5493027428413271,SYNTH FUND OSUM,1A,N,,2026-06-17
SPJS,600367,5493081173716695,5493000476001475,SYNTH FUND SPJS,1B,Y,,2026-06-17
YUCJ,600368,5493094537201268,5493036384406190,SYNTH FUND YUCJ,1B,N,,2026-06-17
UPHE,600369,5493051873003780,5493083189261758,SYNTH FUND UPHE,2B,N,,2026-06-17
LOEY,600370,5493059685971280,5493031013129401,SYNTH FUND LOEY,2B,Y,,2026-06-17
WPZV,600371,5493081275099863,5493072910379696,SYNTH FUND WPZV,2B,N,,2026-06-17
AUPL,600372,5493046585203494,5493002938243890,SYNTH FUND AUPL,2A,N,,2026-06-17
DXJX,600373,5493019666412208,5493036849920344,SYNTH FUND DXJX,3A,N,,2026-06-17
OWNI,600374,5493068368890533,5493026975285233,SYNTH FUND OWNI,2A,Y,,2026-06-17
DQFC,600375,5493067143975021,5493045523501529,SYNTH FUND DQFC,1B,N,,2026-06-17
TEPN,600376,5493076893724709,5493097748685863,SYNTH FUND TEPN,2B,Y,,2026-06-17
BBDE,600377,5493073674483379,5493023292475902,SYNTH FUND BBDE,,Y,,2026-06-17
LGEF,600378,5493051800823960,5493094831217401,SYNTH FUND LGEF,3A,Y,,2026-06-17
FCIR,600379,5493030711797649,5493008565101288,SYNTH FUND FCIR,3A,N,,2026-06-17
SNYZ,600380,5493016842806675,5493004274225660,SYNTH FUND SNYZ,3A,Y,,2026-06-17
LYEW,600381,,5493084240405987,SYNTH FUND LYEW,,Y,,2026-06-17
TEJB,600382,5493002046518919,5493018358615572,SYNTH FUND TEJB,2A,Y,,2026-06-17
LZND,600383,5493007467634025,5493055880646331,SYNTH FUND LZND,3A,Y,,2026-06-17
EHFN,600384,5493070309264947,5493030697531645,SYNTH FUND EHFN,2A,N,,2026-06-17
QNPR,600385,5493035882272669,5493002548126803,SYNTH FUND QNPR,2A,Y,,2026-06-17
YKXC,600386,,5493081317105396,SYNTH FUND YKXC,,Y,,2026-06-17
TKAC,600387,5493048777807262,5493034724084561,SYNTH FUND TKAC,1B,Y,,2026-06-17
ZAXM,600388,5493001258288576,5493090017576657,SYNTH FUND ZAXM,2A,N,,2026-06-17
SNPL,600389,5493036637847739,5493064317166106,SYNTH FUND SNPL,2A,Y,,2026-06-17
WPJL,600390,,5493085741699064,SYNTH FUND WPJL,2A,Y,,2026-06-17
SJGO,600391,5493083910611864,5493098808064840,SYNTH FUND SJGO,,Y,,2026-06-17
LJXX,600392,5493018703145214,5493039802590574,SYNTH FUND LJXX,3A,Y,,2026-06-17
EUOL,600393,5493007271070707,5493006401322811,SYNTH FUND EUOL,2B,N,,2026-06-17
POGE,600394,5493007087447330,5493084988180798,SYNTH FUND POGE,2A,Y,,2026-06-17
JVVL,600395,5493077467949464,5493068541964957,SYNTH FUND JVVL,2A,Y,,2026-06-17
URAE,600396,,5493096732233255,SYNTH FUND URAE,3A,N,,2026-06-17
YUGU,600397,5493074298497270,5493057640135226,SYNTH FUND YUGU,3A,N,,2026-06-17
GOHW,600398,5493053329220112,5493010470029431,SYNTH FUND GOHW,3A,N,,2026-06-17
GXSP,600399,5493069906669788,5493011020036690,SYNTH FUND GXSP,3A,Y,,2026-06-17
RYMX,600400,5493092514397504,5493004922337495,SYNTH FUND RYMX,3A,Y,,2026-06-17
PYJB,600401,5493068570441461,5493055653300807,SYNTH FUND PYJB,3A,Y,,2026-06-17
RYIW,600402,,5493041840376764,SYNTH FUND RYIW,2B,N,,2026-06-17
GNUT,600403,5493065194948516,,SYNTH FUND GNUT,2A,Y,,2026-06-17
APJR,600404,5493063195974919,5493023532466891,SYNTH FUND APJR,1A,Y,,2026-06-17
MMEL,600405,5493056281776631,,SYNTH FUND MMEL,,N,,2026-06-17
XYHA,600406,,5493063828758228,SYNTH FUND XYHA,2A,N,,2026-06-17
VAKS,600407,5493012605553608,5493077980179339,SYNTH FUND VAKS,2A,N,,2026-06-17
EBNO,600408,5493097896514437,5493066690353492,SYNTH FUND EBNO,2A,Y,,2026-06-17
QJQL,600409,,5493022699109225,SYNTH FUND QJQL,3A,N,,2026-06-17
FKZG,600410,5493004983822266,5493092316867686,SYNTH FUND FKZG,2B,Y,,2026-06-17
FFFR,600411,5493045419316416,5493038951548417,SYNTH FUND FFFR,1B,Y,,2026-06-17
PYDJ,600412,5493014586797515,5493081771580382,SYNTH FUND PYDJ,1B,N,,2026-06-17
DJRI,600413,5493019768550327,5493068074183721,SYNTH FUND DJRI,3A,Y,,2026-06-17
RTOU,600414,5493087755031473,,SYNTH FUND RTOU,3A,N,,2026-06-17
HYAF,600415,5493026238556218,5493025436036819,SYNTH FUND HYAF,2A,Y,,2026-06-17
NONV,600416,5493051301857335,5493044591138096,SYNTH FUND NONV,1B,Y,,2026-06-17
SWNZ,600417,5493047364774142,5493007802207204,SYNTH FUND SWNZ,2A,N,,2026-06-17
VHSX,600418,,5493075360567079,SYNTH FUND VHSX,2B,N,,2026-06-17
CNBY,600419,5493099489320310,5493039945794023,SYNTH FUND CNBY,,Y,,2026-06-17
USJE,600420,5493090252370637,5493092430406699,SYNTH FUND USJE,2B,Y,,2026-06-17
XLYZ,600421,5493084000272815,5493055280706378,SYNTH FUND XLYZ,1A,N,,2026-06-17
XZFC,600422,5493003974142062,5493010268408938,SYNTH FUND XZFC,1B,Y,,2026-06-17
TKUT,600423,,5493018503484502,SYNTH FUND TKUT,2B,N,,2026-06-17
AQKU,600424,5493093267798193,5493045989198643,SYNTH FUND AQKU,3A,Y,,2026-06-17
PONZ,600425,5493038768348941,5493093764936696,SYNTH FUND PONZ,3A,Y,,2026-06-17
TMZM,600426,5493035508019705,5493094778430503,SYNTH FUND TMZM,3A,N,,2026-06-17
DFYL,600427,5493059606479726,5493013468367364,SYNTH FUND DFYL,2B,N,,2026-06-17
FSJJ,600428,5493054743980116,5493068336308279,SYNTH FUND FSJJ,1B,N,,2026-06-17
NAIU,600429,5493082180205229,5493076013342506,SYNTH FUND NAIU,2A,Y,,2026-06-17
FSBI,600430,5493052683672392,5493065039907096,SYNTH FUND FSBI,1B,Y,,2026-06-17
AIME,600431,,5493073829926359,SYNTH FUND AIME,2B,Y,,2026-06-17
MENB,600432,5493099133233867,5493012281434110,SYNTH FUND MENB,1A,Y,,2026-06-17
WOGG,600433,5493055112356804,5493064381948896,SYNTH FUND WOGG,2B,Y,,2026-06-17
VKKB,600434,5493058071729160,5493089211051798,SYNTH FUND VKKB,1A,Y,,2026-06-17
DLFY,600435,5493041263549879,5493014457808808,SYNTH FUND DLFY,2B,Y,,2026-06-17
UYZY,600436,5493091347213579,5493065863313475,SYNTH FUND UYZY,,N,,2026-06-17
PSPH,600437,5493060325056730,5493009606720517,SYNTH FUND PSPH,2B,Y,,2026-06-17
UHCT,600438,5493062630630843,5493007538953530,SYNTH FUND UHCT,,Y,,2026-06-17
KOUH,600439,5493064079336729,,SYNTH FUND KOUH,1A,N,,2026-06-17
AIBV,600440,5493080503310789,5493008155062020,SYNTH FUND AIBV,1A,Y,,2026-06-17
URLN,600441,5493089686468999,5493094196889489,SYNTH FUND URLN,2A,Y,,2026-06-17
FZWX,600442,5493031669823187,5493006078785108,SYNTH FUND FZWX,3A,Y,,2026-06-17
GOMS,600443,5493014770960229,5493029263324645,SYNTH FUND GOMS,1B,N,,2026-06-17
KOVW,600444,5493002280586360,5493033631606510,SYNTH FUND KOVW,1B,Y,,2026-06-17
JPFC,600445,5493058158249893,5493068792179009,SYNTH FUND JPFC,1A,N,,2026-06-17
PFDC,600446,5493013312751550,5493017370857055,SYNTH FUND PFDC,2A,N,,2026-06-17
FQFK,600447,,5493090475575875,SYNTH FUND FQFK,,N,,2026-06-17
FDLL,600448,5493077487995096,5493038297950974,SYNTH FUND FDLL,,Y,,2026-06-17
IOAT,600449,5493029532784108,5493082113655428,SYNTH FUND IOAT,2A,Y,,2026-06-17
EIUZ,600450,5493051191717947,5493056495501408,SYNTH FUND EIUZ,2B,Y,,2026-06-17
MQKF,600451,5493058733240860,5493031381757672,SYNTH FUND MQKF,2A,N,,2026-06-17
KTCU,600452,5493070348347474,5493087934572190,SYNTH FUND KTCU,,N,,2026-06-17
AHAE,600453,5493084459918970,5493051451479937,SYNTH FUND AHAE,2B,N,,2026-06-17
MWBW,600454,5493078274786185,5493022917612742,SYNTH FUND MWBW,2A,Y,,2026-06-17
FNQG,600455,5493072005882500,5493066574314464,SYNTH FUND FNQG,2A,N,,2026-06-17
JGQW,600456,5493001217234825,5493013509492597,SYNTH FUND JGQW,1B,N,,2026-06-17
UCKB,600457,5493032047501902,5493029566016457,SYNTH FUND UCKB,2A,Y,,2026-06-17
RGVZ,600458,5493018702376184,,SYNTH FUND RGVZ,3A,N,,2026-06-17
DTGP,600459,5493036480850765,5493049976708398,SYNTH FUND DTGP,,N,,2026-06-17
EOSD,600460,5493010141862523,,SYNTH FUND EOSD,2A,Y,,2026-06-17
SAQU,600461,5493092968098160,5493059466926854,SYNTH FUND SAQU,1B,Y,,2026-06-17
BUHL,600462,5493033928689778,5493007329889161,SYNTH FUND BUHL,2B,Y,,2026-06-17
ITGM,600463,5493067014943715,5493075881799724,SYNTH FUND ITGM,2B,N,,2026-06-17
VOXT,600464,5493087684822569,5493073741488212,SYNTH FUND VOXT,,Y,,2026-06-17
TJHD,600465,5493030806280991,5493083025302747,SYNTH FUND TJHD,,Y,,2026-06-17
RXAR,600466,5493088877970030,5493061543389473,SYNTH FUND RXAR,3A,N,,2026-06-17
XOBR,600467,5493087868409843,5493057089283995,SYNTH FUND XOBR,,N,,2026-06-17
NKJP,600468,5493004276362675,5493028643525354,SYNTH FUND NKJP,,Y,,2026-06-17
HIEO,600469,5493044019525489,5493044298688594,SYNTH FUND HIEO,2B,Y,,2026-06-17
NYOC,600470,5493035203384810,5493089231467953,SYNTH FUND NYOC,1B,N,,2026-06-17
IBSS,600471,5493073022052473,5493014864756319,SYNTH FUND IBSS,1A,N,,2026-06-17
KTBV,600472,5493050791837897,5493093463627257,SYNTH FUND KTBV,2A,N,,2026-06-17
SEPJ,600473,5493036779482403,5493007847943887,SYNTH FUND SEPJ,1A,Y,,2026-06-17
VLZT,600474,5493083456313030,5493047900601265,SYNTH FUND VLZT,1A,N,,2026-06-17
CUEG,600475,5493044126244232,,SYNTH FUND CUEG,2B,N,,2026-06-17
NJNH,600476,5493028694658952,5493003501680541,SYNTH FUND NJNH,3A,Y,,2026-06-17
GQTU,600477,5493064226381203,5493003038829097,SYNTH FUND GQTU,2A,Y,,2026-06-17
XVEM,600478,5493022687357288,5493015589878859,SYNTH FUND XVEM,3A,N,,2026-06-17
RDCE,600479,5493075233254101,5493044448253162,SYNTH FUND RDCE,2A,N,,2026-06-17
YUAI,600480,5493038616178782,5493065345176198,SYNTH FUND YUAI,,Y,,2026-06-17
BARW,600481,5493079434704719,5493097128138475,SYNTH FUND BARW,2A,N,,2026-06-17
ARQY,600482,5493096424835493,5493084114049418,SYNTH FUND ARQY,2B,Y,,2026-06-17
AYRU,600483,5493058616992780,5493079191126692,SYNTH FUND AYRU,,Y,,2026-06-17
CVVB,600484,5493017788013683,5493040272401214,SYNTH FUND CVVB,1A,N,,2026-06-17
LVCL,600485,5493054357537037,,SYNTH FUND LVCL,,N,,2026-06-17
EYSQ,600486,5493072324576308,5493004723005786,SYNTH FUND EYSQ,,N,,2026-06-17
FDJM,600487,5493008707349071,5493021922719967,SYNTH FUND FDJM,,N,,2026-06-17
DDOM,600488,5493003543657556,5493026097500509,SYNTH FUND DDOM,2B,Y,,2026-06-17
TZDX,600489,5493040030036620,5493006937279904,SYNTH FUND TZDX,3A,Y,,2026-06-17
PRGW,600490,5493097657380657,5493050443704744,SYNTH FUND PRGW,1B,Y,,2026-06-17
RAWK,600491,5493057391624938,5493074765184337,SYNTH FUND RAWK,3A,N,,2026-06-17
MUVJ,600492,5493051065149971,5493094941616620,SYNTH FUND MUVJ,2A,N,,2026-06-17
CBNF,600493,5493091307164510,,SYNTH FUND CBNF,1A,Y,,2026-06-17
TZQM,600494,5493073004106421,5493053550680562,SYNTH FUND TZQM,3A,Y,,2026-06-17
IRUX,600495,5493016765873026,5493077485983731,SYNTH FUND IRUX,1A,N,,2026-06-17
FSIS,600496,,5493056768678072,SYNTH FUND FSIS,1A,N,,2026-06-17
LCKK,600497,5493012504115127,5493061750572199,SYNTH FUND LCKK,2B,Y,,2026-06-17
FPEY,600498,5493086509639247,5493003130538996,SYNTH FUND FPEY,,Y,,2026-06-17
JNGE,600499,5493060625599265,5493085597038685,SYNTH FUND JNGE,1B,N,,2026-06-17
VVFM,600500,,5493081004301447,SYNTH FUND VVFM,2A,Y,,2026-06-17
WVXY,600501,5493025508293685,5493081215245063,SYNTH FUND WVXY,3A,Y,,2026-06-17
USEQ,600502,5493035565673954,5493085503807365,SYNTH FUND USEQ,1B,N,,2026-06-17
JGAS,600503,5493094159282278,5493004994256257,SYNTH FUND JGAS,,Y,,2026-06-17
ZRDG,600504,5493039707730993,5493016934326357,SYNTH FUND ZRDG,,Y,,2026-06-17
ROFC,600505,5493043387060847,5493038082645645,SYNTH FUND ROFC,1A,N,,2026-06-17
AFZR,600506,5493008926735204,5493061791161929,SYNTH FUND AFZR,3A,N,,2026-06-17
HRRM,600507,5493004348530542,5493017121728285,SYNTH FUND HRRM,2A,N,,2026-06-17
NZYQ,600508,5493069519025260,5493044757442322,SYNTH FUND NZYQ,2A,N,,2026-06-17
GLPV,600509,5493057711780543,5493087782849255,SYNTH FUND GLPV,2A,Y,,2026-06-17
WILC,600510,5493011914882508,5493030970526108,SYNTH FUND WILC,1B,N,,2026-06-17
UANU,600511,5493027569816815,5493020638021168,SYNTH FUND UANU,2A,N,,2026-06-17
QWKH,600512,5493082159193515,5493020702132168,SYNTH FUND QWKH,1B,Y,,2026-06-17
BODK,600513,5493056184522424,5493071439087469,SYNTH FUND BODK,,N,,2026-06-17
RQST,600514,5493054455857041,5493092559301121,SYNTH FUND RQST,,Y,,2026-06-17
DJCC,600515,5493011834779725,5493029041470240,SYNTH FUND DJCC,1A,N,,2026-06-17
XXMJ,600516,5493044072698001,5493088746734190,SYNTH FUND XXMJ,2A,Y,,2026-06-17
HRUJ,600517,5493035945196617,5493058823892784,SYNTH FUND HRUJ,1B,Y,,2026-06-17
WRFK,600518,5493063132285379,5493018215694152,SYNTH FUND WRFK,1B,Y,,2026-06-17
QQUD,600519,5493062049503015,5493048334675497,SYNTH FUND QQUD,1A,Y,,2026-06-17
XRGP,600520,5493057995659385,5493066690662613,SYNTH FUND XRGP,1A,Y,,2026-06-17
FJAG,600521,,5493045620878197,SYNTH FUND FJAG,1B,Y,,2026-06-17
JEKR,600522,5493052694619207,5493093121011989,SYNTH FUND JEKR,3A,N,,2026-06-17
WZIB,600523,5493080380684433,5493033738983432,SYNTH FUND WZIB,2B,N,,2026-06-17
VJVY,600524,5493086092745898,5493051488566764,SYNTH FUND VJVY,2A,Y,,2026-06-17
WXPR,600525,5493024983389498,5493018469217840,SYNTH FUND WXPR,1B,Y,,2026-06-17
MLHO,600526,5493093809253340,5493091504984620,SYNTH FUND MLHO,,Y,,2026-06-17
GQXO,600527,5493047927857526,5493018949632116,SYNTH FUND GQXO,1B,N,,2026-06-17
FDCP,600528,5493098960737429,5493079034662277,SYNTH FUND FDCP,2A,N,,2026-06-17
OHWA,600529,5493017020245958,5493023456973760,SYNTH FUND OHWA,,Y,,2026-06-17
OTHB,600530,5493082891276200,5493024729200545,SYNTH FUND OTHB,,Y,,2026-06-17
AQKA,600531,5493039399640772,5493013465967121,SYNTH FUND AQKA,,Y,,2026-06-17
UKFX,600532,5493084653652326,5493007759124274,SYNTH FUND UKFX,1A,N,,2026-06-17
JKFT,600533,5493066504481662,5493021867904387,SYNTH FUND JKFT,3A,Y,,2026-06-17
XDMT,600534,5493017449611570,5493017829591387,SYNTH FUND XDMT,,N,,2026-06-17
XLET,600535,5493096486239136,5493093535979469,SYNTH FUND XLET,1B,Y,,2026-06-17
JLZB,600536,5493039490481115,5493096303847729,SYNTH FUND JLZB,2A,N,,2026-06-17
GVVB,600537,5493023461520404,5493082520705186,SYNTH FUND GVVB,1B,Y,,2026-06-17
ICLR,600538,5493074392327919,5493040268911566,SYNTH FUND ICLR,1A,N,,2026-06-17
HAHE,600539,5493028698642799,5493027859079306,SYNTH FUND HAHE,1A,Y,,2026-06-17
ZVWT,600540,5493026076161986,5493062178578314,SYNTH FUND ZVWT,3A,N,,2026-06-17
CDYW,600541,5493012411468290,5493058505767391,SYNTH FUND CDYW,2B,N,,2026-06-17
ANFO,600542,5493043084584421,5493080327238809,SYNTH FUND ANFO,1A,N,,2026-06-17
XBRT,600543,5493041472915579,5493051187461292,SYNTH FUND XBRT,,N,,2026-06-17
FBLX,600544,5493030273614389,5493084270197655,SYNTH FUND FBLX,,N,,2026-06-17
KUFK,600545,5493050238973864,5493071146120816,SYNTH FUND KUFK,3A,N,,2026-06-17
AQQZ,600546,5493099248012590,5493042755282453,SYNTH FUND AQQZ,1A,N,,2026-06-17
OFPS,600547,5493077122173123,5493083447389725,SYNTH FUND OFPS,,Y,,2026-06-17
KVHR,600548,5493052436337898,5493036412624101,SYNTH FUND KVHR,2B,N,,2026-06-17
VOHW,600549,5493073557200402,5493048988842001,SYNTH FUND VOHW,3A,Y,,2026-06-17
PELE,600550,5493053383000178,5493018882497868,SYNTH FUND PELE,1B,N,,2026-06-17
ZSGH,600551,,5493003910884873,SYNTH FUND ZSGH,3A,Y,,2026-06-17
PCZN,600552,5493051136536110,,SYNTH FUND PCZN,3A,N,,2026-06-17
YTQY,600553,,5493026744031459,SYNTH FUND YTQY,1A,Y,,2026-06-17
GNPT,600554,5493030235285718,5493046946978911,SYNTH FUND GNPT,1A,Y,,2026-06-17
XDMI,600555,5493078327826724,5493057434385646,SYNTH FUND XDMI,3A,Y,,2026-06-17
WGHF,600556,,5493048733919782,SYNTH FUND WGHF,,N,,2026-06-17
IJFA,600557,,5493087525856944,SYNTH FUND IJFA,,N,,2026-06-17
EKHU,600558,5493021387512879,5493043792250823,SYNTH FUND EKHU,2B,Y,,2026-06-17
VPGN,600559,5493000286807520,5493069219217970,SYNTH FUND VPGN,1A,N,,2026-06-17
MNGD,600560,5493022746209326,5493073689035777,SYNTH FUND MNGD,3A,N,,2026-06-17
XFRD,600561,5493065841978787,5493086465049234,SYNTH FUND XFRD,1B,N,,2026-06-17
BUUY,600562,5493003306065364,5493018455037966,SYNTH FUND BUUY,2B,N,,2026-06-17
NDBZ,600563,5493038077175499,5493077078434073,SYNTH FUND NDBZ,1A,N,,2026-06-17
LBRZ,600564,5493079520894758,5493029521805110,SYNTH FUND LBRZ,2B,N,,2026-06-17
DVOX,600565,5493091220607400,5493034783377272,SYNTH FUND DVOX,2A,N,,2026-06-17
OKHN,600566,5493030353560726,5493055716473679,SYNTH FUND OKHN,2A,Y,,2026-06-17
MZGD,600567,5493045587465407,5493051353713091,SYNTH FUND MZGD,2A,N,,2026-06-17
VCHF,600568,5493087141512980,5493053131906189,SYNTH FUND VCHF,3A,N,,2026-06-17
PIKB,600569,5493052861399055,5493027942706690,SYNTH FUND PIKB,2A,Y,,2026-06-17
KMCW,600570,5493016728470988,5493041890210349,SYNTH FUND KMCW,2A,N,,2026-06-17
YZXX,600571,5493003920797095,5493063346951092,SYNTH FUND YZXX,2B,N,,2026-06-17
HMPU,600572,5493084371923474,5493028526424120,SYNTH FUND HMPU,,Y,,2026-06-17
LSIH,600573,5493075222993476,5493024747949181,SYNTH FUND LSIH,2B,N,,2026-06-17
TNMI,600574,5493089570332339,5493094353717454,SYNTH FUND TNMI,1A,N,,2026-06-17
JKXU,600575,5493079847156445,5493019869908391,SYNTH FUND JKXU,1B,N,,2026-06-17
FUSZ,600576,5493099671627093,5493075848328979,SYNTH FUND FUSZ,3A,N,,2026-06-17
YHFY,600577,5493027507293362,5493087015183164,SYNTH FUND YHFY,1A,N,,2026-06-17
GEQY,600578,5493044381403694,5493083659395611,SYNTH FUND GEQY,2A,Y,,2026-06-17
OMRC,600579,5493061750002770,5493080897985777,SYNTH FUND OMRC,2A,Y,,2026-06-17
XAOR,600580,5493049068263437,5493004425832379,SYNTH FUND XAOR,,Y,,2026-06-17
UCGL,600581,5493042004526604,5493035494020823,SYNTH FUND UCGL,1B,N,,2026-06-17
XZGD,600582,5493067748676406,5493096498368091,SYNTH FUND XZGD,1B,Y,,2026-06-17
GGWI,600583,5493042504181848,5493076341576770,SYNTH FUND GGWI,2B,Y,,2026-06-17
QEDJ,600584,5493031685078727,,SYNTH FUND QEDJ,2A,Y,,2026-06-17
JUIB,600585,5493030993955485,5493069151712582,SYNTH FUND JUIB,1A,Y,,2026-06-17
BWXN,600586,5493085356629690,5493026505530440,SYNTH FUND BWXN,1A,Y,,2026-06-17
ALDW,600587,5493090020240019,5493073378905390,SYNTH FUND ALDW,,N,,2026-06-17
EAJW,600588,5493053935216286,5493068007899048,SYNTH FUND EAJW,2B,N,,2026-06-17
OODR,600589,5493065626171685,5493045612736646,SYNTH FUND OODR,3A,Y,,2026-06-17
BCCU,600101,549300XXHOD8SXSZKY72,549300XXHOD8SXSZKY72,CENTRAL 1 CREDIT UNION,1C,Y,,2026-06-24
INBL,600102,549300RH5FFHO48FXT69,549300RH5FFHO48FXT69,INVESTEC BANK LIMITED,2A,Y,,2026-06-24
BANH,600103,B6ARUI4946ST4S7WOU88,B6ARUI4946ST4S7WOU88,BANCO HABITAT,2B,Y,,2026-06-24
WH17,600104,,,WELLINGTON GLOBAL EQUITY FUND 28R5,3A,N,,2026-06-24
SWCD,600105,529900ZM2M8QF6PZDD34,529900ZM2M8QF6PZDD34,SWISS LIFE AG,1B,N,,2026-06-24
BNSC,600106,L3I9ZG2KFGXZ61BMYR72,L3I9ZG2KFGXZ61BMYR72,BANK OF NOVA SCOTIA,1A,Y,,2026-06-24
DBFR,600107,7LTWFZYICNSX8D621K86,7LTWFZYICNSX8D621K86,DEUTSCHE BANK A.G.,2A,Y,,2026-06-24
CITI,600108,E57ODZWZ7FF32TWEFA76,E57ODZWZ7FF32TWEFA76,CITIBANK NA,1B,Y,,2026-06-24
MSIL,600109,4PQUHN3JPFGFNF3BB653,4PQUHN3JPFGFNF3BB653,MORGAN STANLEY INTL,2A,N,,2026-06-24
BIMC,600110,,,BIMCOR INC,3B,N,,2026-06-24
ZUWS,600200,5493035911594776,5493040262800434,SYNTH FUND ZUWS,2A,Y,,2026-06-24
IDNU,600201,5493010890078627,5493087472291775,SYNTH FUND IDNU,3A,N,,2026-06-24
MBHH,600202,5493055917317552,5493042764560012,SYNTH FUND MBHH,2B,Y,,2026-06-24
BDOD,600203,5493046840227404,5493071979681901,SYNTH FUND BDOD,1B,N,,2026-06-24
VJHZ,600204,5493003741338506,5493092928610866,SYNTH FUND VJHZ,1A,N,,2026-06-24
YRQP,600205,5493010863382108,5493005299407456,SYNTH FUND YRQP,1A,N,,2026-06-24
CUAJ,600206,5493004753341217,5493046227154886,SYNTH FUND CUAJ,3A,Y,,2026-06-24
JVLF,600207,5493016566894877,5493019112788679,SYNTH FUND JVLF,3A,N,,2026-06-24
VLZY,600208,5493073511403908,5493013510364495,SYNTH FUND VLZY,2B,Y,,2026-06-24
ZQTB,600209,5493030607516179,5493078672502104,SYNTH FUND ZQTB,2B,Y,,2026-06-24
LYBQ,600210,5493099198742569,5493053220725274,SYNTH FUND LYBQ,3A,N,,2026-06-24
ZSNI,600211,5493019565083826,5493000468500267,SYNTH FUND ZSNI,,Y,,2026-06-24
UERH,600212,5493013933982630,5493044470594294,SYNTH FUND UERH,3A,N,,2026-06-24
BAJG,600213,5493091755264933,5493092283473928,SYNTH FUND BAJG,,N,,2026-06-24
IWGM,600214,5493000950899250,5493036018228355,SYNTH FUND IWGM,2A,N,,2026-06-24
TFXC,600215,5493083778509493,5493052307472260,SYNTH FUND TFXC,1A,Y,,2026-06-24
KVHF,600216,5493081885755216,5493018453867023,SYNTH FUND KVHF,2B,N,,2026-06-24
SOEK,600217,5493020717150341,5493004519214836,SYNTH FUND SOEK,2A,N,,2026-06-24
YZKU,600218,5493014922286856,5493044243163424,SYNTH FUND YZKU,3A,N,,2026-06-24
KBCK,600219,5493001260009019,5493072459718589,SYNTH FUND KBCK,2A,Y,,2026-06-24
RDXQ,600220,5493089528535973,5493075792165865,SYNTH FUND RDXQ,1A,N,,2026-06-24
DHYY,600221,5493062229327917,5493086696087998,SYNTH FUND DHYY,2A,Y,,2026-06-24
KFOM,600222,5493004224443371,5493018007040979,SYNTH FUND KFOM,3A,Y,,2026-06-24
NMIX,600223,5493090762536794,5493007172576239,SYNTH FUND NMIX,3A,Y,,2026-06-24
KUEM,600224,5493085964402732,5493029003831032,SYNTH FUND KUEM,3A,N,,2026-06-24
OPEG,600225,5493061342009204,5493018747484726,SYNTH FUND OPEG,1A,Y,,2026-06-24
SYDA,600226,5493045394375430,5493078126164234,SYNTH FUND SYDA,2B,N,,2026-06-24
DDST,600227,5493053727042912,5493086811682268,SYNTH FUND DDST,,Y,,2026-06-24
XZSJ,600228,5493032149580060,5493076568528879,SYNTH FUND XZSJ,2B,N,,2026-06-24
YVYP,600229,5493054879030157,5493028519573967,SYNTH FUND YVYP,3A,N,,2026-06-24
AHLI,600230,5493086716893745,5493087059345265,SYNTH FUND AHLI,1B,Y,,2026-06-24
VSBN,600231,5493081311858352,5493058217088102,SYNTH FUND VSBN,2B,N,,2026-06-24
HLUV,600232,5493002665485040,5493014076305295,SYNTH FUND HLUV,2A,N,,2026-06-24
GLTG,600233,5493028328830426,5493072799607619,SYNTH FUND GLTG,1A,N,,2026-06-24
JNWR,600234,5493052618603917,5493038384335744,SYNTH FUND JNWR,3A,N,,2026-06-24
MSRD,600235,5493056592092121,5493031420066110,SYNTH FUND MSRD,3A,N,,2026-06-24
EDOD,600236,5493030141843674,5493019599791510,SYNTH FUND EDOD,2A,Y,,2026-06-24
ZGPZ,600237,5493031337360741,,SYNTH FUND ZGPZ,,N,,2026-06-24
RAPK,600238,5493089136081801,5493093465626159,SYNTH FUND RAPK,1A,N,,2026-06-24
MFQZ,600239,5493033560051382,5493096230979004,SYNTH FUND MFQZ,2A,N,,2026-06-24
YLDJ,600240,5493079601686206,5493098579494273,SYNTH FUND YLDJ,1B,Y,,2026-06-24
QFUW,600241,5493001464531650,5493075803560515,SYNTH FUND QFUW,1B,Y,,2026-06-24
SPFM,600242,5493016439262404,5493081551167861,SYNTH FUND SPFM,2B,Y,,2026-06-24
NASB,600243,5493025979728250,5493087358834464,SYNTH FUND NASB,1A,N,,2026-06-24
SMEF,600244,5493006753213496,,SYNTH FUND SMEF,2B,N,,2026-06-24
QZIY,600245,5493078396230885,,SYNTH FUND QZIY,1A,N,,2026-06-24
QWGX,600246,5493022402101297,,SYNTH FUND QWGX,2A,N,,2026-06-24
WRAR,600247,5493001734953751,5493096402635800,SYNTH FUND WRAR,2A,Y,,2026-06-24
RGAY,600248,5493065679686565,5493060275623501,SYNTH FUND RGAY,2A,Y,,2026-06-24
ZCXP,600249,5493079200901320,5493099846167749,SYNTH FUND ZCXP,3A,N,,2026-06-24
BEAD,600250,5493024711860614,5493086075567822,SYNTH FUND BEAD,1B,N,,2026-06-24
NQXR,600251,5493026173090907,5493093230252219,SYNTH FUND NQXR,3A,Y,,2026-06-24
KBXW,600252,5493090368772970,5493019800702063,SYNTH FUND KBXW,,N,,2026-06-24
LCZC,600253,5493037566777878,5493082954077669,SYNTH FUND LCZC,1B,N,,2026-06-24
HGMG,600254,5493071965598817,5493020676750549,SYNTH FUND HGMG,2B,N,,2026-06-24
IJIZ,600255,5493046353748148,5493077704676018,SYNTH FUND IJIZ,3A,N,,2026-06-24
BQJC,600256,5493012843331338,5493029078640939,SYNTH FUND BQJC,1B,N,,2026-06-24
AUMV,600257,5493072936696516,,SYNTH FUND AUMV,1B,N,,2026-06-24
ZAPA,600258,,5493058210474602,SYNTH FUND ZAPA,1A,Y,,2026-06-24
BSVA,600259,5493074503059695,,SYNTH FUND BSVA,3A,N,,2026-06-24
EWWL,600260,5493082165398008,5493082147203996,SYNTH FUND EWWL,1B,N,,2026-06-24
JJDE,600261,5493034040950180,5493052220615118,SYNTH FUND JJDE,,Y,,2026-06-24
RSCC,600262,5493093976172356,5493086521719370,SYNTH FUND RSCC,1B,Y,,2026-06-24
NYXD,600263,5493008382529847,,SYNTH FUND NYXD,2B,Y,,2026-06-24
BNXA,600264,5493047043647830,5493007506434368,SYNTH FUND BNXA,1A,N,,2026-06-24
QTVN,600265,5493070621665893,5493016806129966,SYNTH FUND QTVN,1B,Y,,2026-06-24
GXRI,600266,5493072809577086,5493077147553499,SYNTH FUND GXRI,,Y,,2026-06-24
FHTQ,600267,5493078853657340,5493098645582790,SYNTH FUND FHTQ,1A,Y,,2026-06-24
LTNL,600268,5493065395469085,5493018329748267,SYNTH FUND LTNL,1B,N,,2026-06-24
LURN,600269,,5493059618984444,SYNTH FUND LURN,1B,Y,,2026-06-24
TJMK,600270,5493067487950175,5493049818835437,SYNTH FUND TJMK,2B,N,,2026-06-24
WRMR,600271,5493083774566862,5493086660352430,SYNTH FUND WRMR,3A,Y,,2026-06-24
UEKP,600272,5493066354377243,5493088090210995,SYNTH FUND UEKP,2B,Y,,2026-06-24
IHBV,600273,,5493084427943754,SYNTH FUND IHBV,3A,Y,,2026-06-24
KESV,600274,5493059489454731,5493033284028957,SYNTH FUND KESV,2B,N,,2026-06-24
JJHK,600275,5493058304283399,5493053854114382,SYNTH FUND JJHK,,Y,,2026-06-24
LMVT,600276,5493051696171283,5493079240545471,SYNTH FUND LMVT,,N,,2026-06-24
QAHJ,600277,5493047337206964,5493014866141733,SYNTH FUND QAHJ,2B,N,,2026-06-24
IPVC,600278,5493077378652805,5493028752686860,SYNTH FUND IPVC,1A,N,,2026-06-24
PKOD,600279,5493088690666090,5493036610153825,SYNTH FUND PKOD,1B,N,,2026-06-24
SVAJ,600280,5493002658692457,5493091030156574,SYNTH FUND SVAJ,1B,N,,2026-06-24
RSQK,600281,5493098772729210,5493053534871777,SYNTH FUND RSQK,1B,N,,2026-06-24
SAWB,600282,5493061541225095,5493047668696741,SYNTH FUND SAWB,2A,N,,2026-06-24
OQYZ,600283,5493096830638664,5493012484485585,SYNTH FUND OQYZ,1B,N,,2026-06-24
SFAY,600284,5493035258761831,5493049526355697,SYNTH FUND SFAY,2B,N,,2026-06-24
VVUQ,600285,5493003220903980,5493077143530378,SYNTH FUND VVUQ,2B,N,,2026-06-24
IHSE,600286,5493061509553925,,SYNTH FUND IHSE,3A,N,,2026-06-24
KTXM,600287,5493051763362918,5493031351483649,SYNTH FUND KTXM,1A,N,,2026-06-24
WYOZ,600288,5493015299374977,5493074691358555,SYNTH FUND WYOZ,1A,N,,2026-06-24
VNTP,600289,,5493076697803630,SYNTH FUND VNTP,3A,Y,,2026-06-24
YBCH,600290,5493061535532576,5493078353940907,SYNTH FUND YBCH,,N,,2026-06-24
PMRM,600291,5493020831046095,,SYNTH FUND PMRM,1B,Y,,2026-06-24
GJTY,600292,5493041348600805,5493057514743919,SYNTH FUND GJTY,1B,N,,2026-06-24
IWOP,600293,5493063015344928,5493084970606382,SYNTH FUND IWOP,2A,N,,2026-06-24
SOCK,600294,,5493076447129713,SYNTH FUND SOCK,3A,N,,2026-06-24
SILC,600295,5493002107939054,5493046811585651,SYNTH FUND SILC,2B,Y,,2026-06-24
FKHL,600296,5493052253834159,5493021044818037,SYNTH FUND FKHL,3A,Y,,2026-06-24
SMIM,600297,5493087686473312,5493001064925911,SYNTH FUND SMIM,2B,Y,,2026-06-24
ISPR,600298,5493017622203775,5493011052358808,SYNTH FUND ISPR,2A,Y,,2026-06-24
OMAB,600299,5493065645462173,5493076331081950,SYNTH FUND OMAB,3A,Y,,2026-06-24
VERW,600300,5493029760642338,5493034316402608,SYNTH FUND VERW,1A,N,,2026-06-24
NNBD,600301,5493048931323836,5493051067519486,SYNTH FUND NNBD,,N,,2026-06-24
ITNS,600302,5493017827625417,5493030467605788,SYNTH FUND ITNS,2B,Y,,2026-06-24
HYNI,600303,5493082232697012,5493053176054388,SYNTH FUND HYNI,3A,Y,,2026-06-24
TKIW,600304,5493027687897351,5493036181146514,SYNTH FUND TKIW,1B,N,,2026-06-24
AOVK,600305,,5493036179160562,SYNTH FUND AOVK,2B,N,,2026-06-24
CONV,600306,5493035070553616,5493066469512463,SYNTH FUND CONV,,N,,2026-06-24
TETZ,600307,5493089063873720,5493088979800086,SYNTH FUND TETZ,2A,Y,,2026-06-24
EQHY,600308,5493001356262308,5493008695034527,SYNTH FUND EQHY,1A,Y,,2026-06-24
SDER,600309,5493065066339623,5493052764411425,SYNTH FUND SDER,2B,N,,2026-06-24
SAZP,600310,5493077192514907,5493044153754679,SYNTH FUND SAZP,,Y,,2026-06-24
CQHG,600311,5493050314849020,5493089571554249,SYNTH FUND CQHG,1B,Y,,2026-06-24
IGWV,600312,5493021898742122,5493006929490755,SYNTH FUND IGWV,2B,N,,2026-06-24
ZMTI,600313,5493027392268685,5493031165448683,SYNTH FUND ZMTI,2A,Y,,2026-06-24
YABR,600314,5493041612843295,5493015161427526,SYNTH FUND YABR,3A,Y,,2026-06-24
VMNE,600315,,5493053926803226,SYNTH FUND VMNE,3A,N,,2026-06-24
IATZ,600316,5493050147745221,5493060680782466,SYNTH FUND IATZ,2A,N,,2026-06-24
UFVZ,600317,5493016024227421,,SYNTH FUND UFVZ,2A,Y,,2026-06-24
HXHU,600318,5493025269638424,5493015280315689,SYNTH FUND HXHU,1B,Y,,2026-06-24
RXWN,600319,5493030408574626,5493080141817179,SYNTH FUND RXWN,,Y,,2026-06-24
LTDX,600320,5493094951184042,,SYNTH FUND LTDX,1B,Y,,2026-06-24
XXYY,600321,5493066278322522,5493090363251682,SYNTH FUND XXYY,2A,Y,,2026-06-24
SHBU,600322,5493020233067016,5493040798317840,SYNTH FUND SHBU,,Y,,2026-06-24
LQMY,600323,5493017589555311,5493085286003531,SYNTH FUND LQMY,1A,N,,2026-06-24
HQKC,600324,5493039179140817,5493082009686093,SYNTH FUND HQKC,2A,N,,2026-06-24
THGD,600325,5493051295691939,5493094074997503,SYNTH FUND THGD,1B,Y,,2026-06-24
SHII,600326,5493024455328098,5493081141859410,SYNTH FUND SHII,2B,Y,,2026-06-24
YIOS,600327,5493027408061418,5493012306439849,SYNTH FUND YIOS,2A,Y,,2026-06-24
CCIS,600328,5493042945503317,5493046733974319,SYNTH FUND CCIS,1A,Y,,2026-06-24
SOBO,600329,5493082211361861,5493049826437829,SYNTH FUND SOBO,1A,N,,2026-06-24
XYFP,600330,,5493060203662199,SYNTH FUND XYFP,1A,Y,,2026-06-24
WXIJ,600331,5493093925517534,5493008377092451,SYNTH FUND WXIJ,2B,Y,,2026-06-24
HTEN,600332,,5493011389599220,SYNTH FUND HTEN,2A,Y,,2026-06-24
APIY,600333,5493074253577234,5493045025961145,SYNTH FUND APIY,2B,Y,,2026-06-24
UTVG,600334,,,SYNTH FUND UTVG,3A,N,,2026-06-24
TOYL,600335,5493007787700739,5493029816925475,SYNTH FUND TOYL,3A,N,,2026-06-24
CMID,600336,,5493029858102080,SYNTH FUND CMID,2B,N,,2026-06-24
IPGO,600337,5493031104372083,,SYNTH FUND IPGO,,Y,,2026-06-24
UNGY,600338,5493083994036637,5493005182100543,SYNTH FUND UNGY,2B,N,,2026-06-24
SUUR,600339,5493029347516744,5493001106369390,SYNTH FUND SUUR,,N,,2026-06-24
WJJJ,600340,5493065666595975,5493005246965232,SYNTH FUND WJJJ,1A,Y,,2026-06-24
AOQK,600341,,5493009571452633,SYNTH FUND AOQK,,N,,2026-06-24
OYLA,600342,5493045104113496,5493036928022825,SYNTH FUND OYLA,1B,Y,,2026-06-24
CWQX,600343,5493062014652624,5493068742541514,SYNTH FUND CWQX,,N,,2026-06-24
QQYX,600344,,5493001702393730,SYNTH FUND QQYX,3A,Y,,2026-06-24
AATO,600345,,5493034315094706,SYNTH FUND AATO,1B,Y,,2026-06-24
GABK,600346,5493095947270677,5493046174631993,SYNTH FUND GABK,1A,Y,,2026-06-24
GMHO,600347,5493090477891582,5493089054055752,SYNTH FUND GMHO,3A,N,,2026-06-24
EOPH,600348,5493044288798780,5493026535747935,SYNTH FUND EOPH,1B,N,,2026-06-24
PRZL,600349,5493048622956243,5493041187616638,SYNTH FUND PRZL,1B,N,,2026-06-24
NYBP,600350,,5493095401894882,SYNTH FUND NYBP,1A,N,,2026-06-24
ZEFP,600351,5493049241666303,5493032493267593,SYNTH FUND ZEFP,1A,Y,,2026-06-24
PEHB,600352,5493043241123968,5493003143980843,SYNTH FUND PEHB,3A,N,,2026-06-24
WMOS,600353,5493073336373814,5493071212688881,SYNTH FUND WMOS,3A,N,,2026-06-24
UXXP,600354,5493041249638827,5493066891354435,SYNTH FUND UXXP,1A,Y,,2026-06-24
BCVO,600355,5493080722817136,,SYNTH FUND BCVO,3A,Y,,2026-06-24
IBRV,600356,5493014237968364,5493016301109382,SYNTH FUND IBRV,3A,N,,2026-06-24
EKJX,600357,5493048434406578,5493010275180600,SYNTH FUND EKJX,,N,,2026-06-24
ZCFO,600358,5493062400835676,5493098643369229,SYNTH FUND ZCFO,3A,N,,2026-06-24
BCKY,600359,5493022780733856,5493097515275947,SYNTH FUND BCKY,1A,N,,2026-06-24
XWNS,600360,5493076748012601,5493020859242173,SYNTH FUND XWNS,,Y,,2026-06-24
YRCU,600361,5493027896775329,5493052865223338,SYNTH FUND YRCU,2A,Y,,2026-06-24
RNGS,600362,5493019338177851,5493070768852351,SYNTH FUND RNGS,1B,N,,2026-06-24
EGZA,600363,5493061875127254,5493004422247342,SYNTH FUND EGZA,,N,,2026-06-24
OXLN,600364,5493034064249950,5493045385523435,SYNTH FUND OXLN,1A,Y,,2026-06-24
XSQM,600365,5493080041015461,5493083887693631,SYNTH FUND XSQM,,N,,2026-06-24
ZQRQ,600366,5493040038547581,5493078104094753,SYNTH FUND ZQRQ,2B,Y,,2026-06-24
KPJR,600367,5493024765288702,5493062876519205,SYNTH FUND KPJR,,Y,,2026-06-24
SOTN,600368,,5493059518875660,SYNTH FUND SOTN,3A,N,,2026-06-24
PCWP,600369,5493083647304162,5493011843476339,SYNTH FUND PCWP,3A,Y,,2026-06-24
VWSJ,600370,5493041180098350,5493046428584673,SYNTH FUND VWSJ,,Y,,2026-06-24
FDJR,600371,5493073351228978,5493002310369792,SYNTH FUND FDJR,2B,Y,,2026-06-24
TBGK,600372,5493034333480633,5493088981257593,SYNTH FUND TBGK,2A,N,,2026-06-24
QTIM,600373,5493080167872373,5493043890067260,SYNTH FUND QTIM,1B,Y,,2026-06-24
TECJ,600374,5493017237393410,5493000122218496,SYNTH FUND TECJ,,N,,2026-06-24
XJLF,600375,5493075668440764,,SYNTH FUND XJLF,,N,,2026-06-24
ULZH,600376,5493089403644398,5493022094599232,SYNTH FUND ULZH,1B,Y,,2026-06-24
YKOO,600377,5493069149458528,5493089897668646,SYNTH FUND YKOO,2A,N,,2026-06-24
JHWS,600378,5493036667793933,5493016132425340,SYNTH FUND JHWS,1A,Y,,2026-06-24
VXDO,600379,5493071474017137,,SYNTH FUND VXDO,1A,N,,2026-06-24
PKXO,600380,5493001487560742,5493090478599366,SYNTH FUND PKXO,1B,N,,2026-06-24
ZNKL,600381,5493029161181675,5493054337720183,SYNTH FUND ZNKL,,N,,2026-06-24
OOOF,600382,5493018023284673,,SYNTH FUND OOOF,,N,,2026-06-24
ZXSN,600383,5493016653721383,5493072847741761,SYNTH FUND ZXSN,2B,Y,,2026-06-24
AAGR,600384,5493081085117096,5493054314501576,SYNTH FUND AAGR,3A,Y,,2026-06-24
WIZO,600385,5493059522716994,5493065312994491,SYNTH FUND WIZO,3A,Y,,2026-06-24
FRSM,600386,5493007582800186,5493072556636416,SYNTH FUND FRSM,3A,N,,2026-06-24
EFMN,600387,5493040923535810,5493087248968049,SYNTH FUND EFMN,1A,N,,2026-06-24
LSHU,600388,5493018198375588,5493027032948217,SYNTH FUND LSHU,2B,Y,,2026-06-24
FJHJ,600389,5493081729408669,5493069364810791,SYNTH FUND FJHJ,2A,N,,2026-06-24
PBWX,600390,5493090555740989,5493026433257024,SYNTH FUND PBWX,2B,N,,2026-06-24
FBRD,600391,5493098266998670,5493058126400254,SYNTH FUND FBRD,2B,Y,,2026-06-24
GSCC,600392,5493017276446874,5493088917919055,SYNTH FUND GSCC,3A,Y,,2026-06-24
NELW,600393,5493002555044411,5493061962329515,SYNTH FUND NELW,2B,Y,,2026-06-24
PIXH,600394,5493008307942697,5493038916626830,SYNTH FUND PIXH,2B,Y,,2026-06-24
WSYA,600395,,5493039974702774,SYNTH FUND WSYA,3A,Y,,2026-06-24
RHST,600396,5493084415739586,5493009502234822,SYNTH FUND RHST,3A,Y,,2026-06-24
THMZ,600397,5493004403028913,5493099849157560,SYNTH FUND THMZ,3A,Y,,2026-06-24
QVDW,600398,,5493013587680226,SYNTH FUND QVDW,2B,N,,2026-06-24
TLWZ,600399,5493071828602866,5493028478357120,SYNTH FUND TLWZ,2B,N,,2026-06-24
MNGN,600400,5493006391155775,5493047287422188,SYNTH FUND MNGN,2B,Y,,2026-06-24
UNQX,600401,5493001019539752,5493011006634538,SYNTH FUND UNQX,3A,Y,,2026-06-24
XHVS,600402,5493066191695445,,SYNTH FUND XHVS,2B,N,,2026-06-24
SKFS,600403,5493082211055958,5493058464747416,SYNTH FUND SKFS,1B,N,,2026-06-24
IAGO,600404,5493097965066428,5493006772141748,SYNTH FUND IAGO,3A,Y,,2026-06-24
NQVC,600405,5493022664031121,5493065614825425,SYNTH FUND NQVC,1B,N,,2026-06-24
KWHJ,600406,5493013284699269,5493080252638252,SYNTH FUND KWHJ,,Y,,2026-06-24
YYEB,600407,5493018979537078,5493007423902206,SYNTH FUND YYEB,1A,N,,2026-06-24
XUHD,600408,5493044794136495,5493082709658150,SYNTH FUND XUHD,2A,Y,,2026-06-24
MSGB,600409,5493028475353537,5493018978889778,SYNTH FUND MSGB,2B,Y,,2026-06-24
FERY,600410,5493065629953499,5493032485537451,SYNTH FUND FERY,1A,N,,2026-06-24
HIDA,600411,5493076931927790,5493077208403352,SYNTH FUND HIDA,,N,,2026-06-24
GCHV,600412,5493008238028834,5493079447229793,SYNTH FUND GCHV,,Y,,2026-06-24
MPTF,600413,5493004220668218,5493080227421826,SYNTH FUND MPTF,,N,,2026-06-24
XQSU,600414,5493039174426413,5493037544793145,SYNTH FUND XQSU,1A,N,,2026-06-24
DLPS,600415,5493047429467035,5493022642058049,SYNTH FUND DLPS,1A,Y,,2026-06-24
UFUE,600416,5493059272067240,5493028875361640,SYNTH FUND UFUE,1A,N,,2026-06-24
SZSK,600417,5493075196438294,5493063573969472,SYNTH FUND SZSK,2A,Y,,2026-06-24
IEGL,600418,5493089189214299,,SYNTH FUND IEGL,,Y,,2026-06-24
HQKF,600419,5493076289515780,5493015303667394,SYNTH FUND HQKF,1B,Y,,2026-06-24
LQSV,600420,5493037863860561,5493086414964932,SYNTH FUND LQSV,,N,,2026-06-24
YGHR,600421,,5493049427065431,SYNTH FUND YGHR,,N,,2026-06-24
LLLA,600422,5493032189662200,5493002624076969,SYNTH FUND LLLA,1B,Y,,2026-06-24
YXAV,600423,5493011130051237,5493096057160214,SYNTH FUND YXAV,2A,N,,2026-06-24
HQNS,600424,,5493043701531450,SYNTH FUND HQNS,3A,N,,2026-06-24
UMZD,600425,5493063546516172,5493071246437614,SYNTH FUND UMZD,2A,N,,2026-06-24
QVGD,600426,5493015074584937,5493080486633550,SYNTH FUND QVGD,2A,Y,,2026-06-24
PMXD,600427,5493099986125629,5493085324957381,SYNTH FUND PMXD,2A,N,,2026-06-24
ZUEG,600428,5493096247643143,5493034177668984,SYNTH FUND ZUEG,2A,N,,2026-06-24
ZROD,600429,5493098456788322,5493065830569100,SYNTH FUND ZROD,1A,Y,,2026-06-24
YHQX,600430,5493012961178965,5493006045001491,SYNTH FUND YHQX,,N,,2026-06-24
SZGQ,600431,5493091228574687,5493076946945915,SYNTH FUND SZGQ,,N,,2026-06-24
OPNA,600432,5493054938810491,5493060894145245,SYNTH FUND OPNA,,N,,2026-06-24
HXXO,600433,5493093407331806,5493049490490581,SYNTH FUND HXXO,2B,Y,,2026-06-24
FCBL,600434,5493005553688302,5493007851459746,SYNTH FUND FCBL,2B,N,,2026-06-24
JDBT,600435,5493085697111862,5493004737497586,SYNTH FUND JDBT,1A,Y,,2026-06-24
FQLX,600436,5493037125794025,5493053301882689,SYNTH FUND FQLX,2B,N,,2026-06-24
QYNF,600437,5493048857908576,5493033928972109,SYNTH FUND QYNF,1A,N,,2026-06-24
SXWU,600438,5493041935823873,5493052492387790,SYNTH FUND SXWU,1A,Y,,2026-06-24
ECRE,600439,5493077143454066,5493068636106052,SYNTH FUND ECRE,2A,N,,2026-06-24
JTLL,600440,5493017219920387,5493024254387215,SYNTH FUND JTLL,1A,Y,,2026-06-24
BCMH,600441,5493064759996915,5493085482860009,SYNTH FUND BCMH,,Y,,2026-06-24
ZGEJ,600442,5493000916863571,5493044787416999,SYNTH FUND ZGEJ,1B,Y,,2026-06-24
ZQBT,600443,5493085398874529,5493017758895581,SYNTH FUND ZQBT,3A,N,,2026-06-24
URMI,600444,5493087434893745,5493077759589187,SYNTH FUND URMI,3A,N,,2026-06-24
KMFW,600445,5493043721736985,5493098822151699,SYNTH FUND KMFW,1A,Y,,2026-06-24
FGYY,600446,5493062972967884,5493000633276162,SYNTH FUND FGYY,2B,N,,2026-06-24
TXWT,600447,5493010600918396,5493016556391694,SYNTH FUND TXWT,1A,N,,2026-06-24
DNLB,600448,5493049827662457,5493029235922651,SYNTH FUND DNLB,2B,Y,,2026-06-24
NDQN,600449,5493020678059854,5493034008155228,SYNTH FUND NDQN,3A,N,,2026-06-24
MKKM,600450,5493062004203811,5493073918928048,SYNTH FUND MKKM,1A,Y,,2026-06-24
VPHN,600451,5493075430778571,5493031324515346,SYNTH FUND VPHN,1B,Y,,2026-06-24
MDRW,600452,5493005243188422,5493070579360725,SYNTH FUND MDRW,2B,N,,2026-06-24
DKBU,600453,5493058179020447,5493013604284787,SYNTH FUND DKBU,2A,N,,2026-06-24
CWZX,600454,5493069128944046,5493028400147842,SYNTH FUND CWZX,1B,N,,2026-06-24
LVZP,600455,5493063496175316,5493037590760294,SYNTH FUND LVZP,2B,Y,,2026-06-24
IVIV,600456,,5493003994195733,SYNTH FUND IVIV,,Y,,2026-06-24
PQCD,600457,5493076613204322,5493022618700146,SYNTH FUND PQCD,,N,,2026-06-24
COFA,600458,5493015067932073,5493055566894651,SYNTH FUND COFA,3A,Y,,2026-06-24
SGAD,600459,5493010932793055,5493056262057766,SYNTH FUND SGAD,2A,N,,2026-06-24
VULJ,600460,5493067961809275,5493011723794711,SYNTH FUND VULJ,1A,Y,,2026-06-24
NEBU,600461,5493002041763083,5493011561579692,SYNTH FUND NEBU,2A,Y,,2026-06-24
HUEU,600462,5493066397462010,5493043016878875,SYNTH FUND HUEU,1A,Y,,2026-06-24
DNIR,600463,5493010064206592,5493090650983943,SYNTH FUND DNIR,2A,Y,,2026-06-24
KIBG,600464,,5493024562917378,SYNTH FUND KIBG,2A,N,,2026-06-24
YERC,600465,5493077011338060,5493053760724411,SYNTH FUND YERC,1B,N,,2026-06-24
THZH,600466,5493014514268843,5493069458859883,SYNTH FUND THZH,,Y,,2026-06-24
BVQJ,600467,5493055860650651,5493076731052550,SYNTH FUND BVQJ,2B,N,,2026-06-24
FQGV,600468,5493003701590773,,SYNTH FUND FQGV,,N,,2026-06-24
YOWC,600469,5493036393929419,5493085190481829,SYNTH FUND YOWC,,Y,,2026-06-24
AZST,600470,5493057547978573,5493061201378540,SYNTH FUND AZST,2B,N,,2026-06-24
CZOR,600471,5493048809547678,5493000782909852,SYNTH FUND CZOR,1B,Y,,2026-06-24
SFRI,600472,5493067523276926,5493053449127170,SYNTH FUND SFRI,2A,Y,,2026-06-24
DQWE,600473,5493012884538150,5493082761772446,SYNTH FUND DQWE,2B,Y,,2026-06-24
IQMY,600474,5493007468095149,5493059739691633,SYNTH FUND IQMY,3A,N,,2026-06-24
OASY,600475,5493073757567092,5493088310297389,SYNTH FUND OASY,3A,Y,,2026-06-24
WTDI,600476,5493092207128330,5493012617526648,SYNTH FUND WTDI,1B,N,,2026-06-24
JXXY,600477,5493031342395647,5493020823847789,SYNTH FUND JXXY,1B,N,,2026-06-24
KHUO,600478,5493093414280402,5493011869761605,SYNTH FUND KHUO,2B,N,,2026-06-24
VWKD,600479,,5493072010148166,SYNTH FUND VWKD,1B,N,,2026-06-24
PDZH,600480,5493011906448919,5493004693418042,SYNTH FUND PDZH,,Y,,2026-06-24
ECON,600481,5493021667028328,5493094857230358,SYNTH FUND ECON,3A,N,,2026-06-24
NSYM,600482,5493044283988122,,SYNTH FUND NSYM,1B,Y,,2026-06-24
JXWY,600483,,5493088129054200,SYNTH FUND JXWY,1B,N,,2026-06-24
EVMQ,600484,5493018268112062,5493030327927563,SYNTH FUND EVMQ,,Y,,2026-06-24
IVJH,600485,5493072834426309,5493089238567482,SYNTH FUND IVJH,,N,,2026-06-24
BTNX,600486,5493053657017225,5493041311523041,SYNTH FUND BTNX,2B,Y,,2026-06-24
AAPT,600487,,5493011079025499,SYNTH FUND AAPT,2A,Y,,2026-06-24
ALFB,600488,5493005851509380,5493053109396027,SYNTH FUND ALFB,3A,N,,2026-06-24
MBYW,600489,5493098015457854,5493077713701609,SYNTH FUND MBYW,1A,N,,2026-06-24
ETXX,600490,5493003958348547,5493054667981157,SYNTH FUND ETXX,,N,,2026-06-24
AZVK,600491,5493066127976496,5493077935766748,SYNTH FUND AZVK,,Y,,2026-06-24
GHUW,600492,5493022627548984,5493010810972817,SYNTH FUND GHUW,1A,N,,2026-06-24
BXRG,600493,5493046554318025,5493084873113466,SYNTH FUND BXRG,1A,Y,,2026-06-24
YJQF,600494,5493008515601311,5493036066954098,SYNTH FUND YJQF,2A,Y,,2026-06-24
BXLI,600495,5493009811693072,5493004699069793,SYNTH FUND BXLI,2B,N,,2026-06-24
AWAZ,600496,5493006309525309,5493017494204459,SYNTH FUND AWAZ,1A,Y,,2026-06-24
CBSF,600497,5493043565419233,5493054555202585,SYNTH FUND CBSF,2A,N,,2026-06-24
PLFD,600498,5493038227286836,5493053282400231,SYNTH FUND PLFD,3A,N,,2026-06-24
VMPN,600499,5493052638638557,5493006800011815,SYNTH FUND VMPN,3A,N,,2026-06-24
SVPW,600500,5493015274618490,5493095194561528,SYNTH FUND SVPW,,Y,,2026-06-24
WYPD,600501,,5493018703728989,SYNTH FUND WYPD,1A,N,,2026-06-24
NVUW,600502,5493041804670160,5493019517585881,SYNTH FUND NVUW,1A,Y,,2026-06-24
FWIR,600503,5493099957821539,5493067514905738,SYNTH FUND FWIR,2A,N,,2026-06-24
SOUT,600504,,5493006178272156,SYNTH FUND SOUT,1A,Y,,2026-06-24
WDLJ,600505,5493086838590038,5493003246964851,SYNTH FUND WDLJ,1A,Y,,2026-06-24
GRPZ,600506,5493079467341512,5493039735294782,SYNTH FUND GRPZ,,Y,,2026-06-24
MAYC,600507,5493082388741988,5493091083688720,SYNTH FUND MAYC,2B,Y,,2026-06-24
DEMQ,600508,5493040155978289,5493000131505877,SYNTH FUND DEMQ,3A,N,,2026-06-24
YBYB,600509,5493086670619297,5493094695996608,SYNTH FUND YBYB,3A,N,,2026-06-24
RGDX,600510,5493065596169529,5493033357652568,SYNTH FUND RGDX,3A,N,,2026-06-24
CTAU,600511,,5493083912791949,SYNTH FUND CTAU,3A,Y,,2026-06-24
KZEC,600512,5493023514297966,5493084972062038,SYNTH FUND KZEC,3A,Y,,2026-06-24
HVJT,600513,5493089437124169,5493033583191494,SYNTH FUND HVJT,3A,Y,,2026-06-24
FIJX,600514,5493039233444690,5493072202358475,SYNTH FUND FIJX,2A,N,,2026-06-24
QEUD,600515,,,SYNTH FUND QEUD,,Y,,2026-06-24
AQYO,600516,5493061120970929,5493097125178514,SYNTH FUND AQYO,,Y,,2026-06-24
RPLW,600517,5493027631656386,5493017631333119,SYNTH FUND RPLW,2B,N,,2026-06-24
XIDY,600518,5493081345829856,5493051771543129,SYNTH FUND XIDY,3A,Y,,2026-06-24
CBQY,600519,5493065449890395,5493064360203335,SYNTH FUND CBQY,2A,Y,,2026-06-24
LIAV,600520,5493095083079421,5493026858576530,SYNTH FUND LIAV,2A,N,,2026-06-24
PNWH,600521,5493007068597954,5493033540912311,SYNTH FUND PNWH,1A,N,,2026-06-24
JVRS,600522,5493068003814225,,SYNTH FUND JVRS,,N,,2026-06-24
EPUR,600523,5493058591616925,5493038238929928,SYNTH FUND EPUR,1A,N,,2026-06-24
UJIV,600524,5493069954395008,5493018598008039,SYNTH FUND UJIV,3A,Y,,2026-06-24
MAAK,600525,,5493044750164361,SYNTH FUND MAAK,1B,N,,2026-06-24
UVHB,600526,5493003396047017,5493065975616781,SYNTH FUND UVHB,3A,N,,2026-06-24
WVXG,600527,5493006249782868,5493011552708702,SYNTH FUND WVXG,2B,Y,,2026-06-24
JLVR,600528,5493055051837034,5493064726732044,SYNTH FUND JLVR,1A,N,,2026-06-24
KMZV,600529,5493035083543728,5493063602627308,SYNTH FUND KMZV,,Y,,2026-06-24
ESOJ,600530,5493096735995470,5493072129858698,SYNTH FUND ESOJ,,N,,2026-06-24
QXHP,600531,5493091257672971,5493063288712215,SYNTH FUND QXHP,2B,Y,,2026-06-24
RHTW,600532,5493065591711172,5493062488694915,SYNTH FUND RHTW,,N,,2026-06-24
JGAF,600533,5493004450987218,5493089586401291,SYNTH FUND JGAF,1B,N,,2026-06-24
FUJB,600534,5493019545817626,5493026063469508,SYNTH FUND FUJB,1B,Y,,2026-06-24
CPDM,600535,5493020126829493,5493080930340789,SYNTH FUND CPDM,,Y,,2026-06-24
JJSM,600536,,5493006096358945,SYNTH FUND JJSM,,Y,,2026-06-24
IIXK,600537,5493080178532914,5493012630269384,SYNTH FUND IIXK,2A,Y,,2026-06-24
RLFV,600538,5493022398242700,5493055786807197,SYNTH FUND RLFV,1B,Y,,2026-06-24
AYGA,600539,5493097134019377,5493099100216874,SYNTH FUND AYGA,,N,,2026-06-24
SAGL,600540,5493008038635244,5493079337843359,SYNTH FUND SAGL,1A,N,,2026-06-24
MJRO,600541,5493044227176812,5493041111006671,SYNTH FUND MJRO,1A,N,,2026-06-24
VVNU,600542,5493057005778320,5493044302125933,SYNTH FUND VVNU,3A,Y,,2026-06-24
MVRY,600543,5493083877410904,5493049263353598,SYNTH FUND MVRY,1B,Y,,2026-06-24
XTMN,600544,5493020732091611,5493011442770457,SYNTH FUND XTMN,1A,Y,,2026-06-24
XYIX,600545,5493038098401433,5493081996248874,SYNTH FUND XYIX,1B,Y,,2026-06-24
XTOP,600546,5493083646880411,5493041460828862,SYNTH FUND XTOP,2A,Y,,2026-06-24
NBWU,600547,5493022718214661,5493077120657550,SYNTH FUND NBWU,,Y,,2026-06-24
KXVA,600548,5493081535903863,5493071212532899,SYNTH FUND KXVA,1B,Y,,2026-06-24
CNUU,600549,5493071302103905,5493067512774234,SYNTH FUND CNUU,1A,N,,2026-06-24
MKQH,600550,5493032106007718,5493099535135448,SYNTH FUND MKQH,,Y,,2026-06-24
FODG,600551,5493047491671086,5493092957152287,SYNTH FUND FODG,1A,N,,2026-06-24
MFFB,600552,5493082155208283,5493018000731456,SYNTH FUND MFFB,2B,Y,,2026-06-24
OSOO,600553,5493056477920194,5493063094078512,SYNTH FUND OSOO,3A,Y,,2026-06-24
ULBB,600554,5493060476158673,5493022415550184,SYNTH FUND ULBB,2A,N,,2026-06-24
KHAR,600555,5493044846269938,5493029344209529,SYNTH FUND KHAR,3A,Y,,2026-06-24
QQEB,600556,5493058180375583,5493017141572802,SYNTH FUND QQEB,2B,Y,,2026-06-24
UXOU,600557,5493041968791376,5493065645567919,SYNTH FUND UXOU,3A,Y,,2026-06-24
ZOXW,600558,5493012164675028,5493005317623922,SYNTH FUND ZOXW,1B,Y,,2026-06-24
YFWT,600559,5493089112130094,5493056717299586,SYNTH FUND YFWT,2A,N,,2026-06-24
QLQJ,600560,5493041306900518,5493014341320855,SYNTH FUND QLQJ,3A,Y,,2026-06-24
SHKI,600561,5493063303781113,5493068239016424,SYNTH FUND SHKI,1B,Y,,2026-06-24
HNBP,600562,5493012673179265,5493073143626464,SYNTH FUND HNBP,2A,Y,,2026-06-24
GHCV,600563,,,SYNTH FUND GHCV,2B,N,,2026-06-24
LHXR,600564,5493043579857192,5493043223014757,SYNTH FUND LHXR,1B,N,,2026-06-24
RKCN,600565,5493062865103495,5493069261460222,SYNTH FUND RKCN,2B,N,,2026-06-24
RWRW,600566,5493060892154312,5493077647269235,SYNTH FUND RWRW,,Y,,2026-06-24
HUTV,600567,5493057037225123,5493044198965058,SYNTH FUND HUTV,1B,Y,,2026-06-24
TMOE,600568,5493023053907744,5493064202303653,SYNTH FUND TMOE,2B,Y,,2026-06-24
ONES,600569,5493068363633191,5493026628382364,SYNTH FUND ONES,1A,Y,,2026-06-24
PLCH,600570,5493011043772617,5493074596373229,SYNTH FUND PLCH,1B,N,,2026-06-24
TBKF,600571,,5493005845699896,SYNTH FUND TBKF,2B,N,,2026-06-24
HDIL,600572,5493011560837816,5493032971404575,SYNTH FUND HDIL,1B,N,,2026-06-24
UXIX,600573,5493001549939578,5493089339303414,SYNTH FUND UXIX,1B,N,,2026-06-24
HMOH,600574,5493026236978129,5493098361389573,SYNTH FUND HMOH,1A,N,,2026-06-24
WKKW,600575,,5493040181077627,SYNTH FUND WKKW,1A,N,,2026-06-24
VJXT,600576,5493080004173690,5493026497690126,SYNTH FUND VJXT,3A,Y,,2026-06-24
CDGN,600577,5493087102594596,5493083937714212,SYNTH FUND CDGN,2A,N,,2026-06-24
DVUF,600578,5493061832422920,5493062282536486,SYNTH FUND DVUF,1A,N,,2026-06-24
INFS,600579,5493030293738393,5493071608990229,SYNTH FUND INFS,1B,Y,,2026-06-24
MWYQ,600580,5493016243633261,5493082830309173,SYNTH FUND MWYQ,1B,N,,2026-06-24
FURG,600581,5493032461605874,5493040054706673,SYNTH FUND FURG,2B,Y,,2026-06-24
DPTD,600582,5493057345443956,5493035854639085,SYNTH FUND DPTD,3A,Y,,2026-06-24
YEVC,600583,5493085457836638,5493028733463394,SYNTH FUND YEVC,2A,Y,,2026-06-24
WWZJ,600584,5493091306968267,5493090880997330,SYNTH FUND WWZJ,2A,N,,2026-06-24
IHXG,600585,5493088021642103,5493057864111001,SYNTH FUND IHXG,1A,Y,,2026-06-24
IJGH,600586,5493073000304790,5493081077133998,SYNTH FUND IJGH,3A,N,,2026-06-24
FYKY,600587,5493024718683137,5493053726201291,SYNTH FUND FYKY,3A,N,,2026-06-24
WRJZ,600588,5493004066571311,,SYNTH FUND WRJZ,,Y,,2026-06-24
CAHH,600589,5493057210694759,5493018523095792,SYNTH FUND CAHH,1B,Y,,2026-06-24
BCCU,600101,549300XXHOD8SXSZKY72,549300XXHOD8SXSZKY72,CENTRAL 1 CREDIT UNION,1C,Y,,2026-07-01
INBL,600102,549300RH5FFHO48FXT69,549300RH5FFHO48FXT69,INVESTEC BANK LIMITED,2A,N,,2026-07-01
BANH,600103,B6ARUI4946ST4S7WOU88,B6ARUI4946ST4S7WOU88,BANCO HABITAT,2B,Y,,2026-07-01
WH17,600104,,,WELLINGTON GLOBAL EQUITY FUND 28R5,3A,N,,2026-07-01
SWCD,600105,529900ZM2M8QF6PZDD34,529900ZM2M8QF6PZDD34,SWISS LIFE AG,1B,N,,2026-07-01
BNSC,600106,L3I9ZG2KFGXZ61BMYR72,L3I9ZG2KFGXZ61BMYR72,BANK OF NOVA SCOTIA,1A,Y,,2026-07-01
DBFR,600107,7LTWFZYICNSX8D621K86,7LTWFZYICNSX8D621K86,DEUTSCHE BANK A.G.,2A,N,,2026-07-01
CITI,600108,E57ODZWZ7FF32TWEFA76,E57ODZWZ7FF32TWEFA76,CITIBANK NA,1B,N,,2026-07-01
MSIL,600109,4PQUHN3JPFGFNF3BB653,4PQUHN3JPFGFNF3BB653,MORGAN STANLEY INTL,2A,Y,,2026-07-01
BIMC,600110,,,BIMCOR INC,3B,Y,,2026-07-01
VFYG,600200,5493056462422996,,SYNTH FUND VFYG,1B,N,,2026-07-01
HKTH,600201,5493072248754565,5493046020462860,SYNTH FUND HKTH,,Y,,2026-07-01
ZJAP,600202,5493059345872794,5493028365473211,SYNTH FUND ZJAP,,Y,,2026-07-01
UUAJ,600203,5493094347299424,5493064611825296,SYNTH FUND UUAJ,2A,N,,2026-07-01
UKLF,600204,5493080918173223,,SYNTH FUND UKLF,,Y,,2026-07-01
EWRT,600205,,5493085188664365,SYNTH FUND EWRT,1A,N,,2026-07-01
WAIM,600206,5493006340414689,5493089048472032,SYNTH FUND WAIM,2B,N,,2026-07-01
SWJK,600207,5493059050414572,5493073958703137,SYNTH FUND SWJK,2A,N,,2026-07-01
CQWL,600208,5493026144343116,,SYNTH FUND CQWL,2B,Y,,2026-07-01
MFVH,600209,5493087907573535,5493052206000650,SYNTH FUND MFVH,1A,Y,,2026-07-01
WTQT,600210,5493000721949245,5493052344642522,SYNTH FUND WTQT,2A,N,,2026-07-01
MYHN,600211,5493053265329208,5493005077421508,SYNTH FUND MYHN,1A,Y,,2026-07-01
FSIX,600212,5493003929610928,5493075638462851,SYNTH FUND FSIX,3A,N,,2026-07-01
PXMH,600213,5493090369625188,,SYNTH FUND PXMH,1B,Y,,2026-07-01
GJBJ,600214,5493000373618694,,SYNTH FUND GJBJ,3A,Y,,2026-07-01
PGKB,600215,5493093354691710,5493056474398641,SYNTH FUND PGKB,2B,Y,,2026-07-01
AIFI,600216,5493036782507276,5493088816388138,SYNTH FUND AIFI,2B,Y,,2026-07-01
QZPG,600217,5493076262897445,5493094148282778,SYNTH FUND QZPG,,Y,,2026-07-01
HNII,600218,5493094968294412,5493064123479574,SYNTH FUND HNII,2B,Y,,2026-07-01
DYPL,600219,5493076294705677,5493040618672192,SYNTH FUND DYPL,2B,N,,2026-07-01
SNKL,600220,5493036080958421,5493063722580748,SYNTH FUND SNKL,2A,Y,,2026-07-01
DIEK,600221,5493069545553229,5493071947896891,SYNTH FUND DIEK,2A,N,,2026-07-01
ZJGC,600222,5493061513940352,5493076362246308,SYNTH FUND ZJGC,1A,N,,2026-07-01
LZVQ,600223,5493008029489661,5493041627741822,SYNTH FUND LZVQ,3A,Y,,2026-07-01
QPEA,600224,5493046865946235,,SYNTH FUND QPEA,2B,Y,,2026-07-01
EOBZ,600225,,5493041362827278,SYNTH FUND EOBZ,2A,Y,,2026-07-01
JWCU,600226,5493002647113882,5493095726389228,SYNTH FUND JWCU,1A,N,,2026-07-01
ASSM,600227,5493036559993185,5493088999951662,SYNTH FUND ASSM,2A,Y,,2026-07-01
QZKP,600228,5493043020307986,5493047273139324,SYNTH FUND QZKP,2A,N,,2026-07-01
ALYI,600229,5493001437818291,5493066334404190,SYNTH FUND ALYI,2B,Y,,2026-07-01
ORZC,600230,,5493077314834610,SYNTH FUND ORZC,2A,N,,2026-07-01
NWNX,600231,5493075857084428,5493012522483709,SYNTH FUND NWNX,1A,N,,2026-07-01
CMYX,600232,5493063516861194,5493056916757947,SYNTH FUND CMYX,3A,N,,2026-07-01
USMG,600233,5493065203740087,5493089911135057,SYNTH FUND USMG,2A,Y,,2026-07-01
OMLC,600234,5493065054967625,5493035143950709,SYNTH FUND OMLC,3A,N,,2026-07-01
CJRF,600235,5493055597245100,5493044594069546,SYNTH FUND CJRF,1A,Y,,2026-07-01
APCE,600236,5493073878724126,,SYNTH FUND APCE,3A,Y,,2026-07-01
PGML,600237,5493073484593511,5493074458249059,SYNTH FUND PGML,1A,N,,2026-07-01
LWRJ,600238,5493074228419808,5493036230326853,SYNTH FUND LWRJ,2B,N,,2026-07-01
HFVV,600239,5493097557052009,5493034169453225,SYNTH FUND HFVV,3A,N,,2026-07-01
VLFD,600240,5493018544199799,5493078907970159,SYNTH FUND VLFD,3A,Y,,2026-07-01
WPAJ,600241,5493073845959980,5493011395884887,SYNTH FUND WPAJ,,Y,,2026-07-01
YSGS,600242,5493014493529800,5493047156726112,SYNTH FUND YSGS,3A,Y,,2026-07-01
MRSM,600243,5493017968045713,5493000782901720,SYNTH FUND MRSM,2A,N,,2026-07-01
EFCC,600244,5493002678780254,5493017625280875,SYNTH FUND EFCC,1A,Y,,2026-07-01
IXPV,600245,5493029091147854,5493051660820795,SYNTH FUND IXPV,1A,N,,2026-07-01
KTMX,600246,5493046832841569,5493085798849603,SYNTH FUND KTMX,2B,N,,2026-07-01
YDVF,600247,5493099849443093,5493020348602896,SYNTH FUND YDVF,3A,Y,,2026-07-01
PQGS,600248,5493013629511712,5493044755981002,SYNTH FUND PQGS,1A,Y,,2026-07-01
ZXJK,600249,5493031305024196,5493027336436886,SYNTH FUND ZXJK,2B,Y,,2026-07-01
TEQK,600250,5493061606840378,5493018664419049,SYNTH FUND TEQK,1A,N,,2026-07-01
ILMK,600251,5493042259268243,5493094116733012,SYNTH FUND ILMK,3A,Y,,2026-07-01
YAPL,600252,5493076147464266,5493099989515421,SYNTH FUND YAPL,1A,N,,2026-07-01
LXBS,600253,5493018231656194,5493054277798599,SYNTH FUND LXBS,,N,,2026-07-01
NOXI,600254,5493079366240011,5493048547177807,SYNTH FUND NOXI,1A,Y,,2026-07-01
HMLS,600255,5493029251070452,5493042102930861,SYNTH FUND HMLS,1A,N,,2026-07-01
TMZA,600256,5493062474282533,5493066835275137,SYNTH FUND TMZA,3A,N,,2026-07-01
KZBO,600257,5493003744984657,5493038461615399,SYNTH FUND KZBO,2A,Y,,2026-07-01
KLHN,600258,5493069131072318,5493036239950804,SYNTH FUND KLHN,,N,,2026-07-01
WZUV,600259,,5493020592165975,SYNTH FUND WZUV,2B,N,,2026-07-01
CYBF,600260,5493017491152619,5493045256818111,SYNTH FUND CYBF,2A,N,,2026-07-01
BXSZ,600261,5493021815806251,5493026558905744,SYNTH FUND BXSZ,2A,Y,,2026-07-01
KCIP,600262,5493091818130629,,SYNTH FUND KCIP,2B,N,,2026-07-01
JFUX,600263,5493094331324820,5493089092219785,SYNTH FUND JFUX,2A,Y,,2026-07-01
DCOK,600264,5493023577892400,5493084864075983,SYNTH FUND DCOK,3A,N,,2026-07-01
OHCU,600265,,5493085584005950,SYNTH FUND OHCU,2A,N,,2026-07-01
PTYT,600266,5493054563728399,5493016868066536,SYNTH FUND PTYT,3A,N,,2026-07-01
ICWT,600267,5493074993901198,5493031232085774,SYNTH FUND ICWT,1A,Y,,2026-07-01
XRJG,600268,5493050955393277,5493047079848698,SYNTH FUND XRJG,1A,Y,,2026-07-01
PLTO,600269,5493053311187136,5493038581228069,SYNTH FUND PLTO,3A,Y,,2026-07-01
EKYE,600270,5493029680382548,5493064072248692,SYNTH FUND EKYE,3A,N,,2026-07-01
MSID,600271,5493076852832039,,SYNTH FUND MSID,3A,Y,,2026-07-01
QOEE,600272,5493062620013201,5493002846926984,SYNTH FUND QOEE,1A,Y,,2026-07-01
NUJD,600273,5493050599266280,5493040165344614,SYNTH FUND NUJD,1A,N,,2026-07-01
YZKX,600274,5493037528668747,5493052038994148,SYNTH FUND YZKX,2A,Y,,2026-07-01
NJDJ,600275,5493007548494543,5493027790299182,SYNTH FUND NJDJ,,N,,2026-07-01
UKOW,600276,5493033040223221,5493025461054387,SYNTH FUND UKOW,1B,Y,,2026-07-01
QZAI,600277,5493014099704843,5493052319090147,SYNTH FUND QZAI,1B,N,,2026-07-01
SWHO,600278,5493080974137469,5493025258293038,SYNTH FUND SWHO,3A,N,,2026-07-01
MNXX,600279,5493008122919457,5493070292663380,SYNTH FUND MNXX,1A,N,,2026-07-01
TDLB,600280,5493016432150589,5493083765374448,SYNTH FUND TDLB,2A,N,,2026-07-01
VSTQ,600281,5493025152026757,5493065316265014,SYNTH FUND VSTQ,1A,Y,,2026-07-01
WXSH,600282,5493034514976974,5493023997867793,SYNTH FUND WXSH,3A,Y,,2026-07-01
DPIN,600283,5493034579728964,5493025151894148,SYNTH FUND DPIN,2B,Y,,2026-07-01
HDJK,600284,,5493025045230317,SYNTH FUND HDJK,2A,N,,2026-07-01
HLHL,600285,5493070231453889,5493091240856796,SYNTH FUND HLHL,,Y,,2026-07-01
FSDA,600286,5493003188263249,5493006479659267,SYNTH FUND FSDA,1B,N,,2026-07-01
GSNT,600287,,5493005061073977,SYNTH FUND GSNT,3A,Y,,2026-07-01
MWHW,600288,5493041788089288,5493042267080792,SYNTH FUND MWHW,3A,Y,,2026-07-01
SQHB,600289,5493034795718319,5493086465605318,SYNTH FUND SQHB,1B,Y,,2026-07-01
MGJI,600290,5493037228683380,5493087016927745,SYNTH FUND MGJI,2B,Y,,2026-07-01
VYJW,600291,5493072123403044,5493088331281901,SYNTH FUND VYJW,2B,N,,2026-07-01
NPAR,600292,5493058045201549,5493018939959479,SYNTH FUND NPAR,1B,Y,,2026-07-01
PSWG,600293,5493076272777766,5493069226728578,SYNTH FUND PSWG,1A,N,,2026-07-01
MARO,600294,5493085857942801,5493055154337559,SYNTH FUND MARO,1B,N,,2026-07-01
XYVV,600295,5493005690229436,5493005643869448,SYNTH FUND XYVV,2A,N,,2026-07-01
FNYS,600296,5493073871836639,5493082381551706,SYNTH FUND FNYS,1B,Y,,2026-07-01
VPKW,600297,5493095286746980,5493057914809226,SYNTH FUND VPKW,2A,N,,2026-07-01
KDGW,600298,5493066208788994,5493099143252201,SYNTH FUND KDGW,3A,Y,,2026-07-01
HZOM,600299,5493039610885025,5493017417234758,SYNTH FUND HZOM,,Y,,2026-07-01
HJAI,600300,5493024941455824,5493012451881133,SYNTH FUND HJAI,1B,Y,,2026-07-01
KFRH,600301,5493058816076512,5493051137691782,SYNTH FUND KFRH,3A,N,,2026-07-01
VWZZ,600302,5493081530032952,5493026415815219,SYNTH FUND VWZZ,1A,N,,2026-07-01
GKLO,600303,5493084312554648,5493045149427707,SYNTH FUND GKLO,1B,N,,2026-07-01
OQKC,600304,,5493082138545408,SYNTH FUND OQKC,1B,Y,,2026-07-01
DNTF,600305,5493078841329517,5493084649897716,SYNTH FUND DNTF,2A,Y,,2026-07-01
PFLW,600306,5493032360989265,5493030135202458,SYNTH FUND PFLW,,Y,,2026-07-01
XSYD,600307,5493009271562147,5493008896646785,SYNTH FUND XSYD,,Y,,2026-07-01
MGWP,600308,5493053635609588,5493084088964652,SYNTH FUND MGWP,3A,Y,,2026-07-01
GIUS,600309,5493042156302976,5493063879255985,SYNTH FUND GIUS,1B,N,,2026-07-01
VAGW,600310,5493070732882051,5493011119069878,SYNTH FUND VAGW,1B,N,,2026-07-01
MLAW,600311,5493061580310240,5493071054382789,SYNTH FUND MLAW,1B,Y,,2026-07-01
SHMY,600312,5493079358951890,5493086403936405,SYNTH FUND SHMY,1A,N,,2026-07-01
MNSK,600313,5493041623203289,5493062588180700,SYNTH FUND MNSK,1B,Y,,2026-07-01
EXBD,600314,5493042291423191,5493005568693453,SYNTH FUND EXBD,3A,N,,2026-07-01
EPJS,600315,5493013650337952,5493007114530912,SYNTH FUND EPJS,2B,Y,,2026-07-01
WBTU,600316,5493017976953018,5493096312516335,SYNTH FUND WBTU,2B,Y,,2026-07-01
GVNJ,600317,5493051199761678,,SYNTH FUND GVNJ,2B,N,,2026-07-01
EDSF,600318,5493038607203918,5493064762982920,SYNTH FUND EDSF,3A,N,,2026-07-01
LSAT,600319,5493076036937620,,SYNTH FUND LSAT,2B,Y,,2026-07-01
XJQQ,600320,5493009235245618,,SYNTH FUND XJQQ,3A,Y,,2026-07-01
DMKV,600321,5493072475971320,5493095934748608,SYNTH FUND DMKV,,Y,,2026-07-01
DJBW,600322,5493019803642815,5493072078638470,SYNTH FUND DJBW,2A,N,,2026-07-01
IQCX,600323,5493041737009299,5493065779196419,SYNTH FUND IQCX,2B,Y,,2026-07-01
JRIA,600324,5493050568075417,5493095189243748,SYNTH FUND JRIA,3A,Y,,2026-07-01
IRFJ,600325,5493032090647071,5493035865744276,SYNTH FUND IRFJ,1B,Y,,2026-07-01
PQWN,600326,5493045816813794,5493076279990184,SYNTH FUND PQWN,1A,Y,,2026-07-01
XZLP,600327,5493073145602639,5493049674792605,SYNTH FUND XZLP,,N,,2026-07-01
DSFV,600328,5493028812378187,5493000238933535,SYNTH FUND DSFV,2A,Y,,2026-07-01
FSQM,600329,5493044956231074,5493008285272468,SYNTH FUND FSQM,3A,N,,2026-07-01
CRRF,600330,5493063267982729,5493080475199346,SYNTH FUND CRRF,2B,N,,2026-07-01
LIHX,600331,5493041769399885,5493092932385810,SYNTH FUND LIHX,,Y,,2026-07-01
DIEK,600332,5493075243157113,5493067298727056,SYNTH FUND DIEK,1B,Y,,2026-07-01
IWRA,600333,5493047588040221,5493063568271840,SYNTH FUND IWRA,1A,Y,,2026-07-01
WHLR,600334,5493042619558987,5493052541137301,SYNTH FUND WHLR,1A,N,,2026-07-01
DKPG,600335,5493067694065200,5493017201970479,SYNTH FUND DKPG,2B,Y,,2026-07-01
PGVR,600336,5493069520528866,5493043057214537,SYNTH FUND PGVR,1A,Y,,2026-07-01
JSYA,600337,5493039484904766,5493005581681946,SYNTH FUND JSYA,1B,Y,,2026-07-01
GEYJ,600338,5493063442615025,5493007431924642,SYNTH FUND GEYJ,2A,N,,2026-07-01
PDWT,600339,5493045983655019,5493002537125446,SYNTH FUND PDWT,3A,Y,,2026-07-01
YPKH,600340,5493012525787298,5493060328440254,SYNTH FUND YPKH,2B,Y,,2026-07-01
DBXX,600341,,5493058182891140,SYNTH FUND DBXX,2A,Y,,2026-07-01
TRHR,600342,,5493017869678191,SYNTH FUND TRHR,2A,N,,2026-07-01
RJOW,600343,5493015804448537,5493006418735154,SYNTH FUND RJOW,,N,,2026-07-01
NBVH,600344,5493056774007557,5493042471740430,SYNTH FUND NBVH,3A,Y,,2026-07-01
LKMO,600345,5493009475242893,5493003828344759,SYNTH FUND LKMO,2A,N,,2026-07-01
ANBS,600346,5493020913431238,5493019722695837,SYNTH FUND ANBS,1B,N,,2026-07-01
HXHI,600347,5493094692703978,5493051095238242,SYNTH FUND HXHI,1A,N,,2026-07-01
RTAE,600348,5493067638908878,5493003926697403,SYNTH FUND RTAE,2A,Y,,2026-07-01
KJJH,600349,5493009336127792,5493017936275740,SYNTH FUND KJJH,2B,Y,,2026-07-01
FYXS,600350,5493059181040346,5493010912910131,SYNTH FUND FYXS,2A,Y,,2026-07-01
BKTN,600351,5493050175900679,5493002225646666,SYNTH FUND BKTN,1A,N,,2026-07-01
QJSZ,600352,5493061496025225,5493090750605640,SYNTH FUND QJSZ,,Y,,2026-07-01
WXAC,600353,,5493089007534765,SYNTH FUND WXAC,,N,,2026-07-01
VYKQ,600354,5493078337654165,5493008190749326,SYNTH FUND VYKQ,,Y,,2026-07-01
CWYR,600355,5493036627936913,5493086587586468,SYNTH FUND CWYR,3A,N,,2026-07-01
WCYK,600356,5493015258886636,5493086844368933,SYNTH FUND WCYK,1B,N,,2026-07-01
YTUI,600357,5493099722636211,5493076746482464,SYNTH FUND YTUI,1B,N,,2026-07-01
XBAX,600358,5493071520138925,,SYNTH FUND XBAX,3A,Y,,2026-07-01
HDDU,600359,5493021502006061,5493040029403166,SYNTH FUND HDDU,1B,Y,,2026-07-01
SIQX,600360,5493073155175841,5493059106569166,SYNTH FUND SIQX,3A,N,,2026-07-01
MYUC,600361,5493034463335510,5493047608931939,SYNTH FUND MYUC,2B,N,,2026-07-01
EAJT,600362,5493086879736328,5493079022334193,SYNTH FUND EAJT,,N,,2026-07-01
ZPKD,600363,5493015414112100,5493071925796738,SYNTH FUND ZPKD,1A,Y,,2026-07-01
JSCH,600364,5493031495411204,5493049146129795,SYNTH FUND JSCH,1B,Y,,2026-07-01
TCOT,600365,5493095839954388,5493040509167977,SYNTH FUND TCOT,,Y,,2026-07-01
FQRE,600366,5493012100354123,5493023773013567,SYNTH FUND FQRE,2A,N,,2026-07-01
LKCE,600367,,5493044229283054,SYNTH FUND LKCE,,Y,,2026-07-01
ACSN,600368,5493003001053395,5493024213166375,SYNTH FUND ACSN,3A,Y,,2026-07-01
ECIO,600369,5493073647044159,5493081295849042,SYNTH FUND ECIO,1A,Y,,2026-07-01
XQRO,600370,5493013334486140,5493076423553603,SYNTH FUND XQRO,,N,,2026-07-01
HVFD,600371,5493030365010195,5493043167496367,SYNTH FUND HVFD,3A,Y,,2026-07-01
KWFJ,600372,5493091768804563,5493073857203412,SYNTH FUND KWFJ,2B,N,,2026-07-01
ZUYI,600373,5493083795536967,,SYNTH FUND ZUYI,1A,N,,2026-07-01
PBXU,600374,5493017606941546,5493011932022111,SYNTH FUND PBXU,,Y,,2026-07-01
KULS,600375,5493012529101850,5493055398873198,SYNTH FUND KULS,1A,N,,2026-07-01
PHXY,600376,5493096647584829,5493065277392727,SYNTH FUND PHXY,1B,Y,,2026-07-01
JMGA,600377,5493068880008764,5493027636806814,SYNTH FUND JMGA,,N,,2026-07-01
CEWZ,600378,5493071347507422,5493081739084728,SYNTH FUND CEWZ,3A,Y,,2026-07-01
IQMM,600379,5493096853208006,5493014865874513,SYNTH FUND IQMM,2A,N,,2026-07-01
JBFM,600380,5493053534423513,5493042455452244,SYNTH FUND JBFM,3A,Y,,2026-07-01
CRQV,600381,5493083112497771,5493096102657255,SYNTH FUND CRQV,1A,Y,,2026-07-01
NAHW,600382,,5493024142718609,SYNTH FUND NAHW,2A,N,,2026-07-01
ATIC,600383,5493052842532513,5493004216923451,SYNTH FUND ATIC,2B,Y,,2026-07-01
MEML,600384,5493056943766326,5493047151210108,SYNTH FUND MEML,,Y,,2026-07-01
MGOW,600385,5493032268621369,,SYNTH FUND MGOW,2B,Y,,2026-07-01
DDRX,600386,5493089024652268,5493010757181983,SYNTH FUND DDRX,1A,Y,,2026-07-01
EZMP,600387,5493053066594621,5493010013569632,SYNTH FUND EZMP,2A,N,,2026-07-01
TJNQ,600388,5493036725087489,5493034792541000,SYNTH FUND TJNQ,2B,N,,2026-07-01
XEQZ,600389,5493067183113685,5493009346733115,SYNTH FUND XEQZ,1A,N,,2026-07-01
YEVI,600390,5493083091033444,,SYNTH FUND YEVI,1A,N,,2026-07-01
UDNZ,600391,5493061718401293,5493064891034706,SYNTH FUND UDNZ,1A,N,,2026-07-01
RRBJ,600392,5493040542114121,5493027019177992,SYNTH FUND RRBJ,2B,N,,2026-07-01
LAMZ,600393,5493080814178097,5493024623907487,SYNTH FUND LAMZ,1B,Y,,2026-07-01
SGQK,600394,5493056267529690,5493094802143430,SYNTH FUND SGQK,1B,N,,2026-07-01
OFCE,600395,5493033048666119,5493042572875861,SYNTH FUND OFCE,3A,N,,2026-07-01
QDAE,600396,5493045833017569,5493076365973056,SYNTH FUND QDAE,,Y,,2026-07-01
IUIX,600397,5493016260992542,5493056016771436,SYNTH FUND IUIX,1B,Y,,2026-07-01
OZSB,600398,5493011469796254,5493060831320212,SYNTH FUND OZSB,1B,N,,2026-07-01
KKPI,600399,,5493094768629932,SYNTH FUND KKPI,2B,Y,,2026-07-01
LYDR,600400,5493083731693277,5493091863942146,SYNTH FUND LYDR,2A,Y,,2026-07-01
EIRI,600401,5493067400838802,,SYNTH FUND EIRI,2B,N,,2026-07-01
PNRW,600402,5493027800735717,,SYNTH FUND PNRW,1B,N,,2026-07-01
DSCZ,600403,5493001471942666,5493069595291800,SYNTH FUND DSCZ,2B,N,,2026-07-01
ASFJ,600404,5493060771803713,5493039730380232,SYNTH FUND ASFJ,1B,N,,2026-07-01
DPBN,600405,5493050261639265,,SYNTH FUND DPBN,1A,N,,2026-07-01
NGZQ,600406,5493026354022360,5493053285876938,SYNTH FUND NGZQ,3A,Y,,2026-07-01
VDCK,600407,5493029405050039,5493043208600692,SYNTH FUND VDCK,,Y,,2026-07-01
ARKY,600408,5493047851001243,5493093182587693,SYNTH FUND ARKY,3A,N,,2026-07-01
IYMH,600409,5493034795655728,5493089160674805,SYNTH FUND IYMH,1B,N,,2026-07-01
UMAO,600410,5493005574016033,5493069724441434,SYNTH FUND UMAO,2B,Y,,2026-07-01
DSGH,600411,5493017007486798,5493061540185561,SYNTH FUND DSGH,,N,,2026-07-01
KPOG,600412,5493069246148264,5493059037430232,SYNTH FUND KPOG,1A,N,,2026-07-01
ZNKJ,600413,5493092313177646,5493043866901465,SYNTH FUND ZNKJ,,N,,2026-07-01
UMAC,600414,5493082903164412,5493058195162751,SYNTH FUND UMAC,2A,N,,2026-07-01
MIWV,600415,,5493090553600678,SYNTH FUND MIWV,3A,N,,2026-07-01
KUCX,600416,5493097028273368,,SYNTH FUND KUCX,2B,N,,2026-07-01
GINB,600417,5493035429137588,5493019554442469,SYNTH FUND GINB,3A,Y,,2026-07-01
KXVD,600418,5493079870618938,5493014649919611,SYNTH FUND KXVD,1B,N,,2026-07-01
JABM,600419,5493058175798709,5493026518109872,SYNTH FUND JABM,1A,Y,,2026-07-01
LRSN,600420,5493001517441880,5493075147081507,SYNTH FUND LRSN,1B,N,,2026-07-01
LECE,600421,5493092570601777,5493024172692226,SYNTH FUND LECE,1A,N,,2026-07-01
VEHX,600422,5493099927656440,5493079809407526,SYNTH FUND VEHX,,N,,2026-07-01
SDQJ,600423,5493016227832499,5493015842696626,SYNTH FUND SDQJ,1B,Y,,2026-07-01
VKDQ,600424,5493049687245873,5493024129646976,SYNTH FUND VKDQ,2B,Y,,2026-07-01
NHOV,600425,5493038589756529,5493079681048639,SYNTH FUND NHOV,2A,Y,,2026-07-01
OVGU,600426,5493055001901550,5493034023643064,SYNTH FUND OVGU,,N,,2026-07-01
CRWP,600427,5493055328581883,5493027996545806,SYNTH FUND CRWP,1B,N,,2026-07-01
BHVC,600428,5493037789377928,5493024696209895,SYNTH FUND BHVC,1B,Y,,2026-07-01
CTEJ,600429,5493098634108470,5493058242758607,SYNTH FUND CTEJ,2B,N,,2026-07-01
QMZL,600430,5493087392766021,5493076881607531,SYNTH FUND QMZL,2B,N,,2026-07-01
JNQE,600431,5493017700333647,5493017616006046,SYNTH FUND JNQE,2A,N,,2026-07-01
OMYH,600432,5493002761309265,,SYNTH FUND OMYH,3A,N,,2026-07-01
CDPN,600433,5493020370475586,5493098461536625,SYNTH FUND CDPN,,N,,2026-07-01
ZZHC,600434,,5493058564069481,SYNTH FUND ZZHC,,N,,2026-07-01
YNRT,600435,,5493090078897348,SYNTH FUND YNRT,,N,,2026-07-01
OCRP,600436,5493074196996911,5493077397843872,SYNTH FUND OCRP,1B,Y,,2026-07-01
XNVA,600437,5493087643436114,5493003839616276,SYNTH FUND XNVA,3A,N,,2026-07-01
OIYO,600438,5493013667836396,5493072671559817,SYNTH FUND OIYO,3A,N,,2026-07-01
BHZW,600439,5493090309507132,5493076445842158,SYNTH FUND BHZW,2B,Y,,2026-07-01
NBBD,600440,5493069873599180,5493081302410795,SYNTH FUND NBBD,2B,Y,,2026-07-01
RJSR,600441,5493024865577905,5493032629223675,SYNTH FUND RJSR,1A,Y,,2026-07-01
VGCN,600442,,5493062125770769,SYNTH FUND VGCN,2B,N,,2026-07-01
PWWK,600443,5493064552315467,5493005192017398,SYNTH FUND PWWK,3A,N,,2026-07-01
FVER,600444,5493008679453216,5493010291716624,SYNTH FUND FVER,1A,Y,,2026-07-01
HQSM,600445,5493012897969218,5493029951548398,SYNTH FUND HQSM,1B,Y,,2026-07-01
KHNI,600446,5493072457902662,5493043005062062,SYNTH FUND KHNI,1B,Y,,2026-07-01
GHHZ,600447,5493043632535895,5493092213080599,SYNTH FUND GHHZ,3A,Y,,2026-07-01
QEJO,600448,5493021602270703,5493021097520825,SYNTH FUND QEJO,3A,N,,2026-07-01
OZCU,600449,5493082133793624,5493063061649469,SYNTH FUND OZCU,2B,N,,2026-07-01
RJMX,600450,5493078523021772,5493024799135401,SYNTH FUND RJMX,,Y,,2026-07-01
VHLX,600451,5493094168756924,5493072419319002,SYNTH FUND VHLX,3A,N,,2026-07-01
JYHX,600452,5493075032506587,5493046029863830,SYNTH FUND JYHX,,N,,2026-07-01
HVTP,600453,5493055882096547,5493005061498402,SYNTH FUND HVTP,1A,N,,2026-07-01
FIKK,600454,,5493076353390013,SYNTH FUND FIKK,2A,N,,2026-07-01
VOZR,600455,5493050124239391,5493026377477132,SYNTH FUND VOZR,3A,Y,,2026-07-01
XDHV,600456,5493027894795903,5493049480120683,SYNTH FUND XDHV,1A,N,,2026-07-01
BFHO,600457,5493000548213962,5493011624797277,SYNTH FUND BFHO,,N,,2026-07-01
IKCF,600458,5493071954750227,5493014022433574,SYNTH FUND IKCF,2B,Y,,2026-07-01
SRPP,600459,5493056350522586,5493044566636657,SYNTH FUND SRPP,1A,Y,,2026-07-01
AKIE,600460,5493097799790399,5493021125785321,SYNTH FUND AKIE,,N,,2026-07-01
OUDS,600461,,5493053491595174,SYNTH FUND OUDS,2A,Y,,2026-07-01
FXBV,600462,5493033215463065,5493068038030339,SYNTH FUND FXBV,2B,N,,2026-07-01
IOEX,600463,5493065064241534,5493041490551501,SYNTH FUND IOEX,,N,,2026-07-01
XSHT,600464,,5493009650855811,SYNTH FUND XSHT,3A,Y,,2026-07-01
CPAS,600465,5493023308662288,5493012360951878,SYNTH FUND CPAS,1A,Y,,2026-07-01
MLAC,600466,5493095399813267,5493062998106885,SYNTH FUND MLAC,3A,N,,2026-07-01
BEBJ,600467,5493017324752037,5493063033552264,SYNTH FUND BEBJ,1A,N,,2026-07-01
FRDZ,600468,5493000776940767,5493004413828505,SYNTH FUND FRDZ,1B,Y,,2026-07-01
FKFU,600469,5493016854894718,5493058741950934,SYNTH FUND FKFU,3A,N,,2026-07-01
GCJE,600470,5493055690988350,5493061567027740,SYNTH FUND GCJE,2B,N,,2026-07-01
UDEI,600471,5493056764367119,5493071049513266,SYNTH FUND UDEI,1B,N,,2026-07-01
SKTV,600472,5493060230558248,5493058028268745,SYNTH FUND SKTV,2A,Y,,2026-07-01
ISVU,600473,5493031185877258,5493097772456436,SYNTH FUND ISVU,2B,N,,2026-07-01
GOZX,600474,5493097229920557,5493088583086791,SYNTH FUND GOZX,1B,Y,,2026-07-01
ZGWV,600475,5493072002622179,5493009753208318,SYNTH FUND ZGWV,1A,Y,,2026-07-01
XUNZ,600476,5493033813982344,5493086165303982,SYNTH FUND XUNZ,3A,Y,,2026-07-01
QKBI,600477,5493037014010922,5493091090946050,SYNTH FUND QKBI,3A,Y,,2026-07-01
ESQF,600478,5493083251588113,5493073918695813,SYNTH FUND ESQF,3A,N,,2026-07-01
EOHE,600479,,5493068216660051,SYNTH FUND EOHE,1A,N,,2026-07-01
HPMN,600480,5493055929416010,5493080561999894,SYNTH FUND HPMN,1A,N,,2026-07-01
TDSH,600481,,5493008210038564,SYNTH FUND TDSH,1B,N,,2026-07-01
SIDR,600482,5493025602199363,5493039791404402,SYNTH FUND SIDR,2A,Y,,2026-07-01
GAPD,600483,5493015013387772,5493018351904461,SYNTH FUND GAPD,1A,Y,,2026-07-01
SOAZ,600484,,5493021404326231,SYNTH FUND SOAZ,3A,N,,2026-07-01
QRQV,600485,5493069758095430,5493044098352308,SYNTH FUND QRQV,1A,Y,,2026-07-01
SCGP,600486,5493066379702210,5493079684309210,SYNTH FUND SCGP,1A,Y,,2026-07-01
VPXR,600487,5493066046102268,5493044789630745,SYNTH FUND VPXR,3A,N,,2026-07-01
GQFX,600488,,5493091205724541,SYNTH FUND GQFX,1B,N,,2026-07-01
PTDV,600489,5493040932781903,5493080682398749,SYNTH FUND PTDV,1B,N,,2026-07-01
VHNN,600490,5493059414169887,5493012224395401,SYNTH FUND VHNN,1B,Y,,2026-07-01
OVRJ,600491,5493058439120960,5493098272626058,SYNTH FUND OVRJ,,N,,2026-07-01
VKAI,600492,5493006849760806,5493039183165259,SYNTH FUND VKAI,2A,N,,2026-07-01
GVMW,600493,5493024839541778,5493098542468269,SYNTH FUND GVMW,1B,Y,,2026-07-01
JAFJ,600494,5493075228251717,5493091672245247,SYNTH FUND JAFJ,,N,,2026-07-01
QKYB,600495,,5493085022715963,SYNTH FUND QKYB,,Y,,2026-07-01
FVCL,600496,5493090250996305,5493038948683831,SYNTH FUND FVCL,2B,N,,2026-07-01
DMWJ,600497,5493020975417650,5493014039561563,SYNTH FUND DMWJ,3A,Y,,2026-07-01
ZUET,600498,5493064902289613,5493012742185060,SYNTH FUND ZUET,,N,,2026-07-01
ERHS,600499,5493041310119901,5493024007976356,SYNTH FUND ERHS,2B,N,,2026-07-01
NJSO,600500,5493048129986051,5493057808336260,SYNTH FUND NJSO,1B,N,,2026-07-01
GIRD,600501,5493073898706701,5493073903071979,SYNTH FUND GIRD,3A,N,,2026-07-01
YEEE,600502,5493029567043167,5493002197639795,SYNTH FUND YEEE,2B,Y,,2026-07-01
MOZR,600503,5493033294287897,5493039565180864,SYNTH FUND MOZR,2B,Y,,2026-07-01
VQFC,600504,5493043848699301,5493034287575123,SYNTH FUND VQFC,1A,N,,2026-07-01
YYDY,600505,5493061299588886,5493067713806033,SYNTH FUND YYDY,1A,N,,2026-07-01
YSTM,600506,5493088987441831,5493091187374548,SYNTH FUND YSTM,1B,Y,,2026-07-01
VXHQ,600507,5493093084855463,5493050222928987,SYNTH FUND VXHQ,,Y,,2026-07-01
SJEY,600508,5493018106900954,,SYNTH FUND SJEY,1B,Y,,2026-07-01
SPCS,600509,5493044521317425,5493086759879566,SYNTH FUND SPCS,,Y,,2026-07-01
TAPN,600510,5493003644024748,5493099337194278,SYNTH FUND TAPN,2B,N,,2026-07-01
XNJU,600511,5493047453864112,5493044268285118,SYNTH FUND XNJU,1A,Y,,2026-07-01
FTUU,600512,5493029302258533,5493040970121766,SYNTH FUND FTUU,,N,,2026-07-01
XUEP,600513,5493077955408281,5493032919991230,SYNTH FUND XUEP,3A,Y,,2026-07-01
EMKQ,600514,5493083038144273,5493085426196081,SYNTH FUND EMKQ,,Y,,2026-07-01
RQLB,600515,5493079992214858,5493097283599731,SYNTH FUND RQLB,2A,N,,2026-07-01
GNRT,600516,5493030169171520,5493074304097024,SYNTH FUND GNRT,2B,Y,,2026-07-01
EWKB,600517,5493035637286625,,SYNTH FUND EWKB,2B,N,,2026-07-01
HICI,600518,5493051500063890,5493097128190772,SYNTH FUND HICI,1A,N,,2026-07-01
HHDO,600519,5493065384532030,5493000727706739,SYNTH FUND HHDO,1B,N,,2026-07-01
HMJK,600520,5493036092903859,,SYNTH FUND HMJK,2B,N,,2026-07-01
UZJY,600521,5493056183912635,5493048136283016,SYNTH FUND UZJY,2A,Y,,2026-07-01
WTUB,600522,5493000794797572,5493048591151051,SYNTH FUND WTUB,2A,N,,2026-07-01
CDKG,600523,5493093919882171,5493049583942966,SYNTH FUND CDKG,2A,Y,,2026-07-01
QAFY,600524,,5493069186765298,SYNTH FUND QAFY,1A,N,,2026-07-01
QPGI,600525,5493052845270874,5493097055719829,SYNTH FUND QPGI,3A,N,,2026-07-01
GVEL,600526,5493052458118251,5493084307582554,SYNTH FUND GVEL,1A,N,,2026-07-01
NASK,600527,,5493015953112037,SYNTH FUND NASK,1A,N,,2026-07-01
PTRY,600528,5493026192516147,5493065958114769,SYNTH FUND PTRY,2B,N,,2026-07-01
PKTH,600529,5493056171536531,5493047159660064,SYNTH FUND PKTH,1B,N,,2026-07-01
JRPW,600530,5493037522122766,5493002523181145,SYNTH FUND JRPW,,N,,2026-07-01
UJEI,600531,5493091326253760,5493035259127865,SYNTH FUND UJEI,1B,N,,2026-07-01
LOCL,600532,5493092155880858,5493084470435278,SYNTH FUND LOCL,2B,Y,,2026-07-01
JECQ,600533,5493039305234423,5493049799539057,SYNTH FUND JECQ,2A,Y,,2026-07-01
ARAU,600534,5493081737004228,5493009073411526,SYNTH FUND ARAU,1A,N,,2026-07-01
TGOU,600535,5493030398348485,5493044508171717,SYNTH FUND TGOU,2A,Y,,2026-07-01
OZUL,600536,5493089661694454,5493076606263039,SYNTH FUND OZUL,,Y,,2026-07-01
GFUJ,600537,5493095277912012,5493004800178536,SYNTH FUND GFUJ,,Y,,2026-07-01
ENMN,600538,5493073686103225,5493038286103913,SYNTH FUND ENMN,,N,,2026-07-01
XZGO,600539,5493040211975560,5493063559484243,SYNTH FUND XZGO,1B,Y,,2026-07-01
JEYG,600540,,5493045440806722,SYNTH FUND JEYG,2B,N,,2026-07-01
HPYJ,600541,5493027246918254,,SYNTH FUND HPYJ,2A,Y,,2026-07-01
KKLG,600542,5493080876092387,,SYNTH FUND KKLG,2B,N,,2026-07-01
AQUL,600543,5493050268370689,5493071322353939,SYNTH FUND AQUL,,N,,2026-07-01
BBFY,600544,5493069257576470,5493000510454063,SYNTH FUND BBFY,3A,Y,,2026-07-01
EMXW,600545,5493081838215040,,SYNTH FUND EMXW,1B,N,,2026-07-01
TXWU,600546,5493035435758370,5493099583989419,SYNTH FUND TXWU,,Y,,2026-07-01
SPSF,600547,5493022884456852,5493081051083613,SYNTH FUND SPSF,1A,Y,,2026-07-01
DEKQ,600548,5493055661655658,5493016983891703,SYNTH FUND DEKQ,1B,Y,,2026-07-01
BYPD,600549,5493036715628702,5493006602337233,SYNTH FUND BYPD,2A,Y,,2026-07-01
WPRX,600550,5493089312173108,5493080712769099,SYNTH FUND WPRX,,Y,,2026-07-01
MXSR,600551,5493082914054448,5493025446642470,SYNTH FUND MXSR,,Y,,2026-07-01
THBF,600552,,5493010257913975,SYNTH FUND THBF,3A,N,,2026-07-01
GHNI,600553,5493079377373790,5493089126160303,SYNTH FUND GHNI,2A,Y,,2026-07-01
RNYH,600554,5493077549717795,5493030506839396,SYNTH FUND RNYH,1B,Y,,2026-07-01
GBHE,600555,5493091107346755,5493002103247623,SYNTH FUND GBHE,2A,Y,,2026-07-01
EUZZ,600556,5493013990058081,,SYNTH FUND EUZZ,1A,N,,2026-07-01
UPGR,600557,5493029859554482,5493074786805573,SYNTH FUND UPGR,,N,,2026-07-01
ZYCB,600558,5493074781987628,5493073860555433,SYNTH FUND ZYCB,2B,N,,2026-07-01
KPNJ,600559,5493041453003456,,SYNTH FUND KPNJ,3A,Y,,2026-07-01
WLVU,600560,,5493088284021838,SYNTH FUND WLVU,1B,N,,2026-07-01
BCAI,600561,5493049548562688,5493075613518281,SYNTH FUND BCAI,1A,N,,2026-07-01
OKYF,600562,5493062702549227,5493059150752472,SYNTH FUND OKYF,3A,Y,,2026-07-01
DFNZ,600563,5493035148367410,5493077467746365,SYNTH FUND DFNZ,1A,Y,,2026-07-01
DBCN,600564,5493024144686588,5493091049687539,SYNTH FUND DBCN,2B,N,,2026-07-01
HEGQ,600565,5493031390861677,5493037115552890,SYNTH FUND HEGQ,1A,N,,2026-07-01
HNTJ,600566,5493095045345832,5493039006603200,SYNTH FUND HNTJ,2B,Y,,2026-07-01
BKPM,600567,5493062212108016,5493022505860138,SYNTH FUND BKPM,1B,Y,,2026-07-01
TREH,600568,5493063983264270,5493001112966549,SYNTH FUND TREH,2A,Y,,2026-07-01
JNGE,600569,5493085690171069,5493073179627141,SYNTH FUND JNGE,2B,N,,2026-07-01
XCJG,600570,5493018535091720,5493076972621813,SYNTH FUND XCJG,3A,Y,,2026-07-01
PPQQ,600571,5493014190749411,5493016692577106,SYNTH FUND PPQQ,,Y,,2026-07-01
VFNW,600572,5493031405975043,5493047939180940,SYNTH FUND VFNW,1B,Y,,2026-07-01
CAZY,600573,5493049158200082,5493072597587899,SYNTH FUND CAZY,,Y,,2026-07-01
TSKX,600574,5493029836318464,5493017231294043,SYNTH FUND TSKX,1B,Y,,2026-07-01
ISBS,600575,5493033619098848,5493012441473280,SYNTH FUND ISBS,,Y,,2026-07-01
OQDQ,600576,5493025960238443,5493043819436045,SYNTH FUND OQDQ,3A,Y,,2026-07-01
MQSP,600577,5493068352337643,5493044381894154,SYNTH FUND MQSP,2B,Y,,2026-07-01
FNNV,600578,5493049641153081,5493054456147959,SYNTH FUND FNNV,2A,N,,2026-07-01
UTLE,600579,5493025114534810,5493000153968483,SYNTH FUND UTLE,1A,N,,2026-07-01
CASD,600580,5493051250714232,5493022119852858,SYNTH FUND CASD,1B,N,,2026-07-01
ZECR,600581,5493064553937323,5493050318965087,SYNTH FUND ZECR,2B,N,,2026-07-01
ISDU,600582,,5493020248736766,SYNTH FUND ISDU,2B,Y,,2026-07-01
JPVC,600583,5493095280123717,5493010762773291,SYNTH FUND JPVC,3A,Y,,2026-07-01
RYHA,600584,5493087803802096,5493042653125399,SYNTH FUND RYHA,1A,Y,,2026-07-01
SVQL,600585,5493084921735530,5493039252559721,SYNTH FUND SVQL,1B,Y,,2026-07-01
TSJS,600586,5493083207953053,5493081603848622,SYNTH FUND TSJS,3A,N,,2026-07-01
WXFZ,600587,5493085910006249,5493066877538472,SYNTH FUND WXFZ,,N,,2026-07-01
LHNT,600588,5493055579826776,5493005656517715,SYNTH FUND LHNT,,N,,2026-07-01
ZLXG,600589,5493035295970802,5493026688066208,SYNTH FUND ZLXG,1B,N,,2026-07-01
