trade_identifier_party_a,trade_identifier_2_party_a,trade_date,start_date,end_date,party_a_branch_name,party_b_branch_name,valuation_date,underlying,external_id,settlement_date,ims_portfolio,ims_desk,source_system,product_type,rescued_data,reporting_date
93611927,,2025-04-10,2026-11-27,2026-06-28,TDBK,WELLINGTON GLOBAL EQUITY FUND 28R5,2026-07-01,Repo,B878,2026-10-17,REPO,FIN,CALYPSOIFI,Rev_Repo,,2026-06-10
96783222,,2026-04-23,2026-03-13,2026-09-28,TDBK,INVESTEC BANK LIMITED,2026-07-01,,B609,2026-10-08,REPO,FIN,CALYPSOIFI,Repo,,2026-07-01
95857739,,2026-02-12,2026-05-27,2026-03-19,TDBK,CENTRAL 1 CREDIT UNION,2026-07-01,Repo,B177,2026-12-02,REPO,FIN,CALYPSOIFI,Rev_Repo,,2026-07-01
93923719,,2025-07-17,2026-12-07,2026-11-09,TDBK,INVESTEC BANK LIMITED,2026-07-01,Repo,B622,2026-11-27,,FIN,CALYPSOIFI,Repo,,2026-07-01
93434065,,2026-09-10,2026-01-01,2026-03-28,TDBK,CENTRAL 1 CREDIT UNION,2026-07-01,Repo,B898,2026-11-05,REPO,FIN,CALYPSOIFI,Rev_Repo,,2026-06-24
97333269,,2025-09-23,2026-08-22,2026-09-15,TDBK,CITIBANK NA,2026-07-01,Repo,B230,2026-03-09,REPO,FIN,CALYPSOIFI,Repo,,2026-06-24
96844947,,2026-07-25,2026-02-10,,TDBK,WELLINGTON GLOBAL EQUITY FUND 28R5,2026-07-01,Repo,B158,2026-09-26,,FIN,CALYPSOIFI,Repo,,2026-06-24
98461935,,2025-05-22,2026-10-25,2026-02-09,TDBK,INVESTEC BANK LIMITED,2026-07-01,Repo,B649,2026-04-20,REPO,FIN,CALYPSOIFI,Rev_Repo,,2026-06-10
91080374,,2026-04-25,2026-05-04,2026-03-26,TDBK,MORGAN STANLEY INTL,2026-07-01,Repo,B949,2026-07-28,REPO,FIN,CALYPSOIFI,Repo,,2026-07-01
97713225,,2026-05-08,2026-10-07,2026-01-26,TDBK,MORGAN STANLEY INTL,2026-07-01,Repo,B800,2026-12-08,REPO,FIN,CALYPSOIFI,Rev_Repo,,2026-07-01
96430515,,2026-04-11,2026-07-05,2026-03-24,TDBK,BANK OF NOVA SCOTIA,2026-07-01,Repo,B550,2026-07-07,REPO,FIN,CALYPSOIFI,Repo,,2026-06-17
96305301,,2026-03-20,2026-09-12,2026-03-16,TDBK,INVESTEC BANK LIMITED,2026-07-01,Repo,B210,2026-09-23,REPO,,CALYPSOIFI,Repo,,2026-06-10
93211201,,2026-09-10,2026-05-24,2026-12-03,TDBK,,2026-07-01,Repo,B721,2026-10-07,REPO,FIN,CALYPSOIFI,Repo,,2026-06-24
92097289,,2025-04-13,2026-06-02,2026-06-25,TDBK,BIMCOR INC,2026-07-01,Repo,B193,2026-01-15,REPO,FIN,CALYPSOIFI,Rev_Repo,,2026-06-03
94215032,,2025-03-26,2026-05-16,2026-03-15,TDBK,INVESTEC BANK LIMITED,2026-07-01,Repo,B870,2026-06-05,REPO,FIN,CALYPSOIFI,Repo,,2026-06-03
99674829,,2026-04-09,2026-12-08,2026-11-05,TDBK,CITIBANK NA,2026-07-01,Repo,B869,2026-06-18,,FIN,CALYPSOIFI,Repo,,2026-07-01
96191896,,2026-11-23,2026-06-26,,TDBK,,2026-07-01,Repo,B657,2026-12-13,REPO,FIN,CALYPSOIFI,Repo,,2026-06-10
90534535,,2026-03-04,2026-10-26,2026-03-28,TDBK,BANK OF NOVA SCOTIA,2026-07-01,Repo,B137,2026-01-21,,FIN,CALYPSOIFI,Repo,,2026-06-03
93945044,,2025-03-25,2026-03-10,2026-12-24,TDBK,CENTRAL 1 CREDIT UNION,2026-07-01,Repo,B578,2026-10-06,REPO,FIN,CALYPSOIFI,Repo,,2026-06-03
97340859,,2025-02-26,2026-02-22,2026-06-27,TDBK,BIMCOR INC,2026-07-01,Repo,B769,2026-05-10,REPO,FIN,CALYPSOIFI,Repo,,2026-07-01
99673895,,2025-04-11,2026-07-07,2026-07-24,TDBK,BANCO HABITAT,2026-07-01,Repo,B466,2026-09-20,REPO,FIN,CALYPSOIFI,Repo,,2026-07-01
93452682,,2025-07-16,2026-08-07,2026-08-27,TDBK,BANK OF NOVA SCOTIA,2026-07-01,Repo,B442,2026-12-04,REPO,FIN,CALYPSOIFI,Rev_Repo,,2026-07-01
97912270,,2025-10-18,2026-07-05,2026-09-23,TDBK,MORGAN STANLEY INTL,2026-07-01,Repo,B640,2026-03-14,REPO,FIN,CALYPSOIFI,Rev_Repo,,2026-06-17
99887820,,2025-07-28,2026-03-17,2026-07-19,TDBK,MORGAN STANLEY INTL,2026-07-01,Repo,B696,2026-11-13,REPO,FIN,CALYPSOIFI,Rev_Repo,,2026-06-10
99932578,,2026-07-16,2026-03-17,2026-09-08,TDBK,DEUTSCHE BANK A.G.,2026-07-01,Repo,B467,2026-09-13,REPO,FIN,CALYPSOIFI,Rev_Repo,,2026-07-01
92190519,,2026-12-10,2026-04-25,2026-07-05,TDBK,BANK OF NOVA SCOTIA,2026-07-01,Repo,B805,2026-01-15,REPO,,CALYPSOIFI,Rev_Repo,,2026-07-01
93456900,,2025-11-10,2026-12-08,2026-11-18,TDBK,WELLINGTON GLOBAL EQUITY FUND 28R5,2026-07-01,Repo,B189,2026-12-26,REPO,FIN,CALYPSOIFI,Repo,,2026-06-03
97799412,,2025-09-26,2026-09-24,2026-12-10,TDBK,CITIBANK NA,2026-07-01,Repo,B203,2026-12-28,REPO,FIN,CALYPSOIFI,Repo,,2026-06-03
96675952,,2026-01-21,2026-03-01,,TDBK,BIMCOR INC,2026-07-01,,B470,2026-11-04,REPO,FIN,CALYPSOIFI,Repo,,2026-06-10
90079920,,2025-06-19,2026-01-04,2026-05-12,TDBK,BANK OF NOVA SCOTIA,2026-07-01,Repo,B635,2026-04-24,REPO,FIN,CALYPSOIFI,Repo,,2026-06-17
90755278,,2025-04-20,2026-06-13,2026-06-05,TDBK,CITIBANK NA,2026-07-01,Repo,B927,2026-06-22,REPO,FIN,CALYPSOIFI,Repo,,2026-06-24
90468167,,2026-09-19,2026-08-22,2026-06-16,TDBK,INVESTEC BANK LIMITED,2026-07-01,Repo,B731,2026-08-26,REPO,FIN,CALYPSOIFI,Repo,,2026-06-03
94822542,,2026-04-15,2026-10-12,2026-12-04,TDBK,BANK OF NOVA SCOTIA,2026-07-01,Repo,B639,2026-07-15,REPO,FIN,CALYPSOIFI,Repo,,2026-06-03
92366726,,2026-11-28,2026-09-15,2026-09-07,TDBK,BIMCOR INC,2026-07-01,Repo,B360,2026-08-17,REPO,,CALYPSOIFI,Repo,,2026-06-24
94891703,,2025-02-01,2026-12-17,2026-07-01,TDBK,INVESTEC BANK LIMITED,2026-07-01,Repo,B634,2026-08-16,REPO,FIN,CALYPSOIFI,Repo,,2026-06-17
97258867,,2025-10-04,2026-08-02,2026-10-26,TDBK,,2026-07-01,Repo,B464,2026-03-25,REPO,FIN,CALYPSOIFI,Rev_Repo,,2026-06-17
99615290,,2026-02-05,2026-09-25,2026-01-16,TDBK,BANCO HABITAT,2026-07-01,Repo,B498,2026-09-24,REPO,FIN,CALYPSOIFI,Rev_Repo,,2026-06-10
90495048,,2026-10-08,2026-12-05,2026-07-21,TDBK,BANK OF NOVA SCOTIA,2026-07-01,Repo,B758,2026-02-05,REPO,FIN,CALYPSOIFI,Rev_Repo,,2026-06-17
93461998,,2026-11-20,2026-07-27,2026-06-01,TDBK,CENTRAL 1 CREDIT UNION,2026-07-01,Repo,B191,2026-07-09,REPO,FIN,CALYPSOIFI,Rev_Repo,,2026-06-10
90889866,,2025-02-21,2026-01-15,2026-04-01,TDBK,INVESTEC BANK LIMITED,2026-07-01,Repo,B815,2026-12-15,REPO,,CALYPSOIFI,Rev_Repo,,2026-06-24
92044636,,2025-09-06,2026-11-24,2026-05-08,TDBK,CITIBANK NA,2026-07-01,Repo,B681,2026-02-15,REPO,FIN,CALYPSOIFI,Repo,,2026-07-01
98673556,,2025-08-14,2026-07-13,,TDBK,DEUTSCHE BANK A.G.,2026-07-01,Repo,B129,2026-10-13,REPO,FIN,CALYPSOIFI,Rev_Repo,,2026-06-10
93072386,,2025-11-25,2026-07-19,2026-03-18,TDBK,BANCO HABITAT,2026-07-01,Repo,B205,2026-07-09,REPO,FIN,CALYPSOIFI,Repo,,2026-07-01
91065983,,2025-07-05,2026-06-01,2026-12-22,TDBK,WELLINGTON GLOBAL EQUITY FUND 28R5,2026-07-01,Repo,B878,2026-02-25,REPO,,CALYPSOIFI,Rev_Repo,,2026-06-17
99352599,,2025-12-25,2026-02-24,2026-09-28,TDBK,WELLINGTON GLOBAL EQUITY FUND 28R5,2026-07-01,Repo,B391,2026-10-04,REPO,FIN,CALYPSOIFI,Repo,,2026-06-24
99647139,,2025-01-14,2026-07-03,2026-06-13,TDBK,BANK OF NOVA SCOTIA,2026-07-01,,B943,2026-01-03,REPO,FIN,CALYPSOIFI,Repo,,2026-06-24
94993504,,2025-12-02,2026-03-24,2026-06-06,TDBK,MORGAN STANLEY INTL,2026-07-01,Repo,B360,2026-07-09,REPO,FIN,CALYPSOIFI,Rev_Repo,,2026-06-03
95089331,,2025-05-14,2026-08-14,2026-11-21,TDBK,CENTRAL 1 CREDIT UNION,2026-07-01,Repo,B727,2026-12-28,REPO,FIN,CALYPSOIFI,Rev_Repo,,2026-06-10
98869070,,2025-01-14,2026-03-14,2026-11-22,TDBK,INVESTEC BANK LIMITED,2026-07-01,Repo,B916,2026-06-11,REPO,FIN,CALYPSOIFI,Rev_Repo,,2026-06-24
92439671,,2026-05-27,2026-05-27,2026-09-28,TDBK,,2026-07-01,,B546,2026-01-19,REPO,FIN,CALYPSOIFI,Repo,,2026-06-24
97345048,,2026-04-19,2026-07-07,2026-09-24,TDBK,BIMCOR INC,2026-07-01,Repo,B120,2026-03-08,REPO,FIN,CALYPSOIFI,Rev_Repo,,2026-06-24
99766514,,2026-08-25,2026-04-11,2026-03-02,TDBK,CENTRAL 1 CREDIT UNION,2026-07-01,Repo,B473,2026-11-05,REPO,FIN,CALYPSOIFI,Rev_Repo,,2026-06-03
99519186,,2025-06-22,2026-03-06,2026-11-06,TDBK,MORGAN STANLEY INTL,2026-07-01,Repo,B251,2026-11-08,REPO,FIN,CALYPSOIFI,Rev_Repo,,2026-06-17
90637115,,2025-01-27,2026-04-11,2026-09-21,TDBK,DEUTSCHE BANK A.G.,2026-07-01,Repo,B190,2026-05-07,,FIN,CALYPSOIFI,Rev_Repo,,2026-06-03
98069979,,2025-10-10,2026-03-03,2026-04-27,TDBK,BANK OF NOVA SCOTIA,2026-07-01,Repo,B595,2026-12-04,REPO,FIN,CALYPSOIFI,Repo,,2026-07-01
99085246,,2026-05-02,2026-09-03,2026-10-11,TDBK,BANK OF NOVA SCOTIA,2026-07-01,Repo,B619,2026-08-20,REPO,FIN,CALYPSOIFI,Repo,,2026-07-01
99033957,,2026-04-21,2026-08-17,2026-09-25,TDBK,INVESTEC BANK LIMITED,2026-07-01,Repo,B395,2026-07-23,REPO,FIN,CALYPSOIFI,Rev_Repo,,2026-07-01
96657917,,2026-11-22,2026-03-08,2026-09-11,TDBK,DEUTSCHE BANK A.G.,2026-07-01,Repo,B315,2026-05-07,REPO,FIN,CALYPSOIFI,Rev_Repo,,2026-06-03
97406483,,2025-07-12,2026-07-16,2026-04-04,TDBK,SWISS LIFE AG,2026-07-01,Repo,B705,2026-07-04,REPO,FIN,CALYPSOIFI,Repo,,2026-06-24
95653740,,2025-03-28,2026-06-18,2026-08-04,TDBK,DEUTSCHE BANK A.G.,2026-07-01,,B778,2026-09-17,REPO,FIN,CALYPSOIFI,Repo,,2026-06-10
96840608,,2026-01-07,2026-09-19,2026-05-01,TDBK,CENTRAL 1 CREDIT UNION,2026-07-01,Repo,B745,2026-06-17,REPO,FIN,CALYPSOIFI,Repo,,2026-07-01
90636540,,2025-06-19,2026-09-08,2026-06-24,TDBK,MORGAN STANLEY INTL,2026-07-01,Repo,B765,2026-08-03,REPO,FIN,CALYPSOIFI,Repo,,2026-06-10
99892787,,2025-03-10,2026-01-26,2026-06-03,TDBK,MORGAN STANLEY INTL,2026-07-01,Repo,B925,2026-12-20,REPO,FIN,CALYPSOIFI,Repo,,2026-06-03
96497496,,2026-07-23,2026-04-14,2026-07-18,TDBK,DEUTSCHE BANK A.G.,2026-07-01,Repo,B815,2026-07-16,REPO,FIN,CALYPSOIFI,Repo,,2026-06-10
92123478,,2025-11-03,2026-11-28,2026-11-11,TDBK,DEUTSCHE BANK A.G.,2026-07-01,Repo,B242,2026-06-16,REPO,FIN,CALYPSOIFI,Rev_Repo,,2026-07-01
94918484,,2025-09-04,2026-08-19,,TDBK,CITIBANK NA,2026-07-01,Repo,B334,2026-01-26,REPO,FIN,CALYPSOIFI,Repo,,2026-06-24
90455230,,2025-02-13,2026-09-22,2026-04-04,TDBK,SWISS LIFE AG,2026-07-01,Repo,B168,2026-05-14,REPO,FIN,CALYPSOIFI,Repo,,2026-06-24
91252140,,2025-08-23,2026-05-19,2026-12-05,TDBK,SWISS LIFE AG,2026-07-01,Repo,B412,2026-03-05,REPO,FIN,CALYPSOIFI,Rev_Repo,,2026-06-17
95965483,,2026-02-23,2026-05-13,2026-12-02,TDBK,,2026-07-01,Repo,B182,2026-03-21,,,CALYPSOIFI,Repo,,2026-06-24
93285340,,2026-05-08,2026-07-27,2026-09-15,TDBK,BANCO HABITAT,2026-07-01,Repo,B435,2026-11-18,REPO,FIN,CALYPSOIFI,Repo,,2026-06-10
97981357,,2026-06-05,2026-11-10,2026-07-16,TDBK,DEUTSCHE BANK A.G.,2026-07-01,Repo,B993,2026-07-04,REPO,FIN,CALYPSOIFI,Rev_Repo,,2026-06-03
93875693,,2025-06-16,2026-12-20,2026-11-27,TDBK,INVESTEC BANK LIMITED,2026-07-01,Repo,B186,2026-06-24,REPO,FIN,CALYPSOIFI,Rev_Repo,,2026-06-24
91490601,,2026-04-26,2026-10-01,,TDBK,,2026-07-01,Repo,B117,2026-03-05,REPO,,CALYPSOIFI,Rev_Repo,,2026-07-01
96551888,,2026-07-02,2026-10-10,,TDBK,WELLINGTON GLOBAL EQUITY FUND 28R5,2026-07-01,Repo,B365,2026-02-20,REPO,FIN,CALYPSOIFI,Rev_Repo,,2026-06-03
99228886,,2025-05-04,2026-09-05,2026-05-05,TDBK,CENTRAL 1 CREDIT UNION,2026-07-01,Repo,B333,2026-04-09,REPO,FIN,CALYPSOIFI,Rev_Repo,,2026-07-01
93363599,,2025-01-04,2026-04-09,2026-07-27,TDBK,MORGAN STANLEY INTL,2026-07-01,,B593,2026-02-21,,FIN,CALYPSOIFI,Repo,,2026-06-03
97530310,,2025-06-22,2026-07-27,2026-02-02,TDBK,WELLINGTON GLOBAL EQUITY FUND 28R5,2026-07-01,Repo,B526,2026-09-12,REPO,FIN,CALYPSOIFI,Repo,,2026-06-24
98317625,,2025-10-05,2026-07-19,2026-12-13,TDBK,DEUTSCHE BANK A.G.,2026-07-01,Repo,B685,2026-03-17,REPO,FIN,CALYPSOIFI,Rev_Repo,,2026-07-01
99057757,,2026-11-24,2026-01-16,2026-04-07,TDBK,BANCO HABITAT,2026-07-01,Repo,B206,2026-09-28,REPO,FIN,CALYPSOIFI,Rev_Repo,,2026-07-01
91244739,,2026-01-21,2026-11-01,2026-10-21,TDBK,INVESTEC BANK LIMITED,2026-07-01,Repo,B814,2026-07-26,REPO,FIN,CALYPSOIFI,Repo,,2026-06-24
99255487,,2025-05-27,2026-12-09,2026-11-15,TDBK,CENTRAL 1 CREDIT UNION,2026-07-01,Repo,B864,2026-11-24,,FIN,CALYPSOIFI,Repo,,2026-06-03
95044910,,2025-08-24,2026-09-14,2026-12-14,TDBK,DEUTSCHE BANK A.G.,2026-07-01,Repo,B920,2026-08-12,REPO,FIN,CALYPSOIFI,Repo,,2026-06-24
97850544,,2025-12-02,2026-09-25,2026-08-21,TDBK,SWISS LIFE AG,2026-07-01,Repo,B555,2026-09-07,REPO,FIN,CALYPSOIFI,Rev_Repo,,2026-06-10
93469227,,2026-10-12,2026-12-21,2026-06-19,TDBK,SWISS LIFE AG,2026-07-01,Repo,B772,2026-02-26,REPO,FIN,CALYPSOIFI,Rev_Repo,,2026-06-17
97661428,,2025-09-04,2026-09-21,2026-07-18,TDBK,BANCO HABITAT,2026-07-01,Repo,B372,2026-01-06,REPO,FIN,CALYPSOIFI,Repo,,2026-06-24
90979029,,2025-10-01,2026-01-25,2026-06-27,TDBK,SWISS LIFE AG,2026-07-01,Repo,B942,2026-08-22,REPO,FIN,CALYPSOIFI,Repo,,2026-06-03
90337397,,2025-02-05,2026-03-23,2026-08-16,TDBK,SWISS LIFE AG,2026-07-01,Repo,B353,2026-06-11,REPO,FIN,CALYPSOIFI,Rev_Repo,,2026-06-17
99421368,,2026-11-03,2026-03-02,2026-07-11,TDBK,INVESTEC BANK LIMITED,2026-07-01,Repo,B856,2026-01-17,REPO,FIN,CALYPSOIFI,Rev_Repo,,2026-06-03
97981269,,2025-03-01,2026-11-24,2026-10-17,TDBK,INVESTEC BANK LIMITED,2026-07-01,Repo,B511,2026-03-17,REPO,FIN,CALYPSOIFI,Rev_Repo,,2026-06-10
93832147,,2025-02-17,2026-09-21,2026-11-18,TDBK,DEUTSCHE BANK A.G.,2026-07-01,Repo,B878,2026-09-06,REPO,FIN,CALYPSOIFI,Repo,,2026-06-10
99304026,,2025-07-23,2026-12-26,2026-03-18,TDBK,MORGAN STANLEY INTL,2026-07-01,Repo,B821,2026-03-15,REPO,FIN,CALYPSOIFI,Rev_Repo,,2026-06-03
90320166,,2025-11-18,2026-09-05,2026-10-08,TDBK,MORGAN STANLEY INTL,2026-07-01,Repo,B436,2026-03-09,REPO,FIN,CALYPSOIFI,Repo,,2026-06-03
92614763,,2025-11-12,2026-11-15,2026-01-23,TDBK,CITIBANK NA,2026-07-01,Repo,B945,2026-08-03,REPO,FIN,CALYPSOIFI,Repo,,2026-06-10
92198352,,2025-07-13,2026-06-18,2026-11-19,TDBK,BIMCOR INC,2026-07-01,Repo,B549,2026-12-04,REPO,FIN,CALYPSOIFI,Repo,,2026-07-01
95461993,,2025-03-03,2026-08-10,2026-02-10,TDBK,BANCO HABITAT,2026-07-01,Repo,B938,2026-05-02,REPO,FIN,CALYPSOIFI,Rev_Repo,,2026-06-03
92040078,,2026-07-06,2026-10-05,2026-01-05,TDBK,MORGAN STANLEY INTL,2026-07-01,,B903,2026-02-21,REPO,FIN,CALYPSOIFI,Rev_Repo,,2026-06-10
99893326,,2025-01-15,2026-07-14,2026-03-05,TDBK,MORGAN STANLEY INTL,2026-07-01,Repo,B517,2026-06-17,REPO,FIN,CALYPSOIFI,Rev_Repo,,2026-06-10
94739454,,2026-10-19,2026-10-07,2026-11-23,TDBK,WELLINGTON GLOBAL EQUITY FUND 28R5,2026-07-01,Repo,B230,2026-03-19,,FIN,CALYPSOIFI,Rev_Repo,,2026-06-10
93033626,,2025-02-08,2026-08-26,2026-10-11,TDBK,BANCO HABITAT,2026-07-01,Repo,B842,2026-11-08,REPO,FIN,CALYPSOIFI,Repo,,2026-07-01
95682493,,2025-11-08,2026-06-09,2026-12-09,TDBK,BANCO HABITAT,2026-07-01,Repo,B524,2026-07-22,REPO,FIN,CALYPSOIFI,Repo,,2026-06-03
97950688,,2026-12-16,2026-01-02,2026-01-24,TDBK,,2026-07-01,,B689,2026-10-28,REPO,FIN,CALYPSOIFI,Repo,,2026-06-10
97563726,,2025-09-06,2026-08-23,2026-07-04,TDBK,BANCO HABITAT,2026-07-01,Repo,B681,2026-07-25,REPO,FIN,CALYPSOIFI,Rev_Repo,,2026-06-17
98337265,,2025-10-17,2026-05-27,2026-01-18,TDBK,BANCO HABITAT,2026-07-01,Repo,B138,2026-06-21,REPO,FIN,CALYPSOIFI,Rev_Repo,,2026-06-03
96318471,,2025-04-07,2026-09-03,2026-05-22,TDBK,BANK OF NOVA SCOTIA,2026-07-01,Repo,B505,2026-09-27,REPO,FIN,CALYPSOIFI,Rev_Repo,,2026-06-03
95983948,,2025-05-10,2026-11-03,2026-08-12,TDBK,DEUTSCHE BANK A.G.,2026-07-01,Repo,B390,2026-12-10,REPO,FIN,CALYPSOIFI,Repo,,2026-06-24
91515404,,2025-01-05,2026-08-20,2026-03-05,TDBK,SWISS LIFE AG,2026-07-01,,B200,2026-04-14,REPO,FIN,CALYPSOIFI,Repo,,2026-07-01
98798262,,2026-07-20,2026-08-04,2026-11-05,TDBK,MORGAN STANLEY INTL,2026-07-01,Repo,B642,2026-05-15,REPO,FIN,CALYPSOIFI,Repo,,2026-06-17
98514239,,2026-01-08,2026-01-07,,TDBK,CENTRAL 1 CREDIT UNION,2026-07-01,Repo,B673,2026-10-18,REPO,FIN,CALYPSOIFI,Rev_Repo,,2026-06-17
96274128,,2026-01-19,2026-09-27,2026-05-06,TDBK,WELLINGTON GLOBAL EQUITY FUND 28R5,2026-07-01,Repo,B498,2026-09-01,REPO,FIN,CALYPSOIFI,Rev_Repo,,2026-06-03
92072104,,2026-02-10,2026-09-15,2026-03-23,TDBK,MORGAN STANLEY INTL,2026-07-01,Repo,B357,2026-10-07,REPO,FIN,CALYPSOIFI,Rev_Repo,,2026-06-24
94700751,,2026-10-14,2026-07-19,2026-05-18,TDBK,BANCO HABITAT,2026-07-01,Repo,B172,2026-11-26,REPO,FIN,CALYPSOIFI,Repo,,2026-06-17
91312066,,2026-04-28,2026-12-24,2026-10-24,TDBK,BANCO HABITAT,2026-07-01,Repo,B234,2026-09-28,REPO,FIN,CALYPSOIFI,Repo,,2026-06-10
95272172,,2025-09-24,2026-08-08,2026-08-22,TDBK,SWISS LIFE AG,2026-07-01,Repo,B586,2026-01-23,REPO,FIN,CALYPSOIFI,Rev_Repo,,2026-06-17
99080765,,2025-06-28,2026-11-15,2026-12-17,TDBK,CITIBANK NA,2026-07-01,Repo,B837,2026-09-26,REPO,FIN,CALYPSOIFI,Rev_Repo,,2026-06-17
97214470,,2025-01-21,2026-06-03,2026-03-16,TDBK,BANK OF NOVA SCOTIA,2026-07-01,Repo,B682,2026-11-22,REPO,FIN,CALYPSOIFI,Repo,,2026-07-01
90941986,,2026-03-07,2026-10-27,2026-01-11,TDBK,BIMCOR INC,2026-07-01,Repo,B524,2026-01-06,REPO,FIN,CALYPSOIFI,Rev_Repo,,2026-06-17
91716515,,2026-10-26,2026-06-25,2026-09-26,TDBK,CITIBANK NA,2026-07-01,Repo,B851,2026-10-03,REPO,FIN,CALYPSOIFI,Repo,,2026-06-10
91195874,,2026-03-07,2026-01-12,2026-03-09,TDBK,BANK OF NOVA SCOTIA,2026-07-01,Repo,B761,2026-02-15,REPO,FIN,CALYPSOIFI,Repo,,2026-06-24
95855959,,2026-06-01,2026-12-19,2026-03-27,TDBK,,2026-07-01,Repo,B372,2026-09-08,REPO,FIN,CALYPSOIFI,Rev_Repo,,2026-06-17
95857892,,2026-11-16,2026-05-22,2026-03-26,TDBK,CITIBANK NA,2026-07-01,Repo,B972,2026-12-01,REPO,FIN,CALYPSOIFI,Rev_Repo,,2026-06-03
93826456,,2026-11-25,2026-05-24,2026-01-17,TDBK,,2026-07-01,Repo,B371,2026-06-21,REPO,FIN,CALYPSOIFI,Rev_Repo,,2026-06-10
99286742,,2025-10-25,2026-10-06,2026-04-22,TDBK,BANCO HABITAT,2026-07-01,Repo,B377,2026-01-07,REPO,FIN,CALYPSOIFI,Repo,,2026-07-01
96220671,,2026-10-21,2026-11-09,2026-06-07,TDBK,CITIBANK NA,2026-07-01,,B483,2026-06-15,REPO,FIN,CALYPSOIFI,Repo,,2026-06-17
94222569,,2025-12-09,2026-11-26,,TDBK,BANK OF NOVA SCOTIA,2026-07-01,Repo,B316,2026-10-12,REPO,FIN,CALYPSOIFI,Rev_Repo,,2026-06-17
99764725,,2025-04-01,2026-07-02,2026-10-22,TDBK,SWISS LIFE AG,2026-07-01,Repo,B351,2026-01-18,REPO,FIN,CALYPSOIFI,Repo,,2026-06-03
91865431,,2026-07-02,2026-05-16,2026-06-14,TDBK,CENTRAL 1 CREDIT UNION,2026-07-01,Repo,B487,2026-12-21,REPO,FIN,CALYPSOIFI,Repo,,2026-07-01
96603715,,2025-06-09,2026-01-20,2026-03-22,TDBK,BIMCOR INC,2026-07-01,,B242,2026-08-11,REPO,FIN,CALYPSOIFI,Repo,,2026-06-17
93616436,,2026-09-22,2026-05-13,2026-03-26,TDBK,WELLINGTON GLOBAL EQUITY FUND 28R5,2026-07-01,,B108,2026-11-03,REPO,FIN,CALYPSOIFI,Rev_Repo,,2026-06-10
95543160,,2026-05-04,2026-08-07,,TDBK,WELLINGTON GLOBAL EQUITY FUND 28R5,2026-07-01,Repo,B338,2026-11-02,REPO,FIN,CALYPSOIFI,Rev_Repo,,2026-06-10
95715835,,2025-03-03,2026-09-15,2026-08-26,TDBK,,2026-07-01,Repo,B580,2026-11-15,REPO,FIN,CALYPSOIFI,Repo,,2026-06-03
95904353,,2026-01-25,2026-11-14,2026-03-19,TDBK,DEUTSCHE BANK A.G.,2026-07-01,,B992,2026-01-11,REPO,,CALYPSOIFI,Repo,,2026-06-24
95498423,,2026-08-18,2026-01-07,2026-04-01,TDBK,,2026-07-01,Repo,B149,2026-03-12,REPO,FIN,CALYPSOIFI,Rev_Repo,,2026-06-17
95541221,,2026-02-13,2026-05-02,2026-05-22,TDBK,CENTRAL 1 CREDIT UNION,2026-07-01,Repo,B599,2026-02-06,REPO,FIN,CALYPSOIFI,Rev_Repo,,2026-07-01
92478436,,2026-12-08,2026-08-03,2026-02-24,TDBK,DEUTSCHE BANK A.G.,2026-07-01,Repo,B534,2026-11-16,REPO,FIN,CALYPSOIFI,Repo,,2026-07-01
90393390,,2026-05-03,2026-03-11,2026-01-01,TDBK,BANK OF NOVA SCOTIA,2026-07-01,Repo,B232,2026-11-19,REPO,FIN,CALYPSOIFI,Rev_Repo,,2026-06-17
93208832,,2026-09-20,2026-03-19,2026-02-24,TDBK,BANCO HABITAT,2026-07-01,Repo,B854,2026-01-09,REPO,FIN,CALYPSOIFI,Rev_Repo,,2026-06-17
97065815,,2025-12-23,2026-06-17,2026-08-24,TDBK,BANK OF NOVA SCOTIA,2026-07-01,Repo,B104,2026-09-01,REPO,FIN,CALYPSOIFI,Rev_Repo,,2026-06-24
94397220,,2025-01-12,2026-11-21,2026-08-17,TDBK,CITIBANK NA,2026-07-01,Repo,B701,2026-06-05,REPO,FIN,CALYPSOIFI,Repo,,2026-07-01
97786439,,2025-05-15,2026-01-02,2026-10-25,TDBK,CENTRAL 1 CREDIT UNION,2026-07-01,Repo,B566,2026-04-01,REPO,FIN,CALYPSOIFI,Repo,,2026-07-01
98216536,,2025-10-28,2026-02-23,2026-08-05,TDBK,INVESTEC BANK LIMITED,2026-07-01,Repo,B853,2026-07-12,REPO,FIN,CALYPSOIFI,Rev_Repo,,2026-07-01
93038418,,2026-02-15,2026-01-22,,TDBK,WELLINGTON GLOBAL EQUITY FUND 28R5,2026-07-01,Repo,B135,2026-05-02,REPO,FIN,CALYPSOIFI,Rev_Repo,,2026-06-10
90109055,,2026-04-21,2026-12-17,2026-06-04,TDBK,SWISS LIFE AG,2026-07-01,Repo,B566,2026-08-08,REPO,FIN,CALYPSOIFI,Repo,,2026-07-01
99008929,,2026-04-03,2026-10-09,2026-06-21,TDBK,BANCO HABITAT,2026-07-01,Repo,B491,2026-03-17,REPO,FIN,CALYPSOIFI,Repo,,2026-06-17
98649965,,2026-06-11,2026-05-15,2026-05-25,TDBK,CENTRAL 1 CREDIT UNION,2026-07-01,Repo,B377,2026-11-07,REPO,FIN,CALYPSOIFI,Repo,,2026-06-24
97936466,,2025-12-11,2026-11-10,,TDBK,CENTRAL 1 CREDIT UNION,2026-07-01,Repo,B686,2026-07-27,REPO,FIN,CALYPSOIFI,Repo,,2026-06-10
91362604,,2025-06-02,2026-07-14,2026-10-28,TDBK,DEUTSCHE BANK A.G.,2026-07-01,Repo,B262,2026-02-12,REPO,FIN,CALYPSOIFI,Repo,,2026-06-17
93178602,,2025-11-09,2026-05-05,2026-09-03,TDBK,INVESTEC BANK LIMITED,2026-07-01,Repo,B238,2026-10-27,REPO,FIN,CALYPSOIFI,Repo,,2026-07-01
94485142,,2026-04-13,2026-05-17,2026-08-01,TDBK,CITIBANK NA,2026-07-01,Repo,B898,2026-05-20,REPO,FIN,CALYPSOIFI,Repo,,2026-06-17
99601502,,2025-11-03,2026-11-19,2026-10-06,TDBK,BANK OF NOVA SCOTIA,2026-07-01,Repo,B899,2026-02-15,REPO,FIN,CALYPSOIFI,Rev_Repo,,2026-06-17
92662012,,2025-09-05,2026-03-04,2026-12-23,TDBK,SWISS LIFE AG,2026-07-01,Repo,B154,2026-06-05,,FIN,CALYPSOIFI,Repo,,2026-06-03
93569361,,2025-12-03,2026-04-26,2026-06-09,TDBK,DEUTSCHE BANK A.G.,2026-07-01,Repo,B665,2026-04-05,REPO,FIN,CALYPSOIFI,Repo,,2026-06-17
93206239,,2025-01-01,2026-03-13,2026-05-14,TDBK,SWISS LIFE AG,2026-07-01,Repo,B806,2026-12-14,REPO,FIN,CALYPSOIFI,Rev_Repo,,2026-06-03
93162419,,2026-06-12,2026-01-16,2026-02-24,TDBK,CITIBANK NA,2026-07-01,Repo,B440,2026-08-04,REPO,FIN,CALYPSOIFI,Repo,,2026-06-03
95893632,,2025-02-20,2026-01-17,2026-05-03,TDBK,BIMCOR INC,2026-07-01,,B341,2026-09-22,REPO,FIN,CALYPSOIFI,Repo,,2026-06-03
94346824,,2026-05-23,2026-10-13,2026-09-09,TDBK,DEUTSCHE BANK A.G.,2026-07-01,Repo,B112,2026-09-07,REPO,FIN,CALYPSOIFI,Repo,,2026-06-17
96427817,,2026-09-28,2026-10-22,2026-07-21,TDBK,MORGAN STANLEY INTL,2026-07-01,Repo,B282,2026-11-13,REPO,FIN,CALYPSOIFI,Repo,,2026-06-24
92546132,,2026-04-08,2026-01-08,2026-03-28,TDBK,CENTRAL 1 CREDIT UNION,2026-07-01,Repo,B951,2026-11-04,REPO,FIN,CALYPSOIFI,Rev_Repo,,2026-07-01
95626898,,2025-04-27,2026-09-24,2026-07-20,TDBK,BANK OF NOVA SCOTIA,2026-07-01,Repo,B778,2026-02-20,REPO,FIN,CALYPSOIFI,Repo,,2026-06-17
90980360,,2025-01-07,2026-11-28,2026-09-26,TDBK,SWISS LIFE AG,2026-07-01,Repo,B812,2026-10-03,REPO,FIN,CALYPSOIFI,Rev_Repo,,2026-06-10
95176219,,2025-09-14,2026-08-22,2026-07-23,TDBK,BANK OF NOVA SCOTIA,2026-07-01,Repo,B816,2026-12-07,REPO,FIN,CALYPSOIFI,Repo,,2026-06-24
96494381,,2026-08-23,2026-09-12,2026-11-07,TDBK,INVESTEC BANK LIMITED,2026-07-01,Repo,B357,2026-06-06,,FIN,CALYPSOIFI,Repo,,2026-06-03
95260634,,2026-06-25,2026-11-18,2026-03-24,TDBK,BIMCOR INC,2026-07-01,Repo,B532,2026-05-10,REPO,FIN,CALYPSOIFI,Rev_Repo,,2026-06-03
98041648,,2026-08-01,2026-11-04,2026-02-02,TDBK,SWISS LIFE AG,2026-07-01,Repo,B233,2026-09-10,REPO,FIN,CALYPSOIFI,Rev_Repo,,2026-06-10
94276025,,2025-05-15,2026-09-20,2026-09-09,TDBK,INVESTEC BANK LIMITED,2026-07-01,Repo,B431,2026-02-12,,FIN,CALYPSOIFI,Repo,,2026-07-01
91107558,,2025-08-26,2026-11-13,2026-09-16,TDBK,CITIBANK NA,2026-07-01,Repo,B207,2026-07-21,REPO,FIN,CALYPSOIFI,Repo,,2026-07-01
95101533,,2026-01-27,2026-03-10,2026-09-12,TDBK,,2026-07-01,Repo,B902,2026-10-11,REPO,FIN,CALYPSOIFI,Repo,,2026-06-03
94669033,,2026-05-17,2026-11-26,2026-09-08,TDBK,BANCO HABITAT,2026-07-01,,B784,2026-11-12,REPO,FIN,CALYPSOIFI,Repo,,2026-06-24
92938710,,2026-01-06,2026-02-12,2026-12-07,TDBK,DEUTSCHE BANK A.G.,2026-07-01,Repo,B811,2026-07-06,REPO,FIN,CALYPSOIFI,Repo,,2026-07-01
93836769,,2025-07-07,2026-11-03,2026-07-22,TDBK,SWISS LIFE AG,2026-07-01,Repo,B175,2026-06-01,REPO,FIN,CALYPSOIFI,Rev_Repo,,2026-06-17
96188185,,2026-08-27,2026-04-07,2026-12-22,TDBK,CITIBANK NA,2026-07-01,Repo,B398,2026-05-16,REPO,,CALYPSOIFI,Repo,,2026-07-01
93441935,,2026-10-08,2026-08-03,,TDBK,CITIBANK NA,2026-07-01,Repo,B251,2026-02-12,REPO,FIN,CALYPSOIFI,Repo,,2026-07-01
91602233,,2026-11-01,2026-03-05,2026-06-08,TDBK,MORGAN STANLEY INTL,2026-07-01,Repo,B535,2026-05-28,REPO,FIN,CALYPSOIFI,Rev_Repo,,2026-06-17
91786491,,2026-09-06,2026-09-28,2026-12-02,TDBK,INVESTEC BANK LIMITED,2026-07-01,Repo,B502,2026-12-25,REPO,FIN,CALYPSOIFI,Rev_Repo,,2026-06-17
92407716,,2025-12-16,2026-10-08,2026-10-23,TDBK,WELLINGTON GLOBAL EQUITY FUND 28R5,2026-07-01,Repo,B941,2026-07-08,,FIN,CALYPSOIFI,Repo,,2026-06-24
91858162,,2025-11-14,2026-06-25,2026-07-04,TDBK,BIMCOR INC,2026-07-01,Repo,B628,2026-12-20,REPO,FIN,CALYPSOIFI,Repo,,2026-07-01
96042670,,2025-07-17,2026-04-04,2026-06-06,TDBK,DEUTSCHE BANK A.G.,2026-07-01,,B419,2026-05-03,REPO,FIN,CALYPSOIFI,Rev_Repo,,2026-06-10
99881520,,2025-12-01,2026-12-28,2026-06-16,TDBK,CENTRAL 1 CREDIT UNION,2026-07-01,Repo,B617,2026-12-23,REPO,FIN,CALYPSOIFI,Repo,,2026-06-10
98455011,,2026-11-03,2026-08-03,2026-10-03,TDBK,BIMCOR INC,2026-07-01,Repo,B340,2026-09-06,REPO,FIN,CALYPSOIFI,Repo,,2026-06-03
99106453,,2025-09-17,2026-10-03,2026-12-16,TDBK,BANK OF NOVA SCOTIA,2026-07-01,Repo,B870,2026-05-20,REPO,,CALYPSOIFI,Repo,,2026-06-17
90963819,,2025-04-24,2026-12-05,2026-05-25,TDBK,WELLINGTON GLOBAL EQUITY FUND 28R5,2026-07-01,Repo,B647,2026-09-02,REPO,FIN,CALYPSOIFI,Repo,,2026-06-03
93930564,,2025-01-24,2026-01-24,2026-07-02,TDBK,CENTRAL 1 CREDIT UNION,2026-07-01,Repo,B304,2026-06-26,REPO,FIN,CALYPSOIFI,Repo,,2026-07-01
91287569,,2026-03-25,2026-08-24,2026-07-19,TDBK,BANK OF NOVA SCOTIA,2026-07-01,Repo,B516,2026-05-10,REPO,FIN,CALYPSOIFI,Rev_Repo,,2026-06-10
95030189,,2025-03-18,2026-11-12,2026-11-07,TDBK,BANCO HABITAT,2026-07-01,Repo,B141,2026-09-26,REPO,FIN,CALYPSOIFI,Repo,,2026-07-01
96145729,,2026-04-10,2026-11-03,2026-04-25,TDBK,DEUTSCHE BANK A.G.,2026-07-01,Repo,B702,2026-02-13,REPO,,CALYPSOIFI,Rev_Repo,,2026-06-17
97798471,,2026-02-10,2026-11-04,2026-11-17,TDBK,DEUTSCHE BANK A.G.,2026-07-01,Repo,B297,2026-07-12,REPO,FIN,CALYPSOIFI,Rev_Repo,,2026-06-03
96712415,,2025-08-25,2026-06-02,2026-10-22,TDBK,CITIBANK NA,2026-07-01,Repo,B219,2026-02-25,REPO,FIN,CALYPSOIFI,Rev_Repo,,2026-07-01
94414141,,2025-09-27,2026-06-16,,TDBK,INVESTEC BANK LIMITED,2026-07-01,Repo,B603,2026-08-07,REPO,FIN,CALYPSOIFI,Rev_Repo,,2026-07-01
98273908,,2025-01-18,2026-03-27,2026-10-05,TDBK,INVESTEC BANK LIMITED,2026-07-01,,B796,2026-11-05,REPO,FIN,CALYPSOIFI,Repo,,2026-06-03
90112391,,2025-03-07,2026-11-15,2026-12-18,TDBK,DEUTSCHE BANK A.G.,2026-07-01,Repo,B586,2026-09-13,REPO,FIN,CALYPSOIFI,Repo,,2026-07-01
93059425,,2025-07-14,2026-01-07,2026-07-08,TDBK,CITIBANK NA,2026-07-01,Repo,B914,2026-10-22,,FIN,CALYPSOIFI,Repo,,2026-06-17
99021026,,2026-02-08,2026-04-22,2026-08-24,TDBK,MORGAN STANLEY INTL,2026-07-01,Repo,B106,2026-10-24,REPO,FIN,CALYPSOIFI,Repo,,2026-06-17
93787916,,2025-08-21,2026-08-24,2026-12-14,TDBK,DEUTSCHE BANK A.G.,2026-07-01,Repo,B906,2026-11-22,REPO,FIN,CALYPSOIFI,Rev_Repo,,2026-06-17
90508067,,2026-05-02,2026-11-22,2026-03-24,TDBK,WELLINGTON GLOBAL EQUITY FUND 28R5,2026-07-01,Repo,B314,2026-08-14,REPO,FIN,CALYPSOIFI,Repo,,2026-06-17
99675057,,2026-12-12,2026-02-23,,TDBK,BIMCOR INC,2026-07-01,Repo,B442,2026-01-08,REPO,FIN,CALYPSOIFI,Rev_Repo,,2026-06-03
93480930,,2025-02-18,2026-02-12,2026-02-06,TDBK,BANK OF NOVA SCOTIA,2026-07-01,Repo,B982,2026-12-19,REPO,FIN,CALYPSOIFI,Repo,,2026-06-17
95583056,,2026-05-24,2026-02-01,2026-01-24,TDBK,,2026-07-01,Repo,B277,2026-06-01,REPO,FIN,CALYPSOIFI,Repo,,2026-06-03
97119612,,2026-12-09,2026-07-18,2026-08-27,TDBK,MORGAN STANLEY INTL,2026-07-01,Repo,B696,2026-02-24,REPO,FIN,CALYPSOIFI,Repo,,2026-06-17
92305398,,2025-11-01,2026-09-11,2026-01-20,TDBK,WELLINGTON GLOBAL EQUITY FUND 28R5,2026-07-01,Repo,B690,2026-07-04,REPO,FIN,CALYPSOIFI,Rev_Repo,,2026-06-03
97005513,,2026-08-13,2026-03-16,2026-07-02,TDBK,MORGAN STANLEY INTL,2026-07-01,Repo,B381,2026-04-12,REPO,FIN,CALYPSOIFI,Repo,,2026-06-10
99909923,,2026-06-25,2026-03-10,2026-12-07,TDBK,WELLINGTON GLOBAL EQUITY FUND 28R5,2026-07-01,Repo,B591,2026-03-01,REPO,FIN,CALYPSOIFI,Repo,,2026-06-17
94374248,,2025-10-22,2026-08-16,2026-07-02,TDBK,INVESTEC BANK LIMITED,2026-07-01,Repo,B403,2026-07-26,,FIN,CALYPSOIFI,Repo,,2026-06-10
94865565,,2026-07-28,2026-03-09,2026-03-16,TDBK,,2026-07-01,Repo,B664,2026-09-06,REPO,FIN,CALYPSOIFI,Repo,,2026-07-01
94629124,,2026-03-22,2026-12-22,2026-11-01,TDBK,WELLINGTON GLOBAL EQUITY FUND 28R5,2026-07-01,Repo,B173,2026-08-07,REPO,,CALYPSOIFI,Repo,,2026-07-01
98786993,,2025-03-03,2026-07-24,2026-07-17,TDBK,CITIBANK NA,2026-07-01,Repo,B404,2026-12-11,REPO,FIN,CALYPSOIFI,Repo,,2026-07-01
94038011,,2025-04-08,2026-08-03,2026-08-17,TDBK,SWISS LIFE AG,2026-07-01,Repo,B116,2026-11-03,REPO,FIN,CALYPSOIFI,Repo,,2026-07-01
97026258,,2025-01-21,2026-07-13,2026-03-24,TDBK,CITIBANK NA,2026-07-01,Repo,B619,2026-02-07,REPO,FIN,CALYPSOIFI,Rev_Repo,,2026-06-17
90504786,,2026-04-25,2026-07-23,2026-09-21,TDBK,,2026-07-01,Repo,B181,2026-05-28,REPO,FIN,CALYPSOIFI,Repo,,2026-06-24
98722714,,2025-04-01,2026-09-17,2026-03-11,TDBK,SWISS LIFE AG,2026-07-01,,B309,2026-05-19,REPO,FIN,CALYPSOIFI,Repo,,2026-06-17
93221213,,2025-07-12,2026-01-13,2026-07-28,TDBK,DEUTSCHE BANK A.G.,2026-07-01,Repo,B186,2026-03-07,REPO,FIN,CALYPSOIFI,Rev_Repo,,2026-06-10
90653806,,2026-06-06,2026-01-14,2026-01-02,TDBK,MORGAN STANLEY INTL,2026-07-01,Repo,B198,2026-11-16,REPO,FIN,CALYPSOIFI,Repo,,2026-06-10
95524851,,2025-11-09,2026-11-11,2026-10-17,TDBK,DEUTSCHE BANK A.G.,2026-07-01,Repo,B348,2026-03-18,REPO,,CALYPSOIFI,Repo,,2026-07-01
99861481,,2026-07-28,2026-12-08,2026-10-09,TDBK,,2026-07-01,,B163,2026-09-24,,FIN,CALYPSOIFI,Rev_Repo,,2026-06-17
90970270,,2025-11-01,2026-06-26,2026-10-23,TDBK,DEUTSCHE BANK A.G.,2026-07-01,Repo,B316,2026-08-11,REPO,FIN,CALYPSOIFI,Rev_Repo,,2026-06-10
93646959,,2025-09-12,2026-05-13,2026-10-05,TDBK,WELLINGTON GLOBAL EQUITY FUND 28R5,2026-07-01,Repo,B421,2026-09-13,REPO,FIN,CALYPSOIFI,Repo,,2026-06-10
96105977,,2025-07-27,2026-05-01,2026-04-26,TDBK,MORGAN STANLEY INTL,2026-07-01,Repo,B651,2026-10-09,REPO,FIN,CALYPSOIFI,Repo,,2026-06-24
98078662,,2025-03-18,2026-05-24,2026-05-12,TDBK,CENTRAL 1 CREDIT UNION,2026-07-01,Repo,B992,2026-12-19,REPO,FIN,CALYPSOIFI,Rev_Repo,,2026-07-01
94620856,,2025-02-13,2026-01-24,2026-03-14,TDBK,INVESTEC BANK LIMITED,2026-07-01,Repo,B606,2026-11-04,REPO,FIN,CALYPSOIFI,Repo,,2026-06-10
99045836,,2026-05-05,2026-07-10,2026-09-22,TDBK,DEUTSCHE BANK A.G.,2026-07-01,Repo,B623,2026-05-24,REPO,FIN,CALYPSOIFI,Rev_Repo,,2026-07-01
92611628,,2025-09-24,2026-10-25,2026-11-16,TDBK,BANK OF NOVA SCOTIA,2026-07-01,Repo,B240,2026-06-20,REPO,FIN,CALYPSOIFI,Repo,,2026-06-24
99862190,,2025-03-24,2026-03-01,2026-07-20,TDBK,MORGAN STANLEY INTL,2026-07-01,Repo,B320,2026-02-17,,FIN,CALYPSOIFI,Repo,,2026-07-01
95019294,,2025-11-04,2026-09-05,,TDBK,CITIBANK NA,2026-07-01,Repo,B734,2026-09-01,REPO,FIN,CALYPSOIFI,Repo,,2026-06-03
90520438,,2026-11-19,2026-10-25,2026-02-12,TDBK,BIMCOR INC,2026-07-01,Repo,B284,2026-02-19,,FIN,CALYPSOIFI,Rev_Repo,,2026-07-01
98109788,,2025-03-27,2026-03-15,2026-05-21,TDBK,INVESTEC BANK LIMITED,2026-07-01,Repo,B543,2026-11-24,REPO,FIN,CALYPSOIFI,Repo,,2026-06-10
99138630,,2025-02-27,2026-06-27,2026-06-21,TDBK,MORGAN STANLEY INTL,2026-07-01,Repo,B813,2026-01-15,REPO,FIN,CALYPSOIFI,Repo,,2026-06-24
91556740,,2025-12-28,2026-12-11,2026-09-26,TDBK,,2026-07-01,Repo,B910,2026-11-16,REPO,FIN,CALYPSOIFI,Rev_Repo,,2026-07-01
94535953,,2026-03-21,2026-10-21,,TDBK,,2026-07-01,Repo,B148,2026-03-14,REPO,FIN,CALYPSOIFI,Rev_Repo,,2026-06-24
92628727,,2026-09-23,2026-09-10,2026-08-21,TDBK,CENTRAL 1 CREDIT UNION,2026-07-01,Repo,B650,2026-03-15,REPO,FIN,CALYPSOIFI,Repo,,2026-06-17
92942719,,2026-10-17,2026-07-23,2026-11-20,TDBK,BANCO HABITAT,2026-07-01,Repo,B323,2026-07-09,REPO,FIN,CALYPSOIFI,Rev_Repo,,2026-06-24
94190631,,2025-11-23,2026-05-18,2026-06-27,TDBK,CITIBANK NA,2026-07-01,Repo,B733,2026-04-14,REPO,,CALYPSOIFI,Rev_Repo,,2026-06-10
97865679,,2026-12-09,2026-12-07,2026-12-12,TDBK,,2026-07-01,Repo,B200,2026-09-14,REPO,FIN,CALYPSOIFI,Repo,,2026-06-24
91607391,,2026-11-13,2026-09-07,2026-09-12,TDBK,CENTRAL 1 CREDIT UNION,2026-07-01,Repo,B232,2026-04-09,REPO,FIN,CALYPSOIFI,Rev_Repo,,2026-07-01
97788094,,2025-06-20,2026-06-10,2026-02-01,TDBK,CITIBANK NA,2026-07-01,Repo,B205,2026-04-12,REPO,FIN,CALYPSOIFI,Rev_Repo,,2026-06-17
91259352,,2025-04-19,2026-02-10,2026-01-17,TDBK,CENTRAL 1 CREDIT UNION,2026-07-01,Repo,B949,2026-12-01,REPO,FIN,CALYPSOIFI,Rev_Repo,,2026-07-01
99318524,,2026-11-14,2026-09-04,2026-12-26,TDBK,BIMCOR INC,2026-07-01,,B110,2026-05-06,REPO,,CALYPSOIFI,Rev_Repo,,2026-06-03
97195579,,2026-07-05,2026-08-26,2026-09-13,TDBK,,2026-07-01,Repo,B213,2026-05-13,REPO,,CALYPSOIFI,Repo,,2026-06-10
98447667,,2026-05-22,2026-09-06,2026-04-25,TDBK,BIMCOR INC,2026-07-01,Repo,B892,2026-03-12,REPO,FIN,CALYPSOIFI,Rev_Repo,,2026-07-01
96949798,,2025-11-01,2026-11-11,,TDBK,MORGAN STANLEY INTL,2026-07-01,Repo,B953,2026-11-03,,,CALYPSOIFI,Rev_Repo,,2026-06-24
93047991,,2026-04-16,2026-09-18,2026-07-15,TDBK,WELLINGTON GLOBAL EQUITY FUND 28R5,2026-07-01,Repo,B784,2026-07-05,,FIN,CALYPSOIFI,Repo,,2026-06-03
96765640,,2025-11-28,2026-02-12,2026-05-27,TDBK,BIMCOR INC,2026-07-01,Repo,B190,2026-04-06,REPO,,CALYPSOIFI,Rev_Repo,,2026-06-17
92831383,,2026-09-13,2026-09-20,2026-12-08,TDBK,DEUTSCHE BANK A.G.,2026-07-01,Repo,B500,2026-04-07,REPO,FIN,CALYPSOIFI,Repo,,2026-06-24
92241702,,2026-10-06,2026-09-23,2026-10-19,TDBK,CITIBANK NA,2026-07-01,Repo,B195,2026-02-24,REPO,FIN,CALYPSOIFI,Rev_Repo,,2026-06-24
97849405,,2026-11-06,2026-07-05,2026-04-24,TDBK,DEUTSCHE BANK A.G.,2026-07-01,Repo,B387,2026-06-03,REPO,FIN,CALYPSOIFI,Rev_Repo,,2026-06-17
92779110,,2026-09-17,2026-01-27,2026-09-18,TDBK,CENTRAL 1 CREDIT UNION,2026-07-01,Repo,B851,2026-03-20,REPO,FIN,CALYPSOIFI,Repo,,2026-06-17
92866274,,2025-12-19,2026-08-19,2026-11-25,TDBK,WELLINGTON GLOBAL EQUITY FUND 28R5,2026-07-01,Repo,B427,2026-07-25,,,CALYPSOIFI,Rev_Repo,,2026-07-01
92126969,,2026-03-12,2026-09-17,,TDBK,BANCO HABITAT,2026-07-01,Repo,B684,2026-12-19,REPO,FIN,CALYPSOIFI,Rev_Repo,,2026-06-03
90201107,,2026-10-19,2026-02-25,2026-08-06,TDBK,BANCO HABITAT,2026-07-01,Repo,B377,2026-04-10,REPO,FIN,CALYPSOIFI,Repo,,2026-06-17
90004978,,2026-05-07,2026-04-24,2026-10-19,TDBK,CENTRAL 1 CREDIT UNION,2026-07-01,Repo,B495,2026-08-11,REPO,FIN,CALYPSOIFI,Repo,,2026-06-17
96889969,,2025-05-28,2026-06-06,2026-01-15,TDBK,BANK OF NOVA SCOTIA,2026-07-01,Repo,B813,2026-03-27,,FIN,CALYPSOIFI,Repo,,2026-06-10
96289199,,2025-10-06,2026-02-24,2026-02-01,TDBK,CITIBANK NA,2026-07-01,Repo,B751,2026-02-23,REPO,FIN,CALYPSOIFI,Repo,,2026-06-03
95412691,,2025-07-04,2026-06-08,2026-12-23,TDBK,DEUTSCHE BANK A.G.,2026-07-01,Repo,B379,2026-04-11,REPO,FIN,CALYPSOIFI,Rev_Repo,,2026-06-24
98923948,,2025-09-23,2026-11-17,,TDBK,DEUTSCHE BANK A.G.,2026-07-01,Repo,B915,2026-09-25,REPO,FIN,CALYPSOIFI,Rev_Repo,,2026-07-01
93266200,,2026-04-09,2026-06-07,2026-11-20,TDBK,BANCO HABITAT,2026-07-01,,B346,2026-08-18,REPO,FIN,CALYPSOIFI,Repo,,2026-07-01
92967093,,2025-03-26,2026-06-03,2026-03-27,TDBK,SWISS LIFE AG,2026-07-01,Repo,B480,2026-01-27,REPO,FIN,CALYPSOIFI,Rev_Repo,,2026-06-03
90326709,,2025-04-06,2026-12-07,2026-09-10,TDBK,CENTRAL 1 CREDIT UNION,2026-07-01,Repo,B587,2026-09-06,REPO,FIN,CALYPSOIFI,Repo,,2026-06-03
91557899,,2026-11-02,2026-11-27,2026-11-19,TDBK,WELLINGTON GLOBAL EQUITY FUND 28R5,2026-07-01,Repo,B242,2026-10-10,,FIN,CALYPSOIFI,Repo,,2026-07-01
93711533,,2025-07-03,2026-01-21,2026-01-05,TDBK,DEUTSCHE BANK A.G.,2026-07-01,Repo,B706,2026-01-20,REPO,FIN,CALYPSOIFI,Repo,,2026-07-01
94475255,,2026-04-04,2026-04-14,2026-06-19,TDBK,DEUTSCHE BANK A.G.,2026-07-01,Repo,B206,2026-01-10,REPO,FIN,CALYPSOIFI,Repo,,2026-06-10
94050228,,2026-08-10,2026-04-10,2026-12-15,TDBK,BIMCOR INC,2026-07-01,Repo,B295,2026-11-05,REPO,FIN,CALYPSOIFI,Repo,,2026-06-24
98372390,,2025-04-23,2026-08-03,2026-05-15,TDBK,CITIBANK NA,2026-07-01,Repo,B530,2026-09-28,REPO,FIN,CALYPSOIFI,Repo,,2026-06-03
97601480,,2025-01-17,2026-02-21,2026-12-12,TDBK,INVESTEC BANK LIMITED,2026-07-01,Repo,B224,2026-06-22,REPO,FIN,CALYPSOIFI,Repo,,2026-07-01
99845292,,2026-01-06,2026-10-02,2026-03-24,TDBK,WELLINGTON GLOBAL EQUITY FUND 28R5,2026-07-01,Repo,B242,2026-05-22,REPO,FIN,CALYPSOIFI,Repo,,2026-06-17
95564085,,2025-06-04,2026-05-04,2026-03-17,TDBK,INVESTEC BANK LIMITED,2026-07-01,Repo,B988,2026-04-13,REPO,,CALYPSOIFI,Repo,,2026-06-10
96280398,,2025-08-24,2026-07-01,2026-10-21,TDBK,INVESTEC BANK LIMITED,2026-07-01,Repo,B216,2026-08-11,REPO,,CALYPSOIFI,Repo,,2026-06-24
91298513,,2026-05-04,2026-07-05,,TDBK,INVESTEC BANK LIMITED,2026-07-01,Repo,B844,2026-04-08,REPO,FIN,CALYPSOIFI,Rev_Repo,,2026-06-17
99043730,,2025-11-28,2026-03-03,,TDBK,,2026-07-01,Repo,B136,2026-09-06,REPO,FIN,CALYPSOIFI,Repo,,2026-06-17
92583854,,2026-05-15,2026-02-20,2026-06-22,TDBK,BANCO HABITAT,2026-07-01,Repo,B215,2026-03-21,REPO,,CALYPSOIFI,Rev_Repo,,2026-06-17
93252349,,2026-03-09,2026-07-11,2026-10-13,TDBK,,2026-07-01,Repo,B420,2026-02-10,REPO,FIN,CALYPSOIFI,Rev_Repo,,2026-07-01
95148628,,2025-06-03,2026-01-17,2026-06-11,TDBK,INVESTEC BANK LIMITED,2026-07-01,Repo,B120,2026-10-06,REPO,FIN,CALYPSOIFI,Repo,,2026-07-01
92217389,,2025-06-23,2026-12-12,2026-10-17,TDBK,INVESTEC BANK LIMITED,2026-07-01,Repo,B454,2026-01-18,REPO,FIN,CALYPSOIFI,Repo,,2026-06-03
96599491,,2025-08-03,2026-08-24,2026-11-23,TDBK,CITIBANK NA,2026-07-01,Repo,B427,2026-03-06,REPO,FIN,CALYPSOIFI,Repo,,2026-06-24
94231577,,2025-12-11,2026-07-09,2026-01-26,TDBK,MORGAN STANLEY INTL,2026-07-01,Repo,B782,2026-10-15,REPO,FIN,CALYPSOIFI,Rev_Repo,,2026-06-17
97176620,,2026-04-26,2026-05-26,2026-07-22,TDBK,SWISS LIFE AG,2026-07-01,Repo,B802,2026-07-25,REPO,FIN,CALYPSOIFI,Repo,,2026-06-03
96063447,,2025-06-15,2026-03-23,2026-10-11,TDBK,CENTRAL 1 CREDIT UNION,2026-07-01,Repo,B172,2026-12-22,REPO,FIN,CALYPSOIFI,Repo,,2026-06-03
92872143,,2026-08-13,2026-09-18,2026-08-09,TDBK,INVESTEC BANK LIMITED,2026-07-01,Repo,B299,2026-07-01,REPO,FIN,CALYPSOIFI,Repo,,2026-06-17
96213219,,2026-01-02,2026-02-28,,TDBK,BIMCOR INC,2026-07-01,Repo,B171,2026-09-04,,FIN,CALYPSOIFI,Repo,,2026-07-01
94210606,,2025-03-24,2026-12-14,2026-05-15,TDBK,INVESTEC BANK LIMITED,2026-07-01,Repo,B254,2026-03-27,REPO,FIN,CALYPSOIFI,Repo,,2026-06-24
97990611,,2025-07-18,2026-10-25,2026-06-17,TDBK,INVESTEC BANK LIMITED,2026-07-01,Repo,B192,2026-08-28,,FIN,CALYPSOIFI,Rev_Repo,,2026-06-17
91778783,,2025-01-07,2026-01-19,2026-04-04,TDBK,WELLINGTON GLOBAL EQUITY FUND 28R5,2026-07-01,Repo,B866,2026-02-20,REPO,FIN,CALYPSOIFI,Repo,,2026-07-01
93549444,,2025-09-02,2026-04-12,2026-09-06,TDBK,INVESTEC BANK LIMITED,2026-07-01,Repo,B743,2026-11-23,REPO,FIN,CALYPSOIFI,Rev_Repo,,2026-06-03
92654452,,2026-12-17,2026-11-21,2026-08-03,TDBK,WELLINGTON GLOBAL EQUITY FUND 28R5,2026-07-01,Repo,B403,2026-11-15,REPO,FIN,CALYPSOIFI,Rev_Repo,,2026-06-03
97866751,,2026-11-03,2026-10-01,2026-04-27,TDBK,MORGAN STANLEY INTL,2026-07-01,Repo,B425,2026-05-09,,FIN,CALYPSOIFI,Repo,,2026-06-17
99009731,,2026-07-06,2026-07-21,2026-07-11,TDBK,CENTRAL 1 CREDIT UNION,2026-07-01,Repo,B811,2026-03-24,REPO,FIN,CALYPSOIFI,Repo,,2026-06-10
98364427,,2026-05-16,2026-05-22,,TDBK,,2026-07-01,,B784,2026-11-26,REPO,FIN,CALYPSOIFI,Repo,,2026-06-10
93244778,,2025-12-08,2026-08-12,2026-01-28,TDBK,BANK OF NOVA SCOTIA,2026-07-01,Repo,B135,2026-02-21,REPO,FIN,CALYPSOIFI,Rev_Repo,,2026-06-10
91501237,,2025-10-21,2026-03-12,2026-11-13,TDBK,INVESTEC BANK LIMITED,2026-07-01,Repo,B941,2026-05-07,REPO,FIN,CALYPSOIFI,Rev_Repo,,2026-06-17
95938655,,2025-11-12,2026-03-20,2026-01-07,TDBK,SWISS LIFE AG,2026-07-01,Repo,B714,2026-02-15,REPO,FIN,CALYPSOIFI,Repo,,2026-06-10
90369596,,2026-05-24,2026-04-16,2026-02-06,TDBK,BIMCOR INC,2026-07-01,Repo,B273,2026-12-22,,FIN,CALYPSOIFI,Repo,,2026-06-03
90862494,,2025-10-15,2026-08-17,2026-09-15,TDBK,WELLINGTON GLOBAL EQUITY FUND 28R5,2026-07-01,Repo,B378,2026-10-17,REPO,FIN,CALYPSOIFI,Repo,,2026-06-03
90623300,,2025-08-08,2026-01-07,2026-02-06,TDBK,INVESTEC BANK LIMITED,2026-07-01,Repo,B171,2026-01-03,,FIN,CALYPSOIFI,Repo,,2026-06-24
95970375,,2026-02-01,2026-02-07,2026-06-17,TDBK,BANCO HABITAT,2026-07-01,Repo,B980,2026-02-01,REPO,FIN,CALYPSOIFI,Rev_Repo,,2026-06-24
96568609,,2025-01-14,2026-09-27,2026-10-26,TDBK,,2026-07-01,,B602,2026-04-11,REPO,FIN,CALYPSOIFI,Repo,,2026-06-17
92201127,,2025-05-26,2026-06-26,2026-11-27,TDBK,BANCO HABITAT,2026-07-01,Repo,B436,2026-08-15,REPO,FIN,CALYPSOIFI,Repo,,2026-07-01
90556871,,2025-05-28,2026-01-02,2026-12-26,TDBK,,2026-07-01,Repo,B294,2026-01-22,REPO,FIN,CALYPSOIFI,Rev_Repo,,2026-06-03
92634841,,2025-07-03,2026-05-23,2026-12-28,TDBK,DEUTSCHE BANK A.G.,2026-07-01,Repo,B252,2026-10-01,REPO,FIN,CALYPSOIFI,Repo,,2026-06-17
92001004,,2025-11-25,2026-01-18,2026-12-01,TDBK,CITIBANK NA,2026-07-01,,B183,2026-02-16,REPO,FIN,CALYPSOIFI,Rev_Repo,,2026-07-01
92044459,,2025-10-24,2026-03-10,2026-03-20,TDBK,DEUTSCHE BANK A.G.,2026-07-01,Repo,B232,2026-01-23,REPO,FIN,CALYPSOIFI,Repo,,2026-07-01
93291265,,2025-02-15,2026-07-08,2026-03-24,TDBK,,2026-07-01,Repo,B184,2026-02-19,REPO,FIN,CALYPSOIFI,Rev_Repo,,2026-07-01
91932696,,2025-01-21,2026-11-02,2026-09-15,TDBK,SWISS LIFE AG,2026-07-01,,B294,2026-04-21,,FIN,CALYPSOIFI,Repo,,2026-07-01
97238612,,2025-05-09,2026-07-25,2026-09-19,TDBK,,2026-07-01,Repo,B848,2026-09-14,REPO,FIN,CALYPSOIFI,Rev_Repo,,2026-06-03
94530479,,2025-02-08,2026-02-19,2026-12-24,TDBK,CENTRAL 1 CREDIT UNION,2026-07-01,Repo,B848,2026-10-14,REPO,FIN,CALYPSOIFI,Rev_Repo,,2026-06-17
94906253,,2026-09-24,2026-07-28,2026-12-22,TDBK,BANK OF NOVA SCOTIA,2026-07-01,Repo,B365,2026-10-02,REPO,FIN,CALYPSOIFI,Repo,,2026-06-03
90509335,,2025-01-16,2026-12-15,2026-08-26,TDBK,CITIBANK NA,2026-07-01,Repo,B899,2026-01-23,REPO,FIN,CALYPSOIFI,Repo,,2026-06-10
99327072,,2025-02-05,2026-01-09,2026-08-21,TDBK,CITIBANK NA,2026-07-01,Repo,B446,2026-07-16,REPO,FIN,CALYPSOIFI,Repo,,2026-06-10
98731723,,2026-09-14,2026-05-03,2026-07-21,TDBK,DEUTSCHE BANK A.G.,2026-07-01,Repo,B561,2026-07-02,REPO,FIN,CALYPSOIFI,Repo,,2026-06-24
90708304,,2025-07-23,2026-09-05,2026-08-06,TDBK,MORGAN STANLEY INTL,2026-07-01,Repo,B311,2026-11-08,REPO,FIN,CALYPSOIFI,Rev_Repo,,2026-06-10
90488523,,2026-07-04,2026-10-12,,TDBK,,2026-07-01,Repo,B899,2026-01-08,REPO,FIN,CALYPSOIFI,Repo,,2026-06-03
96996433,,2026-11-09,2026-04-22,2026-10-15,TDBK,BIMCOR INC,2026-07-01,,B915,2026-08-28,REPO,FIN,CALYPSOIFI,Rev_Repo,,2026-07-01
92035911,,2025-03-28,2026-07-27,2026-05-03,TDBK,CITIBANK NA,2026-07-01,Repo,B245,2026-02-23,REPO,FIN,CALYPSOIFI,Repo,,2026-07-01
94397249,,2026-02-20,2026-08-20,2026-12-07,TDBK,CENTRAL 1 CREDIT UNION,2026-07-01,Repo,B235,2026-09-21,REPO,FIN,CALYPSOIFI,Rev_Repo,,2026-06-24
90795678,,2026-06-12,2026-10-04,2026-05-24,TDBK,DEUTSCHE BANK A.G.,2026-07-01,Repo,B802,2026-02-23,REPO,FIN,CALYPSOIFI,Rev_Repo,,2026-06-17
96549932,,2026-02-21,2026-12-27,2026-07-18,TDBK,BIMCOR INC,2026-07-01,,B424,2026-02-05,REPO,FIN,CALYPSOIFI,Repo,,2026-06-17
99766844,,2025-11-21,2026-12-08,2026-12-27,TDBK,CITIBANK NA,2026-07-01,Repo,B434,2026-05-01,REPO,FIN,CALYPSOIFI,Repo,,2026-06-17
92241704,,2026-08-19,2026-09-14,2026-07-25,TDBK,CITIBANK NA,2026-07-01,,B730,2026-08-19,REPO,FIN,CALYPSOIFI,Repo,,2026-06-17
96700139,,2025-07-12,2026-05-22,,TDBK,INVESTEC BANK LIMITED,2026-07-01,Repo,B289,2026-10-21,REPO,FIN,CALYPSOIFI,Rev_Repo,,2026-07-01
99807170,,2026-03-25,2026-06-09,,TDBK,BIMCOR INC,2026-07-01,Repo,B131,2026-06-28,REPO,FIN,CALYPSOIFI,Repo,,2026-07-01
97450041,,2026-12-13,2026-01-03,2026-08-10,TDBK,INVESTEC BANK LIMITED,2026-07-01,,B144,2026-04-23,REPO,FIN,CALYPSOIFI,Repo,,2026-06-17
96298348,,2025-07-27,2026-11-21,2026-11-26,TDBK,DEUTSCHE BANK A.G.,2026-07-01,Repo,B863,2026-07-19,REPO,FIN,CALYPSOIFI,Rev_Repo,,2026-07-01
97549453,,2026-07-16,2026-10-06,2026-01-23,TDBK,INVESTEC BANK LIMITED,2026-07-01,Repo,B641,2026-05-04,REPO,FIN,CALYPSOIFI,Rev_Repo,,2026-06-03
99100356,,2025-12-20,2026-03-25,2026-04-28,TDBK,BANCO HABITAT,2026-07-01,,B676,2026-10-10,REPO,FIN,CALYPSOIFI,Rev_Repo,,2026-06-03
97320749,,2025-02-05,2026-04-11,2026-03-20,TDBK,CENTRAL 1 CREDIT UNION,2026-07-01,Repo,B310,2026-10-09,REPO,FIN,CALYPSOIFI,Repo,,2026-07-01
91451381,,2026-10-01,2026-05-18,2026-11-16,TDBK,,2026-07-01,Repo,B395,2026-11-26,REPO,FIN,CALYPSOIFI,Repo,,2026-06-10
95358134,,2025-10-23,2026-11-28,2026-03-07,TDBK,INVESTEC BANK LIMITED,2026-07-01,Repo,B312,2026-12-01,REPO,FIN,CALYPSOIFI,Rev_Repo,,2026-06-17
90221763,,2026-01-05,2026-06-07,2026-11-24,TDBK,MORGAN STANLEY INTL,2026-07-01,Repo,B638,2026-08-26,REPO,FIN,CALYPSOIFI,Rev_Repo,,2026-06-10
92509927,,2026-11-02,2026-08-21,2026-02-15,TDBK,WELLINGTON GLOBAL EQUITY FUND 28R5,2026-07-01,Repo,B356,2026-10-16,REPO,FIN,CALYPSOIFI,Rev_Repo,,2026-06-17
99386180,,2025-07-15,2026-06-10,2026-10-21,TDBK,BIMCOR INC,2026-07-01,Repo,B201,2026-11-22,,FIN,CALYPSOIFI,Rev_Repo,,2026-06-03
95756533,,2026-11-01,2026-03-09,2026-11-15,TDBK,INVESTEC BANK LIMITED,2026-07-01,Repo,B261,2026-01-21,REPO,FIN,CALYPSOIFI,Rev_Repo,,2026-07-01
91869025,,2025-11-08,2026-03-15,2026-02-18,TDBK,BANK OF NOVA SCOTIA,2026-07-01,Repo,B499,2026-03-04,REPO,FIN,CALYPSOIFI,Rev_Repo,,2026-06-24
94193332,,2026-08-24,2026-12-20,2026-09-10,TDBK,CENTRAL 1 CREDIT UNION,2026-07-01,Repo,B565,2026-04-26,REPO,FIN,CALYPSOIFI,Rev_Repo,,2026-06-03
91583325,,2025-06-27,2026-09-10,2026-05-13,TDBK,MORGAN STANLEY INTL,2026-07-01,Repo,B706,2026-01-23,REPO,,CALYPSOIFI,Repo,,2026-06-24
94879348,,2026-03-23,2026-09-10,2026-02-22,TDBK,MORGAN STANLEY INTL,2026-07-01,Repo,B477,2026-09-28,REPO,FIN,CALYPSOIFI,Rev_Repo,,2026-06-17
91365626,,2026-05-04,2026-11-16,2026-04-24,TDBK,CITIBANK NA,2026-07-01,,B944,2026-07-12,REPO,FIN,CALYPSOIFI,Rev_Repo,,2026-06-24
99384410,,2025-07-24,2026-01-22,2026-10-17,TDBK,DEUTSCHE BANK A.G.,2026-07-01,Repo,B745,2026-02-19,REPO,FIN,CALYPSOIFI,Rev_Repo,,2026-06-17
94702254,,2025-09-23,2026-07-23,2026-01-09,TDBK,,2026-07-01,Repo,B555,2026-03-07,REPO,,CALYPSOIFI,Repo,,2026-06-03
93875089,,2025-12-26,2026-11-25,2026-02-12,TDBK,DEUTSCHE BANK A.G.,2026-07-01,Repo,B224,2026-03-12,REPO,FIN,CALYPSOIFI,Rev_Repo,,2026-06-24
94577394,,2025-04-07,2026-12-04,2026-02-04,TDBK,SWISS LIFE AG,2026-07-01,Repo,B374,2026-07-17,REPO,,CALYPSOIFI,Repo,,2026-06-03
93325306,,2026-08-15,2026-03-05,2026-08-27,TDBK,BANCO HABITAT,2026-07-01,Repo,B550,2026-10-01,REPO,FIN,CALYPSOIFI,Repo,,2026-06-03
93141475,,2025-03-21,2026-04-15,2026-12-01,TDBK,BANK OF NOVA SCOTIA,2026-07-01,Repo,B853,2026-06-16,REPO,,CALYPSOIFI,Rev_Repo,,2026-07-01
91711100,,2026-06-06,2026-03-04,2026-09-11,TDBK,DEUTSCHE BANK A.G.,2026-07-01,Repo,B842,2026-09-25,REPO,FIN,CALYPSOIFI,Repo,,2026-06-03
98352435,,2026-12-25,2026-04-27,2026-10-28,TDBK,WELLINGTON GLOBAL EQUITY FUND 28R5,2026-07-01,Repo,B159,2026-11-14,REPO,FIN,CALYPSOIFI,Rev_Repo,,2026-07-01
90795901,,2025-04-01,2026-10-26,2026-08-20,TDBK,BANCO HABITAT,2026-07-01,Repo,B789,2026-06-23,REPO,FIN,CALYPSOIFI,Repo,,2026-06-03
90921469,,2025-10-12,2026-10-26,2026-02-10,TDBK,CITIBANK NA,2026-07-01,Repo,B559,2026-11-09,REPO,FIN,CALYPSOIFI,Rev_Repo,,2026-07-01
98876838,,2026-11-08,2026-05-25,2026-06-20,TDBK,BANK OF NOVA SCOTIA,2026-07-01,Repo,B697,2026-12-05,REPO,FIN,CALYPSOIFI,Rev_Repo,,2026-06-17
96359322,,2025-01-13,2026-11-10,2026-11-14,TDBK,WELLINGTON GLOBAL EQUITY FUND 28R5,2026-07-01,Repo,B533,2026-01-06,REPO,FIN,CALYPSOIFI,Repo,,2026-06-24
95116711,,2025-12-25,2026-11-06,,TDBK,BANCO HABITAT,2026-07-01,Repo,B860,2026-01-14,REPO,FIN,CALYPSOIFI,Repo,,2026-07-01
99055893,,2025-03-09,2026-10-08,2026-05-16,TDBK,DEUTSCHE BANK A.G.,2026-07-01,Repo,B275,2026-12-01,REPO,FIN,CALYPSOIFI,Repo,,2026-06-10
98263597,,2025-07-20,2026-08-10,,TDBK,BANK OF NOVA SCOTIA,2026-07-01,Repo,B152,2026-01-08,REPO,,CALYPSOIFI,Rev_Repo,,2026-06-03
99828099,,2025-01-24,2026-01-28,2026-07-13,TDBK,BIMCOR INC,2026-07-01,,B164,2026-01-25,REPO,FIN,CALYPSOIFI,Rev_Repo,,2026-06-10
98835268,,2026-04-18,2026-12-22,2026-12-18,TDBK,CITIBANK NA,2026-07-01,Repo,B503,2026-06-20,REPO,,CALYPSOIFI,Rev_Repo,,2026-06-17
99213408,,2026-06-28,2026-08-13,,TDBK,WELLINGTON GLOBAL EQUITY FUND 28R5,2026-07-01,Repo,B975,2026-03-04,,FIN,CALYPSOIFI,Rev_Repo,,2026-06-17
90925652,,2026-01-06,2026-11-20,,TDBK,SWISS LIFE AG,2026-07-01,Repo,B357,2026-08-14,REPO,FIN,CALYPSOIFI,Rev_Repo,,2026-06-17
93565616,,2025-01-26,2026-07-01,2026-10-03,TDBK,MORGAN STANLEY INTL,2026-07-01,,B719,2026-09-19,REPO,FIN,CALYPSOIFI,Rev_Repo,,2026-06-03
95921061,,2025-04-04,2026-02-01,2026-02-16,TDBK,BANK OF NOVA SCOTIA,2026-07-01,Repo,B183,2026-02-22,REPO,FIN,CALYPSOIFI,Repo,,2026-06-03
98926359,,2026-03-15,2026-12-12,2026-07-16,TDBK,,2026-07-01,,B905,2026-05-19,REPO,FIN,CALYPSOIFI,Rev_Repo,,2026-06-10
99876973,,2025-12-19,2026-04-13,,TDBK,,2026-07-01,Repo,B745,2026-04-05,REPO,FIN,CALYPSOIFI,Rev_Repo,,2026-07-01
94234940,,2026-08-09,2026-09-14,2026-12-24,TDBK,CITIBANK NA,2026-07-01,,B570,2026-07-22,,,CALYPSOIFI,Repo,,2026-06-03
93959668,,2025-12-25,2026-12-06,2026-04-25,TDBK,SWISS LIFE AG,2026-07-01,Repo,B679,2026-04-28,REPO,FIN,CALYPSOIFI,Rev_Repo,,2026-06-10
91259018,,2026-09-04,2026-07-20,2026-02-20,TDBK,WELLINGTON GLOBAL EQUITY FUND 28R5,2026-07-01,Repo,B460,2026-12-24,REPO,FIN,CALYPSOIFI,Repo,,2026-06-24
91690441,,2025-01-10,2026-04-08,2026-11-23,TDBK,MORGAN STANLEY INTL,2026-07-01,Repo,B605,2026-07-10,REPO,FIN,CALYPSOIFI,Rev_Repo,,2026-07-01
90938612,,2026-10-03,2026-07-12,,TDBK,CENTRAL 1 CREDIT UNION,2026-07-01,,B260,2026-05-09,,FIN,CALYPSOIFI,Repo,,2026-06-10
91950706,,2026-04-24,2026-09-21,2026-04-03,TDBK,MORGAN STANLEY INTL,2026-07-01,Repo,B206,2026-04-07,REPO,FIN,CALYPSOIFI,Repo,,2026-07-01
95677202,,2026-02-24,2026-02-11,,TDBK,,2026-07-01,Repo,B738,2026-12-04,REPO,,CALYPSOIFI,Rev_Repo,,2026-06-03
90890753,,2026-10-07,2026-10-12,2026-02-20,TDBK,BANK OF NOVA SCOTIA,2026-07-01,Repo,B241,2026-01-24,REPO,FIN,CALYPSOIFI,Repo,,2026-06-17
90629382,,2025-04-11,2026-04-22,2026-03-25,TDBK,BIMCOR INC,2026-07-01,Repo,B331,2026-08-27,REPO,FIN,CALYPSOIFI,Rev_Repo,,2026-06-17
93872968,,2025-08-22,2026-06-24,2026-12-20,TDBK,,2026-07-01,Repo,B427,2026-11-24,REPO,FIN,CALYPSOIFI,Repo,,2026-06-24
95544181,,2026-09-12,2026-03-28,2026-06-28,TDBK,INVESTEC BANK LIMITED,2026-07-01,Repo,B394,2026-01-11,REPO,FIN,CALYPSOIFI,Repo,,2026-06-17
99519035,,2026-01-02,2026-04-03,2026-12-03,TDBK,CITIBANK NA,2026-07-01,,B610,2026-01-11,REPO,FIN,CALYPSOIFI,Repo,,2026-07-01
99580366,,2026-08-01,2026-01-21,2026-01-12,TDBK,BANCO HABITAT,2026-07-01,Repo,B112,2026-06-17,REPO,FIN,CALYPSOIFI,Repo,,2026-06-24
94895642,,2026-07-11,2026-02-11,2026-03-13,TDBK,INVESTEC BANK LIMITED,2026-07-01,Repo,B167,2026-12-26,REPO,FIN,CALYPSOIFI,Repo,,2026-06-24
90065962,,2026-11-05,2026-10-14,2026-10-16,TDBK,BANCO HABITAT,2026-07-01,Repo,B311,2026-07-14,REPO,FIN,CALYPSOIFI,Rev_Repo,,2026-06-24
90105640,,2025-10-19,2026-02-01,,TDBK,SWISS LIFE AG,2026-07-01,Repo,B588,2026-09-08,REPO,FIN,CALYPSOIFI,Repo,,2026-06-03
94296319,,2025-10-07,2026-08-13,2026-03-06,TDBK,CENTRAL 1 CREDIT UNION,2026-07-01,Repo,B835,2026-03-26,REPO,FIN,CALYPSOIFI,Rev_Repo,,2026-07-01
96234923,,2025-11-18,2026-05-14,2026-07-11,TDBK,SWISS LIFE AG,2026-07-01,Repo,B592,2026-11-07,REPO,FIN,CALYPSOIFI,Repo,,2026-06-03
94224425,,2026-06-16,2026-12-24,,TDBK,INVESTEC BANK LIMITED,2026-07-01,Repo,B294,2026-11-27,REPO,FIN,CALYPSOIFI,Repo,,2026-06-10
95746015,,2025-01-19,2026-02-17,2026-07-16,TDBK,BANCO HABITAT,2026-07-01,Repo,B264,2026-11-28,REPO,FIN,CALYPSOIFI,Rev_Repo,,2026-06-03
93405421,,2026-02-20,2026-06-12,2026-12-28,TDBK,INVESTEC BANK LIMITED,2026-07-01,Repo,B963,2026-03-02,REPO,FIN,CALYPSOIFI,Repo,,2026-06-24
94401381,,2026-11-26,2026-06-02,2026-04-16,TDBK,SWISS LIFE AG,2026-07-01,Repo,B658,2026-04-23,REPO,FIN,CALYPSOIFI,Repo,,2026-06-24
92083270,,2025-12-21,2026-11-24,2026-03-02,TDBK,DEUTSCHE BANK A.G.,2026-07-01,Repo,B907,2026-11-07,REPO,FIN,CALYPSOIFI,Rev_Repo,,2026-06-10
91300872,,2026-08-10,2026-11-22,2026-08-09,TDBK,CITIBANK NA,2026-07-01,,B401,2026-03-13,REPO,FIN,CALYPSOIFI,Repo,,2026-06-10
96503750,,2025-11-19,2026-05-15,2026-11-07,TDBK,CENTRAL 1 CREDIT UNION,2026-07-01,Repo,B433,2026-03-16,REPO,,CALYPSOIFI,Rev_Repo,,2026-06-03
99560044,,2026-02-03,2026-04-21,2026-11-23,TDBK,DEUTSCHE BANK A.G.,2026-07-01,Repo,B852,2026-05-24,REPO,,CALYPSOIFI,Rev_Repo,,2026-06-03
95221994,,2026-05-28,2026-04-03,,TDBK,WELLINGTON GLOBAL EQUITY FUND 28R5,2026-07-01,Repo,B234,2026-02-12,,FIN,CALYPSOIFI,Repo,,2026-06-17
92132388,,2026-02-04,2026-09-20,2026-03-02,TDBK,MORGAN STANLEY INTL,2026-07-01,Repo,B665,2026-09-03,REPO,FIN,CALYPSOIFI,Rev_Repo,,2026-06-17
90533801,,2025-08-11,2026-10-16,2026-07-04,TDBK,CENTRAL 1 CREDIT UNION,2026-07-01,Repo,B632,2026-12-14,REPO,FIN,CALYPSOIFI,Rev_Repo,,2026-06-03
91938697,,2025-05-27,2026-02-23,2026-12-10,TDBK,WELLINGTON GLOBAL EQUITY FUND 28R5,2026-07-01,Repo,B204,2026-06-15,REPO,FIN,CALYPSOIFI,Rev_Repo,,2026-06-10
91592100,,2026-11-26,2026-07-27,2026-06-02,TDBK,BANK OF NOVA SCOTIA,2026-07-01,Repo,B619,2026-04-05,REPO,FIN,CALYPSOIFI,Rev_Repo,,2026-06-10
99373764,,2025-08-20,2026-06-27,2026-11-13,TDBK,DEUTSCHE BANK A.G.,2026-07-01,,B704,2026-07-10,REPO,FIN,CALYPSOIFI,Rev_Repo,,2026-07-01
98965260,,2025-03-27,2026-09-24,2026-12-22,TDBK,DEUTSCHE BANK A.G.,2026-07-01,Repo,B286,2026-03-08,REPO,FIN,CALYPSOIFI,Repo,,2026-07-01
93989974,,2025-06-13,2026-01-01,2026-03-13,TDBK,BANK OF NOVA SCOTIA,2026-07-01,,B442,2026-01-20,REPO,FIN,CALYPSOIFI,Rev_Repo,,2026-06-24
97479167,,2026-08-26,2026-10-19,2026-05-18,TDBK,MORGAN STANLEY INTL,2026-07-01,Repo,B283,2026-11-09,REPO,,CALYPSOIFI,Repo,,2026-06-03
95197807,,2026-04-22,2026-06-13,2026-10-15,TDBK,BANK OF NOVA SCOTIA,2026-07-01,Repo,B446,2026-09-03,REPO,FIN,CALYPSOIFI,Repo,,2026-06-03
98815863,,2025-11-18,2026-06-23,2026-11-20,TDBK,WELLINGTON GLOBAL EQUITY FUND 28R5,2026-07-01,Repo,B159,2026-01-26,REPO,FIN,CALYPSOIFI,Rev_Repo,,2026-06-17
95429458,,2026-09-28,2026-12-27,2026-02-06,TDBK,BANCO HABITAT,2026-07-01,Repo,B328,2026-03-28,,FIN,CALYPSOIFI,Repo,,2026-06-24
96234785,,2025-02-11,2026-04-21,2026-07-02,TDBK,DEUTSCHE BANK A.G.,2026-07-01,Repo,B505,2026-08-13,REPO,FIN,CALYPSOIFI,Rev_Repo,,2026-06-10
91850523,,2025-01-12,2026-08-06,2026-07-18,TDBK,BIMCOR INC,2026-07-01,Repo,B659,2026-02-16,REPO,FIN,CALYPSOIFI,Repo,,2026-06-24
94683099,,2025-09-25,2026-07-03,2026-07-22,TDBK,,2026-07-01,Repo,B983,2026-05-16,REPO,FIN,CALYPSOIFI,Rev_Repo,,2026-06-24
90920655,,2025-01-22,2026-05-05,2026-03-16,TDBK,CENTRAL 1 CREDIT UNION,2026-07-01,Repo,B924,2026-03-03,,FIN,CALYPSOIFI,Repo,,2026-06-10
90170800,,2026-02-14,2026-05-23,2026-03-17,TDBK,CENTRAL 1 CREDIT UNION,2026-07-01,Repo,B874,2026-08-01,REPO,,CALYPSOIFI,Repo,,2026-06-17
97160937,,2025-09-25,2026-07-11,2026-03-23,TDBK,INVESTEC BANK LIMITED,2026-07-01,Repo,B294,2026-07-15,REPO,FIN,CALYPSOIFI,Repo,,2026-06-03
92663565,,2025-12-20,2026-03-07,2026-11-24,TDBK,BANK OF NOVA SCOTIA,2026-07-01,,B967,2026-10-08,REPO,FIN,CALYPSOIFI,Repo,,2026-06-10
93258543,,2025-09-10,2026-06-21,2026-10-13,TDBK,INVESTEC BANK LIMITED,2026-07-01,Repo,B475,2026-08-03,REPO,FIN,CALYPSOIFI,Repo,,2026-06-03
96759825,,2025-06-19,2026-08-13,2026-10-10,TDBK,DEUTSCHE BANK A.G.,2026-07-01,Repo,B130,2026-10-04,REPO,FIN,CALYPSOIFI,Rev_Repo,,2026-06-10
96949645,,2026-08-24,2026-01-25,2026-09-18,TDBK,SWISS LIFE AG,2026-07-01,Repo,B412,2026-05-23,REPO,,CALYPSOIFI,Rev_Repo,,2026-06-03
90697584,,2026-01-22,2026-12-19,2026-01-03,TDBK,SWISS LIFE AG,2026-07-01,Repo,B897,2026-07-05,REPO,FIN,CALYPSOIFI,Repo,,2026-07-01
92622062,,2025-01-16,2026-11-28,2026-07-17,TDBK,SWISS LIFE AG,2026-07-01,Repo,B512,2026-03-22,,,CALYPSOIFI,Rev_Repo,,2026-06-10
94357425,,2026-08-24,2026-01-06,2026-05-13,TDBK,WELLINGTON GLOBAL EQUITY FUND 28R5,2026-07-01,Repo,B375,2026-04-23,REPO,FIN,CALYPSOIFI,Repo,,2026-07-01
98221443,,2025-11-13,2026-01-11,2026-09-12,TDBK,WELLINGTON GLOBAL EQUITY FUND 28R5,2026-07-01,Repo,B278,2026-12-08,REPO,FIN,CALYPSOIFI,Rev_Repo,,2026-06-03
92244746,,2026-03-20,2026-09-18,2026-03-21,TDBK,BANK OF NOVA SCOTIA,2026-07-01,,B866,2026-03-27,REPO,FIN,CALYPSOIFI,Repo,,2026-06-03
94443459,,2026-11-28,2026-10-23,2026-07-20,TDBK,,2026-07-01,Repo,B742,2026-02-28,,FIN,CALYPSOIFI,Rev_Repo,,2026-06-17
93832584,,2026-03-15,2026-06-08,2026-03-22,TDBK,CITIBANK NA,2026-07-01,Repo,B383,2026-10-07,REPO,FIN,CALYPSOIFI,Rev_Repo,,2026-07-01
92283414,,2025-01-16,2026-06-24,2026-03-17,TDBK,SWISS LIFE AG,2026-07-01,Repo,B135,2026-09-27,REPO,FIN,CALYPSOIFI,Repo,,2026-07-01
91593579,,2026-10-26,2026-08-21,2026-10-17,TDBK,SWISS LIFE AG,2026-07-01,Repo,B755,2026-03-20,REPO,FIN,CALYPSOIFI,Rev_Repo,,2026-06-03
99596700,,2025-10-10,2026-02-18,2026-07-04,TDBK,,2026-07-01,Repo,B580,2026-03-09,REPO,FIN,CALYPSOIFI,Rev_Repo,,2026-06-10
94310734,,2026-04-01,2026-02-22,2026-07-03,TDBK,MORGAN STANLEY INTL,2026-07-01,Repo,B996,2026-11-01,REPO,FIN,CALYPSOIFI,Repo,,2026-06-17
99756002,,2025-03-22,2026-03-22,2026-03-15,TDBK,INVESTEC BANK LIMITED,2026-07-01,,B172,2026-08-14,REPO,FIN,CALYPSOIFI,Rev_Repo,,2026-07-01
95864896,,2025-02-11,2026-09-09,2026-12-28,TDBK,MORGAN STANLEY INTL,2026-07-01,Repo,B520,2026-02-17,REPO,FIN,CALYPSOIFI,Repo,,2026-07-01
99545787,,2025-07-24,2026-01-07,2026-10-20,TDBK,SWISS LIFE AG,2026-07-01,Repo,B991,2026-06-06,,FIN,CALYPSOIFI,Rev_Repo,,2026-06-10
98191473,,2025-04-11,2026-03-21,2026-10-10,TDBK,,2026-07-01,Repo,B961,2026-11-08,REPO,FIN,CALYPSOIFI,Rev_Repo,,2026-06-17
93407167,,2026-07-18,2026-11-08,,TDBK,BANK OF NOVA SCOTIA,2026-07-01,,B798,2026-01-19,REPO,FIN,CALYPSOIFI,Rev_Repo,,2026-07-01
93986074,,2025-09-02,2026-07-27,2026-01-16,TDBK,CENTRAL 1 CREDIT UNION,2026-07-01,Repo,B684,2026-12-16,REPO,FIN,CALYPSOIFI,Repo,,2026-06-03
96385603,,2025-08-27,2026-01-16,2026-08-23,TDBK,BANK OF NOVA SCOTIA,2026-07-01,Repo,B911,2026-09-25,REPO,FIN,CALYPSOIFI,Rev_Repo,,2026-07-01
92830342,,2026-06-04,2026-09-20,2026-07-03,TDBK,BANCO HABITAT,2026-07-01,Repo,B515,2026-06-28,REPO,FIN,CALYPSOIFI,Rev_Repo,,2026-06-17
99612535,,2026-01-02,2026-07-02,2026-11-02,TDBK,CENTRAL 1 CREDIT UNION,2026-07-01,Repo,B623,2026-12-28,REPO,FIN,CALYPSOIFI,Repo,,2026-06-10
93737524,,2025-12-16,2026-07-16,2026-11-24,TDBK,INVESTEC BANK LIMITED,2026-07-01,Repo,B202,2026-04-19,REPO,FIN,CALYPSOIFI,Repo,,2026-07-01
94470780,,2025-02-19,2026-03-16,2026-01-25,TDBK,BANK OF NOVA SCOTIA,2026-07-01,Repo,B289,2026-11-06,REPO,FIN,CALYPSOIFI,Rev_Repo,,2026-06-24
94246460,,2025-01-02,2026-06-03,2026-09-18,TDBK,BIMCOR INC,2026-07-01,Repo,B515,2026-03-16,REPO,FIN,CALYPSOIFI,Rev_Repo,,2026-06-24
90753270,,2025-10-05,2026-09-16,,TDBK,CENTRAL 1 CREDIT UNION,2026-07-01,,B348,2026-03-12,REPO,FIN,CALYPSOIFI,Repo,,2026-07-01
92305073,,2025-12-28,2026-02-01,2026-07-04,TDBK,,2026-07-01,Repo,B810,2026-08-26,REPO,FIN,CALYPSOIFI,Rev_Repo,,2026-06-24
91315554,,2025-03-17,2026-05-21,2026-03-20,TDBK,DEUTSCHE BANK A.G.,2026-07-01,Repo,B695,2026-09-21,REPO,FIN,CALYPSOIFI,Rev_Repo,,2026-06-17
99196961,,2026-05-04,2026-03-20,2026-07-05,TDBK,CITIBANK NA,2026-07-01,Repo,B926,2026-08-15,REPO,,CALYPSOIFI,Rev_Repo,,2026-06-17
93075828,,2026-07-22,2026-04-13,2026-05-11,TDBK,CENTRAL 1 CREDIT UNION,2026-07-01,Repo,B186,2026-05-20,REPO,FIN,CALYPSOIFI,Rev_Repo,,2026-06-10
93536009,,2026-06-16,2026-08-04,2026-10-13,TDBK,BANK OF NOVA SCOTIA,2026-07-01,Repo,B435,2026-09-02,REPO,FIN,CALYPSOIFI,Repo,,2026-06-17
99117399,,2025-07-09,2026-09-22,,TDBK,CITIBANK NA,2026-07-01,,B502,2026-09-25,REPO,,CALYPSOIFI,Rev_Repo,,2026-07-01
99119310,,2026-12-12,2026-07-01,2026-12-11,TDBK,CITIBANK NA,2026-07-01,Repo,B319,2026-03-25,REPO,FIN,CALYPSOIFI,Repo,,2026-06-17
97598686,,2026-09-06,2026-07-09,2026-02-09,TDBK,BANK OF NOVA SCOTIA,2026-07-01,Repo,B143,2026-08-11,REPO,FIN,CALYPSOIFI,Rev_Repo,,2026-07-01
94185539,,2026-02-23,2026-11-23,2026-02-19,TDBK,CITIBANK NA,2026-07-01,Repo,B976,2026-02-15,REPO,FIN,CALYPSOIFI,Repo,,2026-06-03
93550339,,2025-12-26,2026-01-15,2026-03-23,TDBK,INVESTEC BANK LIMITED,2026-07-01,Repo,B506,2026-04-20,,FIN,CALYPSOIFI,Rev_Repo,,2026-07-01
97567827,,2026-11-15,2026-06-14,,TDBK,CITIBANK NA,2026-07-01,,B822,2026-06-11,REPO,FIN,CALYPSOIFI,Repo,,2026-06-24
93958891,,2026-09-12,2026-12-22,2026-10-15,TDBK,BIMCOR INC,2026-07-01,Repo,B673,2026-10-14,REPO,FIN,CALYPSOIFI,Rev_Repo,,2026-06-24
90557436,,2025-11-16,2026-03-19,,TDBK,DEUTSCHE BANK A.G.,2026-07-01,Repo,B612,2026-02-13,REPO,FIN,CALYPSOIFI,Rev_Repo,,2026-06-17
98178159,,2026-03-16,2026-06-06,2026-12-08,TDBK,MORGAN STANLEY INTL,2026-07-01,Repo,B130,2026-06-11,,FIN,CALYPSOIFI,Rev_Repo,,2026-06-03
98536684,,2026-02-11,2026-01-12,2026-10-10,TDBK,BANK OF NOVA SCOTIA,2026-07-01,Repo,B102,2026-11-14,REPO,FIN,CALYPSOIFI,Rev_Repo,,2026-06-24
97069520,,2026-06-24,2026-06-07,2026-01-20,TDBK,CITIBANK NA,2026-07-01,Repo,B450,2026-05-06,REPO,,CALYPSOIFI,Rev_Repo,,2026-06-17
96031185,,2025-07-03,2026-12-07,2026-04-20,TDBK,MORGAN STANLEY INTL,2026-07-01,Repo,B775,2026-03-05,,FIN,CALYPSOIFI,Repo,,2026-06-10
91078876,,2025-01-05,2026-10-12,,TDBK,MORGAN STANLEY INTL,2026-07-01,Repo,B261,2026-10-07,REPO,FIN,CALYPSOIFI,Repo,,2026-06-10
97136891,,2026-07-25,2026-05-05,,TDBK,INVESTEC BANK LIMITED,2026-07-01,Repo,B945,2026-10-10,,FIN,CALYPSOIFI,Rev_Repo,,2026-07-01
94309674,,2026-09-02,2026-03-01,,TDBK,,2026-07-01,Repo,B978,2026-05-07,REPO,FIN,CALYPSOIFI,Rev_Repo,,2026-06-17
92109883,,2025-12-27,2026-09-18,2026-12-24,TDBK,MORGAN STANLEY INTL,2026-07-01,Repo,B627,2026-10-24,REPO,FIN,CALYPSOIFI,Rev_Repo,,2026-06-03
94589786,,2025-04-08,2026-01-15,2026-05-11,TDBK,,2026-07-01,Repo,B334,2026-09-08,REPO,FIN,CALYPSOIFI,Repo,,2026-06-10
94258594,,2025-08-21,2026-03-12,2026-01-11,TDBK,BANK OF NOVA SCOTIA,2026-07-01,Repo,B844,2026-05-12,REPO,FIN,CALYPSOIFI,Repo,,2026-07-01
97159008,,2025-08-11,2026-06-24,,TDBK,,2026-07-01,Repo,B581,2026-09-06,REPO,FIN,CALYPSOIFI,Rev_Repo,,2026-06-17
92343966,,2026-09-17,2026-05-22,2026-05-19,TDBK,BANK OF NOVA SCOTIA,2026-07-01,Repo,B624,2026-07-01,,FIN,CALYPSOIFI,Repo,,2026-07-01
95374016,,2025-03-16,2026-10-08,2026-10-03,TDBK,CITIBANK NA,2026-07-01,Repo,B114,2026-07-01,REPO,FIN,CALYPSOIFI,Repo,,2026-06-03
93064594,,2026-09-26,2026-11-02,2026-12-02,TDBK,CENTRAL 1 CREDIT UNION,2026-07-01,Repo,B767,2026-11-16,REPO,FIN,CALYPSOIFI,Repo,,2026-06-03
97843063,,2025-04-04,2026-09-14,2026-09-25,TDBK,BANCO HABITAT,2026-07-01,Repo,B961,2026-04-03,REPO,FIN,CALYPSOIFI,Rev_Repo,,2026-06-10
91041269,,2026-04-01,2026-03-26,2026-04-21,TDBK,WELLINGTON GLOBAL EQUITY FUND 28R5,2026-07-01,,B489,2026-05-20,REPO,,CALYPSOIFI,Rev_Repo,,2026-06-03
96000822,,2025-01-11,2026-07-28,2026-06-08,TDBK,BIMCOR INC,2026-07-01,Repo,B779,2026-07-11,REPO,FIN,CALYPSOIFI,Repo,,2026-06-03
97422953,,2026-03-09,2026-10-21,2026-08-03,TDBK,INVESTEC BANK LIMITED,2026-07-01,Repo,B422,2026-05-08,REPO,FIN,CALYPSOIFI,Rev_Repo,,2026-06-24
95935908,,2026-03-12,2026-10-05,2026-06-04,TDBK,BANK OF NOVA SCOTIA,2026-07-01,Repo,B989,2026-06-06,REPO,FIN,CALYPSOIFI,Rev_Repo,,2026-06-10
97783847,,2025-09-07,2026-09-09,2026-08-28,TDBK,MORGAN STANLEY INTL,2026-07-01,,B153,2026-04-25,REPO,FIN,CALYPSOIFI,Repo,,2026-06-24
94526970,,2025-12-21,2026-11-01,2026-06-19,TDBK,CITIBANK NA,2026-07-01,Repo,B411,2026-10-07,REPO,FIN,CALYPSOIFI,Rev_Repo,,2026-06-10
95092283,,2026-05-03,2026-06-09,2026-03-21,TDBK,,2026-07-01,Repo,B774,2026-10-13,REPO,FIN,CALYPSOIFI,Rev_Repo,,2026-06-24
93035442,,2025-09-25,2026-08-26,2026-03-17,TDBK,WELLINGTON GLOBAL EQUITY FUND 28R5,2026-07-01,Repo,B852,2026-02-03,REPO,FIN,CALYPSOIFI,Repo,,2026-06-03
94446398,,2026-10-02,2026-06-23,2026-12-16,TDBK,CITIBANK NA,2026-07-01,Repo,B113,2026-11-02,REPO,FIN,CALYPSOIFI,Repo,,2026-06-24
91656631,,2026-08-10,2026-01-11,2026-02-10,TDBK,INVESTEC BANK LIMITED,2026-07-01,Repo,B326,2026-03-23,,FIN,CALYPSOIFI,Rev_Repo,,2026-06-17
98694101,,2025-06-20,2026-05-20,2026-06-10,TDBK,INVESTEC BANK LIMITED,2026-07-01,Repo,B826,2026-10-18,REPO,FIN,CALYPSOIFI,Rev_Repo,,2026-07-01
98388049,,2026-06-22,2026-03-16,2026-12-28,TDBK,BANK OF NOVA SCOTIA,2026-07-01,Repo,B713,2026-07-08,REPO,FIN,CALYPSOIFI,Repo,,2026-07-01
95274832,,2025-11-08,2026-03-15,2026-05-20,TDBK,BANK OF NOVA SCOTIA,2026-07-01,Repo,B587,2026-07-11,REPO,FIN,CALYPSOIFI,Rev_Repo,,2026-06-24
94795124,,2026-07-12,2026-06-07,2026-12-15,TDBK,CITIBANK NA,2026-07-01,Repo,B267,2026-08-28,REPO,FIN,CALYPSOIFI,Repo,,2026-07-01
96515076,,2026-04-05,2026-12-12,2026-01-11,TDBK,SWISS LIFE AG,2026-07-01,Repo,B648,2026-10-16,REPO,FIN,CALYPSOIFI,Rev_Repo,,2026-06-10
99465187,,2025-04-05,2026-05-07,2026-04-07,TDBK,CENTRAL 1 CREDIT UNION,2026-07-01,Repo,B106,2026-10-26,REPO,,CALYPSOIFI,Repo,,2026-06-24
95595063,,2025-07-23,2026-01-11,2026-03-01,TDBK,CENTRAL 1 CREDIT UNION,2026-07-01,Repo,B648,2026-06-24,REPO,FIN,CALYPSOIFI,Rev_Repo,,2026-06-24
91450095,,2026-11-20,2026-04-17,2026-11-12,TDBK,INVESTEC BANK LIMITED,2026-07-01,Repo,B611,2026-09-16,REPO,FIN,CALYPSOIFI,Repo,,2026-06-24
97278858,,2026-06-26,2026-03-15,,TDBK,,2026-07-01,Repo,B251,2026-12-11,REPO,FIN,CALYPSOIFI,Repo,,2026-06-17
99910634,,2026-06-28,2026-05-05,2026-06-21,TDBK,BIMCOR INC,2026-07-01,Repo,B532,2026-07-16,REPO,FIN,CALYPSOIFI,Rev_Repo,,2026-07-01
93462998,,2025-07-01,2026-02-25,2026-02-28,TDBK,,2026-07-01,Repo,B953,2026-06-08,REPO,FIN,CALYPSOIFI,Rev_Repo,,2026-06-24
96455249,,2026-06-01,2026-04-25,,TDBK,,2026-07-01,Repo,B292,2026-10-10,REPO,,CALYPSOIFI,Repo,,2026-06-10
99737757,,2026-04-20,2026-06-14,2026-10-19,TDBK,CENTRAL 1 CREDIT UNION,2026-07-01,Repo,B723,2026-02-28,REPO,FIN,CALYPSOIFI,Repo,,2026-06-10
94805676,,2026-12-11,2026-09-07,2026-07-21,TDBK,BIMCOR INC,2026-07-01,Repo,B877,2026-01-08,REPO,FIN,CALYPSOIFI,Rev_Repo,,2026-07-01
95462592,,2025-04-07,2026-05-28,2026-12-25,TDBK,WELLINGTON GLOBAL EQUITY FUND 28R5,2026-07-01,Repo,B934,2026-05-13,REPO,FIN,CALYPSOIFI,Rev_Repo,,2026-06-10
93344167,,2025-04-02,2026-08-10,2026-02-24,TDBK,MORGAN STANLEY INTL,2026-07-01,Repo,B157,2026-05-11,REPO,,CALYPSOIFI,Repo,,2026-06-24
97702681,,2025-02-07,2026-04-19,2026-01-01,TDBK,DEUTSCHE BANK A.G.,2026-07-01,Repo,B703,2026-01-09,REPO,FIN,CALYPSOIFI,Repo,,2026-07-01
90066356,,2025-10-05,2026-09-09,2026-07-22,TDBK,INVESTEC BANK LIMITED,2026-07-01,Repo,B400,2026-08-06,REPO,FIN,CALYPSOIFI,Rev_Repo,,2026-06-17
98385674,,2025-01-08,2026-10-04,2026-12-07,TDBK,,2026-07-01,,B698,2026-07-16,REPO,FIN,CALYPSOIFI,Rev_Repo,,2026-06-17
92576074,,2026-02-10,2026-08-02,2026-10-16,TDBK,INVESTEC BANK LIMITED,2026-07-01,Repo,B192,2026-06-03,REPO,FIN,CALYPSOIFI,Repo,,2026-06-03
97390693,,2025-01-14,2026-11-26,2026-08-15,TDBK,DEUTSCHE BANK A.G.,2026-07-01,Repo,B607,2026-08-15,REPO,FIN,CALYPSOIFI,Rev_Repo,,2026-06-10
90251898,,2025-01-24,2026-10-14,,TDBK,MORGAN STANLEY INTL,2026-07-01,Repo,B329,2026-11-16,REPO,FIN,CALYPSOIFI,Rev_Repo,,2026-06-17
98382679,,2025-07-10,2026-04-20,,TDBK,WELLINGTON GLOBAL EQUITY FUND 28R5,2026-07-01,Repo,B561,2026-03-27,REPO,FIN,CALYPSOIFI,Rev_Repo,,2026-07-01
94548761,,2026-10-03,2026-05-10,2026-01-10,TDBK,SWISS LIFE AG,2026-07-01,Repo,B341,2026-05-11,REPO,FIN,CALYPSOIFI,Repo,,2026-06-10
94983650,,2025-01-04,2026-04-06,2026-03-24,TDBK,,2026-07-01,Repo,B903,2026-10-14,REPO,FIN,CALYPSOIFI,Rev_Repo,,2026-06-17
99257508,,2026-05-12,2026-12-05,2026-08-02,TDBK,SWISS LIFE AG,2026-07-01,Repo,B477,2026-12-02,REPO,FIN,CALYPSOIFI,Repo,,2026-06-10
97714342,,2026-11-13,2026-04-22,2026-07-07,TDBK,BANK OF NOVA SCOTIA,2026-07-01,Repo,B271,2026-04-25,REPO,FIN,CALYPSOIFI,Repo,,2026-06-17
96436978,,2026-09-20,2026-07-14,2026-07-25,TDBK,MORGAN STANLEY INTL,2026-07-01,Repo,B247,2026-04-22,REPO,FIN,CALYPSOIFI,Rev_Repo,,2026-06-17
95643449,,2025-12-01,2026-12-13,2026-08-11,TDBK,BANCO HABITAT,2026-07-01,Repo,B988,2026-04-09,REPO,FIN,CALYPSOIFI,Rev_Repo,,2026-06-10
97732925,,2026-05-25,2026-09-26,,TDBK,BANCO HABITAT,2026-07-01,Repo,B766,2026-04-10,REPO,FIN,CALYPSOIFI,Rev_Repo,,2026-06-03
93095119,,2025-07-14,2026-11-11,2026-07-02,TDBK,CITIBANK NA,2026-07-01,Repo,B706,2026-04-23,REPO,FIN,CALYPSOIFI,Rev_Repo,,2026-06-24
99390872,,2026-08-03,2026-09-13,2026-08-19,TDBK,BANCO HABITAT,2026-07-01,Repo,B459,2026-09-04,REPO,FIN,CALYPSOIFI,Rev_Repo,,2026-06-24
97263033,,2025-06-10,2026-06-07,2026-08-16,TDBK,SWISS LIFE AG,2026-07-01,Repo,B434,2026-08-25,,FIN,CALYPSOIFI,Rev_Repo,,2026-06-17
91053070,,2026-11-13,2026-06-04,2026-03-20,TDBK,MORGAN STANLEY INTL,2026-07-01,Repo,B861,2026-07-02,,FIN,CALYPSOIFI,Rev_Repo,,2026-07-01
91033130,,2025-03-23,2026-05-02,2026-08-23,TDBK,,2026-07-01,Repo,B358,2026-07-01,REPO,FIN,CALYPSOIFI,Rev_Repo,,2026-06-10
97521017,,2026-04-02,2026-06-26,2026-07-01,TDBK,,2026-07-01,Repo,B603,2026-05-01,,FIN,CALYPSOIFI,Rev_Repo,,2026-06-17
97326966,,2025-10-09,2026-06-13,2026-11-16,TDBK,BANCO HABITAT,2026-07-01,Repo,B996,2026-10-27,REPO,FIN,CALYPSOIFI,Rev_Repo,,2026-06-17
90781492,,2025-04-16,2026-11-22,2026-09-28,TDBK,WELLINGTON GLOBAL EQUITY FUND 28R5,2026-07-01,Repo,B461,2026-11-14,REPO,FIN,CALYPSOIFI,Rev_Repo,,2026-06-17
93227107,,2025-01-21,2026-05-17,2026-10-06,TDBK,MORGAN STANLEY INTL,2026-07-01,Repo,B504,2026-02-05,REPO,FIN,CALYPSOIFI,Rev_Repo,,2026-06-03
96618609,,2026-09-03,2026-12-01,2026-08-25,TDBK,CITIBANK NA,2026-07-01,,B394,2026-01-21,REPO,FIN,CALYPSOIFI,Repo,,2026-06-03
95561909,,2025-07-18,2026-08-15,2026-02-10,TDBK,SWISS LIFE AG,2026-07-01,Repo,B362,2026-02-10,REPO,FIN,CALYPSOIFI,Rev_Repo,,2026-07-01
94383008,,2026-05-16,2026-02-04,2026-06-07,TDBK,BANK OF NOVA SCOTIA,2026-07-01,Repo,B145,2026-03-22,,FIN,CALYPSOIFI,Repo,,2026-06-17
95004429,,2025-03-20,2026-05-16,2026-03-11,TDBK,CENTRAL 1 CREDIT UNION,2026-07-01,Repo,B404,2026-01-13,REPO,FIN,CALYPSOIFI,Rev_Repo,,2026-06-17
91253713,,2026-04-09,2026-08-05,2026-07-12,TDBK,,2026-07-01,Repo,B696,2026-07-09,REPO,FIN,CALYPSOIFI,Rev_Repo,,2026-06-17
90889614,,2026-11-11,2026-10-11,2026-03-05,TDBK,BIMCOR INC,2026-07-01,Repo,B534,2026-05-08,REPO,FIN,CALYPSOIFI,Repo,,2026-07-01
95187435,,2025-05-17,2026-11-17,2026-01-06,TDBK,INVESTEC BANK LIMITED,2026-07-01,Repo,B933,2026-04-03,REPO,FIN,CALYPSOIFI,Rev_Repo,,2026-06-10
97863392,,2025-06-24,2026-10-20,2026-03-08,TDBK,SWISS LIFE AG,2026-07-01,Repo,B435,2026-09-27,REPO,FIN,CALYPSOIFI,Repo,,2026-07-01
90047825,,2026-01-16,2026-09-12,,TDBK,CITIBANK NA,2026-07-01,Repo,B523,2026-06-25,REPO,FIN,CALYPSOIFI,Repo,,2026-06-17
93490148,,2026-10-14,2026-12-15,2026-09-18,TDBK,WELLINGTON GLOBAL EQUITY FUND 28R5,2026-07-01,Repo,B250,2026-08-16,REPO,FIN,CALYPSOIFI,Rev_Repo,,2026-06-10
91896826,,2026-02-01,2026-08-01,2026-08-05,TDBK,CENTRAL 1 CREDIT UNION,2026-07-01,,B679,2026-12-13,REPO,FIN,CALYPSOIFI,Repo,,2026-06-03
99734090,,2025-02-08,2026-09-20,2026-04-02,TDBK,WELLINGTON GLOBAL EQUITY FUND 28R5,2026-07-01,Repo,B268,2026-05-17,REPO,FIN,CALYPSOIFI,Rev_Repo,,2026-07-01
92080767,,2025-08-05,2026-03-28,2026-03-21,TDBK,,2026-07-01,,B540,2026-03-15,REPO,FIN,CALYPSOIFI,Repo,,2026-06-03
96133453,,2025-03-01,2026-11-08,2026-07-19,TDBK,,2026-07-01,Repo,B544,2026-05-10,REPO,FIN,CALYPSOIFI,Rev_Repo,,2026-07-01
98722033,,2025-11-05,2026-02-21,2026-02-06,TDBK,SWISS LIFE AG,2026-07-01,Repo,B252,2026-04-27,REPO,FIN,CALYPSOIFI,Rev_Repo,,2026-07-01
95563564,,2025-06-22,2026-07-09,2026-05-08,TDBK,BANK OF NOVA SCOTIA,2026-07-01,Repo,B625,2026-09-20,REPO,FIN,CALYPSOIFI,Repo,,2026-06-03
98328110,,2025-07-11,2026-06-10,2026-07-10,TDBK,BANK OF NOVA SCOTIA,2026-07-01,,B513,2026-01-08,REPO,FIN,CALYPSOIFI,Repo,,2026-06-03
99078334,,2025-01-20,2026-01-04,2026-05-11,TDBK,BANCO HABITAT,2026-07-01,Repo,B986,2026-11-01,REPO,FIN,CALYPSOIFI,Repo,,2026-06-03
93096703,,2026-12-02,2026-07-28,2026-12-02,TDBK,CENTRAL 1 CREDIT UNION,2026-07-01,Repo,B477,2026-04-18,REPO,FIN,CALYPSOIFI,Rev_Repo,,2026-06-17
95865656,,2025-07-09,2026-06-19,2026-09-27,TDBK,CITIBANK NA,2026-07-01,Repo,B504,2026-02-09,REPO,FIN,CALYPSOIFI,Repo,,2026-06-17
90698546,,2025-03-03,2026-04-14,2026-02-21,TDBK,BANK OF NOVA SCOTIA,2026-07-01,Repo,B215,2026-03-14,REPO,FIN,CALYPSOIFI,Rev_Repo,,2026-06-17
95810384,,2025-12-26,2026-10-25,2026-03-01,TDBK,BANCO HABITAT,2026-07-01,Repo,B172,2026-05-09,REPO,FIN,CALYPSOIFI,Rev_Repo,,2026-06-24
97512010,,2025-07-23,2026-04-04,2026-09-16,TDBK,,2026-07-01,Repo,B519,2026-10-01,REPO,FIN,CALYPSOIFI,Repo,,2026-06-24
91244945,,2025-08-07,2026-03-22,2026-05-07,TDBK,,2026-07-01,,B400,2026-12-20,,FIN,CALYPSOIFI,Rev_Repo,,2026-06-10
99664933,,2025-03-10,2026-02-02,2026-07-05,TDBK,,2026-07-01,Repo,B826,2026-04-09,REPO,FIN,CALYPSOIFI,Rev_Repo,,2026-06-10
92562807,,2025-04-06,2026-05-16,2026-11-05,TDBK,WELLINGTON GLOBAL EQUITY FUND 28R5,2026-07-01,Repo,B511,2026-08-02,REPO,FIN,CALYPSOIFI,Repo,,2026-06-24
99165477,,2026-01-23,2026-01-15,2026-04-07,TDBK,,2026-07-01,Repo,B518,2026-09-13,REPO,FIN,CALYPSOIFI,Repo,,2026-06-10
97906081,,2026-05-02,2026-02-26,2026-02-25,TDBK,INVESTEC BANK LIMITED,2026-07-01,Repo,B458,2026-01-21,REPO,FIN,CALYPSOIFI,Rev_Repo,,2026-06-03
94972723,,2026-03-03,2026-08-27,,TDBK,,2026-07-01,Repo,B186,2026-09-06,REPO,,CALYPSOIFI,Repo,,2026-07-01
91200479,,2026-01-06,2026-06-23,2026-12-10,TDBK,DEUTSCHE BANK A.G.,2026-07-01,Repo,B522,2026-01-24,REPO,FIN,CALYPSOIFI,Repo,,2026-06-17
93742951,,2025-01-08,2026-06-07,2026-03-20,TDBK,CITIBANK NA,2026-07-01,Repo,B922,2026-04-26,REPO,FIN,CALYPSOIFI,Rev_Repo,,2026-06-24
95697945,,2026-07-09,2026-10-01,2026-08-01,TDBK,INVESTEC BANK LIMITED,2026-07-01,Repo,B112,2026-11-09,,FIN,CALYPSOIFI,Repo,,2026-06-17
94108948,,2026-01-11,2026-05-26,2026-03-18,TDBK,,2026-07-01,Repo,B688,2026-10-23,,,CALYPSOIFI,Repo,,2026-07-01
94797305,,2025-11-10,2026-02-05,2026-02-09,TDBK,SWISS LIFE AG,2026-07-01,Repo,B661,2026-02-15,REPO,,CALYPSOIFI,Rev_Repo,,2026-06-10
91492139,,2025-12-07,2026-03-26,2026-05-10,TDBK,SWISS LIFE AG,2026-07-01,Repo,B130,2026-05-23,REPO,FIN,CALYPSOIFI,Rev_Repo,,2026-06-03
93027484,,2026-09-24,2026-03-05,2026-11-11,TDBK,DEUTSCHE BANK A.G.,2026-07-01,Repo,B575,2026-10-05,,FIN,CALYPSOIFI,Rev_Repo,,2026-07-01
91401149,,2025-03-05,2026-03-26,2026-08-09,TDBK,MORGAN STANLEY INTL,2026-07-01,Repo,B614,2026-05-14,REPO,FIN,CALYPSOIFI,Repo,,2026-06-03
92833535,,2026-02-20,2026-09-07,2026-08-13,TDBK,CENTRAL 1 CREDIT UNION,2026-07-01,Repo,B926,2026-03-01,REPO,FIN,CALYPSOIFI,Rev_Repo,,2026-06-17
96893488,,2026-08-09,2026-02-01,2026-02-08,TDBK,BANCO HABITAT,2026-07-01,Repo,B533,2026-02-26,REPO,FIN,CALYPSOIFI,Repo,,2026-06-17
98306208,,2026-06-27,2026-10-12,,TDBK,CENTRAL 1 CREDIT UNION,2026-07-01,Repo,B648,2026-12-07,REPO,FIN,CALYPSOIFI,Repo,,2026-06-10
98807110,,2025-02-22,2026-01-13,2026-10-23,TDBK,MORGAN STANLEY INTL,2026-07-01,Repo,B865,2026-03-02,REPO,FIN,CALYPSOIFI,Rev_Repo,,2026-06-10
98436255,,2026-04-06,2026-05-25,2026-02-13,TDBK,,2026-07-01,Repo,B401,2026-08-27,REPO,FIN,CALYPSOIFI,Repo,,2026-06-03
97385854,,2025-02-07,2026-01-09,2026-05-01,TDBK,SWISS LIFE AG,2026-07-01,Repo,B815,2026-06-24,REPO,FIN,CALYPSOIFI,Repo,,2026-06-03
96538071,,2025-03-07,2026-06-01,2026-09-12,TDBK,DEUTSCHE BANK A.G.,2026-07-01,Repo,B773,2026-06-14,REPO,FIN,CALYPSOIFI,Rev_Repo,,2026-06-24
99695059,,2025-03-09,2026-11-25,2026-06-02,TDBK,MORGAN STANLEY INTL,2026-07-01,Repo,B233,2026-03-04,REPO,FIN,CALYPSOIFI,Repo,,2026-06-10
91576734,,2026-04-11,2026-10-01,2026-05-10,TDBK,INVESTEC BANK LIMITED,2026-07-01,Repo,B724,2026-05-20,REPO,FIN,CALYPSOIFI,Repo,,2026-06-10
96595347,,2026-06-09,2026-01-03,2026-10-12,TDBK,MORGAN STANLEY INTL,2026-07-01,Repo,B197,2026-08-19,REPO,,CALYPSOIFI,Repo,,2026-06-03
91323651,,2025-03-25,2026-09-18,,TDBK,MORGAN STANLEY INTL,2026-07-01,Repo,B865,2026-02-19,REPO,FIN,CALYPSOIFI,Rev_Repo,,2026-06-10
93814007,,2026-02-02,2026-10-22,2026-12-17,TDBK,CITIBANK NA,2026-07-01,Repo,B706,2026-09-10,REPO,FIN,CALYPSOIFI,Rev_Repo,,2026-06-10
97460048,,2025-10-26,2026-03-03,2026-12-20,TDBK,BANK OF NOVA SCOTIA,2026-07-01,Repo,B422,2026-03-14,REPO,FIN,CALYPSOIFI,Repo,,2026-07-01
97955495,,2025-05-19,2026-11-24,2026-09-10,TDBK,MORGAN STANLEY INTL,2026-07-01,,B127,2026-07-08,REPO,FIN,CALYPSOIFI,Rev_Repo,,2026-06-24
94111245,,2026-12-09,2026-10-16,2026-09-04,TDBK,MORGAN STANLEY INTL,2026-07-01,Repo,B501,2026-12-01,REPO,FIN,CALYPSOIFI,Rev_Repo,,2026-06-03
94087276,,2026-08-17,2026-06-10,,TDBK,INVESTEC BANK LIMITED,2026-07-01,Repo,B300,2026-03-10,REPO,FIN,CALYPSOIFI,Rev_Repo,,2026-06-10
95021850,,2026-03-21,2026-12-19,2026-11-15,TDBK,CENTRAL 1 CREDIT UNION,2026-07-01,Repo,B471,2026-01-22,REPO,FIN,CALYPSOIFI,Repo,,2026-06-10
90712225,,2025-03-28,2026-03-01,2026-07-11,TDBK,BANCO HABITAT,2026-07-01,Repo,B420,2026-08-21,REPO,FIN,CALYPSOIFI,Rev_Repo,,2026-06-24
99431828,,2026-01-20,2026-03-14,2026-07-22,TDBK,DEUTSCHE BANK A.G.,2026-07-01,Repo,B879,2026-03-11,REPO,FIN,CALYPSOIFI,Repo,,2026-07-01
91656584,,2025-05-28,2026-05-24,2026-05-21,TDBK,SWISS LIFE AG,2026-07-01,Repo,B951,2026-09-03,REPO,FIN,CALYPSOIFI,Repo,,2026-07-01
96144077,,2025-12-11,2026-02-19,2026-01-22,TDBK,WELLINGTON GLOBAL EQUITY FUND 28R5,2026-07-01,Repo,B499,2026-12-25,REPO,FIN,CALYPSOIFI,Repo,,2026-06-10
91418979,,2025-04-12,2026-06-28,2026-01-07,TDBK,CITIBANK NA,2026-07-01,Repo,B982,2026-12-08,REPO,FIN,CALYPSOIFI,Rev_Repo,,2026-06-03
92026429,,2026-05-15,2026-04-17,2026-02-28,TDBK,CITIBANK NA,2026-07-01,Repo,B926,2026-04-27,REPO,FIN,CALYPSOIFI,Rev_Repo,,2026-06-17
92791652,,2026-01-07,2026-08-17,2026-11-18,TDBK,DEUTSCHE BANK A.G.,2026-07-01,Repo,B309,2026-02-04,,FIN,CALYPSOIFI,Repo,,2026-06-24
92939195,,2026-04-09,2026-11-20,2026-06-17,TDBK,BIMCOR INC,2026-07-01,Repo,B996,2026-05-08,REPO,FIN,CALYPSOIFI,Repo,,2026-06-10
97577471,,2026-06-15,2026-10-10,2026-08-14,TDBK,BANK OF NOVA SCOTIA,2026-07-01,Repo,B778,2026-04-17,REPO,,CALYPSOIFI,Rev_Repo,,2026-06-17
98785704,,2026-04-20,2026-07-16,2026-11-11,TDBK,BANK OF NOVA SCOTIA,2026-07-01,Repo,B825,2026-09-28,REPO,FIN,CALYPSOIFI,Repo,,2026-06-17
99932167,,2026-12-04,2026-05-22,2026-06-28,TDBK,WELLINGTON GLOBAL EQUITY FUND 28R5,2026-07-01,Repo,B902,2026-05-09,REPO,,CALYPSOIFI,Repo,,2026-06-03
96282168,,2026-09-06,2026-10-24,2026-07-16,TDBK,SWISS LIFE AG,2026-07-01,Repo,B289,2026-10-04,REPO,FIN,CALYPSOIFI,Repo,,2026-06-17
98971506,,2026-01-05,2026-09-18,2026-07-11,TDBK,MORGAN STANLEY INTL,2026-07-01,Repo,B439,2026-09-04,REPO,FIN,CALYPSOIFI,Rev_Repo,,2026-06-17
96916753,,2026-09-14,2026-06-08,2026-11-11,TDBK,MORGAN STANLEY INTL,2026-07-01,Repo,B449,2026-10-05,REPO,FIN,CALYPSOIFI,Repo,,2026-06-10
97806568,,2026-08-24,2026-04-07,2026-09-26,TDBK,CITIBANK NA,2026-07-01,Repo,B169,2026-08-25,REPO,FIN,CALYPSOIFI,Rev_Repo,,2026-06-03
95075477,,2025-03-23,2026-11-06,,TDBK,BIMCOR INC,2026-07-01,Repo,B502,2026-12-17,REPO,FIN,CALYPSOIFI,Repo,,2026-06-10
99374869,,2026-02-11,2026-06-28,,TDBK,SWISS LIFE AG,2026-07-01,Repo,B931,2026-10-24,REPO,FIN,CALYPSOIFI,Rev_Repo,,2026-06-10
96338726,,2025-06-20,2026-01-02,2026-12-17,TDBK,MORGAN STANLEY INTL,2026-07-01,Repo,B287,2026-12-13,REPO,FIN,CALYPSOIFI,Rev_Repo,,2026-06-24
96585491,,2025-12-26,2026-10-14,2026-10-26,TDBK,CENTRAL 1 CREDIT UNION,2026-07-01,Repo,B764,2026-04-10,REPO,FIN,CALYPSOIFI,Repo,,2026-06-24
98339096,,2026-08-12,2026-02-10,2026-01-03,TDBK,CITIBANK NA,2026-07-01,,B436,2026-03-12,REPO,FIN,CALYPSOIFI,Repo,,2026-06-03
94001792,,2026-04-15,2026-02-28,2026-09-13,TDBK,WELLINGTON GLOBAL EQUITY FUND 28R5,2026-07-01,Repo,B708,2026-12-03,REPO,FIN,CALYPSOIFI,Repo,,2026-06-03
94813376,,2025-11-15,2026-08-09,2026-10-19,TDBK,INVESTEC BANK LIMITED,2026-07-01,Repo,B846,2026-07-07,REPO,FIN,CALYPSOIFI,Rev_Repo,,2026-06-10
92366372,,2025-10-28,2026-03-09,2026-11-20,TDBK,SWISS LIFE AG,2026-07-01,Repo,B808,2026-02-18,REPO,FIN,CALYPSOIFI,Repo,,2026-06-03
96496056,,2025-05-12,2026-06-04,2026-01-19,TDBK,SWISS LIFE AG,2026-07-01,Repo,B868,2026-06-11,REPO,FIN,CALYPSOIFI,Rev_Repo,,2026-06-03
92475478,,2026-06-18,2026-06-14,2026-04-13,TDBK,WELLINGTON GLOBAL EQUITY FUND 28R5,2026-07-01,Repo,B761,2026-04-06,REPO,FIN,CALYPSOIFI,Repo,,2026-06-17
90823370,,2025-11-06,2026-04-12,2026-10-23,TDBK,INVESTEC BANK LIMITED,2026-07-01,Repo,B817,2026-03-12,REPO,FIN,CALYPSOIFI,Rev_Repo,,2026-06-10
90353023,,2025-02-19,2026-10-13,2026-11-07,TDBK,BANCO HABITAT,2026-07-01,Repo,B237,2026-07-16,REPO,FIN,CALYPSOIFI,Repo,,2026-07-01
94758565,,2026-12-21,2026-01-14,,TDBK,WELLINGTON GLOBAL EQUITY FUND 28R5,2026-07-01,Repo,B694,2026-04-28,REPO,FIN,CALYPSOIFI,Rev_Repo,,2026-06-10
95117797,,2026-01-24,2026-12-11,2026-09-05,TDBK,BIMCOR INC,2026-07-01,,B360,2026-01-13,REPO,FIN,CALYPSOIFI,Repo,,2026-06-24
95598177,,2026-12-07,2026-02-25,2026-11-28,TDBK,CITIBANK NA,2026-07-01,Repo,B305,2026-04-04,REPO,FIN,CALYPSOIFI,Rev_Repo,,2026-07-01
94146602,,2025-06-02,2026-12-04,2026-10-06,TDBK,BANK OF NOVA SCOTIA,2026-07-01,Repo,B945,2026-08-25,REPO,FIN,CALYPSOIFI,Rev_Repo,,2026-06-24
94633949,,2025-03-01,2026-08-11,2026-01-26,TDBK,BANK OF NOVA SCOTIA,2026-07-01,Repo,B758,2026-05-03,REPO,FIN,CALYPSOIFI,Repo,,2026-06-10
95189895,,2025-09-10,2026-11-07,2026-04-14,TDBK,CITIBANK NA,2026-07-01,Repo,B807,2026-05-04,REPO,FIN,CALYPSOIFI,Rev_Repo,,2026-06-24
94649468,,2026-08-12,2026-12-12,2026-03-05,TDBK,,2026-07-01,Repo,B186,2026-08-22,REPO,FIN,CALYPSOIFI,Repo,,2026-06-10
95744049,,2025-07-24,2026-05-14,,TDBK,BANK OF NOVA SCOTIA,2026-07-01,Repo,B194,2026-05-20,REPO,FIN,CALYPSOIFI,Rev_Repo,,2026-07-01
91664693,,2025-09-12,2026-12-13,2026-06-06,TDBK,CENTRAL 1 CREDIT UNION,2026-07-01,Repo,B565,2026-11-18,REPO,FIN,CALYPSOIFI,Repo,,2026-07-01
94984152,,2025-01-26,2026-11-02,2026-03-09,TDBK,BANK OF NOVA SCOTIA,2026-07-01,Repo,B352,2026-02-08,REPO,FIN,CALYPSOIFI,Repo,,2026-06-10
90990622,,2026-01-13,2026-10-19,2026-09-23,TDBK,INVESTEC BANK LIMITED,2026-07-01,,B912,2026-08-01,,FIN,CALYPSOIFI,Rev_Repo,,2026-07-01
96649103,,2025-09-23,2026-08-05,,TDBK,CENTRAL 1 CREDIT UNION,2026-07-01,Repo,B718,2026-03-18,REPO,FIN,CALYPSOIFI,Rev_Repo,,2026-06-10
96519637,,2025-08-22,2026-05-25,2026-05-06,TDBK,INVESTEC BANK LIMITED,2026-07-01,Repo,B901,2026-02-12,REPO,FIN,CALYPSOIFI,Rev_Repo,,2026-06-17
92039200,,2025-11-07,2026-04-21,,TDBK,DEUTSCHE BANK A.G.,2026-07-01,Repo,B676,2026-09-25,REPO,FIN,CALYPSOIFI,Repo,,2026-06-10
95804721,,2026-03-08,2026-08-21,2026-06-25,TDBK,BANCO HABITAT,2026-07-01,Repo,B146,2026-10-17,REPO,FIN,CALYPSOIFI,Repo,,2026-06-17
95906616,,2025-04-20,2026-04-19,2026-11-05,TDBK,DEUTSCHE BANK A.G.,2026-07-01,Repo,B286,2026-12-24,REPO,FIN,CALYPSOIFI,Repo,,2026-06-17
93434178,,2025-04-06,2026-02-11,2026-10-09,TDBK,MORGAN STANLEY INTL,2026-07-01,Repo,B966,2026-01-26,REPO,FIN,CALYPSOIFI,Repo,,2026-07-01
91432977,,2025-06-03,2026-11-24,2026-01-17,TDBK,,2026-07-01,Repo,B366,2026-08-27,REPO,FIN,CALYPSOIFI,Rev_Repo,,2026-06-17
96909881,,2026-04-24,2026-03-20,2026-02-10,TDBK,INVESTEC BANK LIMITED,2026-07-01,Repo,B871,2026-10-16,REPO,FIN,CALYPSOIFI,Rev_Repo,,2026-06-10
97345099,,2025-03-12,2026-07-04,2026-09-21,TDBK,DEUTSCHE BANK A.G.,2026-07-01,Repo,B122,2026-11-22,,FIN,CALYPSOIFI,Repo,,2026-06-24
98146756,,2026-07-02,2026-09-08,2026-06-26,TDBK,DEUTSCHE BANK A.G.,2026-07-01,Repo,B112,2026-12-18,REPO,FIN,CALYPSOIFI,Repo,,2026-07-01
93348855,,2026-11-06,2026-04-24,2026-01-11,TDBK,,2026-07-01,Repo,B402,2026-11-04,REPO,FIN,CALYPSOIFI,Rev_Repo,,2026-06-17
92469606,,2026-07-01,2026-02-05,2026-05-11,TDBK,SWISS LIFE AG,2026-07-01,Repo,B108,2026-01-28,REPO,,CALYPSOIFI,Rev_Repo,,2026-06-03
98596755,,2025-01-21,2026-03-21,2026-06-08,TDBK,MORGAN STANLEY INTL,2026-07-01,Repo,B312,2026-11-22,REPO,FIN,CALYPSOIFI,Rev_Repo,,2026-06-10
99591462,,2026-04-01,2026-09-28,2026-08-09,TDBK,WELLINGTON GLOBAL EQUITY FUND 28R5,2026-07-01,Repo,B740,2026-12-07,REPO,FIN,CALYPSOIFI,Repo,,2026-06-17
95728919,,2025-05-19,2026-04-18,2026-03-21,TDBK,CITIBANK NA,2026-07-01,Repo,B787,2026-03-04,REPO,FIN,CALYPSOIFI,Rev_Repo,,2026-06-17
94640916,,2025-05-19,2026-10-15,2026-11-22,TDBK,WELLINGTON GLOBAL EQUITY FUND 28R5,2026-07-01,Repo,B843,2026-11-10,REPO,FIN,CALYPSOIFI,Repo,,2026-06-24
91783543,,2026-12-12,2026-04-16,2026-03-02,TDBK,DEUTSCHE BANK A.G.,2026-07-01,Repo,B537,2026-12-14,REPO,FIN,CALYPSOIFI,Repo,,2026-07-01
93753459,,2026-05-28,2026-01-06,2026-08-04,TDBK,,2026-07-01,,B401,2026-07-07,REPO,FIN,CALYPSOIFI,Rev_Repo,,2026-06-10
90506250,,2025-08-15,2026-03-25,2026-07-27,TDBK,CITIBANK NA,2026-07-01,Repo,B705,2026-05-20,REPO,FIN,CALYPSOIFI,Repo,,2026-07-01
96731188,,2026-02-25,2026-09-05,2026-12-23,TDBK,,2026-07-01,Repo,B227,2026-11-24,REPO,FIN,CALYPSOIFI,Repo,,2026-07-01
99985496,,2025-02-13,2026-06-27,2026-11-03,TDBK,CENTRAL 1 CREDIT UNION,2026-07-01,Repo,B664,2026-05-16,REPO,FIN,CALYPSOIFI,Rev_Repo,,2026-06-10
92608872,,2026-08-26,2026-11-15,2026-11-21,TDBK,CITIBANK NA,2026-07-01,Repo,B300,2026-11-21,REPO,FIN,CALYPSOIFI,Repo,,2026-06-17
91096146,,2025-11-18,2026-04-18,2026-01-27,TDBK,BANCO HABITAT,2026-07-01,Repo,B828,2026-04-05,REPO,,CALYPSOIFI,Repo,,2026-06-03
94206073,,2026-06-13,2026-05-28,2026-07-13,TDBK,SWISS LIFE AG,2026-07-01,Repo,B873,2026-01-04,REPO,FIN,CALYPSOIFI,Rev_Repo,,2026-06-10
92791195,,2026-03-09,2026-10-21,2026-12-20,TDBK,WELLINGTON GLOBAL EQUITY FUND 28R5,2026-07-01,Repo,B619,2026-01-20,,FIN,CALYPSOIFI,Repo,,2026-06-10
93286186,,2025-10-23,2026-01-09,2026-02-10,TDBK,BIMCOR INC,2026-07-01,Repo,B263,2026-12-06,REPO,FIN,CALYPSOIFI,Rev_Repo,,2026-06-03
91211190,,2026-06-12,2026-05-14,,TDBK,INVESTEC BANK LIMITED,2026-07-01,Repo,B749,2026-07-10,REPO,FIN,CALYPSOIFI,Repo,,2026-06-17
91927847,,2025-03-07,2026-08-24,2026-12-28,TDBK,DEUTSCHE BANK A.G.,2026-07-01,Repo,B283,2026-04-10,REPO,FIN,CALYPSOIFI,Repo,,2026-06-24
94645295,,2026-12-04,2026-09-14,2026-12-11,TDBK,DEUTSCHE BANK A.G.,2026-07-01,Repo,B789,2026-12-25,REPO,FIN,CALYPSOIFI,Repo,,2026-07-01
90148350,,2025-06-28,2026-01-27,2026-12-03,TDBK,INVESTEC BANK LIMITED,2026-07-01,Repo,B465,2026-09-24,REPO,,CALYPSOIFI,Repo,,2026-07-01
90332644,,2026-05-08,2026-04-07,2026-01-05,TDBK,BANK OF NOVA SCOTIA,2026-07-01,,B824,2026-11-01,REPO,FIN,CALYPSOIFI,Repo,,2026-06-03
97539525,,2025-06-28,2026-01-07,2026-02-26,TDBK,WELLINGTON GLOBAL EQUITY FUND 28R5,2026-07-01,Repo,B320,2026-06-08,,FIN,CALYPSOIFI,Rev_Repo,,2026-06-24
91138062,,2025-01-09,2026-04-09,2026-06-02,TDBK,CENTRAL 1 CREDIT UNION,2026-07-01,Repo,B830,2026-09-16,REPO,FIN,CALYPSOIFI,Repo,,2026-06-03
92329816,,2025-01-07,2026-12-04,2026-02-12,TDBK,INVESTEC BANK LIMITED,2026-07-01,Repo,B215,2026-11-14,REPO,,CALYPSOIFI,Rev_Repo,,2026-07-01
92946610,,2026-09-05,2026-04-12,2026-12-10,TDBK,,2026-07-01,Repo,B578,2026-12-25,REPO,FIN,CALYPSOIFI,Rev_Repo,,2026-07-01
91189198,,2025-09-05,2026-05-18,2026-05-10,TDBK,BIMCOR INC,2026-07-01,Repo,B171,2026-03-24,REPO,FIN,CALYPSOIFI,Repo,,2026-06-03
99860017,,2025-09-22,2026-11-21,2026-01-17,TDBK,MORGAN STANLEY INTL,2026-07-01,Repo,B682,2026-01-19,REPO,FIN,CALYPSOIFI,Repo,,2026-07-01
93418722,,2025-08-28,2026-02-28,2026-06-04,TDBK,WELLINGTON GLOBAL EQUITY FUND 28R5,2026-07-01,Repo,B707,2026-11-02,,FIN,CALYPSOIFI,Repo,,2026-06-24
93727410,,2025-11-18,2026-04-16,2026-06-20,TDBK,CENTRAL 1 CREDIT UNION,2026-07-01,Repo,B515,2026-02-01,REPO,FIN,CALYPSOIFI,Repo,,2026-06-17
95562747,,2026-02-17,2026-08-25,2026-06-22,TDBK,DEUTSCHE BANK A.G.,2026-07-01,Repo,B179,2026-08-03,REPO,FIN,CALYPSOIFI,Rev_Repo,,2026-06-17
99561220,,2025-06-26,2026-11-21,2026-05-13,TDBK,DEUTSCHE BANK A.G.,2026-07-01,Repo,B882,2026-05-17,REPO,FIN,CALYPSOIFI,Rev_Repo,,2026-07-01
96610433,,2026-08-26,2026-02-04,2026-01-20,TDBK,BANK OF NOVA SCOTIA,2026-07-01,Repo,B837,2026-11-28,,FIN,CALYPSOIFI,Rev_Repo,,2026-06-24
98902441,,2026-08-28,2026-02-03,2026-04-06,TDBK,BIMCOR INC,2026-07-01,Repo,B957,2026-12-16,,FIN,CALYPSOIFI,Rev_Repo,,2026-06-17
90455684,,2026-05-17,2026-03-20,2026-05-07,TDBK,SWISS LIFE AG,2026-07-01,Repo,B426,2026-12-13,REPO,FIN,CALYPSOIFI,Rev_Repo,,2026-06-24
97832404,,2025-08-24,2026-10-25,2026-10-23,TDBK,WELLINGTON GLOBAL EQUITY FUND 28R5,2026-07-01,Repo,B263,2026-11-25,REPO,FIN,CALYPSOIFI,Repo,,2026-06-17
94094536,,2026-08-17,2026-04-15,2026-05-23,TDBK,CENTRAL 1 CREDIT UNION,2026-07-01,Repo,B770,2026-05-27,REPO,FIN,CALYPSOIFI,Repo,,2026-06-17
91447531,,2025-07-10,2026-08-11,2026-04-25,TDBK,,2026-07-01,Repo,B105,2026-04-10,REPO,FIN,CALYPSOIFI,Repo,,2026-06-10
97556247,,2025-03-01,2026-07-07,2026-12-10,TDBK,CENTRAL 1 CREDIT UNION,2026-07-01,Repo,B617,2026-07-19,REPO,FIN,CALYPSOIFI,Rev_Repo,,2026-06-03
99450671,,2026-08-16,2026-06-22,,TDBK,BANK OF NOVA SCOTIA,2026-07-01,Repo,B346,2026-11-18,REPO,FIN,CALYPSOIFI,Rev_Repo,,2026-06-03
90986679,,2025-08-26,2026-06-06,2026-08-02,TDBK,CITIBANK NA,2026-07-01,Repo,B342,2026-09-25,REPO,FIN,CALYPSOIFI,Repo,,2026-06-24
94577521,,2026-01-17,2026-07-12,2026-03-04,TDBK,BANCO HABITAT,2026-07-01,Repo,B950,2026-05-26,REPO,FIN,CALYPSOIFI,Rev_Repo,,2026-06-03
90639348,,2026-09-22,2026-11-21,2026-01-12,TDBK,CITIBANK NA,2026-07-01,Repo,B269,2026-06-22,REPO,FIN,CALYPSOIFI,Rev_Repo,,2026-06-03
96608894,,2025-08-18,2026-12-11,,TDBK,DEUTSCHE BANK A.G.,2026-07-01,Repo,B192,2026-04-20,REPO,FIN,CALYPSOIFI,Repo,,2026-06-17
90344512,,2026-11-01,2026-08-12,2026-02-17,TDBK,CITIBANK NA,2026-07-01,Repo,B187,2026-09-11,REPO,FIN,CALYPSOIFI,Rev_Repo,,2026-06-10
91542049,,2026-10-18,2026-01-15,2026-03-13,TDBK,MORGAN STANLEY INTL,2026-07-01,Repo,B826,2026-11-09,REPO,FIN,CALYPSOIFI,Repo,,2026-06-10
92823441,,2026-01-04,2026-10-26,2026-11-20,TDBK,CITIBANK NA,2026-07-01,Repo,B145,2026-05-16,REPO,FIN,CALYPSOIFI,Repo,,2026-06-24
99377243,,2026-06-01,2026-09-02,2026-12-06,TDBK,BIMCOR INC,2026-07-01,,B807,2026-02-28,REPO,FIN,CALYPSOIFI,Rev_Repo,,2026-06-03
93183888,,2026-05-18,2026-02-09,2026-12-15,TDBK,INVESTEC BANK LIMITED,2026-07-01,Repo,B557,2026-05-13,REPO,,CALYPSOIFI,Repo,,2026-06-24
94329363,,2026-11-27,2026-11-15,2026-06-13,TDBK,,2026-07-01,Repo,B193,2026-11-13,REPO,FIN,CALYPSOIFI,Repo,,2026-06-17
91064887,,2026-10-08,2026-03-03,2026-06-27,TDBK,CENTRAL 1 CREDIT UNION,2026-07-01,Repo,B732,2026-03-05,REPO,FIN,CALYPSOIFI,Rev_Repo,,2026-06-10
92532268,,2025-10-07,2026-10-27,2026-10-25,TDBK,CITIBANK NA,2026-07-01,Repo,B485,2026-12-24,REPO,FIN,CALYPSOIFI,Rev_Repo,,2026-06-10
95369318,,2025-12-10,2026-10-11,,TDBK,CENTRAL 1 CREDIT UNION,2026-07-01,Repo,B686,2026-09-27,REPO,FIN,CALYPSOIFI,Rev_Repo,,2026-06-17
91537840,,2026-10-22,2026-12-03,2026-11-14,TDBK,CENTRAL 1 CREDIT UNION,2026-07-01,Repo,B155,2026-10-19,REPO,FIN,CALYPSOIFI,Repo,,2026-06-24
99976110,,2026-06-12,2026-06-02,2026-06-04,TDBK,INVESTEC BANK LIMITED,2026-07-01,Repo,B194,2026-10-18,REPO,FIN,CALYPSOIFI,Rev_Repo,,2026-06-24
92696031,,2025-11-13,2026-02-12,2026-07-10,TDBK,INVESTEC BANK LIMITED,2026-07-01,Repo,B571,2026-10-15,REPO,FIN,CALYPSOIFI,Rev_Repo,,2026-06-17
95567672,,2026-07-22,2026-07-22,2026-12-19,TDBK,DEUTSCHE BANK A.G.,2026-07-01,Repo,B705,2026-10-25,REPO,FIN,CALYPSOIFI,Rev_Repo,,2026-06-17
97696584,,2025-02-18,2026-11-15,2026-07-11,TDBK,,2026-07-01,Repo,B307,2026-07-03,REPO,FIN,CALYPSOIFI,Repo,,2026-06-03
97372176,,2025-02-27,2026-08-19,2026-01-05,TDBK,CITIBANK NA,2026-07-01,Repo,B227,2026-08-03,REPO,,CALYPSOIFI,Rev_Repo,,2026-06-24
91825745,,2025-01-09,2026-06-08,2026-02-27,TDBK,SWISS LIFE AG,2026-07-01,Repo,B598,2026-06-13,REPO,FIN,CALYPSOIFI,Rev_Repo,,2026-06-10
92427242,,2025-09-15,2026-05-22,2026-09-13,TDBK,BANCO HABITAT,2026-07-01,,B451,2026-12-12,REPO,FIN,CALYPSOIFI,Rev_Repo,,2026-07-01
99133094,,2026-07-24,2026-03-02,2026-09-11,TDBK,CENTRAL 1 CREDIT UNION,2026-07-01,Repo,B218,2026-12-27,REPO,FIN,CALYPSOIFI,Rev_Repo,,2026-06-24
98874809,,2026-04-09,2026-04-13,2026-08-15,TDBK,WELLINGTON GLOBAL EQUITY FUND 28R5,2026-07-01,Repo,B644,2026-02-27,,FIN,CALYPSOIFI,Repo,,2026-06-03
91034557,,2026-07-24,2026-02-10,,TDBK,CITIBANK NA,2026-07-01,Repo,B279,2026-02-17,REPO,FIN,CALYPSOIFI,Rev_Repo,,2026-06-10
95124132,,2025-01-15,2026-06-18,2026-03-23,TDBK,CITIBANK NA,2026-07-01,Repo,B612,2026-10-14,,FIN,CALYPSOIFI,Rev_Repo,,2026-07-01
91874202,,2025-03-13,2026-02-09,2026-08-06,TDBK,INVESTEC BANK LIMITED,2026-07-01,Repo,B823,2026-08-13,REPO,FIN,CALYPSOIFI,Rev_Repo,,2026-06-24
97608046,,2025-02-06,2026-06-03,2026-05-01,TDBK,BANK OF NOVA SCOTIA,2026-07-01,Repo,B869,2026-06-05,REPO,FIN,CALYPSOIFI,Rev_Repo,,2026-06-24
91245385,,2025-07-12,2026-10-02,2026-10-06,TDBK,BIMCOR INC,2026-07-01,Repo,B982,2026-04-04,REPO,FIN,CALYPSOIFI,Repo,,2026-06-17
90493968,,2025-12-27,2026-03-10,2026-12-17,TDBK,BANCO HABITAT,2026-07-01,Repo,B832,2026-12-26,REPO,FIN,CALYPSOIFI,Repo,,2026-06-03
93203127,,2026-11-15,2026-02-21,2026-11-28,TDBK,BANK OF NOVA SCOTIA,2026-07-01,,B672,2026-08-27,REPO,,CALYPSOIFI,Repo,,2026-06-24
90652780,,2026-03-12,2026-11-23,2026-09-20,TDBK,BANCO HABITAT,2026-07-01,Repo,B313,2026-11-20,REPO,FIN,CALYPSOIFI,Repo,,2026-07-01
96366915,,2025-04-22,2026-10-04,2026-09-07,TDBK,BIMCOR INC,2026-07-01,Repo,B350,2026-04-23,REPO,FIN,CALYPSOIFI,Rev_Repo,,2026-06-10
98585715,,2026-02-03,2026-06-13,,TDBK,BANK OF NOVA SCOTIA,2026-07-01,Repo,B912,2026-09-08,REPO,FIN,CALYPSOIFI,Rev_Repo,,2026-06-24
99451573,,2025-10-13,2026-12-14,2026-10-21,TDBK,BANCO HABITAT,2026-07-01,Repo,B395,2026-11-06,REPO,FIN,CALYPSOIFI,Rev_Repo,,2026-07-01
99160292,,2025-03-26,2026-07-10,2026-03-16,TDBK,INVESTEC BANK LIMITED,2026-07-01,Repo,B614,2026-03-27,REPO,FIN,CALYPSOIFI,Rev_Repo,,2026-06-10
98304215,,2026-10-22,2026-07-17,2026-11-16,TDBK,BIMCOR INC,2026-07-01,Repo,B738,2026-06-24,REPO,FIN,CALYPSOIFI,Repo,,2026-06-17
97953307,,2026-07-19,2026-04-14,,TDBK,BANK OF NOVA SCOTIA,2026-07-01,Repo,B150,2026-06-16,REPO,FIN,CALYPSOIFI,Rev_Repo,,2026-06-24
91502485,,2026-11-17,2026-01-28,2026-12-05,TDBK,CITIBANK NA,2026-07-01,Repo,B960,2026-01-02,REPO,FIN,CALYPSOIFI,Repo,,2026-06-03
96608584,,2025-11-02,2026-05-10,2026-05-15,TDBK,DEUTSCHE BANK A.G.,2026-07-01,Repo,B769,2026-01-18,REPO,FIN,CALYPSOIFI,Repo,,2026-06-24
93872183,,2026-07-02,2026-08-23,2026-01-11,TDBK,DEUTSCHE BANK A.G.,2026-07-01,Repo,B573,2026-10-26,REPO,FIN,CALYPSOIFI,Repo,,2026-06-17
91935539,,2025-07-24,2026-09-26,2026-12-19,TDBK,MORGAN STANLEY INTL,2026-07-01,Repo,B886,2026-12-11,REPO,FIN,CALYPSOIFI,Rev_Repo,,2026-06-24
99247377,,2025-03-16,2026-03-28,2026-04-24,TDBK,CENTRAL 1 CREDIT UNION,2026-07-01,Repo,B894,2026-07-02,REPO,,CALYPSOIFI,Rev_Repo,,2026-06-24
97527296,,2025-02-06,2026-05-05,2026-12-27,TDBK,SWISS LIFE AG,2026-07-01,Repo,B671,2026-05-09,REPO,FIN,CALYPSOIFI,Repo,,2026-06-10
92252150,,2025-05-03,2026-01-16,2026-05-18,TDBK,CENTRAL 1 CREDIT UNION,2026-07-01,Repo,B337,2026-01-10,REPO,FIN,CALYPSOIFI,Rev_Repo,,2026-07-01
90412869,,2025-02-21,2026-05-07,,TDBK,INVESTEC BANK LIMITED,2026-07-01,Repo,B153,2026-09-23,REPO,FIN,CALYPSOIFI,Repo,,2026-06-10
97927142,,2025-07-23,2026-03-13,2026-02-07,TDBK,BANCO HABITAT,2026-07-01,,B544,2026-03-24,REPO,FIN,CALYPSOIFI,Rev_Repo,,2026-07-01
96727452,,2026-05-07,2026-03-22,2026-02-23,TDBK,CENTRAL 1 CREDIT UNION,2026-07-01,Repo,B612,2026-12-18,,FIN,CALYPSOIFI,Repo,,2026-06-24
90912569,,2026-10-23,2026-07-11,2026-12-11,TDBK,INVESTEC BANK LIMITED,2026-07-01,Repo,B750,2026-10-25,REPO,FIN,CALYPSOIFI,Repo,,2026-06-24
94064742,,2026-12-16,2026-02-14,,TDBK,SWISS LIFE AG,2026-07-01,Repo,B159,2026-11-11,REPO,FIN,CALYPSOIFI,Rev_Repo,,2026-06-10
95603638,,2026-11-08,2026-11-15,2026-06-21,TDBK,CENTRAL 1 CREDIT UNION,2026-07-01,Repo,B392,2026-04-22,REPO,FIN,CALYPSOIFI,Repo,,2026-06-24
90086711,,2026-08-05,2026-02-20,2026-09-23,TDBK,BANCO HABITAT,2026-07-01,Repo,B946,2026-11-06,REPO,FIN,CALYPSOIFI,Rev_Repo,,2026-06-17
90344151,,2026-08-15,2026-08-27,2026-09-10,TDBK,BANCO HABITAT,2026-07-01,Repo,B957,2026-12-17,REPO,FIN,CALYPSOIFI,Rev_Repo,,2026-06-03
95713042,,2025-02-19,2026-01-19,2026-05-17,TDBK,,2026-07-01,Repo,B288,2026-08-03,REPO,FIN,CALYPSOIFI,Rev_Repo,,2026-06-24
99978319,,2025-11-25,2026-10-25,2026-06-08,TDBK,BIMCOR INC,2026-07-01,Repo,B211,2026-06-04,REPO,FIN,CALYPSOIFI,Repo,,2026-06-17
99391481,,2025-02-15,2026-10-28,2026-06-18,TDBK,BANCO HABITAT,2026-07-01,Repo,B717,2026-06-04,,FIN,CALYPSOIFI,Rev_Repo,,2026-06-03
97698635,,2025-12-13,2026-10-12,2026-02-05,TDBK,CITIBANK NA,2026-07-01,Repo,B882,2026-10-14,REPO,,CALYPSOIFI,Rev_Repo,,2026-06-17
93473319,,2026-02-13,2026-06-01,2026-12-26,TDBK,CENTRAL 1 CREDIT UNION,2026-07-01,Repo,B436,2026-01-27,REPO,FIN,CALYPSOIFI,Rev_Repo,,2026-07-01
93117683,,2025-02-26,2026-08-20,2026-04-02,TDBK,MORGAN STANLEY INTL,2026-07-01,Repo,B896,2026-09-19,REPO,FIN,CALYPSOIFI,Repo,,2026-06-24
92572176,,2025-04-07,2026-07-14,2026-08-19,TDBK,CENTRAL 1 CREDIT UNION,2026-07-01,Repo,B893,2026-02-09,REPO,FIN,CALYPSOIFI,Repo,,2026-07-01
93490504,,2025-08-05,2026-08-19,2026-01-17,TDBK,WELLINGTON GLOBAL EQUITY FUND 28R5,2026-07-01,Repo,B140,2026-06-18,,FIN,CALYPSOIFI,Repo,,2026-06-24
98567495,,2026-06-04,2026-10-20,2026-12-05,TDBK,DEUTSCHE BANK A.G.,2026-07-01,Repo,B931,2026-04-02,REPO,FIN,CALYPSOIFI,Rev_Repo,,2026-06-03
95529158,,2026-07-10,2026-09-06,2026-08-27,TDBK,CITIBANK NA,2026-07-01,Repo,B461,2026-01-13,REPO,FIN,CALYPSOIFI,Rev_Repo,,2026-06-17
90731783,,2026-01-10,2026-01-26,2026-07-21,TDBK,MORGAN STANLEY INTL,2026-07-01,Repo,B279,2026-11-23,REPO,FIN,CALYPSOIFI,Rev_Repo,,2026-06-10
92349009,,2025-06-23,2026-06-07,,TDBK,BANCO HABITAT,2026-07-01,Repo,B174,2026-12-20,REPO,FIN,CALYPSOIFI,Repo,,2026-06-24
96555443,,2026-09-14,2026-10-02,2026-12-27,TDBK,DEUTSCHE BANK A.G.,2026-07-01,Repo,B838,2026-07-16,REPO,FIN,CALYPSOIFI,Rev_Repo,,2026-07-01
95939198,,2025-03-02,2026-08-16,2026-03-13,TDBK,BANK OF NOVA SCOTIA,2026-07-01,Repo,B101,2026-10-28,REPO,FIN,CALYPSOIFI,Rev_Repo,,2026-06-24
90810412,,2025-09-02,2026-07-02,2026-08-05,TDBK,DEUTSCHE BANK A.G.,2026-07-01,Repo,B890,2026-07-20,REPO,FIN,CALYPSOIFI,Rev_Repo,,2026-06-17
94879232,,2026-04-24,2026-10-01,2026-05-20,TDBK,CENTRAL 1 CREDIT UNION,2026-07-01,Repo,B817,2026-03-18,,FIN,CALYPSOIFI,Rev_Repo,,2026-06-10
91777417,,2025-10-05,2026-10-07,2026-12-28,TDBK,,2026-07-01,Repo,B873,2026-08-28,REPO,FIN,CALYPSOIFI,Rev_Repo,,2026-06-03
99226514,,2026-09-27,2026-03-24,,TDBK,,2026-07-01,Repo,B925,2026-10-17,REPO,FIN,CALYPSOIFI,Repo,,2026-06-03
90534458,,2026-03-25,2026-03-04,2026-07-12,TDBK,SWISS LIFE AG,2026-07-01,Repo,B438,2026-09-17,REPO,FIN,CALYPSOIFI,Repo,,2026-06-10
92331302,,2025-07-07,2026-06-23,2026-11-13,TDBK,INVESTEC BANK LIMITED,2026-07-01,Repo,B246,2026-01-09,REPO,FIN,CALYPSOIFI,Rev_Repo,,2026-06-10
97079720,,2025-08-06,2026-04-18,2026-02-09,TDBK,,2026-07-01,Repo,B844,2026-08-09,REPO,FIN,CALYPSOIFI,Repo,,2026-06-03
96078090,,2025-07-01,2026-08-11,2026-02-18,TDBK,INVESTEC BANK LIMITED,2026-07-01,Repo,B491,2026-12-20,REPO,FIN,CALYPSOIFI,Repo,,2026-06-03
96532780,,2026-03-22,2026-05-20,2026-09-03,TDBK,BANCO HABITAT,2026-07-01,Repo,B589,2026-03-07,REPO,FIN,CALYPSOIFI,Rev_Repo,,2026-06-03
97733333,,2026-02-05,2026-03-20,2026-06-18,TDBK,BANCO HABITAT,2026-07-01,Repo,B653,2026-02-19,REPO,FIN,CALYPSOIFI,Repo,,2026-06-24
96340618,,2026-01-25,2026-12-10,2026-07-26,TDBK,BANK OF NOVA SCOTIA,2026-07-01,Repo,B580,2026-04-12,REPO,FIN,CALYPSOIFI,Rev_Repo,,2026-06-24
99888518,,2025-09-03,2026-06-28,2026-06-27,TDBK,INVESTEC BANK LIMITED,2026-07-01,Repo,B210,2026-04-11,REPO,FIN,CALYPSOIFI,Repo,,2026-07-01
90510986,,2026-10-20,2026-11-12,2026-12-23,TDBK,BANCO HABITAT,2026-07-01,Repo,B116,2026-07-08,REPO,FIN,CALYPSOIFI,Rev_Repo,,2026-06-03
91005511,,2026-10-28,2026-03-17,2026-12-15,TDBK,CENTRAL 1 CREDIT UNION,2026-07-01,Repo,B466,2026-12-02,REPO,,CALYPSOIFI,Repo,,2026-06-10
91984268,,2026-07-18,2026-11-26,2026-06-17,TDBK,WELLINGTON GLOBAL EQUITY FUND 28R5,2026-07-01,Repo,B812,2026-07-07,,FIN,CALYPSOIFI,Rev_Repo,,2026-07-01
91422112,,2026-09-22,2026-07-03,2026-01-11,TDBK,BANCO HABITAT,2026-07-01,Repo,B791,2026-08-10,REPO,FIN,CALYPSOIFI,Repo,,2026-06-10
90793215,,2026-05-15,2026-05-05,2026-06-27,TDBK,BANCO HABITAT,2026-07-01,Repo,B821,2026-01-25,REPO,FIN,CALYPSOIFI,Rev_Repo,,2026-07-01
92039008,,2026-01-04,2026-06-17,2026-09-25,TDBK,SWISS LIFE AG,2026-07-01,Repo,B946,2026-07-28,REPO,FIN,CALYPSOIFI,Repo,,2026-06-10
90764617,,2026-06-02,2026-11-05,2026-07-14,TDBK,CITIBANK NA,2026-07-01,Repo,B132,2026-02-01,REPO,FIN,CALYPSOIFI,Repo,,2026-06-10
92760927,,2026-09-11,2026-01-26,2026-08-19,TDBK,CITIBANK NA,2026-07-01,Repo,B801,2026-07-04,REPO,FIN,CALYPSOIFI,Repo,,2026-06-24
93300066,,2025-08-23,2026-03-15,2026-02-28,TDBK,WELLINGTON GLOBAL EQUITY FUND 28R5,2026-07-01,Repo,B212,2026-12-12,REPO,FIN,CALYPSOIFI,Repo,,2026-07-01
91276594,,2025-07-23,2026-05-01,2026-09-02,TDBK,,2026-07-01,Repo,B350,2026-04-05,REPO,FIN,CALYPSOIFI,Repo,,2026-06-24
97516986,,2026-05-07,2026-02-05,2026-08-06,TDBK,DEUTSCHE BANK A.G.,2026-07-01,Repo,B373,2026-11-08,REPO,FIN,CALYPSOIFI,Rev_Repo,,2026-06-03
91734488,,2026-02-03,2026-06-23,2026-05-21,TDBK,INVESTEC BANK LIMITED,2026-07-01,,B153,2026-02-08,REPO,FIN,CALYPSOIFI,Rev_Repo,,2026-07-01
94497349,,2026-10-07,2026-06-16,2026-04-05,TDBK,DEUTSCHE BANK A.G.,2026-07-01,Repo,B317,2026-07-17,,FIN,CALYPSOIFI,Repo,,2026-06-03
97144459,,2026-04-04,2026-12-18,2026-05-20,TDBK,CENTRAL 1 CREDIT UNION,2026-07-01,Repo,B894,2026-04-07,REPO,FIN,CALYPSOIFI,Rev_Repo,,2026-06-17
94995673,,2025-03-20,2026-08-28,2026-02-11,TDBK,CITIBANK NA,2026-07-01,Repo,B386,2026-07-20,REPO,FIN,CALYPSOIFI,Rev_Repo,,2026-06-17
92332716,,2026-02-14,2026-08-26,2026-02-26,TDBK,WELLINGTON GLOBAL EQUITY FUND 28R5,2026-07-01,Repo,B553,2026-09-25,REPO,FIN,CALYPSOIFI,Rev_Repo,,2026-06-10
95949759,,2025-04-26,2026-03-13,2026-05-15,TDBK,INVESTEC BANK LIMITED,2026-07-01,Repo,B576,2026-01-16,REPO,FIN,CALYPSOIFI,Repo,,2026-07-01
94766309,,2026-10-14,2026-12-16,2026-11-05,TDBK,MORGAN STANLEY INTL,2026-07-01,Repo,B247,2026-04-13,REPO,FIN,CALYPSOIFI,Rev_Repo,,2026-07-01
94467551,,2025-10-10,2026-12-26,2026-10-12,TDBK,BANCO HABITAT,2026-07-01,Repo,B372,2026-11-25,REPO,FIN,CALYPSOIFI,Rev_Repo,,2026-07-01
92889202,,2025-10-01,2026-12-05,2026-01-11,TDBK,CENTRAL 1 CREDIT UNION,2026-07-01,Repo,B329,2026-07-03,REPO,,CALYPSOIFI,Repo,,2026-07-01
94382093,,2026-05-11,2026-10-01,2026-02-28,TDBK,CENTRAL 1 CREDIT UNION,2026-07-01,Repo,B791,2026-06-18,REPO,FIN,CALYPSOIFI,Repo,,2026-06-10
98006989,,2026-10-10,2026-06-15,2026-07-20,TDBK,BIMCOR INC,2026-07-01,Repo,B211,2026-02-07,REPO,FIN,CALYPSOIFI,Repo,,2026-07-01
99039195,,2026-10-08,2026-05-03,2026-08-03,TDBK,BIMCOR INC,2026-07-01,,B575,2026-05-17,REPO,FIN,CALYPSOIFI,Rev_Repo,,2026-06-17
98265730,,2025-02-08,2026-09-24,2026-02-11,TDBK,INVESTEC BANK LIMITED,2026-07-01,Repo,B214,2026-08-12,REPO,,CALYPSOIFI,Repo,,2026-06-17
92901937,,2026-11-02,2026-04-11,2026-06-26,TDBK,SWISS LIFE AG,2026-07-01,Repo,B800,2026-03-18,REPO,FIN,CALYPSOIFI,Repo,,2026-06-24
91580905,,2025-07-20,2026-05-23,2026-01-22,TDBK,MORGAN STANLEY INTL,2026-07-01,Repo,B428,2026-09-02,REPO,FIN,CALYPSOIFI,Rev_Repo,,2026-06-10
95735808,,2026-09-07,2026-07-17,,TDBK,SWISS LIFE AG,2026-07-01,Repo,B131,2026-04-04,REPO,FIN,CALYPSOIFI,Rev_Repo,,2026-06-17
90146368,,2025-04-16,2026-09-17,2026-12-18,TDBK,CITIBANK NA,2026-07-01,Repo,B223,2026-09-22,REPO,FIN,CALYPSOIFI,Repo,,2026-06-03
99482999,,2025-10-25,2026-07-24,2026-07-13,TDBK,BANK OF NOVA SCOTIA,2026-07-01,Repo,B926,2026-10-01,REPO,FIN,CALYPSOIFI,Repo,,2026-07-01
95613379,,2026-10-06,2026-08-15,2026-07-24,TDBK,WELLINGTON GLOBAL EQUITY FUND 28R5,2026-07-01,Repo,B210,2026-12-24,,FIN,CALYPSOIFI,Rev_Repo,,2026-07-01
97971637,,2025-02-19,2026-02-24,2026-02-17,TDBK,CENTRAL 1 CREDIT UNION,2026-07-01,Repo,B141,2026-05-02,REPO,FIN,CALYPSOIFI,Rev_Repo,,2026-06-03
98033130,,2026-02-25,2026-07-02,2026-08-06,TDBK,WELLINGTON GLOBAL EQUITY FUND 28R5,2026-07-01,Repo,B360,2026-04-14,REPO,FIN,CALYPSOIFI,Rev_Repo,,2026-07-01
97198162,,2025-06-12,2026-05-11,2026-08-02,TDBK,DEUTSCHE BANK A.G.,2026-07-01,Repo,B555,2026-12-05,REPO,,CALYPSOIFI,Repo,,2026-06-17
93623287,,2025-04-04,2026-06-27,2026-07-14,TDBK,DEUTSCHE BANK A.G.,2026-07-01,Repo,B208,2026-01-28,REPO,,CALYPSOIFI,Repo,,2026-06-17
92750657,,2026-04-22,2026-01-22,2026-04-22,TDBK,BANCO HABITAT,2026-07-01,Repo,B816,2026-06-12,REPO,FIN,CALYPSOIFI,Rev_Repo,,2026-06-10
98575348,,2025-01-21,2026-08-01,2026-11-09,TDBK,BANCO HABITAT,2026-07-01,Repo,B544,2026-07-19,REPO,FIN,CALYPSOIFI,Rev_Repo,,2026-06-10
98747767,,2025-10-22,2026-09-06,2026-05-19,TDBK,CENTRAL 1 CREDIT UNION,2026-07-01,Repo,B282,2026-04-25,,FIN,CALYPSOIFI,Repo,,2026-06-24
97139463,,2026-03-12,2026-06-24,2026-11-09,TDBK,WELLINGTON GLOBAL EQUITY FUND 28R5,2026-07-01,Repo,B831,2026-12-21,REPO,FIN,CALYPSOIFI,Rev_Repo,,2026-06-10
99025472,,2026-06-18,2026-02-19,2026-03-25,TDBK,BANK OF NOVA SCOTIA,2026-07-01,Repo,B393,2026-05-10,REPO,FIN,CALYPSOIFI,Repo,,2026-06-03
95803337,,2026-06-03,2026-10-19,2026-03-16,TDBK,CITIBANK NA,2026-07-01,Repo,B353,2026-01-16,,FIN,CALYPSOIFI,Rev_Repo,,2026-06-03
93303841,,2025-12-12,2026-09-05,2026-02-03,TDBK,WELLINGTON GLOBAL EQUITY FUND 28R5,2026-07-01,Repo,B151,2026-07-03,REPO,FIN,CALYPSOIFI,Rev_Repo,,2026-06-17
93039191,,2026-10-12,2026-06-08,2026-04-20,TDBK,CENTRAL 1 CREDIT UNION,2026-07-01,Repo,B491,2026-10-13,REPO,FIN,CALYPSOIFI,Rev_Repo,,2026-07-01
97990155,,2025-01-13,2026-05-07,2026-08-28,TDBK,WELLINGTON GLOBAL EQUITY FUND 28R5,2026-07-01,Repo,B667,2026-04-04,REPO,FIN,CALYPSOIFI,Repo,,2026-06-10
96012056,,2026-05-03,2026-05-18,2026-12-18,TDBK,BANK OF NOVA SCOTIA,2026-07-01,,B688,2026-08-23,REPO,FIN,CALYPSOIFI,Rev_Repo,,2026-06-10
90801047,,2025-10-25,2026-07-06,2026-08-22,TDBK,BANCO HABITAT,2026-07-01,Repo,B958,2026-10-15,REPO,FIN,CALYPSOIFI,Rev_Repo,,2026-06-24
97818525,,2026-05-07,2026-06-07,2026-03-26,TDBK,BANCO HABITAT,2026-07-01,Repo,B373,2026-10-26,REPO,FIN,CALYPSOIFI,Rev_Repo,,2026-06-10
95948115,,2026-05-01,2026-12-18,,TDBK,CENTRAL 1 CREDIT UNION,2026-07-01,Repo,B430,2026-12-18,REPO,FIN,CALYPSOIFI,Repo,,2026-06-10
95510861,,2026-06-14,2026-03-10,2026-02-24,TDBK,DEUTSCHE BANK A.G.,2026-07-01,Repo,B185,2026-12-13,REPO,FIN,CALYPSOIFI,Rev_Repo,,2026-06-10
95340595,,2026-04-17,2026-02-04,2026-10-12,TDBK,BANCO HABITAT,2026-07-01,,B272,2026-04-18,REPO,FIN,CALYPSOIFI,Repo,,2026-06-03
92478141,,2026-11-07,2026-02-19,2026-06-01,TDBK,CITIBANK NA,2026-07-01,Repo,B766,2026-05-09,,FIN,CALYPSOIFI,Rev_Repo,,2026-06-24
90161038,,2025-03-26,2026-12-04,2026-08-22,TDBK,SWISS LIFE AG,2026-07-01,Repo,B822,2026-03-05,REPO,FIN,CALYPSOIFI,Rev_Repo,,2026-07-01
96273163,,2025-05-21,2026-02-24,2026-06-22,TDBK,BANK OF NOVA SCOTIA,2026-07-01,Repo,B897,2026-03-24,REPO,FIN,CALYPSOIFI,Repo,,2026-06-24
96878104,,2025-12-16,2026-04-03,2026-02-01,TDBK,CENTRAL 1 CREDIT UNION,2026-07-01,Repo,B477,2026-09-10,REPO,,CALYPSOIFI,Rev_Repo,,2026-06-17
97660341,,2025-05-01,2026-09-14,2026-02-10,TDBK,BANK OF NOVA SCOTIA,2026-07-01,Repo,B271,2026-12-17,REPO,FIN,CALYPSOIFI,Repo,,2026-06-24
95015941,,2026-05-18,2026-12-08,2026-07-01,TDBK,INVESTEC BANK LIMITED,2026-07-01,,B438,2026-02-16,,,CALYPSOIFI,Rev_Repo,,2026-07-01
98425819,,2026-09-13,2026-03-21,,TDBK,CITIBANK NA,2026-07-01,Repo,B937,2026-09-03,REPO,FIN,CALYPSOIFI,Rev_Repo,,2026-06-24
90271447,,2026-07-17,2026-07-06,2026-12-05,TDBK,BIMCOR INC,2026-07-01,Repo,B276,2026-09-16,REPO,FIN,CALYPSOIFI,Repo,,2026-07-01
93773432,,2025-01-25,2026-08-26,2026-02-09,TDBK,DEUTSCHE BANK A.G.,2026-07-01,Repo,B288,2026-11-25,REPO,FIN,CALYPSOIFI,Rev_Repo,,2026-07-01
93431837,,2026-01-21,2026-03-05,2026-06-14,TDBK,BIMCOR INC,2026-07-01,Repo,B177,2026-11-04,REPO,FIN,CALYPSOIFI,Rev_Repo,,2026-07-01
95841054,,2025-11-25,2026-11-21,,TDBK,BANCO HABITAT,2026-07-01,Repo,B109,2026-01-18,REPO,FIN,CALYPSOIFI,Repo,,2026-06-24
94284386,,2025-02-22,2026-11-17,2026-06-19,TDBK,BANK OF NOVA SCOTIA,2026-07-01,Repo,B511,2026-03-25,REPO,FIN,CALYPSOIFI,Repo,,2026-06-10
91072213,,2026-05-09,2026-10-09,2026-03-17,TDBK,WELLINGTON GLOBAL EQUITY FUND 28R5,2026-07-01,Repo,B953,2026-04-08,REPO,FIN,CALYPSOIFI,Rev_Repo,,2026-06-03
97319733,,2025-06-07,2026-05-22,2026-02-11,TDBK,DEUTSCHE BANK A.G.,2026-07-01,Repo,B500,2026-08-09,REPO,FIN,CALYPSOIFI,Rev_Repo,,2026-06-10
97372264,,2025-03-24,2026-01-14,2026-07-17,TDBK,MORGAN STANLEY INTL,2026-07-01,Repo,B196,2026-01-13,REPO,FIN,CALYPSOIFI,Repo,,2026-07-01
95751321,,2025-11-10,2026-10-25,2026-05-14,TDBK,CITIBANK NA,2026-07-01,,B897,2026-03-04,REPO,FIN,CALYPSOIFI,Rev_Repo,,2026-06-17
92910493,,2025-05-10,2026-12-02,2026-07-06,TDBK,INVESTEC BANK LIMITED,2026-07-01,Repo,B949,2026-06-01,REPO,FIN,CALYPSOIFI,Rev_Repo,,2026-06-24
99759918,,2025-08-28,2026-09-26,2026-12-21,TDBK,BANCO HABITAT,2026-07-01,Repo,B824,2026-01-02,REPO,FIN,CALYPSOIFI,Repo,,2026-07-01
95789321,,2026-02-15,2026-07-08,2026-10-20,TDBK,BIMCOR INC,2026-07-01,Repo,B204,2026-12-24,REPO,FIN,CALYPSOIFI,Rev_Repo,,2026-06-10
98825938,,2026-02-03,2026-09-05,2026-01-27,TDBK,BANCO HABITAT,2026-07-01,Repo,B631,2026-05-09,,FIN,CALYPSOIFI,Rev_Repo,,2026-06-10
93732239,,2025-08-27,2026-05-03,2026-03-09,TDBK,INVESTEC BANK LIMITED,2026-07-01,Repo,B828,2026-12-20,,FIN,CALYPSOIFI,Rev_Repo,,2026-06-10
98859803,,2026-12-10,2026-11-12,2026-03-28,TDBK,DEUTSCHE BANK A.G.,2026-07-01,Repo,B742,2026-12-14,REPO,FIN,CALYPSOIFI,Repo,,2026-06-24
94098495,,2025-01-23,2026-07-09,2026-09-26,TDBK,BIMCOR INC,2026-07-01,Repo,B880,2026-10-07,REPO,FIN,CALYPSOIFI,Rev_Repo,,2026-07-01
91492877,,2025-06-05,2026-02-21,2026-08-03,TDBK,WELLINGTON GLOBAL EQUITY FUND 28R5,2026-07-01,Repo,B261,2026-11-11,REPO,FIN,CALYPSOIFI,Rev_Repo,,2026-07-01
92728295,,2025-12-10,2026-07-26,,TDBK,CITIBANK NA,2026-07-01,Repo,B256,2026-09-03,REPO,FIN,CALYPSOIFI,Repo,,2026-06-24
97473800,,2026-02-06,2026-11-24,,TDBK,DEUTSCHE BANK A.G.,2026-07-01,Repo,B472,2026-04-09,REPO,FIN,CALYPSOIFI,Repo,,2026-06-17
92082725,,2025-02-10,2026-02-13,2026-04-20,TDBK,CENTRAL 1 CREDIT UNION,2026-07-01,Repo,B141,2026-12-25,REPO,FIN,CALYPSOIFI,Repo,,2026-06-17
94399228,,2025-07-22,2026-02-10,2026-12-19,TDBK,CENTRAL 1 CREDIT UNION,2026-07-01,Repo,B852,2026-06-17,REPO,FIN,CALYPSOIFI,Repo,,2026-06-03
94332281,,2026-07-21,2026-10-25,2026-07-24,TDBK,BANK OF NOVA SCOTIA,2026-07-01,Repo,B322,2026-09-05,REPO,FIN,CALYPSOIFI,Repo,,2026-07-01
94386077,,2026-12-26,2026-03-23,2026-01-19,TDBK,,2026-07-01,Repo,B769,2026-06-20,REPO,FIN,CALYPSOIFI,Repo,,2026-06-17
95489760,,2026-08-12,2026-11-11,2026-08-01,TDBK,WELLINGTON GLOBAL EQUITY FUND 28R5,2026-07-01,Repo,B586,2026-12-11,REPO,FIN,CALYPSOIFI,Rev_Repo,,2026-06-10
92837834,,2026-09-11,2026-12-12,2026-11-17,TDBK,BIMCOR INC,2026-07-01,Repo,B809,2026-05-25,REPO,FIN,CALYPSOIFI,Rev_Repo,,2026-07-01
90038714,,2025-05-22,2026-02-28,2026-10-15,TDBK,,2026-07-01,Repo,B146,2026-07-24,REPO,FIN,CALYPSOIFI,Repo,,2026-06-24
99831095,,2026-07-07,2026-12-12,2026-02-02,TDBK,MORGAN STANLEY INTL,2026-07-01,,B385,2026-06-13,REPO,FIN,CALYPSOIFI,Repo,,2026-06-03
98190707,,2026-08-28,2026-06-20,2026-02-23,TDBK,DEUTSCHE BANK A.G.,2026-07-01,,B487,2026-08-05,REPO,FIN,CALYPSOIFI,Repo,,2026-06-24
97291890,,2025-01-25,2026-05-15,2026-02-27,TDBK,MORGAN STANLEY INTL,2026-07-01,Repo,B812,2026-05-26,,,CALYPSOIFI,Rev_Repo,,2026-06-17
91181187,,2026-10-23,2026-04-14,2026-11-28,TDBK,INVESTEC BANK LIMITED,2026-07-01,Repo,B580,2026-12-02,REPO,FIN,CALYPSOIFI,Repo,,2026-06-03
93349988,,2026-07-24,2026-03-02,2026-06-28,TDBK,SWISS LIFE AG,2026-07-01,Repo,B298,2026-04-25,REPO,FIN,CALYPSOIFI,Repo,,2026-06-10
93025109,,2025-08-24,2026-11-12,2026-04-05,TDBK,DEUTSCHE BANK A.G.,2026-07-01,Repo,B770,2026-03-02,REPO,,CALYPSOIFI,Repo,,2026-07-01
95427708,,2025-06-17,2026-06-26,2026-12-16,TDBK,DEUTSCHE BANK A.G.,2026-07-01,Repo,B347,2026-08-11,REPO,FIN,CALYPSOIFI,Rev_Repo,,2026-07-01
95546747,,2026-12-07,2026-08-26,2026-11-10,TDBK,CENTRAL 1 CREDIT UNION,2026-07-01,Repo,B836,2026-03-12,REPO,FIN,CALYPSOIFI,Repo,,2026-06-03
92087732,,2026-02-14,2026-09-25,2026-04-12,TDBK,SWISS LIFE AG,2026-07-01,Repo,B244,2026-08-15,REPO,FIN,CALYPSOIFI,Rev_Repo,,2026-06-24
94111533,,2025-02-24,2026-02-21,,TDBK,,2026-07-01,Repo,B678,2026-02-16,REPO,FIN,CALYPSOIFI,Rev_Repo,,2026-06-03
96727102,,2025-09-02,2026-08-07,2026-04-08,TDBK,MORGAN STANLEY INTL,2026-07-01,Repo,B862,2026-02-19,REPO,FIN,CALYPSOIFI,Rev_Repo,,2026-07-01
98421000,,2025-02-25,2026-07-14,2026-12-21,TDBK,WELLINGTON GLOBAL EQUITY FUND 28R5,2026-07-01,Repo,B624,2026-11-16,REPO,FIN,CALYPSOIFI,Rev_Repo,,2026-06-24
92109890,,2026-12-01,2026-04-20,2026-07-04,TDBK,BIMCOR INC,2026-07-01,Repo,B603,2026-03-12,REPO,FIN,CALYPSOIFI,Rev_Repo,,2026-06-10
96197684,,2026-08-16,2026-07-28,2026-06-27,TDBK,WELLINGTON GLOBAL EQUITY FUND 28R5,2026-07-01,Repo,B582,2026-10-20,REPO,FIN,CALYPSOIFI,Repo,,2026-06-10
92951344,,2026-08-13,2026-08-05,2026-09-05,TDBK,MORGAN STANLEY INTL,2026-07-01,,B594,2026-10-04,REPO,,CALYPSOIFI,Repo,,2026-07-01
95283181,,2026-10-12,2026-03-07,2026-11-27,TDBK,DEUTSCHE BANK A.G.,2026-07-01,Repo,B347,2026-12-06,REPO,FIN,CALYPSOIFI,Repo,,2026-06-10
92716666,,2025-06-01,2026-01-13,2026-09-08,TDBK,CITIBANK NA,2026-07-01,Repo,B756,2026-05-12,REPO,FIN,CALYPSOIFI,Rev_Repo,,2026-06-03
90033221,,2026-01-06,2026-03-28,2026-06-26,TDBK,BANK OF NOVA SCOTIA,2026-07-01,Repo,B865,2026-04-13,REPO,FIN,CALYPSOIFI,Rev_Repo,,2026-06-10
98149635,,2026-01-23,2026-09-17,2026-02-16,TDBK,MORGAN STANLEY INTL,2026-07-01,Repo,B732,2026-10-12,REPO,FIN,CALYPSOIFI,Repo,,2026-06-24
94440125,,2025-09-25,2026-08-23,2026-10-10,TDBK,WELLINGTON GLOBAL EQUITY FUND 28R5,2026-07-01,Repo,B268,2026-03-24,REPO,FIN,CALYPSOIFI,Repo,,2026-06-10
91819125,,2025-07-01,2026-09-18,2026-03-18,TDBK,,2026-07-01,Repo,B684,2026-03-22,REPO,,CALYPSOIFI,Repo,,2026-06-03
97599044,,2026-04-03,2026-01-03,,TDBK,BANCO HABITAT,2026-07-01,Repo,B187,2026-03-13,REPO,FIN,CALYPSOIFI,Repo,,2026-07-01
92319998,,2026-05-25,2026-10-09,2026-02-24,TDBK,BANK OF NOVA SCOTIA,2026-07-01,Repo,B729,2026-10-09,REPO,FIN,CALYPSOIFI,Rev_Repo,,2026-06-10
93764679,,2025-07-03,2026-11-12,2026-02-07,TDBK,WELLINGTON GLOBAL EQUITY FUND 28R5,2026-07-01,Repo,B209,2026-03-02,REPO,,CALYPSOIFI,Rev_Repo,,2026-06-24
99238014,,2025-02-11,2026-04-10,2026-11-12,TDBK,BIMCOR INC,2026-07-01,Repo,B482,2026-11-11,REPO,FIN,CALYPSOIFI,Repo,,2026-06-17
96602602,,2025-07-27,2026-07-12,2026-03-07,TDBK,BANCO HABITAT,2026-07-01,Repo,B398,2026-07-12,REPO,FIN,CALYPSOIFI,Rev_Repo,,2026-06-03
95190162,,2025-06-27,2026-03-25,2026-07-02,TDBK,BANCO HABITAT,2026-07-01,Repo,B198,2026-03-15,REPO,FIN,CALYPSOIFI,Rev_Repo,,2026-06-03
98952178,,2025-04-12,2026-12-20,2026-02-20,TDBK,,2026-07-01,Repo,B983,2026-03-22,REPO,FIN,CALYPSOIFI,Rev_Repo,,2026-06-24
92340204,,2026-02-10,2026-07-09,2026-11-03,TDBK,CITIBANK NA,2026-07-01,Repo,B613,2026-09-27,REPO,FIN,CALYPSOIFI,Repo,,2026-07-01
96661047,,2025-08-02,2026-08-03,2026-04-01,TDBK,BANK OF NOVA SCOTIA,2026-07-01,Repo,B355,2026-09-28,REPO,FIN,CALYPSOIFI,Rev_Repo,,2026-07-01
99681816,,2026-02-20,2026-06-06,2026-09-08,TDBK,BANK OF NOVA SCOTIA,2026-07-01,Repo,B905,2026-05-06,,FIN,CALYPSOIFI,Rev_Repo,,2026-06-03
90144374,,2025-10-13,2026-06-12,2026-02-07,TDBK,,2026-07-01,Repo,B819,2026-04-20,REPO,FIN,CALYPSOIFI,Rev_Repo,,2026-06-03
92370533,,2025-01-12,2026-03-09,2026-02-23,TDBK,INVESTEC BANK LIMITED,2026-07-01,Repo,B631,2026-10-15,REPO,FIN,CALYPSOIFI,Rev_Repo,,2026-06-24
93269328,,2026-01-13,2026-12-02,2026-06-24,TDBK,CENTRAL 1 CREDIT UNION,2026-07-01,Repo,B667,2026-06-17,REPO,FIN,CALYPSOIFI,Repo,,2026-06-10
93931794,,2025-03-28,2026-04-01,2026-09-10,TDBK,INVESTEC BANK LIMITED,2026-07-01,Repo,B891,2026-09-05,REPO,FIN,CALYPSOIFI,Rev_Repo,,2026-06-03
92358628,,2025-01-16,2026-11-24,2026-05-25,TDBK,BANK OF NOVA SCOTIA,2026-07-01,Repo,B833,2026-06-15,REPO,FIN,CALYPSOIFI,Rev_Repo,,2026-06-10
93205651,,2026-06-25,2026-08-28,2026-02-14,TDBK,INVESTEC BANK LIMITED,2026-07-01,Repo,B466,2026-12-05,,FIN,CALYPSOIFI,Repo,,2026-06-10
96331168,,2025-04-23,2026-04-05,2026-08-27,TDBK,BANK OF NOVA SCOTIA,2026-07-01,Repo,B842,2026-12-23,REPO,FIN,CALYPSOIFI,Repo,,2026-06-24
93229553,,2026-11-10,2026-03-12,2026-03-25,TDBK,WELLINGTON GLOBAL EQUITY FUND 28R5,2026-07-01,Repo,B647,2026-10-08,REPO,FIN,CALYPSOIFI,Rev_Repo,,2026-06-24
95482529,,2026-11-15,2026-05-06,2026-11-28,TDBK,SWISS LIFE AG,2026-07-01,,B921,2026-10-10,REPO,FIN,CALYPSOIFI,Rev_Repo,,2026-06-17
94274728,,2026-03-20,2026-08-13,2026-02-02,TDBK,CENTRAL 1 CREDIT UNION,2026-07-01,Repo,B596,2026-08-02,REPO,FIN,CALYPSOIFI,Rev_Repo,,2026-06-03
94368880,,2025-05-08,2026-11-05,2026-04-06,TDBK,BIMCOR INC,2026-07-01,Repo,B510,2026-07-10,REPO,FIN,CALYPSOIFI,Rev_Repo,,2026-06-24
97637980,,2026-05-01,2026-05-17,2026-12-02,TDBK,INVESTEC BANK LIMITED,2026-07-01,,B208,2026-11-02,REPO,FIN,CALYPSOIFI,Rev_Repo,,2026-06-10
95557581,,2025-07-21,2026-11-01,2026-03-07,TDBK,SWISS LIFE AG,2026-07-01,Repo,B234,2026-10-08,REPO,FIN,CALYPSOIFI,Rev_Repo,,2026-06-10
96914718,,2025-01-12,2026-04-18,2026-12-04,TDBK,BANCO HABITAT,2026-07-01,Repo,B131,2026-07-07,REPO,FIN,CALYPSOIFI,Rev_Repo,,2026-07-01
90985030,,2026-05-20,2026-06-12,2026-02-24,TDBK,CITIBANK NA,2026-07-01,Repo,B807,2026-01-09,REPO,FIN,CALYPSOIFI,Repo,,2026-06-10
94880680,,2026-06-21,2026-02-01,2026-12-14,TDBK,CITIBANK NA,2026-07-01,Repo,B225,2026-02-26,REPO,FIN,CALYPSOIFI,Rev_Repo,,2026-06-17
96873222,,2025-07-17,2026-05-13,2026-06-15,TDBK,BANCO HABITAT,2026-07-01,,B499,2026-03-23,REPO,,CALYPSOIFI,Repo,,2026-06-17
98277128,,2025-10-21,2026-01-20,2026-03-28,TDBK,SWISS LIFE AG,2026-07-01,Repo,B988,2026-07-04,REPO,FIN,CALYPSOIFI,Rev_Repo,,2026-06-17
97149725,,2026-08-08,2026-08-13,2026-01-11,TDBK,MORGAN STANLEY INTL,2026-07-01,Repo,B888,2026-07-08,REPO,FIN,CALYPSOIFI,Repo,,2026-06-10
92662949,,2026-12-27,2026-05-10,,TDBK,BANK OF NOVA SCOTIA,2026-07-01,Repo,B232,2026-02-01,REPO,FIN,CALYPSOIFI,Rev_Repo,,2026-06-03
93389189,,2026-04-20,2026-03-03,2026-08-15,TDBK,CENTRAL 1 CREDIT UNION,2026-07-01,Repo,B876,2026-01-15,REPO,FIN,CALYPSOIFI,Repo,,2026-06-03
93099724,,2025-04-25,2026-07-25,2026-02-16,TDBK,DEUTSCHE BANK A.G.,2026-07-01,Repo,B884,2026-07-08,REPO,,CALYPSOIFI,Rev_Repo,,2026-07-01
95013115,,2025-03-10,2026-02-24,2026-02-18,TDBK,CITIBANK NA,2026-07-01,Repo,B400,2026-01-04,REPO,FIN,CALYPSOIFI,Rev_Repo,,2026-06-10
94335568,,2025-12-24,2026-04-16,2026-08-05,TDBK,BANCO HABITAT,2026-07-01,Repo,B433,2026-02-22,REPO,FIN,CALYPSOIFI,Repo,,2026-06-17
96352810,,2025-02-06,2026-04-03,2026-12-06,TDBK,CENTRAL 1 CREDIT UNION,2026-07-01,Repo,B854,2026-09-03,REPO,FIN,CALYPSOIFI,Rev_Repo,,2026-07-01
95494558,,2026-04-14,2026-08-28,2026-12-25,TDBK,,2026-07-01,Repo,B686,2026-05-18,REPO,FIN,CALYPSOIFI,Repo,,2026-06-24
92230999,,2026-07-08,2026-12-21,2026-03-01,TDBK,INVESTEC BANK LIMITED,2026-07-01,Repo,B213,2026-03-07,REPO,FIN,CALYPSOIFI,Rev_Repo,,2026-06-24
99721084,,2026-07-08,2026-01-12,2026-10-15,TDBK,BANCO HABITAT,2026-07-01,Repo,B794,2026-04-01,REPO,FIN,CALYPSOIFI,Rev_Repo,,2026-06-17
90843299,,2026-06-03,2026-03-14,2026-04-27,TDBK,MORGAN STANLEY INTL,2026-07-01,Repo,B817,2026-05-18,REPO,FIN,CALYPSOIFI,Rev_Repo,,2026-06-24
96119236,,2025-10-10,2026-09-21,2026-11-25,TDBK,SWISS LIFE AG,2026-07-01,Repo,B619,2026-02-26,REPO,FIN,CALYPSOIFI,Repo,,2026-06-10
95813799,,2026-03-09,2026-04-25,2026-05-13,TDBK,WELLINGTON GLOBAL EQUITY FUND 28R5,2026-07-01,Repo,B100,2026-12-24,REPO,FIN,CALYPSOIFI,Rev_Repo,,2026-06-24
96286581,,2026-02-09,2026-11-02,2026-11-23,TDBK,BANK OF NOVA SCOTIA,2026-07-01,Repo,B165,2026-09-13,REPO,FIN,CALYPSOIFI,Rev_Repo,,2026-06-17
98896559,,2025-09-26,2026-01-14,2026-07-13,TDBK,BANCO HABITAT,2026-07-01,Repo,B901,2026-11-05,REPO,FIN,CALYPSOIFI,Repo,,2026-06-03
92751059,,2026-07-11,2026-07-21,2026-04-01,TDBK,INVESTEC BANK LIMITED,2026-07-01,Repo,B483,2026-05-10,REPO,FIN,CALYPSOIFI,Repo,,2026-06-24
92084890,,2026-02-22,2026-10-06,2026-12-17,TDBK,BANK OF NOVA SCOTIA,2026-07-01,Repo,B712,2026-04-11,REPO,FIN,CALYPSOIFI,Rev_Repo,,2026-06-03
93633921,,2026-10-11,2026-04-08,2026-11-21,TDBK,BANK OF NOVA SCOTIA,2026-07-01,Repo,B267,2026-12-08,REPO,FIN,CALYPSOIFI,Rev_Repo,,2026-06-10
98225220,,2025-06-28,2026-03-08,2026-10-03,TDBK,MORGAN STANLEY INTL,2026-07-01,Repo,B228,2026-09-11,REPO,FIN,CALYPSOIFI,Repo,,2026-06-03
92547495,,2025-12-15,2026-08-08,2026-06-09,TDBK,MORGAN STANLEY INTL,2026-07-01,Repo,B187,2026-11-06,REPO,FIN,CALYPSOIFI,Repo,,2026-06-17
99179103,,2026-09-24,2026-03-22,2026-07-22,TDBK,SWISS LIFE AG,2026-07-01,Repo,B746,2026-10-04,REPO,FIN,CALYPSOIFI,Repo,,2026-06-17
93678975,,2025-12-05,2026-10-20,2026-07-23,TDBK,SWISS LIFE AG,2026-07-01,Repo,B360,2026-11-05,REPO,FIN,CALYPSOIFI,Rev_Repo,,2026-06-17
93555339,,2025-06-22,2026-01-08,2026-01-09,TDBK,CITIBANK NA,2026-07-01,Repo,B434,2026-09-12,REPO,FIN,CALYPSOIFI,Rev_Repo,,2026-06-24
95508377,,2026-12-13,2026-10-11,2026-10-21,TDBK,INVESTEC BANK LIMITED,2026-07-01,,B888,2026-07-12,REPO,FIN,CALYPSOIFI,Rev_Repo,,2026-07-01
96975902,,2025-09-01,2026-08-15,2026-08-28,TDBK,DEUTSCHE BANK A.G.,2026-07-01,Repo,B477,2026-01-21,REPO,FIN,CALYPSOIFI,Rev_Repo,,2026-06-24
91390917,,2026-09-07,2026-01-07,2026-12-15,TDBK,CITIBANK NA,2026-07-01,Repo,B914,2026-06-14,REPO,FIN,CALYPSOIFI,Repo,,2026-07-01
93194781,,2025-12-01,2026-10-06,2026-01-01,TDBK,SWISS LIFE AG,2026-07-01,Repo,B310,2026-05-21,REPO,FIN,CALYPSOIFI,Repo,,2026-06-17
96789207,,2026-09-28,2026-11-28,2026-02-21,TDBK,BANK OF NOVA SCOTIA,2026-07-01,Repo,B198,2026-04-22,REPO,FIN,CALYPSOIFI,Rev_Repo,,2026-06-17
94999079,,2026-07-17,2026-08-03,2026-02-07,TDBK,BANCO HABITAT,2026-07-01,Repo,B474,2026-09-18,REPO,FIN,CALYPSOIFI,Repo,,2026-06-24
91829432,,2025-05-09,2026-05-25,,TDBK,BANCO HABITAT,2026-07-01,Repo,B325,2026-04-12,REPO,FIN,CALYPSOIFI,Repo,,2026-06-17
98670599,,2025-03-14,2026-06-03,2026-02-27,TDBK,BIMCOR INC,2026-07-01,Repo,B273,2026-11-23,REPO,FIN,CALYPSOIFI,Rev_Repo,,2026-06-17
95962803,,2025-01-05,2026-12-28,,TDBK,,2026-07-01,Repo,B971,2026-07-08,REPO,FIN,CALYPSOIFI,Rev_Repo,,2026-06-24
91816946,,2025-10-16,2026-09-16,2026-09-13,TDBK,MORGAN STANLEY INTL,2026-07-01,Repo,B825,2026-01-18,REPO,FIN,CALYPSOIFI,Repo,,2026-06-03
98248981,,2025-12-28,2026-09-26,2026-04-05,TDBK,SWISS LIFE AG,2026-07-01,Repo,B617,2026-07-07,REPO,FIN,CALYPSOIFI,Repo,,2026-06-17
91001010,,2026-04-19,2026-04-23,2026-12-09,TDBK,WELLINGTON GLOBAL EQUITY FUND 28R5,2026-07-01,Repo,B151,2026-10-20,REPO,FIN,CALYPSOIFI,Repo,,2026-06-03
90182324,,2026-10-22,2026-01-19,2026-03-02,TDBK,CITIBANK NA,2026-07-01,,B283,2026-03-15,REPO,FIN,CALYPSOIFI,Rev_Repo,,2026-06-03
92703950,,2025-08-26,2026-03-15,2026-12-20,TDBK,SWISS LIFE AG,2026-07-01,Repo,B538,2026-06-15,REPO,FIN,CALYPSOIFI,Repo,,2026-06-24
90091908,,2026-11-08,2026-03-18,2026-09-07,TDBK,CENTRAL 1 CREDIT UNION,2026-07-01,,B942,2026-11-17,REPO,FIN,CALYPSOIFI,Rev_Repo,,2026-06-03
92739278,,2026-06-22,2026-04-07,2026-08-09,TDBK,CITIBANK NA,2026-07-01,Repo,B373,2026-02-03,REPO,FIN,CALYPSOIFI,Repo,,2026-06-03
96736603,,2026-02-01,2026-05-13,2026-12-07,TDBK,DEUTSCHE BANK A.G.,2026-07-01,Repo,B788,2026-03-04,REPO,FIN,CALYPSOIFI,Rev_Repo,,2026-06-17
91327370,,2025-11-01,2026-02-10,2026-12-20,TDBK,SWISS LIFE AG,2026-07-01,Repo,B293,2026-10-09,REPO,FIN,CALYPSOIFI,Rev_Repo,,2026-06-03
96927810,,2025-09-21,2026-07-10,2026-10-09,TDBK,CITIBANK NA,2026-07-01,Repo,B669,2026-03-12,REPO,FIN,CALYPSOIFI,Rev_Repo,,2026-06-24
98131191,,2026-10-09,2026-03-13,2026-12-22,TDBK,BIMCOR INC,2026-07-01,Repo,B788,2026-07-17,REPO,FIN,CALYPSOIFI,Rev_Repo,,2026-07-01
97274790,,2025-10-28,2026-06-16,2026-11-28,TDBK,CENTRAL 1 CREDIT UNION,2026-07-01,Repo,B998,2026-11-15,,FIN,CALYPSOIFI,Rev_Repo,,2026-07-01
92319568,,2025-11-18,2026-04-23,2026-11-16,TDBK,BANCO HABITAT,2026-07-01,Repo,B184,2026-10-01,REPO,FIN,CALYPSOIFI,Repo,,2026-07-01
93409774,,2026-04-08,2026-11-02,2026-02-07,TDBK,BANCO HABITAT,2026-07-01,Repo,B670,2026-07-16,REPO,FIN,CALYPSOIFI,Repo,,2026-06-10
99350239,,2026-07-06,2026-04-11,2026-10-12,TDBK,CENTRAL 1 CREDIT UNION,2026-07-01,Repo,B816,2026-10-23,REPO,,CALYPSOIFI,Repo,,2026-06-03
92935522,,2026-10-03,2026-08-06,2026-09-23,TDBK,CENTRAL 1 CREDIT UNION,2026-07-01,Repo,B405,2026-04-01,REPO,FIN,CALYPSOIFI,Repo,,2026-06-24
91592612,,2026-06-04,2026-08-23,2026-09-27,TDBK,,2026-07-01,Repo,B453,2026-12-19,,FIN,CALYPSOIFI,Rev_Repo,,2026-07-01
91169611,,2026-03-26,2026-10-13,2026-06-14,TDBK,MORGAN STANLEY INTL,2026-07-01,Repo,B921,2026-12-24,REPO,FIN,CALYPSOIFI,Rev_Repo,,2026-06-17
92097522,,2025-08-02,2026-10-08,2026-05-24,TDBK,DEUTSCHE BANK A.G.,2026-07-01,Repo,B687,2026-11-08,,,CALYPSOIFI,Rev_Repo,,2026-06-03
99104960,,2026-06-01,2026-12-13,2026-05-16,TDBK,SWISS LIFE AG,2026-07-01,Repo,B657,2026-11-12,REPO,FIN,CALYPSOIFI,Rev_Repo,,2026-06-24
98007976,,2025-02-09,2026-12-01,2026-08-19,TDBK,CITIBANK NA,2026-07-01,,B712,2026-09-12,REPO,FIN,CALYPSOIFI,Rev_Repo,,2026-06-17
92413531,,2026-03-16,2026-08-11,2026-08-14,TDBK,MORGAN STANLEY INTL,2026-07-01,Repo,B545,2026-01-04,REPO,FIN,CALYPSOIFI,Rev_Repo,,2026-06-24
91999125,,2025-09-09,2026-04-06,,TDBK,WELLINGTON GLOBAL EQUITY FUND 28R5,2026-07-01,Repo,B258,2026-09-15,REPO,FIN,CALYPSOIFI,Rev_Repo,,2026-06-03
92046644,,2026-07-26,2026-04-02,2026-03-10,TDBK,,2026-07-01,Repo,B249,2026-05-25,REPO,FIN,CALYPSOIFI,Rev_Repo,,2026-06-17
94144461,,2025-07-19,2026-08-21,2026-04-04,TDBK,SWISS LIFE AG,2026-07-01,Repo,B326,2026-01-02,REPO,FIN,CALYPSOIFI,Rev_Repo,,2026-06-10
98637146,,2025-10-15,2026-05-26,2026-04-25,TDBK,WELLINGTON GLOBAL EQUITY FUND 28R5,2026-07-01,Repo,B697,2026-05-21,REPO,FIN,CALYPSOIFI,Rev_Repo,,2026-07-01
99115488,,2025-04-08,2026-11-07,2026-09-22,TDBK,MORGAN STANLEY INTL,2026-07-01,Repo,B400,2026-05-25,REPO,FIN,CALYPSOIFI,Rev_Repo,,2026-06-17
95722142,,2025-09-03,2026-07-19,2026-01-05,TDBK,BANK OF NOVA SCOTIA,2026-07-01,Repo,B869,2026-07-22,,FIN,CALYPSOIFI,Rev_Repo,,2026-07-01
92807432,,2026-06-09,2026-09-21,2026-05-22,TDBK,BIMCOR INC,2026-07-01,Repo,B213,2026-05-09,REPO,FIN,CALYPSOIFI,Repo,,2026-06-10
95034784,,2026-05-16,2026-12-03,2026-05-05,TDBK,,2026-07-01,Repo,B105,2026-04-26,REPO,FIN,CALYPSOIFI,Repo,,2026-06-17
95362340,,2025-03-08,2026-09-01,2026-06-15,TDBK,CITIBANK NA,2026-07-01,Repo,B215,2026-02-10,REPO,FIN,CALYPSOIFI,Repo,,2026-06-03
97520053,,2025-01-15,2026-09-07,,TDBK,WELLINGTON GLOBAL EQUITY FUND 28R5,2026-07-01,Repo,B237,2026-03-20,REPO,FIN,CALYPSOIFI,Repo,,2026-06-03
96251700,,2025-09-14,2026-07-15,2026-03-05,TDBK,BIMCOR INC,2026-07-01,Repo,B699,2026-06-08,REPO,FIN,CALYPSOIFI,Rev_Repo,,2026-06-24
99627177,,2025-02-21,2026-01-13,2026-03-25,TDBK,CENTRAL 1 CREDIT UNION,2026-07-01,Repo,B876,2026-01-25,REPO,FIN,CALYPSOIFI,Repo,,2026-07-01
92744601,,2025-10-11,2026-01-13,2026-11-28,TDBK,BIMCOR INC,2026-07-01,Repo,B544,2026-03-04,REPO,FIN,CALYPSOIFI,Repo,,2026-07-01
97463481,,2025-04-24,2026-01-16,,TDBK,MORGAN STANLEY INTL,2026-07-01,Repo,B761,2026-04-22,REPO,FIN,CALYPSOIFI,Repo,,2026-06-17
96638460,,2025-11-10,2026-11-05,2026-08-20,TDBK,MORGAN STANLEY INTL,2026-07-01,Repo,B313,2026-08-19,REPO,FIN,CALYPSOIFI,Repo,,2026-07-01
99072404,,2026-06-12,2026-01-25,2026-06-01,TDBK,INVESTEC BANK LIMITED,2026-07-01,Repo,B474,2026-01-16,REPO,FIN,CALYPSOIFI,Repo,,2026-06-03
93578724,,2026-12-25,2026-06-02,2026-01-16,TDBK,BANK OF NOVA SCOTIA,2026-07-01,Repo,B326,2026-06-22,REPO,FIN,CALYPSOIFI,Repo,,2026-07-01
93322912,,2026-06-20,2026-12-20,2026-09-09,TDBK,CENTRAL 1 CREDIT UNION,2026-07-01,Repo,B534,2026-01-05,REPO,FIN,CALYPSOIFI,Rev_Repo,,2026-06-17
96185169,,2025-11-23,2026-12-07,2026-05-21,TDBK,DEUTSCHE BANK A.G.,2026-07-01,Repo,B448,2026-09-09,REPO,FIN,CALYPSOIFI,Repo,,2026-06-17
99697347,,2025-12-13,2026-07-17,,TDBK,MORGAN STANLEY INTL,2026-07-01,Repo,B279,2026-02-08,REPO,FIN,CALYPSOIFI,Rev_Repo,,2026-06-03
91922393,,2025-06-18,2026-05-23,2026-11-28,TDBK,BANK OF NOVA SCOTIA,2026-07-01,Repo,B292,2026-03-05,REPO,FIN,CALYPSOIFI,Repo,,2026-07-01
91734906,,2025-07-09,2026-01-13,2026-11-15,TDBK,BANK OF NOVA SCOTIA,2026-07-01,Repo,B993,2026-10-14,REPO,FIN,CALYPSOIFI,Rev_Repo,,2026-06-17
98900516,,2026-02-14,2026-10-19,2026-12-04,TDBK,DEUTSCHE BANK A.G.,2026-07-01,,B858,2026-06-17,REPO,FIN,CALYPSOIFI,Repo,,2026-06-24
98922491,,2025-08-03,2026-02-05,2026-03-25,TDBK,INVESTEC BANK LIMITED,2026-07-01,Repo,B736,2026-10-22,,FIN,CALYPSOIFI,Repo,,2026-06-03
97806163,,2026-07-23,2026-05-21,2026-10-27,TDBK,,2026-07-01,Repo,B760,2026-07-13,,,CALYPSOIFI,Repo,,2026-06-10
95268457,,2026-01-20,2026-08-04,2026-11-27,TDBK,BIMCOR INC,2026-07-01,Repo,B410,2026-12-08,REPO,FIN,CALYPSOIFI,Rev_Repo,,2026-07-01
90684786,,2025-07-18,2026-06-13,2026-09-23,TDBK,INVESTEC BANK LIMITED,2026-07-01,Repo,B628,2026-06-02,REPO,FIN,CALYPSOIFI,Rev_Repo,,2026-07-01
99974788,,2025-04-17,2026-05-25,2026-11-08,TDBK,SWISS LIFE AG,2026-07-01,Repo,B663,2026-05-12,,FIN,CALYPSOIFI,Rev_Repo,,2026-06-10
97640628,,2025-01-14,2026-01-20,,TDBK,BANCO HABITAT,2026-07-01,Repo,B154,2026-10-23,REPO,,CALYPSOIFI,Repo,,2026-06-03
91032145,,2025-09-26,2026-09-14,2026-08-17,TDBK,BANK OF NOVA SCOTIA,2026-07-01,Repo,B149,2026-02-01,REPO,FIN,CALYPSOIFI,Rev_Repo,,2026-07-01
96769299,,2026-01-03,2026-05-19,2026-01-10,TDBK,BANK OF NOVA SCOTIA,2026-07-01,Repo,B419,2026-02-13,REPO,FIN,CALYPSOIFI,Rev_Repo,,2026-06-24
90415144,,2026-12-21,2026-10-17,2026-09-08,TDBK,MORGAN STANLEY INTL,2026-07-01,Repo,B611,2026-10-16,REPO,FIN,CALYPSOIFI,Repo,,2026-06-10
96681678,,2026-10-15,2026-07-07,2026-04-12,TDBK,SWISS LIFE AG,2026-07-01,Repo,B265,2026-11-20,REPO,FIN,CALYPSOIFI,Repo,,2026-06-17
91683714,,2025-02-13,2026-04-04,2026-07-23,TDBK,DEUTSCHE BANK A.G.,2026-07-01,,B466,2026-10-24,REPO,FIN,CALYPSOIFI,Rev_Repo,,2026-06-03
92781966,,2026-06-02,2026-05-15,2026-05-19,TDBK,INVESTEC BANK LIMITED,2026-07-01,Repo,B443,2026-12-14,REPO,FIN,CALYPSOIFI,Repo,,2026-06-10
96367251,,2026-09-11,2026-01-16,2026-09-21,TDBK,CENTRAL 1 CREDIT UNION,2026-07-01,Repo,B747,2026-03-01,REPO,,CALYPSOIFI,Rev_Repo,,2026-06-24
92770405,,2026-09-02,2026-08-26,2026-05-28,TDBK,MORGAN STANLEY INTL,2026-07-01,Repo,B411,2026-09-20,,FIN,CALYPSOIFI,Repo,,2026-06-17
93398102,,2026-02-19,2026-11-01,2026-12-02,TDBK,MORGAN STANLEY INTL,2026-07-01,,B340,2026-03-20,REPO,FIN,CALYPSOIFI,Rev_Repo,,2026-06-24
92546933,,2026-08-01,2026-12-23,2026-03-05,TDBK,CITIBANK NA,2026-07-01,Repo,B678,2026-02-13,REPO,FIN,CALYPSOIFI,Repo,,2026-06-24
91979841,,2025-06-18,2026-11-21,2026-12-28,TDBK,SWISS LIFE AG,2026-07-01,Repo,B312,2026-05-01,REPO,FIN,CALYPSOIFI,Rev_Repo,,2026-06-03
95856660,,2025-06-02,2026-03-11,2026-04-19,TDBK,CENTRAL 1 CREDIT UNION,2026-07-01,Repo,B467,2026-10-23,REPO,,CALYPSOIFI,Repo,,2026-06-24
96671521,,2025-01-19,2026-12-22,2026-01-24,TDBK,BIMCOR INC,2026-07-01,Repo,B959,2026-08-11,REPO,FIN,CALYPSOIFI,Rev_Repo,,2026-06-24
95710868,,2026-04-05,2026-08-22,2026-11-20,TDBK,WELLINGTON GLOBAL EQUITY FUND 28R5,2026-07-01,Repo,B429,2026-06-24,,FIN,CALYPSOIFI,Repo,,2026-07-01
90284499,,2025-08-21,2026-03-18,2026-11-22,TDBK,BIMCOR INC,2026-07-01,Repo,B133,2026-10-05,REPO,,CALYPSOIFI,Repo,,2026-06-03
95264305,,2025-01-21,2026-01-10,2026-04-18,TDBK,,2026-07-01,Repo,B496,2026-07-11,REPO,FIN,CALYPSOIFI,Rev_Repo,,2026-07-01
90246325,,2026-10-24,2026-02-12,2026-10-13,TDBK,CENTRAL 1 CREDIT UNION,2026-07-01,Repo,B319,2026-07-18,REPO,,CALYPSOIFI,Rev_Repo,,2026-06-10
94653158,,2025-03-24,2026-02-07,2026-11-06,TDBK,BIMCOR INC,2026-07-01,Repo,B537,2026-04-07,REPO,FIN,CALYPSOIFI,Rev_Repo,,2026-06-10
98220452,,2025-04-28,2026-08-22,2026-11-22,TDBK,CITIBANK NA,2026-07-01,Repo,B799,2026-02-25,REPO,FIN,CALYPSOIFI,Rev_Repo,,2026-06-17
92530196,,2025-01-04,2026-04-03,2026-05-22,TDBK,CITIBANK NA,2026-07-01,Repo,B215,2026-03-18,REPO,FIN,CALYPSOIFI,Repo,,2026-06-24
97989196,,2025-09-22,2026-04-01,2026-08-01,TDBK,BANCO HABITAT,2026-07-01,Repo,B440,2026-07-23,REPO,FIN,CALYPSOIFI,Repo,,2026-06-03
99667728,,2026-10-26,2026-02-18,2026-03-01,TDBK,BANCO HABITAT,2026-07-01,Repo,B805,2026-01-06,REPO,FIN,CALYPSOIFI,Repo,,2026-06-10
95492513,,2026-06-10,2026-09-09,2026-05-02,TDBK,INVESTEC BANK LIMITED,2026-07-01,Repo,B444,2026-09-04,REPO,FIN,CALYPSOIFI,Repo,,2026-07-01
99491104,,2026-01-01,2026-02-21,2026-04-21,TDBK,MORGAN STANLEY INTL,2026-07-01,Repo,B654,2026-01-23,REPO,FIN,CALYPSOIFI,Repo,,2026-06-03
96388299,,2026-11-22,2026-07-05,2026-06-04,TDBK,DEUTSCHE BANK A.G.,2026-07-01,Repo,B629,2026-08-04,REPO,FIN,CALYPSOIFI,Rev_Repo,,2026-06-24
91456058,,2025-08-13,2026-04-06,2026-04-02,TDBK,BANCO HABITAT,2026-07-01,Repo,B112,2026-10-13,,FIN,CALYPSOIFI,Rev_Repo,,2026-06-10
97439024,,2025-04-02,2026-02-10,2026-02-23,TDBK,INVESTEC BANK LIMITED,2026-07-01,Repo,B161,2026-11-06,REPO,FIN,CALYPSOIFI,Repo,,2026-07-01
96543985,,2025-01-15,2026-12-06,2026-06-24,TDBK,BANCO HABITAT,2026-07-01,Repo,B881,2026-10-16,REPO,FIN,CALYPSOIFI,Repo,,2026-06-10
96059143,,2026-07-09,2026-08-11,2026-04-02,TDBK,INVESTEC BANK LIMITED,2026-07-01,Repo,B709,2026-07-17,REPO,FIN,CALYPSOIFI,Rev_Repo,,2026-06-10
96359511,,2025-04-13,2026-03-09,2026-06-02,TDBK,SWISS LIFE AG,2026-07-01,Repo,B290,2026-03-26,REPO,FIN,CALYPSOIFI,Rev_Repo,,2026-06-03
90196501,,2026-09-09,2026-11-23,2026-05-15,TDBK,CENTRAL 1 CREDIT UNION,2026-07-01,Repo,B527,2026-02-11,REPO,FIN,CALYPSOIFI,Rev_Repo,,2026-06-24
92626252,,2026-05-09,2026-07-09,2026-02-27,TDBK,,2026-07-01,Repo,B349,2026-11-03,REPO,FIN,CALYPSOIFI,Rev_Repo,,2026-06-17
97785557,,2025-06-22,2026-09-18,2026-07-16,TDBK,,2026-07-01,,B800,2026-06-09,REPO,FIN,CALYPSOIFI,Repo,,2026-06-24
92268243,,2026-05-16,2026-04-28,2026-11-26,TDBK,DEUTSCHE BANK A.G.,2026-07-01,Repo,B969,2026-01-03,,FIN,CALYPSOIFI,Rev_Repo,,2026-07-01
93185415,,2025-01-27,2026-04-16,2026-05-16,TDBK,BANK OF NOVA SCOTIA,2026-07-01,Repo,B797,2026-07-15,REPO,FIN,CALYPSOIFI,Rev_Repo,,2026-07-01
99499685,,2026-07-26,2026-01-15,2026-11-18,TDBK,MORGAN STANLEY INTL,2026-07-01,,B829,2026-12-20,REPO,FIN,CALYPSOIFI,Rev_Repo,,2026-06-10
93266611,,2025-06-03,2026-09-08,2026-04-02,TDBK,,2026-07-01,Repo,B953,2026-02-20,REPO,FIN,CALYPSOIFI,Repo,,2026-06-17
98478254,,2026-09-17,2026-05-15,2026-10-06,TDBK,BANCO HABITAT,2026-07-01,Repo,B830,2026-12-11,REPO,FIN,CALYPSOIFI,Rev_Repo,,2026-06-24
90671696,,2025-08-27,2026-05-23,2026-07-22,TDBK,SWISS LIFE AG,2026-07-01,,B129,2026-03-16,REPO,FIN,CALYPSOIFI,Repo,,2026-06-24
98656293,,2026-10-11,2026-12-28,2026-06-24,TDBK,BANCO HABITAT,2026-07-01,Repo,B973,2026-08-10,REPO,FIN,CALYPSOIFI,Repo,,2026-06-03
93828133,,2025-09-17,2026-01-03,2026-12-17,TDBK,WELLINGTON GLOBAL EQUITY FUND 28R5,2026-07-01,Repo,B895,2026-08-16,REPO,FIN,CALYPSOIFI,Rev_Repo,,2026-07-01
92930729,,2025-09-03,2026-11-19,2026-05-20,TDBK,BANCO HABITAT,2026-07-01,Repo,B586,2026-11-07,REPO,FIN,CALYPSOIFI,Repo,,2026-06-17
91675621,,2026-03-02,2026-11-05,2026-05-23,TDBK,CITIBANK NA,2026-07-01,Repo,B621,2026-12-26,REPO,FIN,CALYPSOIFI,Rev_Repo,,2026-07-01
98318491,,2026-01-10,2026-08-08,2026-11-25,TDBK,MORGAN STANLEY INTL,2026-07-01,Repo,B869,2026-12-21,REPO,FIN,CALYPSOIFI,Rev_Repo,,2026-06-17
92385129,,2025-04-26,2026-05-05,2026-05-28,TDBK,CENTRAL 1 CREDIT UNION,2026-07-01,Repo,B985,2026-09-01,REPO,,CALYPSOIFI,Repo,,2026-06-17
98612021,,2025-11-07,2026-06-20,2026-09-18,TDBK,WELLINGTON GLOBAL EQUITY FUND 28R5,2026-07-01,Repo,B289,2026-04-28,REPO,FIN,CALYPSOIFI,Rev_Repo,,2026-07-01
90367947,,2025-06-25,2026-03-19,2026-10-15,TDBK,,2026-07-01,Repo,B322,2026-05-13,REPO,FIN,CALYPSOIFI,Repo,,2026-06-03
95705494,,2025-07-23,2026-09-26,2026-07-14,TDBK,DEUTSCHE BANK A.G.,2026-07-01,Repo,B780,2026-09-15,REPO,FIN,CALYPSOIFI,Repo,,2026-06-10
99177394,,2025-10-05,2026-12-08,2026-12-25,TDBK,SWISS LIFE AG,2026-07-01,Repo,B397,2026-12-13,REPO,,CALYPSOIFI,Rev_Repo,,2026-06-17
92251725,,2025-02-17,2026-12-27,2026-04-26,TDBK,MORGAN STANLEY INTL,2026-07-01,Repo,B304,2026-03-23,REPO,FIN,CALYPSOIFI,Repo,,2026-07-01
94447403,,2025-09-24,2026-12-12,2026-04-02,TDBK,DEUTSCHE BANK A.G.,2026-07-01,Repo,B656,2026-12-08,REPO,FIN,CALYPSOIFI,Repo,,2026-06-03
93088318,,2025-04-24,2026-07-04,2026-10-19,TDBK,BANK OF NOVA SCOTIA,2026-07-01,Repo,B804,2026-12-19,REPO,FIN,CALYPSOIFI,Rev_Repo,,2026-06-24
98837404,,2025-06-24,2026-02-06,2026-05-25,TDBK,CENTRAL 1 CREDIT UNION,2026-07-01,Repo,B598,2026-12-19,REPO,FIN,CALYPSOIFI,Repo,,2026-06-10
99372396,,2025-05-17,2026-08-16,2026-09-18,TDBK,,2026-07-01,Repo,B237,2026-12-01,,FIN,CALYPSOIFI,Rev_Repo,,2026-06-03
99729484,,2025-03-15,2026-01-07,2026-03-23,TDBK,BANCO HABITAT,2026-07-01,Repo,B465,2026-04-20,REPO,FIN,CALYPSOIFI,Repo,,2026-07-01
90151567,,2025-01-17,2026-10-21,2026-08-18,TDBK,,2026-07-01,Repo,B906,2026-01-24,REPO,FIN,CALYPSOIFI,Rev_Repo,,2026-06-17
90493161,,2025-09-14,2026-11-23,2026-06-25,TDBK,INVESTEC BANK LIMITED,2026-07-01,Repo,B226,2026-07-13,REPO,FIN,CALYPSOIFI,Repo,,2026-06-17
99492755,,2025-07-03,2026-04-05,2026-12-16,TDBK,CITIBANK NA,2026-07-01,,B189,2026-09-26,REPO,FIN,CALYPSOIFI,Rev_Repo,,2026-06-10
90458565,,2026-06-23,2026-07-23,2026-03-23,TDBK,SWISS LIFE AG,2026-07-01,Repo,B905,2026-05-10,REPO,FIN,CALYPSOIFI,Rev_Repo,,2026-06-24
97263318,,2026-01-24,2026-07-18,2026-06-10,TDBK,CENTRAL 1 CREDIT UNION,2026-07-01,Repo,B663,2026-02-19,,FIN,CALYPSOIFI,Repo,,2026-06-17
95778357,,2026-08-02,2026-05-17,2026-11-08,TDBK,WELLINGTON GLOBAL EQUITY FUND 28R5,2026-07-01,,B561,2026-10-10,REPO,FIN,CALYPSOIFI,Rev_Repo,,2026-06-17
94316891,,2025-09-06,2026-05-01,2026-01-06,TDBK,SWISS LIFE AG,2026-07-01,Repo,B926,2026-04-09,REPO,FIN,CALYPSOIFI,Rev_Repo,,2026-06-17
95289002,,2026-01-03,2026-09-13,2026-10-01,TDBK,INVESTEC BANK LIMITED,2026-07-01,Repo,B624,2026-10-21,REPO,FIN,CALYPSOIFI,Repo,,2026-06-03
90603808,,2025-03-07,2026-12-04,2026-03-08,TDBK,WELLINGTON GLOBAL EQUITY FUND 28R5,2026-07-01,Repo,B462,2026-01-18,REPO,FIN,CALYPSOIFI,Repo,,2026-06-17
91724828,,2026-01-22,2026-03-25,2026-10-19,TDBK,DEUTSCHE BANK A.G.,2026-07-01,Repo,B765,2026-11-17,REPO,FIN,CALYPSOIFI,Repo,,2026-06-10
99146853,,2026-04-25,2026-07-26,2026-05-26,TDBK,SWISS LIFE AG,2026-07-01,Repo,B700,2026-07-25,REPO,FIN,CALYPSOIFI,Rev_Repo,,2026-06-24
93402886,,2026-02-25,2026-02-04,2026-06-25,TDBK,WELLINGTON GLOBAL EQUITY FUND 28R5,2026-07-01,Repo,B550,2026-11-27,REPO,FIN,CALYPSOIFI,Repo,,2026-06-24
92028694,,2025-12-05,2026-02-04,2026-06-04,TDBK,BIMCOR INC,2026-07-01,Repo,B437,2026-09-27,REPO,FIN,CALYPSOIFI,Rev_Repo,,2026-06-17
91648791,,2026-11-28,2026-01-21,2026-05-23,TDBK,BANCO HABITAT,2026-07-01,Repo,B624,2026-08-23,REPO,FIN,CALYPSOIFI,Repo,,2026-07-01
95409202,,2026-10-28,2026-04-11,2026-08-04,TDBK,CENTRAL 1 CREDIT UNION,2026-07-01,Repo,B503,2026-12-28,REPO,FIN,CALYPSOIFI,Rev_Repo,,2026-06-10
91771085,,2025-01-09,2026-03-18,,TDBK,MORGAN STANLEY INTL,2026-07-01,Repo,B538,2026-05-16,REPO,FIN,CALYPSOIFI,Rev_Repo,,2026-06-17
99332644,,2026-05-01,2026-08-15,2026-05-05,TDBK,BIMCOR INC,2026-07-01,Repo,B216,2026-04-17,REPO,FIN,CALYPSOIFI,Repo,,2026-06-24
97585723,,2026-06-18,2026-02-16,2026-12-05,TDBK,BANCO HABITAT,2026-07-01,Repo,B598,2026-10-08,REPO,FIN,CALYPSOIFI,Repo,,2026-06-03
95561478,,2026-03-28,2026-02-28,2026-03-01,TDBK,CITIBANK NA,2026-07-01,Repo,B273,2026-03-27,REPO,FIN,CALYPSOIFI,Rev_Repo,,2026-07-01
91478327,,2026-11-08,2026-11-16,,TDBK,CITIBANK NA,2026-07-01,Repo,B999,2026-09-09,REPO,FIN,CALYPSOIFI,Rev_Repo,,2026-06-17
91612664,,2026-05-10,2026-06-19,2026-12-22,TDBK,CITIBANK NA,2026-07-01,Repo,B753,2026-03-22,REPO,FIN,CALYPSOIFI,Rev_Repo,,2026-06-10
97071431,,2026-02-26,2026-08-04,2026-04-27,TDBK,SWISS LIFE AG,2026-07-01,Repo,B300,2026-06-03,REPO,FIN,CALYPSOIFI,Rev_Repo,,2026-06-10
97521528,,2026-03-20,2026-02-14,2026-10-25,TDBK,MORGAN STANLEY INTL,2026-07-01,Repo,B452,2026-03-04,,FIN,CALYPSOIFI,Repo,,2026-06-03
90463404,,2026-05-23,2026-04-03,2026-10-17,TDBK,BANCO HABITAT,2026-07-01,Repo,B374,2026-02-11,REPO,FIN,CALYPSOIFI,Repo,,2026-07-01
90621069,,2025-01-11,2026-01-21,2026-03-22,TDBK,BANCO HABITAT,2026-07-01,Repo,B373,2026-04-06,REPO,FIN,CALYPSOIFI,Rev_Repo,,2026-06-03
96997375,,2025-08-11,2026-10-06,2026-08-08,TDBK,DEUTSCHE BANK A.G.,2026-07-01,Repo,B970,2026-08-28,REPO,FIN,CALYPSOIFI,Rev_Repo,,2026-06-24
99912611,,2026-11-06,2026-11-17,2026-12-01,TDBK,INVESTEC BANK LIMITED,2026-07-01,Repo,B636,2026-03-15,REPO,FIN,CALYPSOIFI,Repo,,2026-06-17
96007250,,2026-05-27,2026-02-06,2026-02-25,TDBK,BANK OF NOVA SCOTIA,2026-07-01,Repo,B600,2026-07-03,REPO,FIN,CALYPSOIFI,Rev_Repo,,2026-06-03
98534591,,2025-05-09,2026-03-24,2026-08-11,TDBK,CENTRAL 1 CREDIT UNION,2026-07-01,Repo,B979,2026-07-06,REPO,FIN,CALYPSOIFI,Rev_Repo,,2026-07-01
99498971,,2026-06-07,2026-10-09,2026-07-22,TDBK,MORGAN STANLEY INTL,2026-07-01,Repo,B994,2026-05-24,REPO,FIN,CALYPSOIFI,Repo,,2026-06-24
93612240,,2026-05-24,2026-10-19,2026-09-24,TDBK,BANCO HABITAT,2026-07-01,Repo,B475,2026-02-09,REPO,FIN,CALYPSOIFI,Rev_Repo,,2026-06-17
98049228,,2025-11-16,2026-10-26,2026-12-21,TDBK,CITIBANK NA,2026-07-01,Repo,B438,2026-01-18,REPO,FIN,CALYPSOIFI,Repo,,2026-06-17
90403088,,2026-03-21,2026-09-12,2026-03-24,TDBK,CITIBANK NA,2026-07-01,Repo,B190,2026-05-24,REPO,FIN,CALYPSOIFI,Rev_Repo,,2026-06-03
91012083,,2026-12-14,2026-06-14,2026-01-13,TDBK,SWISS LIFE AG,2026-07-01,Repo,B604,2026-07-09,REPO,FIN,CALYPSOIFI,Rev_Repo,,2026-06-03
95858252,,2025-11-21,2026-05-20,2026-02-05,TDBK,CENTRAL 1 CREDIT UNION,2026-07-01,Repo,B848,2026-04-02,REPO,FIN,CALYPSOIFI,Rev_Repo,,2026-07-01
95588240,,2026-08-04,2026-01-24,2026-12-13,TDBK,BANCO HABITAT,2026-07-01,Repo,B319,2026-03-03,REPO,FIN,CALYPSOIFI,Repo,,2026-06-24
90831806,,2025-08-02,2026-01-23,2026-05-12,TDBK,SWISS LIFE AG,2026-07-01,Repo,B999,2026-05-05,REPO,FIN,CALYPSOIFI,Rev_Repo,,2026-07-01
93558545,,2025-09-23,2026-03-20,2026-09-22,TDBK,MORGAN STANLEY INTL,2026-07-01,Repo,B469,2026-01-25,REPO,,CALYPSOIFI,Rev_Repo,,2026-06-17
99604376,,2025-10-21,2026-08-02,2026-11-12,TDBK,INVESTEC BANK LIMITED,2026-07-01,Repo,B547,2026-12-24,REPO,FIN,CALYPSOIFI,Repo,,2026-06-03
99153853,,2025-06-13,2026-01-16,2026-10-16,TDBK,MORGAN STANLEY INTL,2026-07-01,Repo,B873,2026-11-18,REPO,FIN,CALYPSOIFI,Repo,,2026-06-17
93030554,,2026-09-09,2026-07-06,2026-10-10,TDBK,SWISS LIFE AG,2026-07-01,Repo,B471,2026-10-28,REPO,FIN,CALYPSOIFI,Rev_Repo,,2026-06-17
94562171,,2026-01-20,2026-01-22,2026-07-21,TDBK,INVESTEC BANK LIMITED,2026-07-01,Repo,B792,2026-02-18,REPO,FIN,CALYPSOIFI,Repo,,2026-06-24
96443885,,2025-07-27,2026-11-03,2026-12-23,TDBK,BANCO HABITAT,2026-07-01,Repo,B731,2026-03-21,REPO,FIN,CALYPSOIFI,Repo,,2026-06-17
94738673,,2026-09-26,2026-05-05,,TDBK,CENTRAL 1 CREDIT UNION,2026-07-01,Repo,B610,2026-10-04,REPO,FIN,CALYPSOIFI,Repo,,2026-06-24
94393075,,2026-06-03,2026-01-24,2026-05-23,TDBK,BANK OF NOVA SCOTIA,2026-07-01,Repo,B866,2026-05-19,,FIN,CALYPSOIFI,Repo,,2026-06-03
94534652,,2025-11-27,2026-07-08,2026-12-14,TDBK,MORGAN STANLEY INTL,2026-07-01,Repo,B408,2026-04-26,REPO,FIN,CALYPSOIFI,Repo,,2026-06-03
95558726,,2025-06-01,2026-11-04,2026-04-15,TDBK,BANK OF NOVA SCOTIA,2026-07-01,Repo,B430,2026-02-05,REPO,FIN,CALYPSOIFI,Rev_Repo,,2026-06-17
98172085,,2025-08-13,2026-06-23,2026-01-09,TDBK,CITIBANK NA,2026-07-01,Repo,B408,2026-07-10,REPO,FIN,CALYPSOIFI,Rev_Repo,,2026-06-17
91099096,,2025-05-23,2026-08-14,2026-03-19,TDBK,BANCO HABITAT,2026-07-01,Repo,B121,2026-02-04,REPO,FIN,CALYPSOIFI,Rev_Repo,,2026-06-17
91543741,,2026-04-14,2026-02-12,2026-11-17,TDBK,CITIBANK NA,2026-07-01,Repo,B210,2026-01-17,REPO,FIN,CALYPSOIFI,Repo,,2026-06-24
96657525,,2026-10-26,2026-03-19,2026-12-27,TDBK,INVESTEC BANK LIMITED,2026-07-01,Repo,B145,2026-03-23,REPO,FIN,CALYPSOIFI,Rev_Repo,,2026-06-03
93510371,,2025-02-24,2026-05-28,2026-04-01,TDBK,CENTRAL 1 CREDIT UNION,2026-07-01,,B776,2026-09-12,REPO,,CALYPSOIFI,Repo,,2026-06-24
99984681,,2025-11-08,2026-06-03,2026-06-03,TDBK,BIMCOR INC,2026-07-01,Repo,B104,2026-05-06,REPO,FIN,CALYPSOIFI,Rev_Repo,,2026-06-10
91327205,,2026-04-02,2026-11-13,2026-04-06,TDBK,BANK OF NOVA SCOTIA,2026-07-01,Repo,B150,2026-07-25,REPO,FIN,CALYPSOIFI,Rev_Repo,,2026-06-03
91348652,,2025-04-18,2026-01-22,2026-06-24,TDBK,CENTRAL 1 CREDIT UNION,2026-07-01,Repo,B115,2026-12-03,REPO,FIN,CALYPSOIFI,Rev_Repo,,2026-07-01
98287981,,2026-10-08,2026-02-21,2026-10-24,TDBK,CITIBANK NA,2026-07-01,Repo,B445,2026-04-01,REPO,FIN,CALYPSOIFI,Repo,,2026-06-17
90535214,,2025-01-26,2026-06-08,2026-04-25,TDBK,CITIBANK NA,2026-07-01,Repo,B435,2026-01-15,REPO,FIN,CALYPSOIFI,Rev_Repo,,2026-06-03
91640182,,2026-12-08,2026-04-04,2026-07-02,TDBK,BIMCOR INC,2026-07-01,Repo,B274,2026-03-23,REPO,,CALYPSOIFI,Repo,,2026-06-24
91405930,,2026-07-12,2026-10-05,2026-11-10,TDBK,CENTRAL 1 CREDIT UNION,2026-07-01,Repo,B297,2026-03-22,REPO,,CALYPSOIFI,Rev_Repo,,2026-06-17
90346375,,2026-03-09,2026-10-16,2026-01-14,TDBK,MORGAN STANLEY INTL,2026-07-01,Repo,B790,2026-11-02,REPO,FIN,CALYPSOIFI,Repo,,2026-06-10
97615634,,2026-12-24,2026-08-18,2026-03-03,TDBK,INVESTEC BANK LIMITED,2026-07-01,Repo,B290,2026-01-16,REPO,FIN,CALYPSOIFI,Repo,,2026-06-03
94881608,,2025-08-14,2026-08-25,2026-01-25,TDBK,BANK OF NOVA SCOTIA,2026-07-01,Repo,B985,2026-12-28,REPO,FIN,CALYPSOIFI,Repo,,2026-07-01
90433205,,2026-11-19,2026-04-22,2026-02-20,TDBK,BIMCOR INC,2026-07-01,Repo,B491,2026-06-13,REPO,FIN,CALYPSOIFI,Rev_Repo,,2026-06-03
92768749,,2025-06-18,2026-04-07,2026-03-12,TDBK,INVESTEC BANK LIMITED,2026-07-01,Repo,B336,2026-12-12,REPO,FIN,CALYPSOIFI,Repo,,2026-06-03
94711397,,2026-04-01,2026-07-01,2026-09-28,TDBK,CITIBANK NA,2026-07-01,Repo,B278,2026-12-28,REPO,FIN,CALYPSOIFI,Rev_Repo,,2026-06-17
93024275,,2025-04-26,2026-01-10,2026-11-14,TDBK,WELLINGTON GLOBAL EQUITY FUND 28R5,2026-07-01,Repo,B693,2026-11-19,REPO,FIN,CALYPSOIFI,Repo,,2026-07-01
99431217,,2026-01-27,2026-03-03,,TDBK,WELLINGTON GLOBAL EQUITY FUND 28R5,2026-07-01,Repo,B437,2026-01-25,REPO,FIN,CALYPSOIFI,Repo,,2026-06-10
91414950,,2025-09-21,2026-02-15,2026-07-27,TDBK,CITIBANK NA,2026-07-01,Repo,B689,2026-12-03,REPO,FIN,CALYPSOIFI,Rev_Repo,,2026-07-01
95407248,,2026-07-20,2026-12-05,2026-09-21,TDBK,SWISS LIFE AG,2026-07-01,Repo,B655,2026-02-18,REPO,,CALYPSOIFI,Rev_Repo,,2026-06-03
90876597,,2026-11-15,2026-01-20,2026-04-14,TDBK,CENTRAL 1 CREDIT UNION,2026-07-01,,B683,2026-04-05,REPO,FIN,CALYPSOIFI,Repo,,2026-06-17
94510847,,2026-06-03,2026-04-06,2026-12-05,TDBK,BANK OF NOVA SCOTIA,2026-07-01,Repo,B386,2026-12-25,REPO,FIN,CALYPSOIFI,Rev_Repo,,2026-06-03
99338478,,2025-09-18,2026-05-20,2026-12-16,TDBK,WELLINGTON GLOBAL EQUITY FUND 28R5,2026-07-01,Repo,B122,2026-08-10,REPO,FIN,CALYPSOIFI,Rev_Repo,,2026-07-01
96307109,,2025-09-04,2026-06-08,2026-11-17,TDBK,CENTRAL 1 CREDIT UNION,2026-07-01,Repo,B642,2026-08-19,,FIN,CALYPSOIFI,Repo,,2026-07-01
90296851,,2025-12-05,2026-08-09,2026-03-15,TDBK,BIMCOR INC,2026-07-01,Repo,B847,2026-06-14,REPO,FIN,CALYPSOIFI,Rev_Repo,,2026-06-24
98262432,,2025-12-27,2026-10-23,2026-08-23,TDBK,BIMCOR INC,2026-07-01,Repo,B698,2026-01-25,,FIN,CALYPSOIFI,Rev_Repo,,2026-06-10
99705128,,2026-07-12,2026-03-17,2026-03-13,TDBK,,2026-07-01,Repo,B431,2026-12-17,REPO,FIN,CALYPSOIFI,Rev_Repo,,2026-06-17
98190699,,2026-03-05,2026-07-20,2026-05-22,TDBK,BIMCOR INC,2026-07-01,Repo,B749,2026-12-04,REPO,,CALYPSOIFI,Repo,,2026-06-10
98560461,,2025-05-20,2026-09-19,2026-11-03,TDBK,DEUTSCHE BANK A.G.,2026-07-01,Repo,B393,2026-01-13,REPO,FIN,CALYPSOIFI,Rev_Repo,,2026-06-03
94094687,,2025-06-05,2026-11-24,2026-10-28,TDBK,DEUTSCHE BANK A.G.,2026-07-01,Repo,B733,2026-02-28,REPO,FIN,CALYPSOIFI,Rev_Repo,,2026-06-03
93499481,,2025-11-23,2026-06-10,2026-06-15,TDBK,WELLINGTON GLOBAL EQUITY FUND 28R5,2026-07-01,,B206,2026-03-06,REPO,,CALYPSOIFI,Repo,,2026-07-01
97275163,,2025-12-22,2026-12-18,2026-01-03,TDBK,CENTRAL 1 CREDIT UNION,2026-07-01,Repo,B275,2026-02-13,REPO,FIN,CALYPSOIFI,Repo,,2026-06-10
99048100,,2026-07-01,2026-02-26,2026-05-24,TDBK,SWISS LIFE AG,2026-07-01,Repo,B505,2026-07-20,REPO,FIN,CALYPSOIFI,Rev_Repo,,2026-06-24
96018800,,2026-09-26,2026-11-22,2026-11-22,TDBK,WELLINGTON GLOBAL EQUITY FUND 28R5,2026-07-01,Repo,B428,2026-03-28,REPO,FIN,CALYPSOIFI,Rev_Repo,,2026-06-24
94921337,,2026-05-02,2026-04-21,2026-12-13,TDBK,CENTRAL 1 CREDIT UNION,2026-07-01,Repo,B601,2026-12-20,REPO,FIN,CALYPSOIFI,Rev_Repo,,2026-06-03
93010187,,2025-04-12,2026-02-25,2026-05-18,TDBK,,2026-07-01,Repo,B710,2026-12-16,REPO,FIN,CALYPSOIFI,Rev_Repo,,2026-07-01
96619869,,2026-02-15,2026-06-19,2026-05-27,TDBK,CENTRAL 1 CREDIT UNION,2026-07-01,Repo,B720,2026-08-27,REPO,,CALYPSOIFI,Rev_Repo,,2026-06-03
97669492,,2025-07-13,2026-07-02,2026-10-14,TDBK,BANCO HABITAT,2026-07-01,Repo,B857,2026-05-18,REPO,FIN,CALYPSOIFI,Repo,,2026-06-24
92818192,,2025-01-17,2026-09-27,2026-02-25,TDBK,WELLINGTON GLOBAL EQUITY FUND 28R5,2026-07-01,,B682,2026-02-21,REPO,FIN,CALYPSOIFI,Repo,,2026-06-03
98809299,,2026-06-05,2026-11-06,2026-10-01,TDBK,,2026-07-01,Repo,B618,2026-05-26,REPO,FIN,CALYPSOIFI,Repo,,2026-06-24
94966183,,2025-01-25,2026-06-26,2026-07-16,TDBK,,2026-07-01,Repo,B265,2026-08-02,REPO,FIN,CALYPSOIFI,Rev_Repo,,2026-06-24
98272597,,2026-08-01,2026-03-28,2026-03-18,TDBK,SWISS LIFE AG,2026-07-01,Repo,B222,2026-01-02,REPO,FIN,CALYPSOIFI,Repo,,2026-06-17
97097787,,2026-10-23,2026-04-10,2026-12-02,TDBK,SWISS LIFE AG,2026-07-01,Repo,B264,2026-11-06,REPO,,CALYPSOIFI,Rev_Repo,,2026-06-24
96954604,,2025-03-02,2026-02-25,2026-05-13,TDBK,CENTRAL 1 CREDIT UNION,2026-07-01,Repo,B124,2026-07-22,REPO,FIN,CALYPSOIFI,Rev_Repo,,2026-06-17
98549180,,2025-12-18,2026-10-15,2026-08-19,TDBK,DEUTSCHE BANK A.G.,2026-07-01,Repo,B360,2026-12-03,REPO,FIN,CALYPSOIFI,Rev_Repo,,2026-06-17
90376109,,2026-08-13,2026-09-22,2026-05-04,TDBK,WELLINGTON GLOBAL EQUITY FUND 28R5,2026-07-01,Repo,B962,2026-12-08,REPO,FIN,CALYPSOIFI,Repo,,2026-07-01
94294404,,2026-06-14,2026-01-18,2026-03-16,TDBK,BANK OF NOVA SCOTIA,2026-07-01,Repo,B986,2026-08-01,REPO,FIN,CALYPSOIFI,Rev_Repo,,2026-06-10
97932951,,2026-08-05,2026-08-28,2026-07-18,TDBK,DEUTSCHE BANK A.G.,2026-07-01,Repo,B794,2026-06-02,,FIN,CALYPSOIFI,Rev_Repo,,2026-06-17
92328769,,2025-10-13,2026-11-24,2026-11-10,TDBK,INVESTEC BANK LIMITED,2026-07-01,Repo,B690,2026-03-28,REPO,FIN,CALYPSOIFI,Repo,,2026-07-01
94188206,,2026-07-15,2026-05-17,2026-12-21,TDBK,,2026-07-01,Repo,B473,2026-03-26,REPO,FIN,CALYPSOIFI,Repo,,2026-06-24
92891647,,2025-06-14,2026-01-25,2026-01-04,TDBK,INVESTEC BANK LIMITED,2026-07-01,Repo,B935,2026-02-22,REPO,FIN,CALYPSOIFI,Rev_Repo,,2026-06-17
99984743,,2025-02-07,2026-01-09,,TDBK,CENTRAL 1 CREDIT UNION,2026-07-01,Repo,B802,2026-09-14,REPO,FIN,CALYPSOIFI,Repo,,2026-07-01
96136745,,2026-11-06,2026-01-07,2026-03-05,TDBK,BANK OF NOVA SCOTIA,2026-07-01,Repo,B653,2026-10-09,,FIN,CALYPSOIFI,Repo,,2026-06-03
96665036,,2025-01-23,2026-08-14,2026-10-03,TDBK,BANK OF NOVA SCOTIA,2026-07-01,Repo,B486,2026-06-20,REPO,FIN,CALYPSOIFI,Repo,,2026-06-24
99105419,,2026-01-21,2026-04-02,2026-11-01,TDBK,BANCO HABITAT,2026-07-01,Repo,B705,2026-06-01,REPO,FIN,CALYPSOIFI,Rev_Repo,,2026-06-17
93140353,,2025-12-10,2026-04-24,2026-05-02,TDBK,BANCO HABITAT,2026-07-01,Repo,B217,2026-05-12,REPO,FIN,CALYPSOIFI,Repo,,2026-06-10
99521551,,2026-06-06,2026-10-25,2026-01-23,TDBK,BIMCOR INC,2026-07-01,Repo,B390,2026-07-10,REPO,FIN,CALYPSOIFI,Repo,,2026-06-24
94341121,,2025-11-20,2026-11-12,2026-09-26,TDBK,CITIBANK NA,2026-07-01,Repo,B978,2026-03-28,REPO,FIN,CALYPSOIFI,Repo,,2026-06-10
90964399,,2026-04-24,2026-11-28,2026-05-24,TDBK,CITIBANK NA,2026-07-01,Repo,B974,2026-08-15,REPO,,CALYPSOIFI,Repo,,2026-07-01
92225263,,2026-03-08,2026-10-03,2026-06-28,TDBK,WELLINGTON GLOBAL EQUITY FUND 28R5,2026-07-01,Repo,B918,2026-05-16,REPO,FIN,CALYPSOIFI,Repo,,2026-06-03
95742009,,2025-07-15,2026-01-28,2026-01-15,TDBK,BIMCOR INC,2026-07-01,Repo,B490,2026-03-22,REPO,FIN,CALYPSOIFI,Repo,,2026-06-24
98276577,,2026-02-07,2026-02-03,2026-02-10,TDBK,SWISS LIFE AG,2026-07-01,,B281,2026-04-07,,FIN,CALYPSOIFI,Rev_Repo,,2026-06-03
99408772,,2025-08-14,2026-07-25,2026-09-04,TDBK,DEUTSCHE BANK A.G.,2026-07-01,Repo,B512,2026-11-07,REPO,FIN,CALYPSOIFI,Rev_Repo,,2026-07-01
91138815,,2025-07-10,2026-01-25,2026-11-10,TDBK,MORGAN STANLEY INTL,2026-07-01,Repo,B296,2026-02-27,REPO,FIN,CALYPSOIFI,Rev_Repo,,2026-06-03
96806385,,2026-06-09,2026-06-26,2026-01-23,TDBK,,2026-07-01,Repo,B397,2026-08-09,REPO,FIN,CALYPSOIFI,Rev_Repo,,2026-06-24
94707535,,2026-12-02,2026-04-25,2026-07-05,TDBK,CITIBANK NA,2026-07-01,Repo,B658,2026-01-10,REPO,FIN,CALYPSOIFI,Repo,,2026-06-17
93536635,,2025-09-06,2026-12-12,2026-08-20,TDBK,MORGAN STANLEY INTL,2026-07-01,Repo,B105,2026-04-04,REPO,FIN,CALYPSOIFI,Repo,,2026-06-17
91775772,,2026-11-28,2026-12-28,2026-11-18,TDBK,CITIBANK NA,2026-07-01,Repo,B785,2026-09-04,REPO,FIN,CALYPSOIFI,Repo,,2026-06-10
98590602,,2026-07-25,2026-09-05,2026-09-25,TDBK,CENTRAL 1 CREDIT UNION,2026-07-01,Repo,B981,2026-01-11,REPO,FIN,CALYPSOIFI,Repo,,2026-06-03
95767785,,2026-10-05,2026-09-26,2026-03-11,TDBK,,2026-07-01,Repo,B799,2026-12-10,REPO,FIN,CALYPSOIFI,Repo,,2026-06-03
97457051,,2025-02-26,2026-05-27,2026-04-20,TDBK,WELLINGTON GLOBAL EQUITY FUND 28R5,2026-07-01,Repo,B315,2026-01-07,,FIN,CALYPSOIFI,Repo,,2026-07-01
91647499,,2025-05-14,2026-08-05,2026-03-13,TDBK,BIMCOR INC,2026-07-01,Repo,B342,2026-09-10,REPO,FIN,CALYPSOIFI,Repo,,2026-07-01
96811301,,2025-12-11,2026-07-20,2026-02-21,TDBK,BANK OF NOVA SCOTIA,2026-07-01,Repo,B359,2026-06-02,REPO,FIN,CALYPSOIFI,Rev_Repo,,2026-06-10
92526725,,2026-10-14,2026-08-15,2026-04-24,TDBK,CENTRAL 1 CREDIT UNION,2026-07-01,Repo,B201,2026-05-05,REPO,FIN,CALYPSOIFI,Repo,,2026-06-03
95282465,,2026-10-03,2026-09-13,2026-10-16,TDBK,INVESTEC BANK LIMITED,2026-07-01,Repo,B546,2026-02-19,,FIN,CALYPSOIFI,Repo,,2026-06-24
97918716,,2025-08-08,2026-09-01,2026-01-19,TDBK,WELLINGTON GLOBAL EQUITY FUND 28R5,2026-07-01,Repo,B982,2026-04-08,REPO,FIN,CALYPSOIFI,Repo,,2026-06-24
94212989,,2025-11-01,2026-03-19,2026-05-11,TDBK,BANK OF NOVA SCOTIA,2026-07-01,Repo,B435,2026-12-08,REPO,FIN,CALYPSOIFI,Repo,,2026-06-24
98070617,,2025-10-11,2026-12-03,,TDBK,MORGAN STANLEY INTL,2026-07-01,Repo,B361,2026-07-14,REPO,FIN,CALYPSOIFI,Repo,,2026-06-24
91615617,,2026-08-06,2026-03-12,2026-01-19,TDBK,BANCO HABITAT,2026-07-01,Repo,B637,2026-01-17,REPO,FIN,CALYPSOIFI,Rev_Repo,,2026-06-24
98131481,,2025-05-06,2026-04-09,2026-04-11,TDBK,BANK OF NOVA SCOTIA,2026-07-01,Repo,B785,2026-01-01,REPO,FIN,CALYPSOIFI,Rev_Repo,,2026-06-24
96437909,,2026-06-09,2026-08-07,2026-10-06,TDBK,,2026-07-01,Repo,B687,2026-12-25,REPO,FIN,CALYPSOIFI,Rev_Repo,,2026-07-01
93990867,,2025-01-01,2026-03-12,2026-02-10,TDBK,BIMCOR INC,2026-07-01,,B498,2026-08-16,REPO,FIN,CALYPSOIFI,Rev_Repo,,2026-06-03
95036663,,2026-05-05,2026-03-14,2026-01-19,TDBK,BANCO HABITAT,2026-07-01,Repo,B762,2026-03-28,REPO,FIN,CALYPSOIFI,Rev_Repo,,2026-06-24
90248319,,2026-08-02,2026-10-21,2026-12-15,TDBK,INVESTEC BANK LIMITED,2026-07-01,Repo,B677,2026-06-20,REPO,FIN,CALYPSOIFI,Rev_Repo,,2026-06-10
92026739,,2025-03-26,2026-07-22,2026-02-04,TDBK,MORGAN STANLEY INTL,2026-07-01,Repo,B554,2026-11-06,REPO,,CALYPSOIFI,Repo,,2026-07-01
94900710,,2026-12-02,2026-09-18,2026-07-27,TDBK,BANK OF NOVA SCOTIA,2026-07-01,Repo,B446,2026-11-27,REPO,FIN,CALYPSOIFI,Rev_Repo,,2026-06-10
99932195,,2025-04-02,2026-07-28,2026-09-20,TDBK,MORGAN STANLEY INTL,2026-07-01,Repo,B677,2026-09-23,REPO,FIN,CALYPSOIFI,Rev_Repo,,2026-06-03
95743401,,2026-02-16,2026-04-03,2026-05-13,TDBK,MORGAN STANLEY INTL,2026-07-01,Repo,B321,2026-07-14,REPO,FIN,CALYPSOIFI,Rev_Repo,,2026-06-03
92509715,,2025-05-26,2026-03-12,2026-07-20,TDBK,BANCO HABITAT,2026-07-01,Repo,B771,2026-08-22,REPO,FIN,CALYPSOIFI,Repo,,2026-06-24
90953580,,2025-01-07,2026-10-26,2026-05-17,TDBK,SWISS LIFE AG,2026-07-01,Repo,B290,2026-02-28,,FIN,CALYPSOIFI,Repo,,2026-06-03
92319017,,2026-10-01,2026-08-14,2026-06-20,TDBK,CITIBANK NA,2026-07-01,Repo,B847,2026-08-12,REPO,FIN,CALYPSOIFI,Rev_Repo,,2026-07-01
93457538,,2025-11-06,2026-10-17,2026-06-13,TDBK,DEUTSCHE BANK A.G.,2026-07-01,Repo,B552,2026-05-26,REPO,,CALYPSOIFI,Rev_Repo,,2026-06-24
94916593,,2025-02-13,2026-01-13,2026-04-06,TDBK,MORGAN STANLEY INTL,2026-07-01,Repo,B925,2026-03-12,REPO,FIN,CALYPSOIFI,Rev_Repo,,2026-06-17
98160383,,2026-01-26,2026-03-10,2026-11-13,TDBK,CITIBANK NA,2026-07-01,Repo,B550,2026-11-02,REPO,FIN,CALYPSOIFI,Rev_Repo,,2026-07-01
90791765,,2026-09-03,2026-06-15,2026-12-03,TDBK,CITIBANK NA,2026-07-01,Repo,B838,2026-11-24,REPO,FIN,CALYPSOIFI,Repo,,2026-06-10
92607401,,2025-05-22,2026-10-04,2026-11-20,TDBK,CITIBANK NA,2026-07-01,Repo,B344,2026-08-11,REPO,FIN,CALYPSOIFI,Repo,,2026-06-24
96782490,,2026-01-18,2026-04-15,2026-11-23,TDBK,CENTRAL 1 CREDIT UNION,2026-07-01,Repo,B581,2026-09-10,REPO,FIN,CALYPSOIFI,Rev_Repo,,2026-07-01
94811620,,2026-12-28,2026-07-17,2026-12-25,TDBK,CITIBANK NA,2026-07-01,Repo,B506,2026-07-15,REPO,,CALYPSOIFI,Rev_Repo,,2026-06-24
96614553,,2026-07-08,2026-09-23,2026-12-11,TDBK,BANK OF NOVA SCOTIA,2026-07-01,Repo,B276,2026-07-15,REPO,FIN,CALYPSOIFI,Repo,,2026-06-24
98576124,,2026-10-09,2026-12-08,2026-06-12,TDBK,DEUTSCHE BANK A.G.,2026-07-01,Repo,B501,2026-10-17,REPO,FIN,CALYPSOIFI,Repo,,2026-06-03
90193651,,2026-03-11,2026-08-21,2026-07-19,TDBK,SWISS LIFE AG,2026-07-01,Repo,B921,2026-05-22,REPO,FIN,CALYPSOIFI,Rev_Repo,,2026-07-01
91749710,,2026-09-12,2026-01-01,2026-04-22,TDBK,MORGAN STANLEY INTL,2026-07-01,Repo,B342,2026-06-01,REPO,FIN,CALYPSOIFI,Rev_Repo,,2026-06-17
91811573,,2025-06-06,2026-09-26,2026-07-02,TDBK,BANCO HABITAT,2026-07-01,Repo,B419,2026-02-10,,FIN,CALYPSOIFI,Repo,,2026-06-24
96913535,,2026-09-04,2026-09-02,,TDBK,CENTRAL 1 CREDIT UNION,2026-07-01,Repo,B160,2026-06-01,REPO,FIN,CALYPSOIFI,Rev_Repo,,2026-06-17
91853349,,2025-05-20,2026-12-20,2026-07-12,TDBK,INVESTEC BANK LIMITED,2026-07-01,Repo,B877,2026-10-04,,,CALYPSOIFI,Repo,,2026-07-01
92449044,,2026-05-18,2026-03-08,2026-01-02,TDBK,BANK OF NOVA SCOTIA,2026-07-01,Repo,B258,2026-07-25,REPO,FIN,CALYPSOIFI,Repo,,2026-07-01
93338990,,2025-12-03,2026-09-28,2026-12-22,TDBK,,2026-07-01,Repo,B943,2026-07-18,REPO,FIN,CALYPSOIFI,Repo,,2026-06-24
95391919,,2026-09-16,2026-03-21,2026-01-10,TDBK,DEUTSCHE BANK A.G.,2026-07-01,Repo,B579,2026-10-23,REPO,FIN,CALYPSOIFI,Rev_Repo,,2026-06-03
95829281,,2025-04-23,2026-12-16,,TDBK,BIMCOR INC,2026-07-01,Repo,B138,2026-07-11,REPO,FIN,CALYPSOIFI,Repo,,2026-06-03
92611376,,2026-01-03,2026-02-23,2026-08-14,TDBK,BANCO HABITAT,2026-07-01,Repo,B400,2026-06-05,,FIN,CALYPSOIFI,Repo,,2026-07-01
92964116,,2025-07-24,2026-08-10,2026-04-22,TDBK,MORGAN STANLEY INTL,2026-07-01,Repo,B908,2026-09-03,REPO,FIN,CALYPSOIFI,Repo,,2026-06-24
95769791,,2026-02-06,2026-05-01,2026-09-19,TDBK,BIMCOR INC,2026-07-01,Repo,B360,2026-08-10,REPO,FIN,CALYPSOIFI,Repo,,2026-06-17
98195957,,2026-02-08,2026-10-14,2026-07-09,TDBK,INVESTEC BANK LIMITED,2026-07-01,Repo,B631,2026-06-12,REPO,FIN,CALYPSOIFI,Rev_Repo,,2026-06-03
91277914,,2025-03-18,2026-03-09,2026-01-08,TDBK,BANCO HABITAT,2026-07-01,Repo,B620,2026-11-06,REPO,FIN,CALYPSOIFI,Repo,,2026-06-03
92554954,,2026-03-10,2026-07-21,2026-03-24,TDBK,SWISS LIFE AG,2026-07-01,Repo,B519,2026-11-28,REPO,FIN,CALYPSOIFI,Rev_Repo,,2026-07-01
90935244,,2025-05-24,2026-08-16,2026-05-04,TDBK,CENTRAL 1 CREDIT UNION,2026-07-01,Repo,B466,2026-07-13,REPO,FIN,CALYPSOIFI,Repo,,2026-06-10
93585683,,2026-05-19,2026-08-24,2026-03-11,TDBK,WELLINGTON GLOBAL EQUITY FUND 28R5,2026-07-01,Repo,B284,2026-02-18,REPO,FIN,CALYPSOIFI,Rev_Repo,,2026-06-24
98508265,,2025-03-03,2026-08-27,2026-03-01,TDBK,,2026-07-01,Repo,B754,2026-12-17,REPO,FIN,CALYPSOIFI,Rev_Repo,,2026-06-03
94736966,,2026-03-09,2026-04-26,2026-12-10,TDBK,SWISS LIFE AG,2026-07-01,Repo,B180,2026-04-07,REPO,FIN,CALYPSOIFI,Repo,,2026-06-10
97180364,,2026-06-20,2026-08-15,2026-01-14,TDBK,CITIBANK NA,2026-07-01,Repo,B589,2026-01-26,REPO,FIN,CALYPSOIFI,Rev_Repo,,2026-06-24
91771931,,2026-10-10,2026-09-13,2026-11-06,TDBK,WELLINGTON GLOBAL EQUITY FUND 28R5,2026-07-01,Repo,B574,2026-04-08,REPO,FIN,CALYPSOIFI,Rev_Repo,,2026-06-10
94586874,,2025-08-08,2026-06-21,2026-11-22,TDBK,CENTRAL 1 CREDIT UNION,2026-07-01,Repo,B973,2026-10-07,REPO,FIN,CALYPSOIFI,Rev_Repo,,2026-06-10
98652543,,2025-03-06,2026-12-08,2026-05-09,TDBK,SWISS LIFE AG,2026-07-01,Repo,B716,2026-05-14,REPO,FIN,CALYPSOIFI,Rev_Repo,,2026-06-03
97313646,,2026-09-12,2026-03-24,2026-12-28,TDBK,BANCO HABITAT,2026-07-01,Repo,B832,2026-04-04,REPO,FIN,CALYPSOIFI,Repo,,2026-06-17
90991827,,2026-01-02,2026-07-28,2026-08-26,TDBK,SWISS LIFE AG,2026-07-01,Repo,B457,2026-04-14,REPO,FIN,CALYPSOIFI,Rev_Repo,,2026-06-17
90984184,,2026-03-22,2026-12-27,2026-11-27,TDBK,BANK OF NOVA SCOTIA,2026-07-01,Repo,B306,2026-02-18,REPO,FIN,CALYPSOIFI,Rev_Repo,,2026-07-01
98584767,,2026-08-07,2026-02-07,2026-12-03,TDBK,WELLINGTON GLOBAL EQUITY FUND 28R5,2026-07-01,Repo,B268,2026-03-21,REPO,FIN,CALYPSOIFI,Rev_Repo,,2026-06-24
99596297,,2025-11-16,2026-10-04,2026-09-24,TDBK,MORGAN STANLEY INTL,2026-07-01,Repo,B483,2026-02-09,REPO,FIN,CALYPSOIFI,Rev_Repo,,2026-06-03
96664260,,2026-11-26,2026-06-05,,TDBK,,2026-07-01,Repo,B973,2026-03-02,REPO,FIN,CALYPSOIFI,Rev_Repo,,2026-06-17
97580653,,2025-02-10,2026-02-24,2026-06-17,TDBK,WELLINGTON GLOBAL EQUITY FUND 28R5,2026-07-01,Repo,B170,2026-05-13,REPO,FIN,CALYPSOIFI,Repo,,2026-06-24
93639777,,2025-03-27,2026-03-03,2026-05-08,TDBK,DEUTSCHE BANK A.G.,2026-07-01,Repo,B363,2026-06-11,REPO,FIN,CALYPSOIFI,Rev_Repo,,2026-07-01
92766763,,2025-05-12,2026-07-02,2026-05-23,TDBK,CITIBANK NA,2026-07-01,Repo,B527,2026-09-16,REPO,FIN,CALYPSOIFI,Repo,,2026-06-24
95011321,,2026-05-17,2026-09-18,2026-01-14,TDBK,BANCO HABITAT,2026-07-01,Repo,B899,2026-11-22,REPO,FIN,CALYPSOIFI,Repo,,2026-06-10
97341627,,2026-09-04,2026-06-12,2026-12-14,TDBK,MORGAN STANLEY INTL,2026-07-01,Repo,B568,2026-08-19,,FIN,CALYPSOIFI,Rev_Repo,,2026-06-10
90252114,,2026-01-19,2026-03-05,2026-06-14,TDBK,CENTRAL 1 CREDIT UNION,2026-07-01,Repo,B557,2026-04-06,REPO,FIN,CALYPSOIFI,Rev_Repo,,2026-06-03
94787610,,2026-05-28,2026-03-20,2026-08-06,TDBK,BANCO HABITAT,2026-07-01,Repo,B703,2026-06-08,REPO,FIN,CALYPSOIFI,Repo,,2026-07-01
97558296,,2026-05-11,2026-04-22,2026-02-12,TDBK,BANK OF NOVA SCOTIA,2026-07-01,Repo,B935,2026-11-24,REPO,FIN,CALYPSOIFI,Rev_Repo,,2026-06-03
92422869,,2026-03-02,2026-05-09,2026-06-03,TDBK,DEUTSCHE BANK A.G.,2026-07-01,Repo,B143,2026-10-06,REPO,FIN,CALYPSOIFI,Rev_Repo,,2026-06-17
94697949,,2025-02-04,2026-11-12,2026-05-19,TDBK,,2026-07-01,Repo,B625,2026-04-01,REPO,FIN,CALYPSOIFI,Rev_Repo,,2026-06-03
93752568,,2026-08-08,2026-10-05,2026-05-20,TDBK,BANCO HABITAT,2026-07-01,Repo,B101,2026-04-23,REPO,FIN,CALYPSOIFI,Repo,,2026-06-17
92484717,,2025-01-18,2026-10-19,2026-01-11,TDBK,INVESTEC BANK LIMITED,2026-07-01,Repo,B613,2026-05-25,REPO,FIN,CALYPSOIFI,Rev_Repo,,2026-07-01
90246164,,2026-11-16,2026-06-02,2026-05-16,TDBK,INVESTEC BANK LIMITED,2026-07-01,,B120,2026-08-15,REPO,FIN,CALYPSOIFI,Repo,,2026-06-03
91563848,,2026-12-08,2026-05-01,2026-09-01,TDBK,BIMCOR INC,2026-07-01,Repo,B829,2026-11-18,REPO,FIN,CALYPSOIFI,Rev_Repo,,2026-06-24
93530189,,2026-02-15,2026-01-16,2026-07-16,TDBK,CITIBANK NA,2026-07-01,Repo,B226,2026-12-24,REPO,FIN,CALYPSOIFI,Repo,,2026-06-03
97333989,,2025-09-19,2026-11-17,2026-03-06,TDBK,BANCO HABITAT,2026-07-01,Repo,B791,2026-11-21,REPO,,CALYPSOIFI,Repo,,2026-06-03
99756978,,2025-04-08,2026-02-15,2026-01-12,TDBK,DEUTSCHE BANK A.G.,2026-07-01,Repo,B307,2026-07-08,REPO,FIN,CALYPSOIFI,Repo,,2026-07-01
90304565,,2025-07-06,2026-12-10,2026-04-15,TDBK,CENTRAL 1 CREDIT UNION,2026-07-01,Repo,B733,2026-12-19,REPO,FIN,CALYPSOIFI,Repo,,2026-06-24
98756616,,2025-09-27,2026-04-07,2026-04-07,TDBK,BIMCOR INC,2026-07-01,Repo,B988,2026-12-09,REPO,FIN,CALYPSOIFI,Repo,,2026-06-03
99878547,,2025-03-20,2026-02-07,2026-12-07,TDBK,CITIBANK NA,2026-07-01,Repo,B365,2026-11-20,REPO,FIN,CALYPSOIFI,Repo,,2026-06-24
99085481,,2026-11-02,2026-02-12,2026-05-11,TDBK,CITIBANK NA,2026-07-01,,B183,2026-01-13,REPO,,CALYPSOIFI,Repo,,2026-06-03
94387373,,2025-01-04,2026-10-05,2026-03-20,TDBK,BANK OF NOVA SCOTIA,2026-07-01,Repo,B720,2026-07-05,REPO,FIN,CALYPSOIFI,Rev_Repo,,2026-07-01
92109570,,2025-10-11,2026-05-14,2026-12-17,TDBK,SWISS LIFE AG,2026-07-01,Repo,B628,2026-02-25,REPO,FIN,CALYPSOIFI,Rev_Repo,,2026-06-03
96711826,,2025-09-11,2026-05-13,2026-08-16,TDBK,CITIBANK NA,2026-07-01,Repo,B980,2026-09-20,REPO,FIN,CALYPSOIFI,Repo,,2026-06-17
90394580,,2025-12-16,2026-11-08,2026-03-02,TDBK,BANK OF NOVA SCOTIA,2026-07-01,Repo,B533,2026-10-24,REPO,,CALYPSOIFI,Repo,,2026-06-10
96492327,,2026-08-18,2026-09-26,,TDBK,BANK OF NOVA SCOTIA,2026-07-01,Repo,B384,2026-08-14,REPO,FIN,CALYPSOIFI,Repo,,2026-06-03
90569134,,2025-05-25,2026-02-18,2026-10-19,TDBK,CITIBANK NA,2026-07-01,Repo,B966,2026-05-25,REPO,,CALYPSOIFI,Repo,,2026-06-24
98712538,,2026-09-06,2026-05-13,2026-02-25,TDBK,WELLINGTON GLOBAL EQUITY FUND 28R5,2026-07-01,Repo,B700,2026-02-25,REPO,FIN,CALYPSOIFI,Rev_Repo,,2026-07-01
97055935,,2026-01-03,2026-05-05,2026-10-26,TDBK,BANK OF NOVA SCOTIA,2026-07-01,Repo,B881,2026-05-11,REPO,FIN,CALYPSOIFI,Rev_Repo,,2026-06-10
92907349,,2026-07-05,2026-03-19,,TDBK,CITIBANK NA,2026-07-01,Repo,B627,2026-02-04,REPO,FIN,CALYPSOIFI,Repo,,2026-06-24
96616687,,2026-04-26,2026-07-27,2026-04-16,TDBK,WELLINGTON GLOBAL EQUITY FUND 28R5,2026-07-01,Repo,B589,2026-04-17,REPO,FIN,CALYPSOIFI,Repo,,2026-06-24
97396847,,2025-11-18,2026-03-25,2026-07-24,TDBK,DEUTSCHE BANK A.G.,2026-07-01,Repo,B757,2026-01-22,REPO,FIN,CALYPSOIFI,Rev_Repo,,2026-06-10
93124817,,2026-11-27,2026-10-12,,TDBK,BANK OF NOVA SCOTIA,2026-07-01,Repo,B611,2026-06-24,REPO,FIN,CALYPSOIFI,Repo,,2026-06-24
97568387,,2025-12-05,2026-09-21,2026-07-07,TDBK,MORGAN STANLEY INTL,2026-07-01,Repo,B357,2026-09-28,REPO,FIN,CALYPSOIFI,Rev_Repo,,2026-06-24
93238479,,2025-12-24,2026-11-11,2026-10-21,TDBK,SWISS LIFE AG,2026-07-01,Repo,B661,2026-12-22,REPO,FIN,CALYPSOIFI,Rev_Repo,,2026-06-24
97733294,,2025-08-10,2026-08-07,2026-08-21,TDBK,BANCO HABITAT,2026-07-01,Repo,B935,2026-05-11,REPO,FIN,CALYPSOIFI,Repo,,2026-07-01
94233612,,2025-01-26,2026-10-03,2026-03-15,TDBK,BANK OF NOVA SCOTIA,2026-07-01,Repo,B160,2026-09-06,REPO,FIN,CALYPSOIFI,Rev_Repo,,2026-06-24
90312565,,2025-08-13,2026-04-08,2026-06-27,TDBK,CENTRAL 1 CREDIT UNION,2026-07-01,,B282,2026-10-26,REPO,,CALYPSOIFI,Repo,,2026-06-03
90329603,,2025-07-08,2026-11-13,2026-04-24,TDBK,INVESTEC BANK LIMITED,2026-07-01,Repo,B335,2026-10-09,REPO,FIN,CALYPSOIFI,Rev_Repo,,2026-06-24
97397495,,2025-11-20,2026-04-23,2026-02-20,TDBK,SWISS LIFE AG,2026-07-01,Repo,B926,2026-08-07,REPO,FIN,CALYPSOIFI,Rev_Repo,,2026-06-24
98772044,,2026-04-27,2026-09-13,2026-11-14,TDBK,BANCO HABITAT,2026-07-01,Repo,B429,2026-12-25,REPO,FIN,CALYPSOIFI,Rev_Repo,,2026-06-17
92393734,,2026-02-28,2026-10-28,2026-04-13,TDBK,,2026-07-01,Repo,B436,2026-05-01,REPO,FIN,CALYPSOIFI,Repo,,2026-06-03
98128658,,2025-12-02,2026-03-22,2026-06-28,TDBK,BANK OF NOVA SCOTIA,2026-07-01,Repo,B251,2026-08-17,REPO,FIN,CALYPSOIFI,Repo,,2026-06-10
90736275,,2026-09-14,2026-11-18,2026-04-02,TDBK,CENTRAL 1 CREDIT UNION,2026-07-01,Repo,B190,2026-01-02,REPO,FIN,CALYPSOIFI,Repo,,2026-06-10
91678277,,2025-04-22,2026-03-12,2026-05-04,TDBK,WELLINGTON GLOBAL EQUITY FUND 28R5,2026-07-01,Repo,B161,2026-01-05,REPO,FIN,CALYPSOIFI,Rev_Repo,,2026-06-03
95311481,,2025-08-27,2026-05-03,2026-01-12,TDBK,MORGAN STANLEY INTL,2026-07-01,Repo,B446,2026-12-25,,FIN,CALYPSOIFI,Repo,,2026-06-17
95315706,,2025-12-09,2026-03-25,2026-05-11,TDBK,INVESTEC BANK LIMITED,2026-07-01,Repo,B416,2026-06-28,REPO,FIN,CALYPSOIFI,Repo,,2026-06-17
95122155,,2025-03-13,2026-09-21,2026-05-27,TDBK,BANK OF NOVA SCOTIA,2026-07-01,Repo,B861,2026-02-06,REPO,FIN,CALYPSOIFI,Rev_Repo,,2026-06-03
96383768,,2025-04-20,2026-06-02,2026-09-14,TDBK,BANK OF NOVA SCOTIA,2026-07-01,Repo,B247,2026-03-20,REPO,FIN,CALYPSOIFI,Rev_Repo,,2026-06-24
97659231,,2025-07-28,2026-03-28,2026-03-11,TDBK,CENTRAL 1 CREDIT UNION,2026-07-01,Repo,B366,2026-11-17,REPO,FIN,CALYPSOIFI,Repo,,2026-06-03
94302003,,2026-08-19,2026-06-08,2026-04-26,TDBK,WELLINGTON GLOBAL EQUITY FUND 28R5,2026-07-01,Repo,B363,2026-05-28,REPO,FIN,CALYPSOIFI,Repo,,2026-06-10
92332668,,2025-05-03,2026-01-16,,TDBK,BIMCOR INC,2026-07-01,Repo,B836,2026-12-19,REPO,FIN,CALYPSOIFI,Rev_Repo,,2026-06-17
95924553,,2025-08-27,2026-07-28,2026-02-09,TDBK,BIMCOR INC,2026-07-01,,B355,2026-02-21,REPO,FIN,CALYPSOIFI,Rev_Repo,,2026-06-24
90492307,,2025-01-07,2026-01-01,2026-02-12,TDBK,CENTRAL 1 CREDIT UNION,2026-07-01,,B901,2026-07-06,REPO,FIN,CALYPSOIFI,Rev_Repo,,2026-06-17
96611453,,2025-02-01,2026-11-28,2026-07-10,TDBK,,2026-07-01,Repo,B275,2026-01-20,REPO,,CALYPSOIFI,Rev_Repo,,2026-07-01
94355124,,2026-12-27,2026-11-08,2026-01-06,TDBK,,2026-07-01,Repo,B125,2026-06-20,REPO,FIN,CALYPSOIFI,Repo,,2026-06-24
94082790,,2026-02-10,2026-07-21,2026-01-06,TDBK,INVESTEC BANK LIMITED,2026-07-01,Repo,B293,2026-12-27,REPO,FIN,CALYPSOIFI,Repo,,2026-07-01
96144905,,2026-01-12,2026-11-24,2026-01-20,TDBK,CITIBANK NA,2026-07-01,Repo,B925,2026-08-15,,FIN,CALYPSOIFI,Rev_Repo,,2026-07-01
94186578,,2026-09-16,2026-04-18,2026-01-22,TDBK,INVESTEC BANK LIMITED,2026-07-01,Repo,B849,2026-09-19,REPO,FIN,CALYPSOIFI,Rev_Repo,,2026-06-10
96590837,,2025-01-08,2026-03-10,2026-02-14,TDBK,MORGAN STANLEY INTL,2026-07-01,Repo,B390,2026-04-27,REPO,FIN,CALYPSOIFI,Rev_Repo,,2026-06-10
92282901,,2025-08-14,2026-03-02,,TDBK,SWISS LIFE AG,2026-07-01,Repo,B200,2026-09-24,REPO,FIN,CALYPSOIFI,Repo,,2026-07-01
91726203,,2026-07-28,2026-05-12,2026-06-06,TDBK,INVESTEC BANK LIMITED,2026-07-01,Repo,B280,2026-04-28,REPO,FIN,CALYPSOIFI,Rev_Repo,,2026-06-03
96709873,,2026-05-03,2026-02-07,,TDBK,DEUTSCHE BANK A.G.,2026-07-01,Repo,B863,2026-08-18,REPO,FIN,CALYPSOIFI,Repo,,2026-06-17
93530486,,2025-07-27,2026-05-02,2026-11-15,TDBK,BANK OF NOVA SCOTIA,2026-07-01,Repo,B537,2026-03-25,REPO,FIN,CALYPSOIFI,Repo,,2026-07-01
91214674,,2026-10-20,2026-09-08,2026-10-02,TDBK,CITIBANK NA,2026-07-01,Repo,B759,2026-02-06,REPO,FIN,CALYPSOIFI,Repo,,2026-06-10
90782722,,2026-06-05,2026-03-02,2026-02-01,TDBK,BANK OF NOVA SCOTIA,2026-07-01,Repo,B656,2026-09-16,REPO,FIN,CALYPSOIFI,Rev_Repo,,2026-06-17
93373696,,2025-04-04,2026-12-17,2026-03-06,TDBK,BANCO HABITAT,2026-07-01,Repo,B431,2026-02-10,REPO,FIN,CALYPSOIFI,Repo,,2026-06-10
95701105,,2025-05-24,2026-02-02,2026-02-18,TDBK,CENTRAL 1 CREDIT UNION,2026-07-01,Repo,B360,2026-10-27,REPO,FIN,CALYPSOIFI,Rev_Repo,,2026-06-17
93860747,,2025-02-28,2026-09-08,2026-12-19,TDBK,INVESTEC BANK LIMITED,2026-07-01,Repo,B703,2026-01-20,REPO,FIN,CALYPSOIFI,Rev_Repo,,2026-06-03
95711244,,2026-03-06,2026-11-24,2026-01-20,TDBK,BIMCOR INC,2026-07-01,,B126,2026-04-02,REPO,FIN,CALYPSOIFI,Rev_Repo,,2026-06-03
97571152,,2025-04-12,2026-08-28,,TDBK,WELLINGTON GLOBAL EQUITY FUND 28R5,2026-07-01,Repo,B999,2026-05-10,REPO,FIN,CALYPSOIFI,Repo,,2026-06-24
95821865,,2026-08-02,2026-11-20,2026-04-15,TDBK,WELLINGTON GLOBAL EQUITY FUND 28R5,2026-07-01,Repo,B566,2026-03-07,REPO,FIN,CALYPSOIFI,Rev_Repo,,2026-07-01
91379427,,2026-04-04,2026-01-06,2026-05-26,TDBK,SWISS LIFE AG,2026-07-01,Repo,B775,2026-06-24,REPO,FIN,CALYPSOIFI,Rev_Repo,,2026-06-10
95520761,,2025-06-20,2026-04-07,2026-07-04,TDBK,WELLINGTON GLOBAL EQUITY FUND 28R5,2026-07-01,Repo,B398,2026-04-04,REPO,FIN,CALYPSOIFI,Repo,,2026-06-24
95091791,,2025-10-07,2026-04-01,2026-06-07,TDBK,DEUTSCHE BANK A.G.,2026-07-01,Repo,B432,2026-06-23,REPO,FIN,CALYPSOIFI,Repo,,2026-06-10
98130292,,2025-01-26,2026-11-21,,TDBK,WELLINGTON GLOBAL EQUITY FUND 28R5,2026-07-01,Repo,B922,2026-02-04,REPO,FIN,CALYPSOIFI,Repo,,2026-07-01
94257152,,2025-04-05,2026-07-25,2026-01-14,TDBK,BIMCOR INC,2026-07-01,Repo,B420,2026-08-03,REPO,,CALYPSOIFI,Repo,,2026-07-01
93759303,,2026-11-02,2026-10-22,2026-12-17,TDBK,MORGAN STANLEY INTL,2026-07-01,Repo,B746,2026-08-13,REPO,FIN,CALYPSOIFI,Repo,,2026-06-24
92516897,,2026-07-05,2026-09-17,2026-09-25,TDBK,INVESTEC BANK LIMITED,2026-07-01,Repo,B330,2026-01-12,REPO,FIN,CALYPSOIFI,Rev_Repo,,2026-06-17
99540356,,2026-04-01,2026-04-28,2026-11-24,TDBK,,2026-07-01,Repo,B328,2026-09-17,REPO,FIN,CALYPSOIFI,Repo,,2026-06-17
92880800,,2025-12-22,2026-04-06,2026-06-09,TDBK,,2026-07-01,Repo,B929,2026-07-22,REPO,FIN,CALYPSOIFI,Rev_Repo,,2026-06-10
93948956,,2025-06-16,2026-10-15,2026-04-15,TDBK,DEUTSCHE BANK A.G.,2026-07-01,Repo,B896,2026-03-20,REPO,FIN,CALYPSOIFI,Rev_Repo,,2026-06-24
94692886,,2026-08-10,2026-05-06,2026-01-16,TDBK,BANCO HABITAT,2026-07-01,Repo,B360,2026-06-20,REPO,FIN,CALYPSOIFI,Repo,,2026-06-17
91636376,,2026-07-10,2026-03-28,2026-04-02,TDBK,INVESTEC BANK LIMITED,2026-07-01,Repo,B639,2026-10-09,REPO,FIN,CALYPSOIFI,Rev_Repo,,2026-06-17
96207002,,2025-09-01,2026-11-17,2026-03-12,TDBK,,2026-07-01,,B102,2026-08-05,REPO,FIN,CALYPSOIFI,Repo,,2026-07-01
98300196,,2025-04-17,2026-05-27,2026-05-10,TDBK,SWISS LIFE AG,2026-07-01,Repo,B938,2026-02-15,,FIN,CALYPSOIFI,Rev_Repo,,2026-07-01
97000877,,2025-05-21,2026-10-04,2026-02-03,TDBK,SWISS LIFE AG,2026-07-01,Repo,B360,2026-05-28,REPO,FIN,CALYPSOIFI,Repo,,2026-06-17
92199235,,2026-07-12,2026-02-14,2026-06-08,TDBK,MORGAN STANLEY INTL,2026-07-01,Repo,B802,2026-10-12,REPO,FIN,CALYPSOIFI,Rev_Repo,,2026-07-01
95120400,,2026-07-10,2026-02-20,2026-03-14,TDBK,CITIBANK NA,2026-07-01,Repo,B161,2026-05-08,REPO,FIN,CALYPSOIFI,Repo,,2026-07-01
93028473,,2026-09-05,2026-12-28,2026-09-25,TDBK,SWISS LIFE AG,2026-07-01,Repo,B869,2026-04-26,REPO,FIN,CALYPSOIFI,Rev_Repo,,2026-06-10
99702915,,2025-04-08,2026-02-27,2026-11-02,TDBK,BANK OF NOVA SCOTIA,2026-07-01,Repo,B230,2026-04-15,REPO,FIN,CALYPSOIFI,Rev_Repo,,2026-06-03
98698980,,2026-06-02,2026-02-28,2026-07-10,TDBK,CENTRAL 1 CREDIT UNION,2026-07-01,Repo,B361,2026-07-10,REPO,FIN,CALYPSOIFI,Rev_Repo,,2026-06-17
92205689,,2025-07-24,2026-01-25,2026-12-28,TDBK,CENTRAL 1 CREDIT UNION,2026-07-01,Repo,B258,2026-02-09,REPO,FIN,CALYPSOIFI,Rev_Repo,,2026-06-17
95069960,,2026-06-03,2026-09-11,2026-11-08,TDBK,BANCO HABITAT,2026-07-01,Repo,B208,2026-07-15,REPO,FIN,CALYPSOIFI,Repo,,2026-06-10
95171461,,2026-02-12,2026-04-06,2026-05-21,TDBK,CITIBANK NA,2026-07-01,Repo,B776,2026-12-22,REPO,FIN,CALYPSOIFI,Repo,,2026-06-10
90863097,,2025-05-25,2026-11-28,2026-01-22,TDBK,CITIBANK NA,2026-07-01,Repo,B518,2026-02-13,REPO,FIN,CALYPSOIFI,Rev_Repo,,2026-06-10
91454492,,2025-10-13,2026-08-05,2026-09-16,TDBK,DEUTSCHE BANK A.G.,2026-07-01,Repo,B849,2026-07-08,REPO,FIN,CALYPSOIFI,Repo,,2026-06-03
94568684,,2025-08-14,2026-10-05,2026-02-16,TDBK,,2026-07-01,Repo,B550,2026-09-14,REPO,FIN,CALYPSOIFI,Repo,,2026-06-10
99438243,,2026-07-24,2026-01-28,2026-04-19,TDBK,DEUTSCHE BANK A.G.,2026-07-01,Repo,B318,2026-04-27,REPO,FIN,CALYPSOIFI,Repo,,2026-06-10
99594296,,2026-08-07,2026-10-10,2026-07-08,TDBK,BANCO HABITAT,2026-07-01,Repo,B825,2026-08-20,REPO,FIN,CALYPSOIFI,Repo,,2026-06-24
91768103,,2026-12-09,2026-12-06,2026-03-21,TDBK,CITIBANK NA,2026-07-01,Repo,B162,2026-04-23,REPO,FIN,CALYPSOIFI,Rev_Repo,,2026-06-03
98931039,,2025-10-25,2026-08-23,2026-07-01,TDBK,BIMCOR INC,2026-07-01,Repo,B831,2026-11-06,REPO,FIN,CALYPSOIFI,Repo,,2026-07-01
94701227,,2025-07-06,2026-10-22,2026-11-24,TDBK,SWISS LIFE AG,2026-07-01,Repo,B251,2026-01-25,REPO,FIN,CALYPSOIFI,Rev_Repo,,2026-06-10
93053972,,2026-01-10,2026-07-15,2026-07-03,TDBK,BIMCOR INC,2026-07-01,Repo,B535,2026-07-05,REPO,FIN,CALYPSOIFI,Rev_Repo,,2026-07-01
93998142,,2025-11-24,2026-12-25,2026-05-26,TDBK,MORGAN STANLEY INTL,2026-07-01,Repo,B677,2026-04-13,REPO,FIN,CALYPSOIFI,Repo,,2026-06-03
95323100,,2025-05-24,2026-04-06,2026-03-19,TDBK,INVESTEC BANK LIMITED,2026-07-01,Repo,B628,2026-02-06,REPO,FIN,CALYPSOIFI,Repo,,2026-06-17
91774522,,2025-10-18,2026-03-10,2026-03-24,TDBK,MORGAN STANLEY INTL,2026-07-01,Repo,B997,2026-01-05,REPO,FIN,CALYPSOIFI,Repo,,2026-06-03
91443107,,2025-02-15,2026-05-10,2026-12-12,TDBK,DEUTSCHE BANK A.G.,2026-07-01,Repo,B491,2026-02-09,REPO,FIN,CALYPSOIFI,Repo,,2026-06-24
93395584,,2026-12-04,2026-03-20,2026-08-16,TDBK,BIMCOR INC,2026-07-01,Repo,B888,2026-10-27,REPO,FIN,CALYPSOIFI,Repo,,2026-06-10
99393297,,2026-11-04,2026-10-10,2026-07-12,TDBK,CENTRAL 1 CREDIT UNION,2026-07-01,Repo,B902,2026-02-08,REPO,FIN,CALYPSOIFI,Rev_Repo,,2026-07-01
96386628,,2025-11-20,2026-03-08,2026-06-06,TDBK,BANK OF NOVA SCOTIA,2026-07-01,Repo,B375,2026-08-12,REPO,FIN,CALYPSOIFI,Repo,,2026-06-10
96057508,,2025-05-28,2026-06-12,2026-02-13,TDBK,BANCO HABITAT,2026-07-01,Repo,B357,2026-04-26,,FIN,CALYPSOIFI,Rev_Repo,,2026-06-10
90009106,,2025-07-16,2026-06-07,2026-03-24,TDBK,WELLINGTON GLOBAL EQUITY FUND 28R5,2026-07-01,Repo,B930,2026-06-22,REPO,FIN,CALYPSOIFI,Repo,,2026-06-03
97022194,,2026-12-06,2026-10-27,2026-08-17,TDBK,WELLINGTON GLOBAL EQUITY FUND 28R5,2026-07-01,Repo,B174,2026-11-18,REPO,FIN,CALYPSOIFI,Repo,,2026-06-24
92500681,,2026-09-09,2026-06-21,,TDBK,BANCO HABITAT,2026-07-01,Repo,B318,2026-10-05,REPO,FIN,CALYPSOIFI,Rev_Repo,,2026-07-01
95993016,,2025-04-01,2026-12-05,2026-02-24,TDBK,SWISS LIFE AG,2026-07-01,Repo,B841,2026-11-23,REPO,FIN,CALYPSOIFI,Repo,,2026-06-24
97422308,,2026-11-11,2026-06-08,2026-04-15,TDBK,WELLINGTON GLOBAL EQUITY FUND 28R5,2026-07-01,Repo,B602,2026-11-25,REPO,FIN,CALYPSOIFI,Repo,,2026-06-24
99194151,,2025-12-09,2026-01-13,,TDBK,CITIBANK NA,2026-07-01,Repo,B412,2026-11-14,REPO,FIN,CALYPSOIFI,Rev_Repo,,2026-06-17
97542178,,2026-02-10,2026-09-19,,TDBK,BIMCOR INC,2026-07-01,Repo,B286,2026-01-23,REPO,FIN,CALYPSOIFI,Rev_Repo,,2026-06-10
95187942,,2026-11-08,2026-04-27,2026-02-03,TDBK,CITIBANK NA,2026-07-01,Repo,B756,2026-03-20,REPO,FIN,CALYPSOIFI,Repo,,2026-06-03
97049206,,2025-03-08,2026-05-03,,TDBK,,2026-07-01,Repo,B435,2026-11-25,,FIN,CALYPSOIFI,Rev_Repo,,2026-06-24
90857639,,2026-02-01,2026-02-04,2026-12-11,TDBK,CENTRAL 1 CREDIT UNION,2026-07-01,Repo,B264,2026-03-23,REPO,FIN,CALYPSOIFI,Rev_Repo,,2026-06-24
96331715,,2026-04-14,2026-09-17,2026-01-06,TDBK,BANCO HABITAT,2026-07-01,Repo,B797,2026-05-12,REPO,FIN,CALYPSOIFI,Repo,,2026-06-17
97455599,,2025-04-25,2026-03-02,2026-09-09,TDBK,WELLINGTON GLOBAL EQUITY FUND 28R5,2026-07-01,Repo,B487,2026-06-23,REPO,,CALYPSOIFI,Repo,,2026-07-01
97030181,,2026-08-09,2026-08-01,2026-08-27,TDBK,BIMCOR INC,2026-07-01,Repo,B333,2026-04-14,REPO,FIN,CALYPSOIFI,Repo,,2026-06-24
94070504,,2025-10-21,2026-03-06,2026-09-09,TDBK,WELLINGTON GLOBAL EQUITY FUND 28R5,2026-07-01,Repo,B369,2026-05-16,REPO,FIN,CALYPSOIFI,Rev_Repo,,2026-07-01
94166435,,2026-09-16,2026-06-11,2026-04-25,TDBK,DEUTSCHE BANK A.G.,2026-07-01,Repo,B774,2026-10-09,REPO,FIN,CALYPSOIFI,Repo,,2026-06-10
91275435,,2025-05-27,2026-08-13,2026-01-20,TDBK,SWISS LIFE AG,2026-07-01,Repo,B515,2026-07-23,REPO,FIN,CALYPSOIFI,Repo,,2026-06-10
99331379,,2025-02-13,2026-11-19,2026-06-15,TDBK,SWISS LIFE AG,2026-07-01,Repo,B533,2026-11-05,,FIN,CALYPSOIFI,Repo,,2026-06-03
99072466,,2025-03-17,2026-12-22,2026-11-24,TDBK,BIMCOR INC,2026-07-01,Repo,B430,2026-10-20,,FIN,CALYPSOIFI,Rev_Repo,,2026-06-03
90391792,,2026-01-26,2026-10-13,2026-06-01,TDBK,CITIBANK NA,2026-07-01,Repo,B815,2026-12-18,REPO,FIN,CALYPSOIFI,Rev_Repo,,2026-06-17
97609101,,2025-12-13,2026-07-27,2026-06-06,TDBK,DEUTSCHE BANK A.G.,2026-07-01,Repo,B145,2026-05-04,REPO,FIN,CALYPSOIFI,Rev_Repo,,2026-07-01
96057648,,2026-02-03,2026-09-05,2026-05-09,TDBK,DEUTSCHE BANK A.G.,2026-07-01,Repo,B550,2026-01-23,REPO,FIN,CALYPSOIFI,Rev_Repo,,2026-06-10
92902794,,2025-01-25,2026-09-19,2026-10-03,TDBK,CENTRAL 1 CREDIT UNION,2026-07-01,Repo,B365,2026-05-05,REPO,FIN,CALYPSOIFI,Rev_Repo,,2026-06-24
95781072,,2026-10-26,2026-02-09,2026-04-06,TDBK,WELLINGTON GLOBAL EQUITY FUND 28R5,2026-07-01,Repo,B869,2026-11-02,REPO,FIN,CALYPSOIFI,Repo,,2026-06-03
98807807,,2026-02-18,2026-02-27,2026-01-03,TDBK,SWISS LIFE AG,2026-07-01,Repo,B165,2026-11-18,REPO,FIN,CALYPSOIFI,Rev_Repo,,2026-07-01
91786512,,2026-08-07,2026-08-03,2026-07-19,TDBK,CITIBANK NA,2026-07-01,Repo,B973,2026-06-13,REPO,FIN,CALYPSOIFI,Rev_Repo,,2026-06-17
93666845,,2025-02-04,2026-06-27,,TDBK,DEUTSCHE BANK A.G.,2026-07-01,Repo,B195,2026-09-10,REPO,FIN,CALYPSOIFI,Rev_Repo,,2026-06-17
91684008,,2026-06-16,2026-08-05,,TDBK,,2026-07-01,Repo,B337,2026-05-28,REPO,FIN,CALYPSOIFI,Rev_Repo,,2026-06-10
98435294,,2025-09-19,2026-07-28,2026-07-28,TDBK,CENTRAL 1 CREDIT UNION,2026-07-01,Repo,B121,2026-09-04,REPO,FIN,CALYPSOIFI,Repo,,2026-07-01
91374982,,2026-06-21,2026-09-09,2026-01-14,TDBK,CITIBANK NA,2026-07-01,Repo,B783,2026-02-02,REPO,,CALYPSOIFI,Rev_Repo,,2026-07-01
94619259,,2026-06-26,2026-10-26,2026-06-09,TDBK,BIMCOR INC,2026-07-01,Repo,B432,2026-04-01,REPO,FIN,CALYPSOIFI,Repo,,2026-06-17
92813351,,2025-04-18,2026-02-14,2026-03-14,TDBK,DEUTSCHE BANK A.G.,2026-07-01,Repo,B423,2026-08-16,REPO,FIN,CALYPSOIFI,Repo,,2026-06-17
95275381,,2025-01-10,2026-10-22,2026-01-07,TDBK,BANCO HABITAT,2026-07-01,Repo,B724,2026-02-14,REPO,FIN,CALYPSOIFI,Rev_Repo,,2026-06-17
94982685,,2025-07-27,2026-08-16,,TDBK,BIMCOR INC,2026-07-01,Repo,B381,2026-06-26,REPO,FIN,CALYPSOIFI,Repo,,2026-06-10
94916352,,2026-06-20,2026-08-13,2026-11-27,TDBK,BIMCOR INC,2026-07-01,Repo,B771,2026-11-05,REPO,,CALYPSOIFI,Rev_Repo,,2026-06-17
96082388,,2026-09-25,2026-11-20,2026-02-12,TDBK,SWISS LIFE AG,2026-07-01,Repo,B335,2026-05-14,REPO,FIN,CALYPSOIFI,Rev_Repo,,2026-06-17
92224964,,2025-08-21,2026-02-04,2026-03-05,TDBK,BIMCOR INC,2026-07-01,Repo,B535,2026-08-14,REPO,FIN,CALYPSOIFI,Repo,,2026-06-17
98947006,,2026-03-13,2026-07-23,2026-03-23,TDBK,BANCO HABITAT,2026-07-01,Repo,B692,2026-08-14,,FIN,CALYPSOIFI,Rev_Repo,,2026-06-03
98678036,,2025-08-27,2026-11-23,2026-03-04,TDBK,CITIBANK NA,2026-07-01,Repo,B414,2026-05-16,REPO,,CALYPSOIFI,Repo,,2026-07-01
93807990,,2025-09-24,2026-06-16,2026-10-10,TDBK,CENTRAL 1 CREDIT UNION,2026-07-01,Repo,B942,2026-08-18,REPO,FIN,CALYPSOIFI,Repo,,2026-06-03
92265152,,2026-10-04,2026-03-07,2026-09-28,TDBK,SWISS LIFE AG,2026-07-01,Repo,B637,2026-08-26,REPO,FIN,CALYPSOIFI,Rev_Repo,,2026-06-03
96491560,,2026-01-02,2026-02-23,2026-10-13,TDBK,CITIBANK NA,2026-07-01,Repo,B708,2026-04-18,REPO,FIN,CALYPSOIFI,Rev_Repo,,2026-06-10
92787474,,2025-04-01,2026-03-18,2026-05-18,TDBK,INVESTEC BANK LIMITED,2026-07-01,Repo,B706,2026-12-22,,FIN,CALYPSOIFI,Repo,,2026-07-01
99356475,,2025-11-12,2026-02-24,2026-03-28,TDBK,BANCO HABITAT,2026-07-01,Repo,B219,2026-09-11,REPO,FIN,CALYPSOIFI,Repo,,2026-07-01
94510270,,2026-04-20,2026-12-28,2026-03-06,TDBK,WELLINGTON GLOBAL EQUITY FUND 28R5,2026-07-01,Repo,B342,2026-09-28,REPO,FIN,CALYPSOIFI,Repo,,2026-06-03
90230744,,2025-11-03,2026-05-08,2026-07-05,TDBK,CENTRAL 1 CREDIT UNION,2026-07-01,Repo,B968,2026-09-08,REPO,FIN,CALYPSOIFI,Repo,,2026-06-10
94726248,,2026-06-03,2026-08-25,2026-10-18,TDBK,DEUTSCHE BANK A.G.,2026-07-01,Repo,B986,2026-12-08,REPO,FIN,CALYPSOIFI,Repo,,2026-06-17
90118819,,2025-10-11,2026-06-01,2026-05-28,TDBK,BANCO HABITAT,2026-07-01,Repo,B785,2026-10-24,REPO,FIN,CALYPSOIFI,Rev_Repo,,2026-07-01
98080860,,2025-12-05,2026-02-14,2026-10-01,TDBK,SWISS LIFE AG,2026-07-01,Repo,B137,2026-07-13,REPO,FIN,CALYPSOIFI,Repo,,2026-06-03
96674058,,2026-07-01,2026-07-21,2026-01-09,TDBK,SWISS LIFE AG,2026-07-01,Repo,B232,2026-03-04,REPO,FIN,CALYPSOIFI,Rev_Repo,,2026-07-01
91220681,,2026-11-21,2026-06-02,2026-03-11,TDBK,DEUTSCHE BANK A.G.,2026-07-01,,B323,2026-12-24,REPO,FIN,CALYPSOIFI,Repo,,2026-06-17
92245506,,2026-12-24,2026-04-10,2026-10-19,TDBK,CITIBANK NA,2026-07-01,Repo,B638,2026-06-09,REPO,FIN,CALYPSOIFI,Repo,,2026-06-17
99171697,,2025-01-01,2026-12-04,,TDBK,BANCO HABITAT,2026-07-01,,B964,2026-11-27,REPO,FIN,CALYPSOIFI,Rev_Repo,,2026-06-10
93267038,,2025-03-08,2026-06-18,2026-05-06,TDBK,CITIBANK NA,2026-07-01,Repo,B672,2026-10-03,,FIN,CALYPSOIFI,Rev_Repo,,2026-07-01
98213657,,2026-03-01,2026-06-09,2026-04-15,TDBK,INVESTEC BANK LIMITED,2026-07-01,Repo,B641,2026-05-24,REPO,FIN,CALYPSOIFI,Repo,,2026-06-10
99162554,,2025-03-19,2026-03-02,2026-03-01,TDBK,CITIBANK NA,2026-07-01,Repo,B433,2026-07-18,REPO,,CALYPSOIFI,Rev_Repo,,2026-06-24
97003090,,2026-07-02,2026-10-02,2026-04-27,TDBK,BANK OF NOVA SCOTIA,2026-07-01,Repo,B990,2026-02-04,REPO,,CALYPSOIFI,Repo,,2026-06-24
91451777,,2026-01-08,2026-02-24,2026-12-13,TDBK,MORGAN STANLEY INTL,2026-07-01,Repo,B758,2026-05-01,REPO,FIN,CALYPSOIFI,Rev_Repo,,2026-06-10
98609147,,2026-04-24,2026-06-13,2026-08-07,TDBK,BIMCOR INC,2026-07-01,,B420,2026-12-18,REPO,FIN,CALYPSOIFI,Repo,,2026-06-24
91111482,,2026-08-22,2026-01-05,2026-06-23,TDBK,CITIBANK NA,2026-07-01,Repo,B415,2026-08-06,REPO,FIN,CALYPSOIFI,Repo,,2026-06-17
90188183,,2025-08-06,2026-01-23,2026-02-17,TDBK,BANK OF NOVA SCOTIA,2026-07-01,,B558,2026-01-07,REPO,FIN,CALYPSOIFI,Rev_Repo,,2026-06-03
99602259,,2026-02-25,2026-05-13,2026-06-24,TDBK,CENTRAL 1 CREDIT UNION,2026-07-01,,B680,2026-07-12,REPO,FIN,CALYPSOIFI,Rev_Repo,,2026-06-03
95729739,,2026-10-17,2026-09-20,2026-05-20,TDBK,CITIBANK NA,2026-07-01,Repo,B686,2026-01-13,REPO,FIN,CALYPSOIFI,Rev_Repo,,2026-06-03
99874362,,2026-12-18,2026-02-25,2026-10-22,TDBK,CENTRAL 1 CREDIT UNION,2026-07-01,Repo,B972,2026-10-23,REPO,FIN,CALYPSOIFI,Repo,,2026-07-01
93414261,,2025-05-14,2026-05-25,2026-01-27,TDBK,BIMCOR INC,2026-07-01,Repo,B258,2026-12-03,REPO,FIN,CALYPSOIFI,Repo,,2026-06-03
98389532,,2025-07-18,2026-08-17,2026-01-25,TDBK,SWISS LIFE AG,2026-07-01,Repo,B441,2026-10-01,REPO,FIN,CALYPSOIFI,Repo,,2026-06-24
92379772,,2026-06-04,2026-07-08,2026-07-09,TDBK,BANK OF NOVA SCOTIA,2026-07-01,Repo,B305,2026-04-10,REPO,,CALYPSOIFI,Repo,,2026-06-24
90359488,,2026-06-15,2026-12-17,2026-06-20,TDBK,CITIBANK NA,2026-07-01,Repo,B543,2026-07-04,REPO,FIN,CALYPSOIFI,Rev_Repo,,2026-06-17
90789056,,2026-05-28,2026-08-08,2026-05-19,TDBK,INVESTEC BANK LIMITED,2026-07-01,Repo,B245,2026-07-03,REPO,FIN,CALYPSOIFI,Repo,,2026-06-17
96152665,,2026-11-11,2026-05-27,2026-12-23,TDBK,CITIBANK NA,2026-07-01,Repo,B900,2026-09-07,REPO,,CALYPSOIFI,Rev_Repo,,2026-07-01
92530218,,2026-08-17,2026-08-05,2026-07-24,TDBK,INVESTEC BANK LIMITED,2026-07-01,Repo,B847,2026-10-21,REPO,FIN,CALYPSOIFI,Rev_Repo,,2026-07-01
99646257,,2026-06-20,2026-03-24,2026-10-21,TDBK,MORGAN STANLEY INTL,2026-07-01,Repo,B592,2026-05-09,REPO,FIN,CALYPSOIFI,Repo,,2026-07-01
94489943,,2025-07-28,2026-06-13,2026-02-25,TDBK,WELLINGTON GLOBAL EQUITY FUND 28R5,2026-07-01,Repo,B486,2026-11-07,REPO,FIN,CALYPSOIFI,Rev_Repo,,2026-06-17
90817143,,2025-02-18,2026-05-20,2026-10-14,TDBK,INVESTEC BANK LIMITED,2026-07-01,Repo,B668,2026-03-16,REPO,FIN,CALYPSOIFI,Rev_Repo,,2026-07-01
99855705,,2026-12-14,2026-04-02,2026-06-01,TDBK,CENTRAL 1 CREDIT UNION,2026-07-01,Repo,B985,2026-05-03,,FIN,CALYPSOIFI,Rev_Repo,,2026-06-03
91958264,,2026-02-20,2026-06-17,2026-05-07,TDBK,DEUTSCHE BANK A.G.,2026-07-01,,B536,2026-02-23,REPO,FIN,CALYPSOIFI,Rev_Repo,,2026-07-01
97856432,,2025-02-03,2026-11-08,2026-01-26,TDBK,SWISS LIFE AG,2026-07-01,Repo,B910,2026-06-05,REPO,FIN,CALYPSOIFI,Repo,,2026-06-17
97488441,,2025-12-16,2026-07-22,2026-01-13,TDBK,MORGAN STANLEY INTL,2026-07-01,Repo,B772,2026-10-16,REPO,FIN,CALYPSOIFI,Rev_Repo,,2026-06-17
90883878,,2025-05-15,2026-09-14,2026-06-11,TDBK,BANCO HABITAT,2026-07-01,Repo,B835,2026-11-08,REPO,FIN,CALYPSOIFI,Repo,,2026-06-17
92480059,,2026-12-08,2026-03-05,2026-06-07,TDBK,INVESTEC BANK LIMITED,2026-07-01,Repo,B669,2026-03-14,REPO,FIN,CALYPSOIFI,Rev_Repo,,2026-06-17
95380375,,2026-05-18,2026-01-22,2026-05-22,TDBK,MORGAN STANLEY INTL,2026-07-01,Repo,B705,2026-02-02,REPO,FIN,CALYPSOIFI,Rev_Repo,,2026-06-10
94713325,,2026-10-25,2026-11-28,2026-05-20,TDBK,MORGAN STANLEY INTL,2026-07-01,Repo,B984,2026-04-04,REPO,FIN,CALYPSOIFI,Repo,,2026-06-03
92427172,,2026-07-21,2026-03-02,2026-11-17,TDBK,BANCO HABITAT,2026-07-01,,B922,2026-05-11,REPO,FIN,CALYPSOIFI,Rev_Repo,,2026-06-24
95245436,,2026-03-25,2026-03-14,2026-01-25,TDBK,MORGAN STANLEY INTL,2026-07-01,Repo,B339,2026-05-07,REPO,FIN,CALYPSOIFI,Repo,,2026-06-24
99781821,,2026-03-26,2026-07-15,2026-04-21,TDBK,CENTRAL 1 CREDIT UNION,2026-07-01,Repo,B548,2026-01-03,REPO,FIN,CALYPSOIFI,Rev_Repo,,2026-06-10
97583803,,2026-06-01,2026-09-27,2026-08-10,TDBK,CENTRAL 1 CREDIT UNION,2026-07-01,Repo,B581,2026-01-05,REPO,FIN,CALYPSOIFI,Rev_Repo,,2026-07-01
90629116,,2025-07-28,2026-04-25,2026-05-24,TDBK,SWISS LIFE AG,2026-07-01,Repo,B713,2026-01-24,,FIN,CALYPSOIFI,Repo,,2026-06-03
91519188,,2026-06-21,2026-07-07,2026-04-09,TDBK,MORGAN STANLEY INTL,2026-07-01,Repo,B546,2026-04-27,REPO,FIN,CALYPSOIFI,Rev_Repo,,2026-07-01
96291896,,2026-05-18,2026-09-05,2026-06-21,TDBK,BANCO HABITAT,2026-07-01,Repo,B576,2026-05-18,REPO,FIN,CALYPSOIFI,Repo,,2026-07-01
94570801,,2025-10-19,2026-03-02,2026-01-09,TDBK,CENTRAL 1 CREDIT UNION,2026-07-01,Repo,B920,2026-08-27,REPO,FIN,CALYPSOIFI,Repo,,2026-07-01
94395160,,2025-11-01,2026-12-18,2026-08-11,TDBK,SWISS LIFE AG,2026-07-01,Repo,B566,2026-09-03,REPO,FIN,CALYPSOIFI,Repo,,2026-06-24
99184215,,2026-11-26,2026-03-21,2026-09-18,TDBK,BANCO HABITAT,2026-07-01,,B599,2026-07-12,REPO,FIN,CALYPSOIFI,Rev_Repo,,2026-07-01
99630297,,2026-09-23,2026-11-05,2026-12-19,TDBK,WELLINGTON GLOBAL EQUITY FUND 28R5,2026-07-01,Repo,B422,2026-09-09,REPO,FIN,CALYPSOIFI,Rev_Repo,,2026-06-24
96816076,,2026-01-22,2026-05-22,2026-05-26,TDBK,,2026-07-01,Repo,B444,2026-12-26,REPO,FIN,CALYPSOIFI,Repo,,2026-06-03
92066381,,2025-04-27,2026-05-06,2026-08-23,TDBK,CENTRAL 1 CREDIT UNION,2026-07-01,Repo,B264,2026-10-05,REPO,FIN,CALYPSOIFI,Repo,,2026-06-17
96921352,,2026-08-10,2026-02-06,2026-08-23,TDBK,MORGAN STANLEY INTL,2026-07-01,Repo,B729,2026-06-28,,FIN,CALYPSOIFI,Repo,,2026-06-03
96016386,,2026-07-16,2026-12-10,2026-11-08,TDBK,INVESTEC BANK LIMITED,2026-07-01,Repo,B982,2026-11-17,REPO,FIN,CALYPSOIFI,Repo,,2026-06-24
91800904,,2025-01-16,2026-03-19,2026-04-17,TDBK,BANCO HABITAT,2026-07-01,Repo,B874,2026-11-16,REPO,FIN,CALYPSOIFI,Repo,,2026-06-17
92025530,,2026-07-07,2026-01-20,2026-08-12,TDBK,DEUTSCHE BANK A.G.,2026-07-01,Repo,B740,2026-01-14,REPO,FIN,CALYPSOIFI,Rev_Repo,,2026-06-10
97270979,,2025-06-19,2026-08-17,,TDBK,BANCO HABITAT,2026-07-01,Repo,B881,2026-12-22,REPO,FIN,CALYPSOIFI,Repo,,2026-06-24
95766102,,2026-09-19,2026-08-17,2026-09-07,TDBK,MORGAN STANLEY INTL,2026-07-01,Repo,B567,2026-05-03,,FIN,CALYPSOIFI,Repo,,2026-07-01
98276885,,2025-02-21,2026-09-13,2026-01-08,TDBK,BANK OF NOVA SCOTIA,2026-07-01,Repo,B900,2026-11-15,REPO,FIN,CALYPSOIFI,Rev_Repo,,2026-06-17
91927460,,2025-03-04,2026-10-18,2026-05-14,TDBK,BIMCOR INC,2026-07-01,Repo,B699,2026-08-11,REPO,FIN,CALYPSOIFI,Rev_Repo,,2026-06-24
91484851,,2026-08-15,2026-07-12,2026-09-23,TDBK,BANCO HABITAT,2026-07-01,Repo,B949,2026-04-08,REPO,FIN,CALYPSOIFI,Repo,,2026-06-17
93270405,,2025-10-26,2026-11-28,2026-06-04,TDBK,BANCO HABITAT,2026-07-01,Repo,B547,2026-11-15,,FIN,CALYPSOIFI,Rev_Repo,,2026-07-01
98961480,,2026-06-10,2026-05-18,2026-01-14,TDBK,CENTRAL 1 CREDIT UNION,2026-07-01,Repo,B399,2026-04-21,REPO,FIN,CALYPSOIFI,Repo,,2026-06-03
99269518,,2025-02-17,2026-01-16,2026-06-28,TDBK,SWISS LIFE AG,2026-07-01,Repo,B121,2026-09-19,REPO,FIN,CALYPSOIFI,Repo,,2026-06-03
97990072,,2026-12-20,2026-03-12,2026-12-09,TDBK,CENTRAL 1 CREDIT UNION,2026-07-01,Repo,B751,2026-01-16,REPO,FIN,CALYPSOIFI,Rev_Repo,,2026-06-10
93984188,,2025-08-23,2026-01-05,2026-11-11,TDBK,INVESTEC BANK LIMITED,2026-07-01,Repo,B922,2026-02-04,REPO,FIN,CALYPSOIFI,Rev_Repo,,2026-06-10
91471107,,2026-11-28,2026-11-18,2026-06-28,TDBK,INVESTEC BANK LIMITED,2026-07-01,Repo,B691,2026-12-27,REPO,FIN,CALYPSOIFI,Repo,,2026-06-10
90926490,,2025-04-11,2026-10-26,2026-12-01,TDBK,CITIBANK NA,2026-07-01,Repo,B770,2026-03-15,REPO,FIN,CALYPSOIFI,Repo,,2026-07-01
99209722,,2026-06-10,2026-04-13,2026-06-06,TDBK,MORGAN STANLEY INTL,2026-07-01,Repo,B485,2026-11-21,REPO,FIN,CALYPSOIFI,Repo,,2026-07-01
92481184,,2025-06-27,2026-03-02,2026-06-16,TDBK,MORGAN STANLEY INTL,2026-07-01,Repo,B518,2026-02-01,REPO,FIN,CALYPSOIFI,Repo,,2026-06-24
90479805,,2025-03-05,2026-12-10,2026-08-28,TDBK,MORGAN STANLEY INTL,2026-07-01,Repo,B188,2026-08-15,REPO,FIN,CALYPSOIFI,Rev_Repo,,2026-06-17
93194957,,2025-12-05,2026-04-05,2026-03-11,TDBK,DEUTSCHE BANK A.G.,2026-07-01,Repo,B416,2026-10-14,REPO,FIN,CALYPSOIFI,Repo,,2026-06-17
98090827,,2026-10-01,2026-03-23,2026-02-01,TDBK,CITIBANK NA,2026-07-01,Repo,B552,2026-07-22,REPO,,CALYPSOIFI,Repo,,2026-06-24
92366613,,2026-10-12,2026-04-03,2026-11-17,TDBK,BIMCOR INC,2026-07-01,Repo,B201,2026-07-07,REPO,FIN,CALYPSOIFI,Repo,,2026-06-03
94710090,,2025-03-16,2026-02-15,2026-03-04,TDBK,MORGAN STANLEY INTL,2026-07-01,Repo,B960,2026-04-17,REPO,FIN,CALYPSOIFI,Repo,,2026-07-01
90020305,,2026-03-12,2026-01-13,2026-07-07,TDBK,,2026-07-01,Repo,B136,2026-06-19,REPO,FIN,CALYPSOIFI,Repo,,2026-06-03
92460310,,2026-08-18,2026-12-18,2026-05-21,TDBK,BANCO HABITAT,2026-07-01,Repo,B483,2026-11-25,REPO,FIN,CALYPSOIFI,Rev_Repo,,2026-06-24
95802884,,2025-06-18,2026-09-21,2026-04-20,TDBK,DEUTSCHE BANK A.G.,2026-07-01,Repo,B334,2026-02-02,REPO,FIN,CALYPSOIFI,Rev_Repo,,2026-06-24
92719209,,2025-04-06,2026-12-20,2026-01-05,TDBK,BANCO HABITAT,2026-07-01,Repo,B303,2026-06-04,REPO,FIN,CALYPSOIFI,Rev_Repo,,2026-06-17
97439880,,2026-09-06,2026-07-15,2026-10-05,TDBK,DEUTSCHE BANK A.G.,2026-07-01,Repo,B836,2026-04-12,REPO,FIN,CALYPSOIFI,Rev_Repo,,2026-06-17
99219839,,2025-05-01,2026-08-26,2026-11-09,TDBK,BANCO HABITAT,2026-07-01,Repo,B547,2026-06-01,REPO,FIN,CALYPSOIFI,Repo,,2026-06-17
95537965,,2025-06-11,2026-02-02,2026-06-16,TDBK,BIMCOR INC,2026-07-01,Repo,B247,2026-03-16,REPO,FIN,CALYPSOIFI,Repo,,2026-07-01
91973630,,2026-09-15,2026-11-27,2026-02-06,TDBK,SWISS LIFE AG,2026-07-01,,B522,2026-06-05,REPO,FIN,CALYPSOIFI,Rev_Repo,,2026-06-17
93206925,,2026-07-06,2026-06-06,2026-06-08,TDBK,SWISS LIFE AG,2026-07-01,Repo,B643,2026-11-08,REPO,FIN,CALYPSOIFI,Rev_Repo,,2026-06-03
95497151,,2026-04-18,2026-04-18,2026-09-01,TDBK,DEUTSCHE BANK A.G.,2026-07-01,Repo,B994,2026-08-26,REPO,FIN,CALYPSOIFI,Rev_Repo,,2026-06-03
96212700,,2025-09-24,2026-11-22,2026-09-08,TDBK,INVESTEC BANK LIMITED,2026-07-01,Repo,B174,2026-01-03,REPO,FIN,CALYPSOIFI,Repo,,2026-06-24
99563004,,2025-06-11,2026-10-08,2026-08-13,TDBK,BANK OF NOVA SCOTIA,2026-07-01,Repo,B616,2026-12-07,REPO,FIN,CALYPSOIFI,Rev_Repo,,2026-06-10
94594820,,2026-09-22,2026-12-24,2026-06-17,TDBK,INVESTEC BANK LIMITED,2026-07-01,Repo,B850,2026-12-12,REPO,,CALYPSOIFI,Rev_Repo,,2026-06-24
94259273,,2025-12-07,2026-11-08,2026-03-13,TDBK,DEUTSCHE BANK A.G.,2026-07-01,,B255,2026-05-03,REPO,FIN,CALYPSOIFI,Repo,,2026-07-01
90190072,,2026-07-03,2026-05-22,2026-05-13,TDBK,MORGAN STANLEY INTL,2026-07-01,Repo,B514,2026-03-10,REPO,FIN,CALYPSOIFI,Repo,,2026-06-24
91599543,,2025-11-07,2026-11-17,2026-01-17,TDBK,BANCO HABITAT,2026-07-01,,B868,2026-11-07,REPO,FIN,CALYPSOIFI,Rev_Repo,,2026-07-01
94276430,,2025-08-18,2026-03-01,2026-01-17,TDBK,CITIBANK NA,2026-07-01,Repo,B968,2026-01-23,REPO,FIN,CALYPSOIFI,Repo,,2026-06-17
98510417,,2026-12-24,2026-11-10,2026-08-09,TDBK,CENTRAL 1 CREDIT UNION,2026-07-01,Repo,B321,2026-05-21,REPO,FIN,CALYPSOIFI,Rev_Repo,,2026-07-01
99402934,,2025-11-14,2026-06-27,2026-11-20,TDBK,MORGAN STANLEY INTL,2026-07-01,Repo,B553,2026-05-22,REPO,FIN,CALYPSOIFI,Rev_Repo,,2026-06-10
93262538,,2026-08-25,2026-10-02,2026-09-03,TDBK,CENTRAL 1 CREDIT UNION,2026-07-01,Repo,B397,2026-05-02,REPO,FIN,CALYPSOIFI,Rev_Repo,,2026-07-01
93495189,,2025-07-14,2026-10-07,2026-11-14,TDBK,WELLINGTON GLOBAL EQUITY FUND 28R5,2026-07-01,Repo,B261,2026-11-27,REPO,FIN,CALYPSOIFI,Rev_Repo,,2026-07-01
94810915,,2025-03-16,2026-09-14,2026-12-09,TDBK,,2026-07-01,Repo,B368,2026-06-09,REPO,FIN,CALYPSOIFI,Rev_Repo,,2026-07-01
94752549,,2025-03-06,2026-12-28,2026-09-16,TDBK,SWISS LIFE AG,2026-07-01,Repo,B561,2026-03-10,REPO,FIN,CALYPSOIFI,Repo,,2026-07-01
92559722,,2025-05-21,2026-09-05,2026-09-07,TDBK,MORGAN STANLEY INTL,2026-07-01,Repo,B854,2026-03-11,REPO,FIN,CALYPSOIFI,Rev_Repo,,2026-06-17
98840596,,2025-07-21,2026-03-24,2026-06-19,TDBK,BANCO HABITAT,2026-07-01,Repo,B170,2026-09-01,REPO,FIN,CALYPSOIFI,Rev_Repo,,2026-06-17
95951700,,2025-06-01,2026-07-21,2026-08-12,TDBK,BIMCOR INC,2026-07-01,Repo,B956,2026-07-26,REPO,FIN,CALYPSOIFI,Repo,,2026-07-01
96226262,,2025-11-14,2026-10-06,2026-09-02,TDBK,WELLINGTON GLOBAL EQUITY FUND 28R5,2026-07-01,Repo,B211,2026-04-07,REPO,FIN,CALYPSOIFI,Repo,,2026-06-24
93882367,,2025-12-24,2026-11-11,2026-05-06,TDBK,,2026-07-01,Repo,B853,2026-12-13,REPO,FIN,CALYPSOIFI,Rev_Repo,,2026-06-03
94469842,,2025-03-05,2026-09-20,2026-10-01,TDBK,BANK OF NOVA SCOTIA,2026-07-01,Repo,B643,2026-11-10,REPO,FIN,CALYPSOIFI,Rev_Repo,,2026-06-24
94176607,,2025-06-01,2026-12-05,2026-06-14,TDBK,WELLINGTON GLOBAL EQUITY FUND 28R5,2026-07-01,Repo,B390,2026-01-19,REPO,FIN,CALYPSOIFI,Repo,,2026-06-24
92511025,,2026-01-08,2026-09-25,2026-10-20,TDBK,INVESTEC BANK LIMITED,2026-07-01,Repo,B525,2026-06-23,REPO,FIN,CALYPSOIFI,Repo,,2026-06-17
96259614,,2026-09-24,2026-11-12,2026-03-04,TDBK,BIMCOR INC,2026-07-01,Repo,B936,2026-11-23,REPO,FIN,CALYPSOIFI,Repo,,2026-06-10
93649426,,2025-11-15,2026-07-01,2026-03-17,TDBK,DEUTSCHE BANK A.G.,2026-07-01,,B450,2026-03-10,REPO,FIN,CALYPSOIFI,Rev_Repo,,2026-06-17
97617596,,2026-07-22,2026-01-05,2026-06-22,TDBK,BANCO HABITAT,2026-07-01,Repo,B866,2026-02-04,REPO,FIN,CALYPSOIFI,Repo,,2026-06-24
90282125,,2026-07-14,2026-02-14,2026-05-20,TDBK,BANK OF NOVA SCOTIA,2026-07-01,Repo,B807,2026-05-07,REPO,FIN,CALYPSOIFI,Repo,,2026-06-10
90031429,,2025-02-11,2026-01-09,2026-04-04,TDBK,BANK OF NOVA SCOTIA,2026-07-01,Repo,B468,2026-12-11,REPO,FIN,CALYPSOIFI,Rev_Repo,,2026-06-10
97196637,,2025-04-25,2026-05-09,2026-01-04,TDBK,INVESTEC BANK LIMITED,2026-07-01,Repo,B979,2026-09-23,REPO,FIN,CALYPSOIFI,Repo,,2026-07-01
95303412,,2025-06-07,2026-07-05,2026-08-25,TDBK,SWISS LIFE AG,2026-07-01,Repo,B655,2026-07-10,REPO,FIN,CALYPSOIFI,Rev_Repo,,2026-07-01
96165108,,2026-03-25,2026-01-07,2026-06-22,TDBK,DEUTSCHE BANK A.G.,2026-07-01,Repo,B715,2026-05-10,REPO,FIN,CALYPSOIFI,Rev_Repo,,2026-06-17
94084562,,2025-09-21,2026-10-14,2026-05-04,TDBK,,2026-07-01,Repo,B746,2026-09-07,REPO,FIN,CALYPSOIFI,Repo,,2026-06-10
92928110,,2025-04-15,2026-07-14,2026-12-03,TDBK,SWISS LIFE AG,2026-07-01,Repo,B876,2026-05-01,REPO,FIN,CALYPSOIFI,Rev_Repo,,2026-07-01
96516080,,2025-01-16,2026-06-03,2026-03-03,TDBK,BIMCOR INC,2026-07-01,,B681,2026-06-09,REPO,FIN,CALYPSOIFI,Rev_Repo,,2026-06-10
92724019,,2026-01-24,2026-12-06,2026-05-05,TDBK,BANK OF NOVA SCOTIA,2026-07-01,Repo,B205,2026-12-04,REPO,,CALYPSOIFI,Rev_Repo,,2026-06-17
97207184,,2026-04-19,2026-04-03,2026-05-20,TDBK,DEUTSCHE BANK A.G.,2026-07-01,Repo,B686,2026-01-21,REPO,FIN,CALYPSOIFI,Repo,,2026-06-10
92151280,,2026-07-08,2026-04-09,2026-03-03,TDBK,BANCO HABITAT,2026-07-01,Repo,B373,2026-01-16,REPO,FIN,CALYPSOIFI,Rev_Repo,,2026-07-01
91230091,,2025-06-14,2026-06-28,2026-08-06,TDBK,CITIBANK NA,2026-07-01,Repo,B963,2026-09-03,,FIN,CALYPSOIFI,Repo,,2026-06-03
98307234,,2025-08-09,2026-08-15,2026-12-08,TDBK,MORGAN STANLEY INTL,2026-07-01,Repo,B789,2026-03-17,REPO,FIN,CALYPSOIFI,Repo,,2026-07-01
91307815,,2026-03-15,2026-11-28,2026-08-08,TDBK,BIMCOR INC,2026-07-01,Repo,B578,2026-03-25,REPO,FIN,CALYPSOIFI,Repo,,2026-06-24
94043581,,2026-09-06,2026-05-06,2026-01-03,TDBK,CENTRAL 1 CREDIT UNION,2026-07-01,Repo,B956,2026-12-12,REPO,,CALYPSOIFI,Repo,,2026-06-24
98253860,,2025-02-28,2026-11-17,2026-03-02,TDBK,BANCO HABITAT,2026-07-01,Repo,B706,2026-09-20,REPO,FIN,CALYPSOIFI,Rev_Repo,,2026-06-03
93494163,,2026-04-04,2026-12-04,2026-12-18,TDBK,BANCO HABITAT,2026-07-01,Repo,B113,2026-05-24,REPO,FIN,CALYPSOIFI,Repo,,2026-06-17
92885263,,2026-06-21,2026-09-01,2026-11-07,TDBK,MORGAN STANLEY INTL,2026-07-01,Repo,B527,2026-10-13,REPO,FIN,CALYPSOIFI,Rev_Repo,,2026-06-24
95665726,,2025-02-26,2026-03-13,2026-07-10,TDBK,,2026-07-01,Repo,B139,2026-01-07,REPO,FIN,CALYPSOIFI,Rev_Repo,,2026-06-10
99547590,,2026-05-20,2026-06-21,2026-04-17,TDBK,WELLINGTON GLOBAL EQUITY FUND 28R5,2026-07-01,Repo,B840,2026-10-19,REPO,FIN,CALYPSOIFI,Repo,,2026-06-03
98272844,,2026-05-17,2026-05-19,2026-10-13,TDBK,BANCO HABITAT,2026-07-01,,B288,2026-02-26,REPO,FIN,CALYPSOIFI,Repo,,2026-06-17
92970004,,2026-10-01,2026-09-10,2026-08-10,TDBK,BANCO HABITAT,2026-07-01,Repo,B133,2026-09-02,REPO,FIN,CALYPSOIFI,Rev_Repo,,2026-06-03
99939814,,2026-02-09,2026-02-05,2026-04-17,TDBK,BANCO HABITAT,2026-07-01,Repo,B323,2026-10-13,,FIN,CALYPSOIFI,Rev_Repo,,2026-06-10
96914077,,2025-05-01,2026-06-18,2026-04-10,TDBK,CENTRAL 1 CREDIT UNION,2026-07-01,Repo,B369,2026-06-13,REPO,FIN,CALYPSOIFI,Repo,,2026-06-03
96855977,,2025-06-20,2026-02-21,2026-08-25,TDBK,,2026-07-01,Repo,B309,2026-06-05,REPO,FIN,CALYPSOIFI,Repo,,2026-06-03
91600078,,2026-06-06,2026-10-01,2026-10-07,TDBK,WELLINGTON GLOBAL EQUITY FUND 28R5,2026-07-01,Repo,B654,2026-11-07,REPO,FIN,CALYPSOIFI,Repo,,2026-07-01
91771545,,2026-02-24,2026-04-08,2026-02-22,TDBK,WELLINGTON GLOBAL EQUITY FUND 28R5,2026-07-01,Repo,B206,2026-08-25,REPO,FIN,CALYPSOIFI,Repo,,2026-07-01
92382695,,2025-02-08,2026-06-26,2026-04-11,TDBK,DEUTSCHE BANK A.G.,2026-07-01,Repo,B898,2026-01-22,REPO,FIN,CALYPSOIFI,Rev_Repo,,2026-06-03
92591457,,2025-07-27,2026-11-23,2026-04-24,TDBK,BANK OF NOVA SCOTIA,2026-07-01,Repo,B262,2026-10-24,REPO,FIN,CALYPSOIFI,Rev_Repo,,2026-06-10
99171687,,2026-12-13,2026-04-07,2026-10-24,TDBK,WELLINGTON GLOBAL EQUITY FUND 28R5,2026-07-01,Repo,B524,2026-02-25,REPO,FIN,CALYPSOIFI,Rev_Repo,,2026-06-10
96895433,,2026-11-08,2026-09-06,2026-04-04,TDBK,CENTRAL 1 CREDIT UNION,2026-07-01,Repo,B624,2026-10-07,REPO,FIN,CALYPSOIFI,Repo,,2026-07-01
98584567,,2025-01-06,2026-03-02,2026-03-18,TDBK,SWISS LIFE AG,2026-07-01,Repo,B521,2026-11-05,REPO,FIN,CALYPSOIFI,Rev_Repo,,2026-06-10
97557020,,2026-03-12,2026-08-08,2026-04-17,TDBK,WELLINGTON GLOBAL EQUITY FUND 28R5,2026-07-01,Repo,B196,2026-12-19,REPO,,CALYPSOIFI,Repo,,2026-07-01
95808249,,2025-06-28,2026-07-03,2026-03-14,TDBK,BIMCOR INC,2026-07-01,Repo,B112,2026-09-13,REPO,FIN,CALYPSOIFI,Rev_Repo,,2026-06-03
91263516,,2025-04-12,2026-06-22,2026-11-10,TDBK,BIMCOR INC,2026-07-01,Repo,B286,2026-09-13,REPO,FIN,CALYPSOIFI,Rev_Repo,,2026-06-10
96524187,,2025-09-04,2026-09-21,2026-07-08,TDBK,SWISS LIFE AG,2026-07-01,Repo,B255,2026-12-15,REPO,FIN,CALYPSOIFI,Rev_Repo,,2026-06-03
93394537,,2025-02-08,2026-09-03,,TDBK,CITIBANK NA,2026-07-01,Repo,B302,2026-06-01,REPO,FIN,CALYPSOIFI,Rev_Repo,,2026-06-24
90580442,,2026-02-10,2026-08-15,2026-05-23,TDBK,SWISS LIFE AG,2026-07-01,Repo,B936,2026-10-14,REPO,FIN,CALYPSOIFI,Rev_Repo,,2026-07-01
92871335,,2026-09-25,2026-04-23,2026-05-25,TDBK,,2026-07-01,Repo,B316,2026-02-02,REPO,FIN,CALYPSOIFI,Repo,,2026-06-24
92085457,,2025-01-04,2026-08-04,2026-02-17,TDBK,BIMCOR INC,2026-07-01,Repo,B653,2026-10-05,REPO,FIN,CALYPSOIFI,Repo,,2026-06-24
94994931,,2026-11-06,2026-05-12,2026-04-19,TDBK,BANCO HABITAT,2026-07-01,Repo,B424,2026-09-16,REPO,FIN,CALYPSOIFI,Repo,,2026-06-03
96994740,,2025-05-19,2026-07-19,2026-04-23,TDBK,DEUTSCHE BANK A.G.,2026-07-01,Repo,B282,2026-01-14,REPO,,CALYPSOIFI,Repo,,2026-06-10
96363293,,2026-05-18,2026-04-13,2026-07-16,TDBK,DEUTSCHE BANK A.G.,2026-07-01,Repo,B992,2026-03-25,,FIN,CALYPSOIFI,Rev_Repo,,2026-06-17
96008963,,2026-05-18,2026-07-04,2026-03-21,TDBK,INVESTEC BANK LIMITED,2026-07-01,,B817,2026-01-05,REPO,FIN,CALYPSOIFI,Repo,,2026-06-17
92140009,,2026-05-15,2026-03-14,2026-07-10,TDBK,BANCO HABITAT,2026-07-01,,B557,2026-05-04,REPO,FIN,CALYPSOIFI,Rev_Repo,,2026-06-17
98566431,,2025-12-19,2026-11-11,2026-06-22,TDBK,INVESTEC BANK LIMITED,2026-07-01,Repo,B809,2026-06-15,REPO,FIN,CALYPSOIFI,Repo,,2026-07-01
91956043,,2025-06-19,2026-12-05,2026-04-24,TDBK,BIMCOR INC,2026-07-01,,B582,2026-03-15,REPO,FIN,CALYPSOIFI,Repo,,2026-06-17
97547387,,2026-07-23,2026-09-09,2026-11-10,TDBK,WELLINGTON GLOBAL EQUITY FUND 28R5,2026-07-01,Repo,B720,2026-06-20,REPO,FIN,CALYPSOIFI,Rev_Repo,,2026-07-01
91619017,,2025-08-22,2026-05-20,,TDBK,BANK OF NOVA SCOTIA,2026-07-01,Repo,B342,2026-01-12,REPO,FIN,CALYPSOIFI,Repo,,2026-06-17
98003386,,2025-06-11,2026-07-28,2026-08-18,TDBK,CENTRAL 1 CREDIT UNION,2026-07-01,Repo,B377,2026-10-17,REPO,FIN,CALYPSOIFI,Repo,,2026-07-01
94815302,,2026-03-10,2026-07-08,2026-08-01,TDBK,MORGAN STANLEY INTL,2026-07-01,Repo,B420,2026-08-20,REPO,FIN,CALYPSOIFI,Repo,,2026-06-17
93424957,,2026-01-26,2026-04-14,2026-03-24,TDBK,DEUTSCHE BANK A.G.,2026-07-01,Repo,B828,2026-06-02,REPO,FIN,CALYPSOIFI,Repo,,2026-07-01
91022382,,2026-04-27,2026-01-21,2026-08-10,TDBK,CENTRAL 1 CREDIT UNION,2026-07-01,Repo,B267,2026-10-16,REPO,FIN,CALYPSOIFI,Repo,,2026-06-03
93091915,,2026-05-02,2026-06-19,2026-08-27,TDBK,CITIBANK NA,2026-07-01,Repo,B593,2026-07-09,REPO,FIN,CALYPSOIFI,Repo,,2026-07-01
93798476,,2026-08-04,2026-06-27,,TDBK,CITIBANK NA,2026-07-01,Repo,B637,2026-12-20,REPO,FIN,CALYPSOIFI,Repo,,2026-06-10
90535266,,2025-02-01,2026-08-18,2026-01-16,TDBK,BIMCOR INC,2026-07-01,Repo,B377,2026-06-21,REPO,FIN,CALYPSOIFI,Rev_Repo,,2026-06-10
95483779,,2026-09-13,2026-06-09,2026-09-22,TDBK,WELLINGTON GLOBAL EQUITY FUND 28R5,2026-07-01,Repo,B204,2026-09-28,REPO,FIN,CALYPSOIFI,Rev_Repo,,2026-06-24
94370317,,2025-02-01,2026-07-12,2026-09-12,TDBK,MORGAN STANLEY INTL,2026-07-01,Repo,B100,2026-11-17,REPO,FIN,CALYPSOIFI,Rev_Repo,,2026-06-17
95991364,,2026-10-17,2026-08-10,,TDBK,CENTRAL 1 CREDIT UNION,2026-07-01,Repo,B827,2026-09-25,REPO,FIN,CALYPSOIFI,Repo,,2026-06-10
94753519,,2026-04-25,2026-12-15,2026-10-04,TDBK,WELLINGTON GLOBAL EQUITY FUND 28R5,2026-07-01,Repo,B148,2026-09-03,REPO,FIN,CALYPSOIFI,Repo,,2026-06-10
99735501,,2025-04-17,2026-06-27,2026-11-23,TDBK,SWISS LIFE AG,2026-07-01,Repo,B138,2026-12-24,REPO,FIN,CALYPSOIFI,Repo,,2026-06-10
90463816,,2026-10-13,2026-04-02,2026-02-09,TDBK,CITIBANK NA,2026-07-01,Repo,B351,2026-01-09,REPO,FIN,CALYPSOIFI,Repo,,2026-06-17
92177738,,2026-11-26,2026-10-02,2026-07-08,TDBK,CITIBANK NA,2026-07-01,Repo,B126,2026-08-08,,FIN,CALYPSOIFI,Rev_Repo,,2026-06-03
97050092,,2026-03-09,2026-08-09,2026-08-12,TDBK,WELLINGTON GLOBAL EQUITY FUND 28R5,2026-07-01,Repo,B560,2026-05-05,REPO,FIN,CALYPSOIFI,Rev_Repo,,2026-07-01
98356258,,2025-09-02,2026-12-13,2026-09-09,TDBK,BIMCOR INC,2026-07-01,Repo,B468,2026-02-01,REPO,FIN,CALYPSOIFI,Rev_Repo,,2026-06-24
93864658,,2025-08-12,2026-07-22,2026-10-04,TDBK,SWISS LIFE AG,2026-07-01,Repo,B497,2026-04-22,REPO,FIN,CALYPSOIFI,Repo,,2026-06-24
95103687,,2026-03-15,2026-10-19,2026-04-27,TDBK,BANK OF NOVA SCOTIA,2026-07-01,,B400,2026-10-21,REPO,FIN,CALYPSOIFI,Rev_Repo,,2026-06-24
97077528,,2025-03-07,2026-01-15,2026-07-01,TDBK,SWISS LIFE AG,2026-07-01,Repo,B974,2026-08-26,REPO,FIN,CALYPSOIFI,Repo,,2026-06-03
94295865,,2025-02-25,2026-08-18,2026-07-03,TDBK,WELLINGTON GLOBAL EQUITY FUND 28R5,2026-07-01,Repo,B442,2026-09-27,REPO,FIN,CALYPSOIFI,Repo,,2026-06-17
91045166,,2025-10-17,2026-10-26,2026-02-20,TDBK,CITIBANK NA,2026-07-01,Repo,B350,2026-02-20,REPO,FIN,CALYPSOIFI,Repo,,2026-07-01
96461951,,2025-02-01,2026-06-27,2026-09-17,TDBK,BANCO HABITAT,2026-07-01,Repo,B733,2026-06-02,REPO,FIN,CALYPSOIFI,Rev_Repo,,2026-07-01
99180971,,2026-03-06,2026-01-15,2026-02-25,TDBK,SWISS LIFE AG,2026-07-01,Repo,B116,2026-05-25,,FIN,CALYPSOIFI,Repo,,2026-06-24
97329736,,2026-06-02,2026-08-05,2026-12-26,TDBK,CITIBANK NA,2026-07-01,Repo,B483,2026-03-15,,FIN,CALYPSOIFI,Repo,,2026-06-24
97023875,,2026-06-22,2026-09-17,2026-08-26,TDBK,BANK OF NOVA SCOTIA,2026-07-01,Repo,B216,2026-11-09,REPO,FIN,CALYPSOIFI,Rev_Repo,,2026-06-17
95312830,,2025-05-24,2026-07-12,2026-09-05,TDBK,CITIBANK NA,2026-07-01,Repo,B234,2026-07-11,REPO,FIN,CALYPSOIFI,Rev_Repo,,2026-06-03
91265860,,2026-03-16,2026-01-14,2026-06-19,TDBK,INVESTEC BANK LIMITED,2026-07-01,Repo,B283,2026-07-06,REPO,FIN,CALYPSOIFI,Rev_Repo,,2026-06-03
98915464,,2025-02-17,2026-03-26,2026-06-03,TDBK,MORGAN STANLEY INTL,2026-07-01,Repo,B383,2026-06-24,REPO,FIN,CALYPSOIFI,Rev_Repo,,2026-06-10
90174942,,2025-04-14,2026-02-13,2026-10-03,TDBK,BANK OF NOVA SCOTIA,2026-07-01,Repo,B261,2026-10-13,REPO,FIN,CALYPSOIFI,Repo,,2026-06-24
95130784,,2025-12-04,2026-05-11,2026-12-11,TDBK,CENTRAL 1 CREDIT UNION,2026-07-01,Repo,B869,2026-03-26,REPO,,CALYPSOIFI,Rev_Repo,,2026-06-03
91395470,,2026-07-23,2026-09-13,2026-08-12,TDBK,INVESTEC BANK LIMITED,2026-07-01,Repo,B831,2026-04-09,REPO,FIN,CALYPSOIFI,Repo,,2026-06-10
92709762,,2025-01-01,2026-11-06,2026-02-19,TDBK,MORGAN STANLEY INTL,2026-07-01,Repo,B771,2026-10-28,REPO,FIN,CALYPSOIFI,Rev_Repo,,2026-06-24
99928232,,2026-04-19,2026-12-06,2026-01-13,TDBK,CENTRAL 1 CREDIT UNION,2026-07-01,Repo,B464,2026-08-25,REPO,FIN,CALYPSOIFI,Repo,,2026-06-17
92323074,,2025-03-13,2026-12-26,2026-11-20,TDBK,CITIBANK NA,2026-07-01,Repo,B683,2026-09-28,REPO,FIN,CALYPSOIFI,Repo,,2026-07-01
96486194,,2026-12-06,2026-09-18,2026-03-04,TDBK,BIMCOR INC,2026-07-01,,B714,2026-08-06,REPO,FIN,CALYPSOIFI,Repo,,2026-07-01
90768552,,2026-02-19,2026-06-24,2026-10-01,TDBK,MORGAN STANLEY INTL,2026-07-01,Repo,B349,2026-11-02,REPO,FIN,CALYPSOIFI,Repo,,2026-06-17
96293420,,2026-03-23,2026-07-13,2026-06-27,TDBK,BIMCOR INC,2026-07-01,,B754,2026-01-26,REPO,FIN,CALYPSOIFI,Rev_Repo,,2026-06-17
94469723,,2025-02-05,2026-04-23,2026-08-08,TDBK,CITIBANK NA,2026-07-01,,B205,2026-03-15,REPO,FIN,CALYPSOIFI,Rev_Repo,,2026-06-10
95178737,,2025-11-16,2026-01-25,2026-08-09,TDBK,INVESTEC BANK LIMITED,2026-07-01,Repo,B211,2026-10-27,REPO,FIN,CALYPSOIFI,Rev_Repo,,2026-06-24
93594355,,2025-12-15,2026-03-09,2026-11-09,TDBK,WELLINGTON GLOBAL EQUITY FUND 28R5,2026-07-01,Repo,B226,2026-10-02,REPO,FIN,CALYPSOIFI,Rev_Repo,,2026-06-10
95205473,,2025-09-14,2026-05-22,2026-07-24,TDBK,DEUTSCHE BANK A.G.,2026-07-01,Repo,B653,2026-04-20,,FIN,CALYPSOIFI,Rev_Repo,,2026-06-17
90713774,,2026-02-02,2026-11-09,2026-01-01,TDBK,WELLINGTON GLOBAL EQUITY FUND 28R5,2026-07-01,Repo,B225,2026-03-15,REPO,FIN,CALYPSOIFI,Repo,,2026-06-17
95486657,,2026-09-23,2026-01-04,2026-06-25,TDBK,CITIBANK NA,2026-07-01,Repo,B790,2026-05-04,REPO,FIN,CALYPSOIFI,Rev_Repo,,2026-06-10
95210386,,2025-02-23,2026-04-23,2026-11-22,TDBK,DEUTSCHE BANK A.G.,2026-07-01,,B426,2026-12-25,REPO,FIN,CALYPSOIFI,Repo,,2026-06-10
97792000,,2025-10-26,2026-08-19,2026-02-27,TDBK,CENTRAL 1 CREDIT UNION,2026-07-01,Repo,B309,2026-12-25,REPO,FIN,CALYPSOIFI,Rev_Repo,,2026-06-03
98559411,,2026-02-15,2026-07-20,,TDBK,CENTRAL 1 CREDIT UNION,2026-07-01,Repo,B820,2026-01-23,REPO,FIN,CALYPSOIFI,Repo,,2026-06-03
95727714,,2025-09-02,2026-09-02,2026-10-26,TDBK,DEUTSCHE BANK A.G.,2026-07-01,Repo,B561,2026-01-06,REPO,FIN,CALYPSOIFI,Rev_Repo,,2026-06-03
90423489,,2025-08-25,2026-09-23,2026-04-01,TDBK,INVESTEC BANK LIMITED,2026-07-01,Repo,B778,2026-08-28,REPO,FIN,CALYPSOIFI,Rev_Repo,,2026-06-17
99285652,,2025-09-23,2026-10-04,2026-09-09,TDBK,MORGAN STANLEY INTL,2026-07-01,Repo,B693,2026-04-15,REPO,FIN,CALYPSOIFI,Repo,,2026-07-01
94497362,,2025-03-24,2026-06-07,2026-06-06,TDBK,INVESTEC BANK LIMITED,2026-07-01,Repo,B479,2026-04-03,REPO,FIN,CALYPSOIFI,Repo,,2026-06-10
90609520,,2025-12-20,2026-07-07,2026-03-08,TDBK,WELLINGTON GLOBAL EQUITY FUND 28R5,2026-07-01,Repo,B633,2026-02-25,REPO,FIN,CALYPSOIFI,Repo,,2026-06-03
96851361,,2025-05-06,2026-06-19,2026-09-09,TDBK,MORGAN STANLEY INTL,2026-07-01,Repo,B217,2026-07-04,REPO,FIN,CALYPSOIFI,Repo,,2026-07-01
96754996,,2026-01-11,2026-03-03,2026-04-25,TDBK,,2026-07-01,Repo,B598,2026-03-16,REPO,FIN,CALYPSOIFI,Repo,,2026-06-24
98887399,,2026-11-27,2026-03-20,,TDBK,DEUTSCHE BANK A.G.,2026-07-01,Repo,B325,2026-07-28,REPO,FIN,CALYPSOIFI,Rev_Repo,,2026-06-17
97219838,,2026-11-06,2026-02-01,2026-07-19,TDBK,,2026-07-01,Repo,B106,2026-08-13,REPO,FIN,CALYPSOIFI,Rev_Repo,,2026-06-03
94648000,,2025-07-02,2026-09-05,2026-04-22,TDBK,BANK OF NOVA SCOTIA,2026-07-01,Repo,B569,2026-08-26,REPO,FIN,CALYPSOIFI,Repo,,2026-06-10
98953439,,2026-04-06,2026-09-01,2026-08-22,TDBK,INVESTEC BANK LIMITED,2026-07-01,Repo,B781,2026-12-14,REPO,FIN,CALYPSOIFI,Repo,,2026-06-10
97644878,,2026-03-22,2026-09-24,2026-04-09,TDBK,BANCO HABITAT,2026-07-01,Repo,B692,2026-08-23,,FIN,CALYPSOIFI,Repo,,2026-06-17
91485313,,2026-09-26,2026-01-28,,TDBK,SWISS LIFE AG,2026-07-01,Repo,B997,2026-03-17,REPO,FIN,CALYPSOIFI,Repo,,2026-07-01
93748076,,2026-12-10,2026-04-28,2026-08-18,TDBK,WELLINGTON GLOBAL EQUITY FUND 28R5,2026-07-01,Repo,B219,2026-03-20,REPO,FIN,CALYPSOIFI,Repo,,2026-06-24
96300880,,2025-07-16,2026-02-10,2026-04-05,TDBK,BANK OF NOVA SCOTIA,2026-07-01,Repo,B196,2026-01-03,REPO,FIN,CALYPSOIFI,Repo,,2026-07-01
93026376,,2025-09-27,2026-11-10,2026-05-27,TDBK,DEUTSCHE BANK A.G.,2026-07-01,Repo,B384,2026-09-09,,FIN,CALYPSOIFI,Repo,,2026-07-01
99796697,,2026-08-05,2026-04-12,2026-05-10,TDBK,MORGAN STANLEY INTL,2026-07-01,Repo,B486,2026-07-08,REPO,FIN,CALYPSOIFI,Repo,,2026-07-01
96686483,,2026-05-18,2026-05-20,2026-11-18,TDBK,CITIBANK NA,2026-07-01,Repo,B421,2026-03-27,REPO,FIN,CALYPSOIFI,Repo,,2026-07-01
99524397,,2025-07-05,2026-12-14,2026-05-22,TDBK,DEUTSCHE BANK A.G.,2026-07-01,Repo,B836,2026-06-19,REPO,FIN,CALYPSOIFI,Repo,,2026-06-24
94070502,,2026-05-08,2026-12-23,2026-11-26,TDBK,BANK OF NOVA SCOTIA,2026-07-01,Repo,B602,2026-06-07,REPO,FIN,CALYPSOIFI,Repo,,2026-06-17
96341756,,2026-12-25,2026-04-08,2026-12-03,TDBK,BANCO HABITAT,2026-07-01,Repo,B863,2026-01-05,REPO,FIN,CALYPSOIFI,Rev_Repo,,2026-06-03
96220213,,2025-10-19,2026-04-19,2026-10-13,TDBK,WELLINGTON GLOBAL EQUITY FUND 28R5,2026-07-01,Repo,B266,2026-06-08,REPO,FIN,CALYPSOIFI,Rev_Repo,,2026-06-17
91073168,,2026-08-06,2026-04-09,2026-03-11,TDBK,DEUTSCHE BANK A.G.,2026-07-01,Repo,B752,2026-10-02,REPO,FIN,CALYPSOIFI,Rev_Repo,,2026-06-10
90974983,,2025-11-24,2026-08-27,2026-11-03,TDBK,SWISS LIFE AG,2026-07-01,Repo,B978,2026-11-03,REPO,FIN,CALYPSOIFI,Rev_Repo,,2026-07-01
97257142,,2026-05-28,2026-07-10,,TDBK,CITIBANK NA,2026-07-01,Repo,B389,2026-06-04,REPO,FIN,CALYPSOIFI,Repo,,2026-07-01
95131954,,2025-06-14,2026-07-13,2026-11-07,TDBK,CENTRAL 1 CREDIT UNION,2026-07-01,Repo,B101,2026-04-22,REPO,FIN,CALYPSOIFI,Rev_Repo,,2026-06-24
93856370,,2025-11-02,2026-10-18,2026-11-21,TDBK,,2026-07-01,Repo,B925,2026-01-10,,FIN,CALYPSOIFI,Rev_Repo,,2026-06-03
90713693,,2026-07-06,2026-06-20,2026-06-18,TDBK,SWISS LIFE AG,2026-07-01,Repo,B491,2026-04-10,REPO,FIN,CALYPSOIFI,Rev_Repo,,2026-06-03
95880798,,2025-04-10,2026-10-20,2026-10-19,TDBK,SWISS LIFE AG,2026-07-01,Repo,B461,2026-05-14,REPO,FIN,CALYPSOIFI,Rev_Repo,,2026-06-24
99082398,,2025-05-22,2026-03-09,2026-10-03,TDBK,SWISS LIFE AG,2026-07-01,Repo,B136,2026-03-19,REPO,FIN,CALYPSOIFI,Rev_Repo,,2026-07-01
90707496,,2025-09-15,2026-10-16,2026-02-01,TDBK,SWISS LIFE AG,2026-07-01,Repo,B540,2026-02-28,REPO,FIN,CALYPSOIFI,Rev_Repo,,2026-07-01
90899804,,2025-06-18,2026-11-23,,TDBK,WELLINGTON GLOBAL EQUITY FUND 28R5,2026-07-01,Repo,B908,2026-01-03,REPO,FIN,CALYPSOIFI,Repo,,2026-06-17
95223842,,2026-10-14,2026-10-02,2026-02-27,TDBK,BANCO HABITAT,2026-07-01,Repo,B708,2026-08-05,REPO,FIN,CALYPSOIFI,Repo,,2026-06-03
90315305,,2025-07-12,2026-05-09,2026-09-15,TDBK,MORGAN STANLEY INTL,2026-07-01,,B235,2026-07-03,,FIN,CALYPSOIFI,Repo,,2026-06-10
95928169,,2026-12-14,2026-03-10,2026-10-26,TDBK,MORGAN STANLEY INTL,2026-07-01,Repo,B909,2026-06-02,REPO,FIN,CALYPSOIFI,Repo,,2026-06-17
97220107,,2026-01-27,2026-05-23,2026-01-24,TDBK,BANK OF NOVA SCOTIA,2026-07-01,Repo,B860,2026-01-16,REPO,,CALYPSOIFI,Repo,,2026-06-03
92646665,,2025-09-20,2026-09-11,,TDBK,CENTRAL 1 CREDIT UNION,2026-07-01,Repo,B485,2026-12-22,REPO,FIN,CALYPSOIFI,Repo,,2026-06-10
94419603,,2025-12-25,2026-06-11,2026-01-27,TDBK,DEUTSCHE BANK A.G.,2026-07-01,Repo,B725,2026-08-03,,FIN,CALYPSOIFI,Rev_Repo,,2026-07-01
90716144,,2026-04-05,2026-02-03,2026-12-20,TDBK,INVESTEC BANK LIMITED,2026-07-01,Repo,B284,2026-12-18,REPO,FIN,CALYPSOIFI,Repo,,2026-06-03
92069003,,2026-05-18,2026-03-10,2026-07-14,TDBK,INVESTEC BANK LIMITED,2026-07-01,Repo,B583,2026-12-07,,FIN,CALYPSOIFI,Rev_Repo,,2026-06-17
99859292,,2025-08-07,2026-04-03,2026-11-09,TDBK,INVESTEC BANK LIMITED,2026-07-01,Repo,B116,2026-07-21,REPO,FIN,CALYPSOIFI,Repo,,2026-06-10
91751824,,2025-11-25,2026-08-26,2026-04-08,TDBK,MORGAN STANLEY INTL,2026-07-01,Repo,B690,2026-12-23,REPO,FIN,CALYPSOIFI,Repo,,2026-06-17
93612196,,2026-12-17,2026-11-19,2026-05-05,TDBK,BIMCOR INC,2026-07-01,Repo,B705,2026-10-14,REPO,FIN,CALYPSOIFI,Rev_Repo,,2026-06-24
91681642,,2025-01-22,2026-02-05,2026-06-28,TDBK,,2026-07-01,Repo,B727,2026-01-01,REPO,FIN,CALYPSOIFI,Repo,,2026-06-24
93901887,,2026-04-16,2026-05-05,2026-02-07,TDBK,INVESTEC BANK LIMITED,2026-07-01,Repo,B996,2026-07-11,REPO,FIN,CALYPSOIFI,Rev_Repo,,2026-06-10
96619840,,2025-01-15,2026-10-14,2026-01-03,TDBK,CITIBANK NA,2026-07-01,Repo,B197,2026-02-24,REPO,FIN,CALYPSOIFI,Rev_Repo,,2026-06-17
99685839,,2025-12-02,2026-12-22,2026-10-25,TDBK,CITIBANK NA,2026-07-01,,B343,2026-02-18,REPO,FIN,CALYPSOIFI,Repo,,2026-06-10
92591386,,2026-08-28,2026-12-28,2026-11-25,TDBK,BIMCOR INC,2026-07-01,Repo,B786,2026-04-06,REPO,FIN,CALYPSOIFI,Repo,,2026-06-17
97719092,,2025-05-28,2026-09-05,2026-04-12,TDBK,CENTRAL 1 CREDIT UNION,2026-07-01,Repo,B584,2026-07-21,REPO,FIN,CALYPSOIFI,Repo,,2026-06-10
99879713,,2025-12-06,2026-12-24,2026-05-13,TDBK,CENTRAL 1 CREDIT UNION,2026-07-01,Repo,B113,2026-05-02,REPO,FIN,CALYPSOIFI,Repo,,2026-06-03
96194211,,2026-01-26,2026-07-04,2026-09-18,TDBK,SWISS LIFE AG,2026-07-01,Repo,B870,2026-08-21,,FIN,CALYPSOIFI,Repo,,2026-06-03
99457073,,2025-10-20,2026-01-27,2026-01-20,TDBK,WELLINGTON GLOBAL EQUITY FUND 28R5,2026-07-01,Repo,B498,2026-04-22,REPO,FIN,CALYPSOIFI,Repo,,2026-06-10
97833672,,2026-06-15,2026-04-22,2026-09-21,TDBK,BIMCOR INC,2026-07-01,Repo,B349,2026-05-12,REPO,FIN,CALYPSOIFI,Repo,,2026-06-03
91403686,,2026-10-16,2026-02-10,2026-08-05,TDBK,,2026-07-01,Repo,B324,2026-08-26,REPO,FIN,CALYPSOIFI,Rev_Repo,,2026-06-10
90188385,,2026-06-26,2026-01-27,2026-10-09,TDBK,WELLINGTON GLOBAL EQUITY FUND 28R5,2026-07-01,Repo,B766,2026-11-23,REPO,FIN,CALYPSOIFI,Repo,,2026-06-10
98020732,,2026-07-16,2026-04-27,2026-04-15,TDBK,,2026-07-01,Repo,B691,2026-06-14,REPO,FIN,CALYPSOIFI,Rev_Repo,,2026-06-17
98130590,,2026-01-17,2026-02-12,2026-02-07,TDBK,WELLINGTON GLOBAL EQUITY FUND 28R5,2026-07-01,Repo,B365,2026-10-14,REPO,FIN,CALYPSOIFI,Repo,,2026-06-24
99298047,,2025-06-17,2026-09-17,,TDBK,WELLINGTON GLOBAL EQUITY FUND 28R5,2026-07-01,Repo,B993,2026-09-22,REPO,FIN,CALYPSOIFI,Rev_Repo,,2026-06-10
96794296,,2025-12-20,2026-12-16,2026-01-23,TDBK,SWISS LIFE AG,2026-07-01,Repo,B532,2026-08-01,,FIN,CALYPSOIFI,Repo,,2026-06-10
99416381,,2026-07-27,2026-01-24,2026-04-21,TDBK,MORGAN STANLEY INTL,2026-07-01,Repo,B405,2026-12-04,REPO,FIN,CALYPSOIFI,Rev_Repo,,2026-06-17
92943103,,2026-04-24,2026-04-03,2026-02-20,TDBK,WELLINGTON GLOBAL EQUITY FUND 28R5,2026-07-01,Repo,B858,2026-11-12,REPO,,CALYPSOIFI,Repo,,2026-07-01
92309444,,2026-09-22,2026-09-03,,TDBK,MORGAN STANLEY INTL,2026-07-01,Repo,B263,2026-06-09,REPO,FIN,CALYPSOIFI,Rev_Repo,,2026-06-24
94185165,,2026-08-14,2026-10-02,2026-12-08,TDBK,SWISS LIFE AG,2026-07-01,Repo,B884,2026-03-24,REPO,FIN,CALYPSOIFI,Repo,,2026-06-17
94368525,,2026-08-08,2026-04-10,2026-07-23,TDBK,INVESTEC BANK LIMITED,2026-07-01,Repo,B999,2026-09-17,REPO,FIN,CALYPSOIFI,Rev_Repo,,2026-06-17
91999348,,2026-01-11,2026-08-05,,TDBK,SWISS LIFE AG,2026-07-01,Repo,B498,2026-05-18,REPO,FIN,CALYPSOIFI,Rev_Repo,,2026-07-01
92230460,,2026-02-01,2026-06-09,2026-07-01,TDBK,BANK OF NOVA SCOTIA,2026-07-01,Repo,B875,2026-05-17,REPO,FIN,CALYPSOIFI,Repo,,2026-06-10
90677253,,2025-06-09,2026-01-12,2026-05-03,TDBK,WELLINGTON GLOBAL EQUITY FUND 28R5,2026-07-01,Repo,B290,2026-04-08,,FIN,CALYPSOIFI,Rev_Repo,,2026-07-01
92377064,,2026-06-28,2026-10-20,2026-06-14,TDBK,BIMCOR INC,2026-07-01,,B585,2026-09-11,REPO,,CALYPSOIFI,Rev_Repo,,2026-06-10
92689595,,2026-08-12,2026-09-01,2026-01-27,TDBK,INVESTEC BANK LIMITED,2026-07-01,Repo,B938,2026-09-12,REPO,FIN,CALYPSOIFI,Repo,,2026-06-24
92575993,,2025-11-25,2026-12-13,2026-02-02,TDBK,INVESTEC BANK LIMITED,2026-07-01,Repo,B822,2026-02-18,REPO,FIN,CALYPSOIFI,Rev_Repo,,2026-06-17
90210149,,2026-04-08,2026-02-07,2026-08-26,TDBK,SWISS LIFE AG,2026-07-01,Repo,B534,2026-04-22,REPO,FIN,CALYPSOIFI,Repo,,2026-06-10
92427431,,2026-05-25,2026-09-21,2026-10-10,TDBK,INVESTEC BANK LIMITED,2026-07-01,Repo,B191,2026-11-22,REPO,FIN,CALYPSOIFI,Repo,,2026-06-10
92112621,,2026-06-26,2026-02-06,,TDBK,BIMCOR INC,2026-07-01,Repo,B886,2026-03-14,REPO,FIN,CALYPSOIFI,Repo,,2026-06-17
90798274,,2025-05-05,2026-07-17,2026-10-18,TDBK,BIMCOR INC,2026-07-01,Repo,B634,2026-01-02,REPO,FIN,CALYPSOIFI,Repo,,2026-06-17
97003689,,2025-07-02,2026-05-21,2026-09-23,TDBK,INVESTEC BANK LIMITED,2026-07-01,Repo,B130,2026-03-25,REPO,FIN,CALYPSOIFI,Repo,,2026-06-17
98615012,,2026-06-24,2026-02-21,2026-11-10,TDBK,INVESTEC BANK LIMITED,2026-07-01,Repo,B443,2026-02-22,REPO,FIN,CALYPSOIFI,Repo,,2026-06-17
94789366,,2026-07-04,2026-11-16,2026-02-27,TDBK,INVESTEC BANK LIMITED,2026-07-01,,B622,2026-05-20,REPO,,CALYPSOIFI,Rev_Repo,,2026-06-10
96791037,,2026-05-25,2026-05-24,,TDBK,BANK OF NOVA SCOTIA,2026-07-01,Repo,B417,2026-08-11,REPO,FIN,CALYPSOIFI,Rev_Repo,,2026-06-24
93085227,,2025-12-19,2026-09-26,2026-10-15,TDBK,INVESTEC BANK LIMITED,2026-07-01,Repo,B625,2026-02-15,REPO,FIN,CALYPSOIFI,Rev_Repo,,2026-06-03
94446692,,2026-01-10,2026-08-12,2026-12-05,TDBK,CENTRAL 1 CREDIT UNION,2026-07-01,,B784,2026-09-05,REPO,FIN,CALYPSOIFI,Repo,,2026-06-24
97915787,,2025-12-22,2026-02-20,2026-09-22,TDBK,BANCO HABITAT,2026-07-01,,B723,2026-02-03,REPO,FIN,CALYPSOIFI,Repo,,2026-06-24
93377497,,2025-06-14,2026-08-05,2026-01-21,TDBK,,2026-07-01,Repo,B500,2026-12-06,REPO,FIN,CALYPSOIFI,Rev_Repo,,2026-06-17
95050806,,2025-07-24,2026-12-20,2026-04-10,TDBK,BANK OF NOVA SCOTIA,2026-07-01,Repo,B890,2026-01-07,REPO,FIN,CALYPSOIFI,Repo,,2026-06-10
90125335,,2025-11-08,2026-03-05,2026-02-26,TDBK,CENTRAL 1 CREDIT UNION,2026-07-01,Repo,B105,2026-01-03,REPO,FIN,CALYPSOIFI,Repo,,2026-06-17
92180785,,2025-06-16,2026-12-07,2026-07-17,TDBK,BANCO HABITAT,2026-07-01,Repo,B363,2026-05-15,REPO,FIN,CALYPSOIFI,Repo,,2026-06-24
91380690,,2026-02-10,2026-09-22,2026-03-22,TDBK,INVESTEC BANK LIMITED,2026-07-01,Repo,B658,2026-07-27,REPO,FIN,CALYPSOIFI,Rev_Repo,,2026-06-03
93971319,,2026-09-02,2026-01-17,2026-05-16,TDBK,WELLINGTON GLOBAL EQUITY FUND 28R5,2026-07-01,Repo,B657,2026-02-24,REPO,,CALYPSOIFI,Repo,,2026-06-24
94752206,,2026-03-25,2026-12-15,2026-10-01,TDBK,BANK OF NOVA SCOTIA,2026-07-01,Repo,B623,2026-03-16,REPO,,CALYPSOIFI,Rev_Repo,,2026-06-17
90247007,,2026-02-22,2026-05-13,2026-08-14,TDBK,INVESTEC BANK LIMITED,2026-07-01,Repo,B598,2026-05-07,REPO,FIN,CALYPSOIFI,Repo,,2026-06-03
99964785,,2025-11-17,2026-03-22,,TDBK,BIMCOR INC,2026-07-01,Repo,B498,2026-05-11,REPO,FIN,CALYPSOIFI,Rev_Repo,,2026-06-24
93166090,,2025-05-28,2026-07-05,,TDBK,,2026-07-01,Repo,B506,2026-09-02,REPO,FIN,CALYPSOIFI,Rev_Repo,,2026-07-01
95638098,,2025-08-14,2026-02-17,2026-06-26,TDBK,MORGAN STANLEY INTL,2026-07-01,Repo,B537,2026-02-11,REPO,FIN,CALYPSOIFI,Rev_Repo,,2026-06-17
94981480,,2026-11-07,2026-04-08,2026-10-13,TDBK,CENTRAL 1 CREDIT UNION,2026-07-01,Repo,B562,2026-07-10,REPO,FIN,CALYPSOIFI,Rev_Repo,,2026-06-24
90612745,,2025-10-17,2026-02-11,2026-06-11,TDBK,DEUTSCHE BANK A.G.,2026-07-01,Repo,B997,2026-11-01,REPO,FIN,CALYPSOIFI,Repo,,2026-07-01
90017693,,2026-10-09,2026-12-12,2026-11-11,TDBK,SWISS LIFE AG,2026-07-01,Repo,B265,2026-10-07,REPO,FIN,CALYPSOIFI,Repo,,2026-06-03
99160729,,2026-06-10,2026-04-26,2026-07-04,TDBK,CITIBANK NA,2026-07-01,Repo,B581,2026-01-12,REPO,FIN,CALYPSOIFI,Repo,,2026-06-03
91370570,,2026-07-09,2026-12-21,2026-08-07,TDBK,BANK OF NOVA SCOTIA,2026-07-01,Repo,B876,2026-01-04,REPO,FIN,CALYPSOIFI,Repo,,2026-06-24
92140554,,2025-05-04,2026-12-05,2026-05-26,TDBK,CENTRAL 1 CREDIT UNION,2026-07-01,Repo,B103,2026-01-07,,FIN,CALYPSOIFI,Rev_Repo,,2026-06-10
95761599,,2025-06-21,2026-04-08,2026-06-22,TDBK,SWISS LIFE AG,2026-07-01,Repo,B811,2026-12-26,REPO,FIN,CALYPSOIFI,Rev_Repo,,2026-06-10
95334919,,2026-07-10,2026-09-02,2026-05-06,TDBK,DEUTSCHE BANK A.G.,2026-07-01,Repo,B416,2026-04-21,REPO,FIN,CALYPSOIFI,Repo,,2026-06-10
94854054,,2025-06-22,2026-07-19,2026-02-02,TDBK,WELLINGTON GLOBAL EQUITY FUND 28R5,2026-07-01,Repo,B920,2026-07-04,REPO,FIN,CALYPSOIFI,Repo,,2026-06-10
95928899,,2026-03-22,2026-09-15,2026-04-25,TDBK,BIMCOR INC,2026-07-01,,B965,2026-06-24,REPO,FIN,CALYPSOIFI,Repo,,2026-07-01
96470959,,2026-12-27,2026-11-25,2026-01-13,TDBK,INVESTEC BANK LIMITED,2026-07-01,Repo,B741,2026-09-07,REPO,FIN,CALYPSOIFI,Rev_Repo,,2026-06-03
97312132,,2026-03-05,2026-10-20,,TDBK,INVESTEC BANK LIMITED,2026-07-01,Repo,B543,2026-01-23,REPO,FIN,CALYPSOIFI,Rev_Repo,,2026-07-01
96424711,,2025-01-22,2026-09-22,2026-06-22,TDBK,SWISS LIFE AG,2026-07-01,Repo,B356,2026-07-04,REPO,FIN,CALYPSOIFI,Repo,,2026-07-01
93583945,,2026-09-25,2026-01-16,2026-02-11,TDBK,BANCO HABITAT,2026-07-01,,B106,2026-09-02,REPO,,CALYPSOIFI,Repo,,2026-06-03
99971136,,2026-05-09,2026-11-08,2026-09-03,TDBK,CENTRAL 1 CREDIT UNION,2026-07-01,Repo,B115,2026-07-02,,FIN,CALYPSOIFI,Repo,,2026-06-03
98931594,,2026-06-14,2026-10-08,2026-03-01,TDBK,WELLINGTON GLOBAL EQUITY FUND 28R5,2026-07-01,Repo,B945,2026-11-07,REPO,FIN,CALYPSOIFI,Rev_Repo,,2026-06-03
98864052,,2026-10-08,2026-12-12,2026-04-21,TDBK,INVESTEC BANK LIMITED,2026-07-01,Repo,B939,2026-01-24,REPO,FIN,CALYPSOIFI,Repo,,2026-06-03
90065717,,2026-07-05,2026-09-16,2026-10-25,TDBK,MORGAN STANLEY INTL,2026-07-01,Repo,B995,2026-04-26,REPO,FIN,CALYPSOIFI,Rev_Repo,,2026-06-10
91218838,,2026-10-11,2026-06-27,2026-10-24,TDBK,CITIBANK NA,2026-07-01,Repo,B926,2026-03-14,REPO,FIN,CALYPSOIFI,Rev_Repo,,2026-06-24
92465950,,2026-07-13,2026-01-19,,TDBK,BIMCOR INC,2026-07-01,Repo,B877,2026-01-04,REPO,FIN,CALYPSOIFI,Rev_Repo,,2026-06-10
95667742,,2025-09-06,2026-09-27,2026-03-14,TDBK,MORGAN STANLEY INTL,2026-07-01,Repo,B663,2026-01-21,REPO,FIN,CALYPSOIFI,Repo,,2026-06-03
96516457,,2026-01-14,2026-09-11,2026-04-13,TDBK,INVESTEC BANK LIMITED,2026-07-01,Repo,B785,2026-11-02,REPO,FIN,CALYPSOIFI,Repo,,2026-06-17
92585651,,2025-09-04,2026-09-09,2026-10-24,TDBK,WELLINGTON GLOBAL EQUITY FUND 28R5,2026-07-01,Repo,B852,2026-09-28,REPO,,CALYPSOIFI,Rev_Repo,,2026-06-03
91902751,,2026-06-16,2026-07-13,2026-10-16,TDBK,SWISS LIFE AG,2026-07-01,Repo,B510,2026-03-01,REPO,FIN,CALYPSOIFI,Rev_Repo,,2026-07-01
95558942,,2026-05-06,2026-09-24,2026-02-27,TDBK,BANCO HABITAT,2026-07-01,Repo,B394,2026-04-12,REPO,FIN,CALYPSOIFI,Repo,,2026-07-01
92449690,,2025-12-01,2026-11-12,2026-03-07,TDBK,BIMCOR INC,2026-07-01,Repo,B919,2026-11-22,REPO,FIN,CALYPSOIFI,Repo,,2026-06-10
91869173,,2026-12-15,2026-12-04,2026-01-20,TDBK,DEUTSCHE BANK A.G.,2026-07-01,Repo,B705,2026-04-24,REPO,FIN,CALYPSOIFI,Rev_Repo,,2026-06-24
94317111,,2025-08-01,2026-06-21,2026-02-04,TDBK,CITIBANK NA,2026-07-01,Repo,B392,2026-12-07,REPO,FIN,CALYPSOIFI,Rev_Repo,,2026-06-17
92803503,,2025-03-01,2026-03-03,2026-11-04,TDBK,BIMCOR INC,2026-07-01,,B944,2026-05-27,REPO,FIN,CALYPSOIFI,Rev_Repo,,2026-06-17
98055689,,2026-10-19,2026-03-02,2026-05-20,TDBK,SWISS LIFE AG,2026-07-01,Repo,B513,2026-08-23,REPO,FIN,CALYPSOIFI,Repo,,2026-07-01
92940685,,2025-01-28,2026-03-08,2026-05-03,TDBK,BANCO HABITAT,2026-07-01,Repo,B914,2026-05-17,REPO,FIN,CALYPSOIFI,Rev_Repo,,2026-06-03
91560081,,2025-07-07,2026-09-12,2026-10-15,TDBK,BANCO HABITAT,2026-07-01,Repo,B461,2026-12-26,REPO,FIN,CALYPSOIFI,Rev_Repo,,2026-06-17
93969428,,2026-08-23,2026-05-09,2026-05-17,TDBK,INVESTEC BANK LIMITED,2026-07-01,Repo,B470,2026-04-19,REPO,FIN,CALYPSOIFI,Repo,,2026-06-17
95585088,,2026-05-03,2026-05-22,2026-01-15,TDBK,CITIBANK NA,2026-07-01,Repo,B394,2026-07-13,REPO,FIN,CALYPSOIFI,Rev_Repo,,2026-07-01
95754400,,2025-11-19,2026-03-16,2026-04-11,TDBK,,2026-07-01,Repo,B901,2026-05-09,REPO,FIN,CALYPSOIFI,Rev_Repo,,2026-06-24
96774580,,2025-06-24,2026-09-19,2026-03-24,TDBK,SWISS LIFE AG,2026-07-01,Repo,B501,2026-12-27,REPO,FIN,CALYPSOIFI,Repo,,2026-07-01
96523716,,2026-01-13,2026-10-16,2026-08-28,TDBK,BANCO HABITAT,2026-07-01,Repo,B514,2026-04-24,,FIN,CALYPSOIFI,Rev_Repo,,2026-06-17
95465760,,2025-12-24,2026-01-16,2026-03-14,TDBK,BIMCOR INC,2026-07-01,Repo,B643,2026-07-10,REPO,FIN,CALYPSOIFI,Rev_Repo,,2026-06-17
93321209,,2025-12-01,2026-12-19,2026-04-08,TDBK,BIMCOR INC,2026-07-01,Repo,B781,2026-10-22,REPO,FIN,CALYPSOIFI,Rev_Repo,,2026-06-03
95839355,,2025-11-13,2026-08-18,2026-05-08,TDBK,MORGAN STANLEY INTL,2026-07-01,Repo,B431,2026-05-09,REPO,,CALYPSOIFI,Repo,,2026-06-24
90996992,,2026-08-18,2026-12-19,2026-12-13,TDBK,MORGAN STANLEY INTL,2026-07-01,Repo,B641,2026-10-05,REPO,FIN,CALYPSOIFI,Rev_Repo,,2026-07-01
97658103,,2026-05-27,2026-07-07,2026-05-22,TDBK,MORGAN STANLEY INTL,2026-07-01,Repo,B136,2026-01-03,REPO,FIN,CALYPSOIFI,Repo,,2026-06-24
97440785,,2026-03-28,2026-11-25,2026-12-17,TDBK,,2026-07-01,Repo,B473,2026-06-10,,,CALYPSOIFI,Repo,,2026-06-03
92430914,,2026-06-09,2026-10-28,2026-01-19,TDBK,,2026-07-01,Repo,B433,2026-11-26,REPO,FIN,CALYPSOIFI,Rev_Repo,,2026-06-03
96151237,,2026-01-04,2026-11-24,2026-01-27,TDBK,SWISS LIFE AG,2026-07-01,Repo,B736,2026-02-17,,FIN,CALYPSOIFI,Repo,,2026-06-17
98550532,,2025-06-05,2026-11-25,2026-06-14,TDBK,BANK OF NOVA SCOTIA,2026-07-01,Repo,B301,2026-09-19,REPO,FIN,CALYPSOIFI,Rev_Repo,,2026-06-24
91517368,,2025-09-23,2026-05-26,2026-09-08,TDBK,CENTRAL 1 CREDIT UNION,2026-07-01,Repo,B580,2026-08-08,REPO,FIN,CALYPSOIFI,Repo,,2026-06-10
90044557,,2026-10-10,2026-04-18,2026-01-20,TDBK,WELLINGTON GLOBAL EQUITY FUND 28R5,2026-07-01,Repo,B311,2026-08-01,REPO,FIN,CALYPSOIFI,Rev_Repo,,2026-06-10
90928386,,2025-11-12,2026-09-25,,TDBK,MORGAN STANLEY INTL,2026-07-01,Repo,B653,2026-04-17,REPO,FIN,CALYPSOIFI,Repo,,2026-06-17
94770648,,2025-01-17,2026-09-16,2026-10-10,TDBK,WELLINGTON GLOBAL EQUITY FUND 28R5,2026-07-01,Repo,B823,2026-02-09,REPO,FIN,CALYPSOIFI,Rev_Repo,,2026-06-24
92820759,,2025-10-17,2026-03-20,2026-01-14,TDBK,BIMCOR INC,2026-07-01,Repo,B182,2026-05-17,REPO,FIN,CALYPSOIFI,Repo,,2026-06-17
95829340,,2026-10-01,2026-07-19,2026-01-16,TDBK,SWISS LIFE AG,2026-07-01,Repo,B708,2026-07-23,REPO,FIN,CALYPSOIFI,Repo,,2026-06-17
98180214,,2025-11-13,2026-07-08,2026-01-11,TDBK,WELLINGTON GLOBAL EQUITY FUND 28R5,2026-07-01,Repo,B813,2026-12-24,REPO,FIN,CALYPSOIFI,Repo,,2026-06-24
90476922,,2025-07-08,2026-04-02,2026-01-24,TDBK,MORGAN STANLEY INTL,2026-07-01,Repo,B771,2026-06-15,REPO,FIN,CALYPSOIFI,Rev_Repo,,2026-07-01
95323152,,2026-06-21,2026-10-06,2026-12-02,TDBK,CITIBANK NA,2026-07-01,Repo,B929,2026-05-20,REPO,FIN,CALYPSOIFI,Rev_Repo,,2026-06-24
93526567,,2026-09-09,2026-07-07,2026-10-14,TDBK,,2026-07-01,Repo,B152,2026-11-05,REPO,FIN,CALYPSOIFI,Repo,,2026-06-10
98122572,,2026-05-13,2026-10-13,2026-05-04,TDBK,MORGAN STANLEY INTL,2026-07-01,Repo,B983,2026-05-26,REPO,FIN,CALYPSOIFI,Rev_Repo,,2026-06-10
98270432,,2026-01-01,2026-10-07,2026-12-01,TDBK,SWISS LIFE AG,2026-07-01,Repo,B411,2026-09-10,REPO,FIN,CALYPSOIFI,Rev_Repo,,2026-07-01
98694618,,2025-09-10,2026-10-14,2026-03-15,TDBK,CITIBANK NA,2026-07-01,Repo,B268,2026-01-09,REPO,FIN,CALYPSOIFI,Rev_Repo,,2026-06-03
91793238,,2025-05-06,2026-05-28,2026-03-19,TDBK,MORGAN STANLEY INTL,2026-07-01,Repo,B581,2026-05-12,REPO,FIN,CALYPSOIFI,Repo,,2026-06-24
93245960,,2025-10-19,2026-06-11,,TDBK,BANK OF NOVA SCOTIA,2026-07-01,Repo,B894,2026-07-08,REPO,FIN,CALYPSOIFI,Repo,,2026-06-24
91380886,,2025-07-04,2026-03-04,2026-05-25,TDBK,,2026-07-01,Repo,B446,2026-10-03,REPO,,CALYPSOIFI,Repo,,2026-06-17
93614083,,2026-10-25,2026-02-26,2026-02-26,TDBK,WELLINGTON GLOBAL EQUITY FUND 28R5,2026-07-01,,B411,2026-02-14,REPO,FIN,CALYPSOIFI,Repo,,2026-06-17
96450917,,2025-11-05,2026-03-21,2026-09-09,TDBK,CITIBANK NA,2026-07-01,Repo,B907,2026-03-25,REPO,FIN,CALYPSOIFI,Rev_Repo,,2026-06-03
97684778,,2026-11-21,2026-07-22,2026-03-18,TDBK,WELLINGTON GLOBAL EQUITY FUND 28R5,2026-07-01,Repo,B528,2026-02-25,REPO,FIN,CALYPSOIFI,Repo,,2026-07-01
97685335,,2025-04-09,2026-06-12,2026-05-02,TDBK,SWISS LIFE AG,2026-07-01,Repo,B278,2026-07-14,,FIN,CALYPSOIFI,Rev_Repo,,2026-07-01
92827952,,2025-05-14,2026-08-09,2026-03-05,TDBK,BANK OF NOVA SCOTIA,2026-07-01,Repo,B341,2026-07-19,REPO,FIN,CALYPSOIFI,Repo,,2026-06-10
91699663,,2026-05-01,2026-01-13,2026-03-26,TDBK,BIMCOR INC,2026-07-01,Repo,B651,2026-11-09,REPO,FIN,CALYPSOIFI,Repo,,2026-06-03
95981980,,2025-04-18,2026-11-24,2026-04-27,TDBK,MORGAN STANLEY INTL,2026-07-01,Repo,B429,2026-04-14,REPO,FIN,CALYPSOIFI,Rev_Repo,,2026-06-10
97491908,,2026-11-24,2026-11-02,2026-11-10,TDBK,SWISS LIFE AG,2026-07-01,Repo,B497,2026-02-23,REPO,FIN,CALYPSOIFI,Repo,,2026-06-24
99782752,,2025-10-23,2026-02-22,2026-04-01,TDBK,,2026-07-01,Repo,B333,2026-11-13,REPO,FIN,CALYPSOIFI,Repo,,2026-06-24
93998339,,2026-04-22,2026-04-03,2026-06-18,TDBK,INVESTEC BANK LIMITED,2026-07-01,Repo,B252,2026-10-01,REPO,FIN,CALYPSOIFI,Rev_Repo,,2026-06-17
91717629,,2026-12-16,2026-09-08,2026-08-06,TDBK,CENTRAL 1 CREDIT UNION,2026-07-01,Repo,B823,2026-11-11,REPO,FIN,CALYPSOIFI,Rev_Repo,,2026-07-01
93944709,,2026-07-24,2026-09-13,2026-01-02,TDBK,BANK OF NOVA SCOTIA,2026-07-01,Repo,B585,2026-08-12,REPO,,CALYPSOIFI,Repo,,2026-06-24
95860666,,2026-12-15,2026-06-25,2026-03-01,TDBK,INVESTEC BANK LIMITED,2026-07-01,Repo,B698,2026-03-18,REPO,FIN,CALYPSOIFI,Repo,,2026-06-17
92680685,,2026-01-19,2026-04-04,,TDBK,DEUTSCHE BANK A.G.,2026-07-01,Repo,B783,2026-06-23,REPO,FIN,CALYPSOIFI,Repo,,2026-06-24
97231972,,2026-03-21,2026-11-20,2026-08-20,TDBK,CENTRAL 1 CREDIT UNION,2026-07-01,Repo,B387,2026-06-10,REPO,FIN,CALYPSOIFI,Rev_Repo,,2026-06-03
91465790,,2025-07-19,2026-09-05,2026-05-24,TDBK,DEUTSCHE BANK A.G.,2026-07-01,Repo,B510,2026-11-01,REPO,FIN,CALYPSOIFI,Rev_Repo,,2026-06-10
90628541,,2026-12-20,2026-03-01,2026-09-20,TDBK,SWISS LIFE AG,2026-07-01,Repo,B481,2026-08-13,REPO,FIN,CALYPSOIFI,Repo,,2026-06-17
99644423,,2026-12-19,2026-11-05,2026-11-12,TDBK,BIMCOR INC,2026-07-01,Repo,B786,2026-04-06,REPO,FIN,CALYPSOIFI,Rev_Repo,,2026-06-10
96345811,,2025-09-04,2026-08-22,2026-12-26,TDBK,DEUTSCHE BANK A.G.,2026-07-01,Repo,B925,2026-07-12,REPO,FIN,CALYPSOIFI,Repo,,2026-06-03
94592018,,2026-06-09,2026-07-13,2026-05-12,TDBK,,2026-07-01,Repo,B937,2026-12-16,REPO,FIN,CALYPSOIFI,Rev_Repo,,2026-06-17
96333459,,2025-08-10,2026-12-05,2026-06-22,TDBK,INVESTEC BANK LIMITED,2026-07-01,Repo,B930,2026-10-24,REPO,FIN,CALYPSOIFI,Repo,,2026-07-01
99523648,,2025-09-01,2026-05-19,2026-08-16,TDBK,CITIBANK NA,2026-07-01,Repo,B263,2026-08-18,,FIN,CALYPSOIFI,Rev_Repo,,2026-07-01
97704426,,2025-04-19,2026-07-14,2026-07-11,TDBK,SWISS LIFE AG,2026-07-01,Repo,B203,2026-06-02,REPO,FIN,CALYPSOIFI,Repo,,2026-06-24
98811122,,2026-02-21,2026-09-09,2026-06-11,TDBK,SWISS LIFE AG,2026-07-01,Repo,B975,2026-11-20,REPO,FIN,CALYPSOIFI,Repo,,2026-06-03
90684299,,2025-10-24,2026-03-02,2026-09-10,TDBK,,2026-07-01,Repo,B228,2026-01-05,REPO,FIN,CALYPSOIFI,Repo,,2026-06-10
91487821,,2026-06-17,2026-02-23,2026-10-06,TDBK,DEUTSCHE BANK A.G.,2026-07-01,Repo,B307,2026-05-15,REPO,FIN,CALYPSOIFI,Rev_Repo,,2026-06-17
90608758,,2026-08-18,2026-10-16,,TDBK,WELLINGTON GLOBAL EQUITY FUND 28R5,2026-07-01,Repo,B743,2026-08-05,REPO,FIN,CALYPSOIFI,Repo,,2026-06-03
97809930,,2025-11-26,2026-01-05,2026-09-01,TDBK,INVESTEC BANK LIMITED,2026-07-01,Repo,B369,2026-03-01,REPO,FIN,CALYPSOIFI,Rev_Repo,,2026-06-10
91197212,,2026-07-14,2026-02-25,2026-02-18,TDBK,MORGAN STANLEY INTL,2026-07-01,Repo,B446,2026-01-03,REPO,FIN,CALYPSOIFI,Repo,,2026-06-24
98470221,,2025-12-17,2026-05-23,2026-05-09,TDBK,INVESTEC BANK LIMITED,2026-07-01,Repo,B771,2026-07-22,REPO,FIN,CALYPSOIFI,Rev_Repo,,2026-06-17
98700332,,2026-03-15,2026-08-07,,TDBK,BANCO HABITAT,2026-07-01,Repo,B623,2026-01-04,REPO,FIN,CALYPSOIFI,Rev_Repo,,2026-06-24
90686783,,2025-02-02,2026-09-08,2026-08-11,TDBK,BANCO HABITAT,2026-07-01,Repo,B534,2026-03-18,REPO,,CALYPSOIFI,Rev_Repo,,2026-06-10
92602059,,2026-10-04,2026-04-03,2026-12-23,TDBK,CENTRAL 1 CREDIT UNION,2026-07-01,Repo,B252,2026-06-27,REPO,FIN,CALYPSOIFI,Repo,,2026-07-01
96747422,,2026-09-25,2026-05-22,2026-06-17,TDBK,DEUTSCHE BANK A.G.,2026-07-01,Repo,B807,2026-01-24,REPO,FIN,CALYPSOIFI,Repo,,2026-06-17
90761961,,2026-09-19,2026-11-25,2026-03-14,TDBK,WELLINGTON GLOBAL EQUITY FUND 28R5,2026-07-01,Repo,B874,2026-03-25,REPO,FIN,CALYPSOIFI,Rev_Repo,,2026-06-17
97909893,,2026-05-12,2026-06-22,2026-08-12,TDBK,CITIBANK NA,2026-07-01,Repo,B297,2026-08-21,REPO,FIN,CALYPSOIFI,Repo,,2026-06-24
99488827,,2026-06-28,2026-07-28,,TDBK,BANK OF NOVA SCOTIA,2026-07-01,Repo,B559,2026-11-27,REPO,FIN,CALYPSOIFI,Repo,,2026-06-24
99475198,,2025-03-17,2026-03-18,,TDBK,WELLINGTON GLOBAL EQUITY FUND 28R5,2026-07-01,Repo,B474,2026-12-19,REPO,FIN,CALYPSOIFI,Rev_Repo,,2026-06-24
91911351,,2026-05-05,2026-07-24,2026-02-02,TDBK,BANK OF NOVA SCOTIA,2026-07-01,Repo,B283,2026-11-18,REPO,FIN,CALYPSOIFI,Repo,,2026-07-01
90325383,,2026-05-11,2026-01-18,2026-11-22,TDBK,BIMCOR INC,2026-07-01,Repo,B125,2026-11-24,REPO,FIN,CALYPSOIFI,Repo,,2026-06-24
94374670,,2026-07-26,2026-11-20,2026-02-25,TDBK,SWISS LIFE AG,2026-07-01,Repo,B681,2026-06-26,REPO,FIN,CALYPSOIFI,Rev_Repo,,2026-07-01
93823629,,2025-07-17,2026-09-23,2026-05-28,TDBK,MORGAN STANLEY INTL,2026-07-01,Repo,B947,2026-03-24,REPO,,CALYPSOIFI,Rev_Repo,,2026-06-03
91824495,,2026-05-12,2026-01-13,2026-04-20,TDBK,BANCO HABITAT,2026-07-01,,B925,2026-10-02,REPO,FIN,CALYPSOIFI,Repo,,2026-06-03
98064496,,2026-01-18,2026-01-09,2026-10-25,TDBK,BANCO HABITAT,2026-07-01,Repo,B834,2026-01-24,,FIN,CALYPSOIFI,Repo,,2026-06-03
99924505,,2026-03-01,2026-11-18,2026-05-23,TDBK,BANK OF NOVA SCOTIA,2026-07-01,Repo,B285,2026-10-22,,FIN,CALYPSOIFI,Repo,,2026-06-24
99796951,,2026-07-28,2026-04-03,2026-03-16,TDBK,MORGAN STANLEY INTL,2026-07-01,Repo,B771,2026-12-06,REPO,FIN,CALYPSOIFI,Repo,,2026-07-01
94472498,,2025-03-10,2026-01-02,2026-06-20,TDBK,CITIBANK NA,2026-07-01,Repo,B606,2026-10-25,REPO,FIN,CALYPSOIFI,Rev_Repo,,2026-06-03
93842509,,2025-01-01,2026-03-02,2026-08-05,TDBK,BANCO HABITAT,2026-07-01,Repo,B635,2026-08-22,REPO,FIN,CALYPSOIFI,Repo,,2026-06-10
96817545,,2026-09-27,2026-02-07,2026-04-09,TDBK,DEUTSCHE BANK A.G.,2026-07-01,Repo,B547,2026-12-16,REPO,FIN,CALYPSOIFI,Rev_Repo,,2026-06-24
92361927,,2026-05-11,2026-01-28,2026-07-22,TDBK,MORGAN STANLEY INTL,2026-07-01,Repo,B963,2026-10-05,REPO,FIN,CALYPSOIFI,Rev_Repo,,2026-06-24
95261212,,2025-06-17,2026-04-11,2026-01-08,TDBK,MORGAN STANLEY INTL,2026-07-01,Repo,B943,2026-07-23,REPO,FIN,CALYPSOIFI,Rev_Repo,,2026-06-03
91238117,,2026-02-27,2026-04-04,2026-05-05,TDBK,CITIBANK NA,2026-07-01,Repo,B853,2026-03-02,REPO,FIN,CALYPSOIFI,Repo,,2026-06-24
95343511,,2026-12-23,2026-09-14,2026-11-19,TDBK,MORGAN STANLEY INTL,2026-07-01,Repo,B155,2026-12-23,REPO,FIN,CALYPSOIFI,Rev_Repo,,2026-06-17
96884741,,2026-01-02,2026-09-09,2026-11-13,TDBK,CENTRAL 1 CREDIT UNION,2026-07-01,Repo,B653,2026-05-24,REPO,FIN,CALYPSOIFI,Repo,,2026-06-17
97290018,,2025-04-16,2026-03-03,2026-06-01,TDBK,BANCO HABITAT,2026-07-01,Repo,B666,2026-08-25,REPO,FIN,CALYPSOIFI,Repo,,2026-06-17
97639174,,2026-05-16,2026-02-24,2026-06-15,TDBK,INVESTEC BANK LIMITED,2026-07-01,Repo,B458,2026-06-06,REPO,,CALYPSOIFI,Repo,,2026-06-10
99958242,,2025-09-19,2026-06-25,2026-10-16,TDBK,BANCO HABITAT,2026-07-01,Repo,B961,2026-06-03,REPO,FIN,CALYPSOIFI,Rev_Repo,,2026-06-03
95074425,,2025-02-26,2026-01-11,2026-12-09,TDBK,INVESTEC BANK LIMITED,2026-07-01,Repo,B655,2026-08-17,REPO,FIN,CALYPSOIFI,Repo,,2026-07-01
91494249,,2025-05-21,2026-02-12,2026-09-07,TDBK,CENTRAL 1 CREDIT UNION,2026-07-01,Repo,B565,2026-07-15,REPO,FIN,CALYPSOIFI,Rev_Repo,,2026-06-17
99304979,,2026-11-24,2026-10-23,2026-11-06,TDBK,CENTRAL 1 CREDIT UNION,2026-07-01,Repo,B953,2026-10-23,REPO,FIN,CALYPSOIFI,Rev_Repo,,2026-06-17
98082006,,2026-05-13,2026-02-02,2026-02-11,TDBK,DEUTSCHE BANK A.G.,2026-07-01,Repo,B251,2026-09-26,REPO,FIN,CALYPSOIFI,Repo,,2026-06-24
96487063,,2025-11-04,2026-02-19,2026-06-28,TDBK,CENTRAL 1 CREDIT UNION,2026-07-01,Repo,B597,2026-02-04,REPO,FIN,CALYPSOIFI,Repo,,2026-06-17
93498410,,2025-06-03,2026-01-16,,TDBK,DEUTSCHE BANK A.G.,2026-07-01,Repo,B795,2026-02-27,,FIN,CALYPSOIFI,Rev_Repo,,2026-06-10
91332021,,2026-09-02,2026-08-04,2026-10-28,TDBK,SWISS LIFE AG,2026-07-01,,B134,2026-06-10,REPO,,CALYPSOIFI,Rev_Repo,,2026-06-03
92444401,,2026-05-21,2026-08-10,2026-09-19,TDBK,INVESTEC BANK LIMITED,2026-07-01,Repo,B805,2026-08-03,REPO,,CALYPSOIFI,Repo,,2026-06-17
95530589,,2026-01-09,2026-10-21,2026-07-20,TDBK,SWISS LIFE AG,2026-07-01,Repo,B919,2026-03-15,REPO,FIN,CALYPSOIFI,Rev_Repo,,2026-07-01
98044025,,2026-02-23,2026-10-13,2026-03-08,TDBK,BIMCOR INC,2026-07-01,Repo,B188,2026-02-22,REPO,FIN,CALYPSOIFI,Repo,,2026-06-17
94418408,,2025-05-25,2026-12-05,2026-09-16,TDBK,BANK OF NOVA SCOTIA,2026-07-01,Repo,B617,2026-09-01,REPO,FIN,CALYPSOIFI,Rev_Repo,,2026-07-01
95565027,,2026-01-07,2026-08-19,2026-09-08,TDBK,BIMCOR INC,2026-07-01,Repo,B293,2026-04-11,REPO,FIN,CALYPSOIFI,Repo,,2026-06-10
90077715,,2025-11-11,2026-08-26,2026-07-24,TDBK,CITIBANK NA,2026-07-01,Repo,B305,2026-06-19,REPO,FIN,CALYPSOIFI,Rev_Repo,,2026-06-10
91051537,,2025-06-03,2026-03-17,2026-07-20,TDBK,BANCO HABITAT,2026-07-01,Repo,B919,2026-12-18,REPO,FIN,CALYPSOIFI,Rev_Repo,,2026-07-01
95540707,,2026-03-28,2026-08-01,,TDBK,WELLINGTON GLOBAL EQUITY FUND 28R5,2026-07-01,Repo,B618,2026-09-12,REPO,FIN,CALYPSOIFI,Rev_Repo,,2026-06-03
96844193,,2026-10-06,2026-03-06,2026-09-16,TDBK,SWISS LIFE AG,2026-07-01,Repo,B840,2026-06-11,REPO,FIN,CALYPSOIFI,Repo,,2026-07-01
91785440,,2026-10-22,2026-01-14,2026-01-24,TDBK,CENTRAL 1 CREDIT UNION,2026-07-01,Repo,B485,2026-02-24,REPO,FIN,CALYPSOIFI,Repo,,2026-07-01
99998916,,2026-11-17,2026-02-05,2026-06-20,TDBK,BANCO HABITAT,2026-07-01,Repo,B263,2026-07-24,REPO,FIN,CALYPSOIFI,Repo,,2026-06-10
98370840,,2025-04-19,2026-06-26,2026-05-07,TDBK,BIMCOR INC,2026-07-01,Repo,B377,2026-05-12,REPO,,CALYPSOIFI,Rev_Repo,,2026-06-17
95040203,,2026-10-05,2026-11-18,2026-11-01,TDBK,DEUTSCHE BANK A.G.,2026-07-01,Repo,B606,2026-03-22,REPO,FIN,CALYPSOIFI,Repo,,2026-06-17
91253578,,2026-04-04,2026-05-05,2026-12-26,TDBK,BANCO HABITAT,2026-07-01,Repo,B490,2026-04-18,REPO,FIN,CALYPSOIFI,Rev_Repo,,2026-07-01
95854566,,2025-03-10,2026-08-18,2026-08-14,TDBK,,2026-07-01,Repo,B935,2026-09-06,REPO,FIN,CALYPSOIFI,Repo,,2026-06-24
97455763,,2026-04-06,2026-05-16,2026-07-08,TDBK,SWISS LIFE AG,2026-07-01,Repo,B478,2026-09-28,REPO,FIN,CALYPSOIFI,Rev_Repo,,2026-07-01
93903520,,2025-07-26,2026-04-06,2026-08-20,TDBK,CITIBANK NA,2026-07-01,Repo,B759,2026-09-11,REPO,FIN,CALYPSOIFI,Rev_Repo,,2026-07-01
94239220,,2026-02-19,2026-02-18,,TDBK,BIMCOR INC,2026-07-01,Repo,B253,2026-02-28,REPO,FIN,CALYPSOIFI,Repo,,2026-06-03
95484085,,2025-05-01,2026-03-06,2026-03-04,TDBK,BANCO HABITAT,2026-07-01,Repo,B684,2026-09-17,REPO,FIN,CALYPSOIFI,Repo,,2026-06-03
95267240,,2025-06-05,2026-08-24,2026-05-09,TDBK,CITIBANK NA,2026-07-01,,B469,2026-08-17,REPO,FIN,CALYPSOIFI,Repo,,2026-06-24
96162563,,2025-10-28,2026-11-02,2026-03-20,TDBK,SWISS LIFE AG,2026-07-01,Repo,B389,2026-02-25,REPO,FIN,CALYPSOIFI,Rev_Repo,,2026-07-01
99788932,,2025-01-04,2026-03-10,,TDBK,BANCO HABITAT,2026-07-01,Repo,B493,2026-10-18,REPO,FIN,CALYPSOIFI,Rev_Repo,,2026-06-10
98459044,,2026-01-12,2026-10-12,2026-09-06,TDBK,DEUTSCHE BANK A.G.,2026-07-01,Repo,B499,2026-02-22,REPO,FIN,CALYPSOIFI,Repo,,2026-06-24
90243580,,2026-01-28,2026-06-03,2026-12-19,TDBK,DEUTSCHE BANK A.G.,2026-07-01,Repo,B811,2026-01-22,REPO,FIN,CALYPSOIFI,Repo,,2026-06-10
91870117,,2026-07-28,2026-06-22,2026-10-15,TDBK,BANCO HABITAT,2026-07-01,,B287,2026-07-09,,,CALYPSOIFI,Repo,,2026-06-10
94592909,,2026-08-21,2026-10-16,2026-01-24,TDBK,MORGAN STANLEY INTL,2026-07-01,Repo,B804,2026-11-11,REPO,FIN,CALYPSOIFI,Rev_Repo,,2026-06-10
90948307,,2026-08-22,2026-04-10,,TDBK,MORGAN STANLEY INTL,2026-07-01,Repo,B435,2026-06-19,REPO,FIN,CALYPSOIFI,Repo,,2026-06-10
96329492,,2026-03-05,2026-04-21,2026-04-12,TDBK,WELLINGTON GLOBAL EQUITY FUND 28R5,2026-07-01,,B695,2026-01-14,REPO,FIN,CALYPSOIFI,Repo,,2026-06-10
97302708,,2025-10-25,2026-12-26,2026-10-15,TDBK,,2026-07-01,Repo,B590,2026-03-05,REPO,FIN,CALYPSOIFI,Rev_Repo,,2026-06-24
97096169,,2025-08-17,2026-01-12,2026-10-03,TDBK,BIMCOR INC,2026-07-01,Repo,B615,2026-12-06,REPO,FIN,CALYPSOIFI,Repo,,2026-06-03
91747690,,2026-01-25,2026-01-01,2026-04-05,TDBK,CITIBANK NA,2026-07-01,Repo,B564,2026-01-18,REPO,,CALYPSOIFI,Repo,,2026-06-24
90435183,,2026-12-02,2026-02-24,2026-12-20,TDBK,SWISS LIFE AG,2026-07-01,,B450,2026-07-12,REPO,FIN,CALYPSOIFI,Rev_Repo,,2026-06-10
98639304,,2025-11-08,2026-07-18,2026-04-13,TDBK,,2026-07-01,Repo,B582,2026-10-06,REPO,FIN,CALYPSOIFI,Repo,,2026-06-24
93659116,,2026-05-09,2026-06-05,2026-04-12,TDBK,DEUTSCHE BANK A.G.,2026-07-01,Repo,B657,2026-06-07,REPO,FIN,CALYPSOIFI,Repo,,2026-06-17
95551855,,2025-09-27,2026-08-18,2026-12-21,TDBK,BANCO HABITAT,2026-07-01,Repo,B249,2026-06-25,REPO,FIN,CALYPSOIFI,Repo,,2026-06-24
98537206,,2025-02-13,2026-09-13,2026-11-02,TDBK,BANK OF NOVA SCOTIA,2026-07-01,Repo,B314,2026-01-15,REPO,FIN,CALYPSOIFI,Rev_Repo,,2026-06-17
99650647,,2026-10-26,2026-09-26,2026-08-24,TDBK,,2026-07-01,Repo,B113,2026-03-22,REPO,FIN,CALYPSOIFI,Rev_Repo,,2026-06-10
90961108,,2026-10-06,2026-04-25,2026-08-21,TDBK,,2026-07-01,Repo,B231,2026-10-23,REPO,FIN,CALYPSOIFI,Repo,,2026-06-17
99369501,,2025-12-07,2026-04-10,2026-02-13,TDBK,DEUTSCHE BANK A.G.,2026-07-01,Repo,B464,2026-11-22,REPO,,CALYPSOIFI,Rev_Repo,,2026-06-17
92769699,,2025-07-20,2026-02-19,2026-04-25,TDBK,CITIBANK NA,2026-07-01,Repo,B187,2026-05-24,REPO,FIN,CALYPSOIFI,Repo,,2026-06-24
92199142,,2026-11-22,2026-02-28,2026-10-04,TDBK,INVESTEC BANK LIMITED,2026-07-01,Repo,B953,2026-10-11,REPO,FIN,CALYPSOIFI,Rev_Repo,,2026-06-10
93390139,,2025-04-05,2026-08-19,2026-07-11,TDBK,CENTRAL 1 CREDIT UNION,2026-07-01,Repo,B449,2026-07-14,REPO,FIN,CALYPSOIFI,Repo,,2026-06-24
99890141,,2026-10-02,2026-04-04,2026-04-02,TDBK,DEUTSCHE BANK A.G.,2026-07-01,Repo,B920,2026-11-18,REPO,FIN,CALYPSOIFI,Repo,,2026-06-10
90077388,,2026-06-05,2026-12-17,2026-10-19,TDBK,WELLINGTON GLOBAL EQUITY FUND 28R5,2026-07-01,Repo,B864,2026-01-08,REPO,FIN,CALYPSOIFI,Repo,,2026-06-03
99109721,,2025-06-21,2026-10-11,2026-12-18,TDBK,WELLINGTON GLOBAL EQUITY FUND 28R5,2026-07-01,Repo,B584,2026-12-11,REPO,FIN,CALYPSOIFI,Repo,,2026-06-24
98506638,,2025-12-28,2026-01-12,2026-10-15,TDBK,BIMCOR INC,2026-07-01,Repo,B371,2026-11-12,REPO,FIN,CALYPSOIFI,Repo,,2026-07-01
92737246,,2025-06-02,2026-04-25,2026-07-19,TDBK,DEUTSCHE BANK A.G.,2026-07-01,Repo,B135,2026-11-10,REPO,FIN,CALYPSOIFI,Repo,,2026-07-01
90160827,,2026-04-03,2026-06-23,,TDBK,WELLINGTON GLOBAL EQUITY FUND 28R5,2026-07-01,Repo,B222,2026-12-26,REPO,FIN,CALYPSOIFI,Repo,,2026-06-03
93799890,,2026-11-22,2026-09-21,2026-03-19,TDBK,BANCO HABITAT,2026-07-01,Repo,B234,2026-06-28,REPO,FIN,CALYPSOIFI,Repo,,2026-06-10
99754253,,2026-11-23,2026-07-21,,TDBK,MORGAN STANLEY INTL,2026-07-01,Repo,B576,2026-09-24,REPO,FIN,CALYPSOIFI,Rev_Repo,,2026-06-10
96174551,,2026-11-24,2026-10-13,2026-11-10,TDBK,CITIBANK NA,2026-07-01,Repo,B873,2026-06-08,REPO,FIN,CALYPSOIFI,Rev_Repo,,2026-06-10
93748317,,2026-08-09,2026-10-25,2026-07-21,TDBK,SWISS LIFE AG,2026-07-01,Repo,B670,2026-04-08,REPO,FIN,CALYPSOIFI,Rev_Repo,,2026-06-17
94914032,,2025-10-28,2026-06-26,2026-01-27,TDBK,DEUTSCHE BANK A.G.,2026-07-01,Repo,B205,2026-04-09,REPO,FIN,CALYPSOIFI,Rev_Repo,,2026-06-10
96876787,,2026-10-10,2026-05-08,2026-01-10,TDBK,BIMCOR INC,2026-07-01,Repo,B265,2026-05-09,REPO,FIN,CALYPSOIFI,Repo,,2026-06-10
90237951,,2025-03-13,2026-11-18,2026-12-03,TDBK,CITIBANK NA,2026-07-01,Repo,B596,2026-10-22,REPO,FIN,CALYPSOIFI,Repo,,2026-07-01
96839709,,2025-12-23,2026-04-28,2026-05-25,TDBK,CENTRAL 1 CREDIT UNION,2026-07-01,Repo,B476,2026-02-09,REPO,FIN,CALYPSOIFI,Repo,,2026-06-24
92345675,,2025-02-12,2026-09-07,2026-04-20,TDBK,WELLINGTON GLOBAL EQUITY FUND 28R5,2026-07-01,Repo,B380,2026-09-10,REPO,FIN,CALYPSOIFI,Rev_Repo,,2026-06-24
99108381,,2025-04-09,2026-03-16,2026-03-24,TDBK,,2026-07-01,Repo,B589,2026-05-16,REPO,FIN,CALYPSOIFI,Repo,,2026-06-10
93833825,,2026-01-24,2026-03-09,2026-08-26,TDBK,DEUTSCHE BANK A.G.,2026-07-01,Repo,B866,2026-10-22,REPO,FIN,CALYPSOIFI,Repo,,2026-07-01
98992193,,2025-12-20,2026-08-19,2026-02-07,TDBK,INVESTEC BANK LIMITED,2026-07-01,Repo,B803,2026-09-03,REPO,,CALYPSOIFI,Repo,,2026-06-17
98397882,,2026-02-27,2026-01-03,2026-03-12,TDBK,BANK OF NOVA SCOTIA,2026-07-01,Repo,B881,2026-05-19,,FIN,CALYPSOIFI,Repo,,2026-07-01
98198378,,2026-02-12,2026-01-03,2026-05-28,TDBK,BANCO HABITAT,2026-07-01,Repo,B609,2026-01-10,REPO,FIN,CALYPSOIFI,Repo,,2026-06-10
94672029,,2025-08-27,2026-04-24,2026-02-17,TDBK,SWISS LIFE AG,2026-07-01,Repo,B363,2026-12-03,REPO,FIN,CALYPSOIFI,Repo,,2026-06-10
96490828,,2026-06-19,2026-03-26,2026-05-15,TDBK,DEUTSCHE BANK A.G.,2026-07-01,Repo,B744,2026-12-23,REPO,FIN,CALYPSOIFI,Rev_Repo,,2026-06-03
99409335,,2025-08-16,2026-07-15,2026-01-09,TDBK,WELLINGTON GLOBAL EQUITY FUND 28R5,2026-07-01,Repo,B880,2026-05-03,REPO,FIN,CALYPSOIFI,Rev_Repo,,2026-07-01
96479499,,2025-02-13,2026-12-08,2026-07-10,TDBK,DEUTSCHE BANK A.G.,2026-07-01,Repo,B273,2026-11-12,REPO,FIN,CALYPSOIFI,Rev_Repo,,2026-06-10
98232815,,2025-03-09,2026-11-09,2026-09-06,TDBK,CENTRAL 1 CREDIT UNION,2026-07-01,Repo,B637,2026-08-15,REPO,FIN,CALYPSOIFI,Rev_Repo,,2026-07-01
96064009,,2026-05-15,2026-09-27,2026-07-19,TDBK,WELLINGTON GLOBAL EQUITY FUND 28R5,2026-07-01,,B140,2026-01-22,,,CALYPSOIFI,Repo,,2026-06-10
91631250,,2025-06-19,2026-09-12,2026-06-15,TDBK,SWISS LIFE AG,2026-07-01,Repo,B684,2026-04-28,REPO,FIN,CALYPSOIFI,Rev_Repo,,2026-06-03
94798206,,2026-04-16,2026-07-21,2026-11-06,TDBK,BIMCOR INC,2026-07-01,Repo,B483,2026-01-01,REPO,,CALYPSOIFI,Rev_Repo,,2026-06-03
99092712,,2025-11-04,2026-01-25,2026-01-12,TDBK,MORGAN STANLEY INTL,2026-07-01,Repo,B892,2026-02-23,REPO,FIN,CALYPSOIFI,Rev_Repo,,2026-06-24
95581365,,2025-07-18,2026-09-20,2026-03-17,TDBK,BIMCOR INC,2026-07-01,Repo,B929,2026-07-26,REPO,FIN,CALYPSOIFI,Rev_Repo,,2026-07-01
99376665,,2025-07-24,2026-12-10,2026-06-05,TDBK,CENTRAL 1 CREDIT UNION,2026-07-01,Repo,B369,2026-12-27,REPO,FIN,CALYPSOIFI,Rev_Repo,,2026-06-10
92946450,,2025-05-15,2026-01-21,2026-05-01,TDBK,WELLINGTON GLOBAL EQUITY FUND 28R5,2026-07-01,Repo,B820,2026-06-19,REPO,FIN,CALYPSOIFI,Rev_Repo,,2026-06-03
92580274,,2026-03-19,2026-07-18,,TDBK,DEUTSCHE BANK A.G.,2026-07-01,Repo,B325,2026-01-05,REPO,FIN,CALYPSOIFI,Rev_Repo,,2026-07-01
96363636,,2026-08-13,2026-03-25,2026-10-11,TDBK,CITIBANK NA,2026-07-01,Repo,B606,2026-10-26,REPO,FIN,CALYPSOIFI,Repo,,2026-06-24
92777707,,2025-02-24,2026-06-09,2026-08-08,TDBK,MORGAN STANLEY INTL,2026-07-01,Repo,B757,2026-06-22,REPO,FIN,CALYPSOIFI,Repo,,2026-06-10
90846560,,2026-09-22,2026-05-23,2026-11-04,TDBK,SWISS LIFE AG,2026-07-01,Repo,B353,2026-04-17,REPO,FIN,CALYPSOIFI,Repo,,2026-06-24
92172440,,2026-01-17,2026-08-25,2026-11-07,TDBK,BANK OF NOVA SCOTIA,2026-07-01,Repo,B286,2026-05-23,REPO,,CALYPSOIFI,Rev_Repo,,2026-06-10
92462715,,2025-11-26,2026-10-23,2026-08-01,TDBK,CITIBANK NA,2026-07-01,Repo,B378,2026-05-03,REPO,FIN,CALYPSOIFI,Rev_Repo,,2026-07-01
98213786,,2026-03-22,2026-05-19,2026-09-19,TDBK,WELLINGTON GLOBAL EQUITY FUND 28R5,2026-07-01,,B587,2026-12-28,REPO,FIN,CALYPSOIFI,Repo,,2026-06-24
92633992,,2026-01-17,2026-11-05,2026-12-16,TDBK,MORGAN STANLEY INTL,2026-07-01,Repo,B562,2026-04-11,REPO,FIN,CALYPSOIFI,Repo,,2026-06-24
93072391,,2026-03-04,2026-11-15,,TDBK,DEUTSCHE BANK A.G.,2026-07-01,Repo,B131,2026-11-23,,FIN,CALYPSOIFI,Rev_Repo,,2026-06-03
91234600,,2025-08-27,2026-12-04,2026-08-21,TDBK,BANK OF NOVA SCOTIA,2026-07-01,Repo,B754,2026-07-06,REPO,FIN,CALYPSOIFI,Repo,,2026-06-24
95557521,,2026-07-23,2026-05-20,2026-10-16,TDBK,WELLINGTON GLOBAL EQUITY FUND 28R5,2026-07-01,Repo,B874,2026-06-09,REPO,FIN,CALYPSOIFI,Rev_Repo,,2026-07-01
90527525,,2026-12-05,2026-01-05,2026-05-10,TDBK,SWISS LIFE AG,2026-07-01,Repo,B700,2026-12-25,REPO,FIN,CALYPSOIFI,Rev_Repo,,2026-06-03
93160811,,2026-08-24,2026-08-22,2026-02-18,TDBK,DEUTSCHE BANK A.G.,2026-07-01,Repo,B134,2026-06-19,REPO,FIN,CALYPSOIFI,Repo,,2026-06-03
97545402,,2025-06-02,2026-06-18,2026-04-16,TDBK,BANCO HABITAT,2026-07-01,,B784,2026-01-14,REPO,FIN,CALYPSOIFI,Repo,,2026-06-10
96658970,,2026-07-14,2026-09-06,2026-11-27,TDBK,MORGAN STANLEY INTL,2026-07-01,Repo,B231,2026-05-05,REPO,FIN,CALYPSOIFI,Rev_Repo,,2026-07-01
91342287,,2026-10-17,2026-12-26,2026-04-01,TDBK,DEUTSCHE BANK A.G.,2026-07-01,Repo,B540,2026-08-15,,FIN,CALYPSOIFI,Repo,,2026-06-24
95879837,,2025-03-06,2026-02-02,2026-02-26,TDBK,BIMCOR INC,2026-07-01,Repo,B804,2026-08-10,REPO,FIN,CALYPSOIFI,Rev_Repo,,2026-06-17
93161052,,2026-03-25,2026-07-16,2026-01-16,TDBK,CITIBANK NA,2026-07-01,Repo,B758,2026-05-22,REPO,FIN,CALYPSOIFI,Repo,,2026-06-10
95879037,,2025-04-13,2026-09-27,2026-11-19,TDBK,INVESTEC BANK LIMITED,2026-07-01,Repo,B804,2026-09-05,REPO,FIN,CALYPSOIFI,Rev_Repo,,2026-06-24
91301931,,2025-12-14,2026-06-10,2026-02-21,TDBK,CITIBANK NA,2026-07-01,Repo,B692,2026-05-13,REPO,FIN,CALYPSOIFI,Rev_Repo,,2026-06-10
93817086,,2026-11-28,2026-05-08,2026-12-12,TDBK,BANCO HABITAT,2026-07-01,Repo,B897,2026-12-09,REPO,FIN,CALYPSOIFI,Repo,,2026-06-03
90956782,,2026-07-04,2026-11-26,2026-09-26,TDBK,,2026-07-01,Repo,B998,2026-05-05,REPO,FIN,CALYPSOIFI,Repo,,2026-06-10
95039265,,2026-08-18,2026-01-21,2026-06-26,TDBK,MORGAN STANLEY INTL,2026-07-01,Repo,B452,2026-05-04,REPO,FIN,CALYPSOIFI,Repo,,2026-06-10
98455591,,2026-08-08,2026-02-21,2026-01-24,TDBK,DEUTSCHE BANK A.G.,2026-07-01,Repo,B718,2026-06-21,REPO,FIN,CALYPSOIFI,Repo,,2026-06-10
96061957,,2025-04-07,2026-09-06,2026-01-07,TDBK,CENTRAL 1 CREDIT UNION,2026-07-01,Repo,B488,2026-11-22,REPO,FIN,CALYPSOIFI,Rev_Repo,,2026-07-01
95594186,,2026-02-02,2026-08-21,2026-03-08,TDBK,CITIBANK NA,2026-07-01,Repo,B639,2026-05-16,REPO,FIN,CALYPSOIFI,Repo,,2026-07-01
95776812,,2025-01-09,2026-03-03,2026-11-14,TDBK,CENTRAL 1 CREDIT UNION,2026-07-01,Repo,B335,2026-07-08,REPO,FIN,CALYPSOIFI,Repo,,2026-06-24
90542568,,2025-10-21,2026-02-13,2026-05-21,TDBK,SWISS LIFE AG,2026-07-01,Repo,B930,2026-07-13,REPO,FIN,CALYPSOIFI,Rev_Repo,,2026-06-03
94016184,,2025-07-28,2026-03-24,2026-10-03,TDBK,MORGAN STANLEY INTL,2026-07-01,Repo,B183,2026-03-25,REPO,FIN,CALYPSOIFI,Rev_Repo,,2026-06-17
97629096,,2026-09-20,2026-06-17,2026-02-19,TDBK,BANK OF NOVA SCOTIA,2026-07-01,Repo,B110,2026-09-21,,FIN,CALYPSOIFI,Rev_Repo,,2026-06-10
90472892,,2025-01-27,2026-07-08,,TDBK,SWISS LIFE AG,2026-07-01,Repo,B196,2026-06-04,REPO,FIN,CALYPSOIFI,Repo,,2026-06-03
96020636,,2025-10-23,2026-04-07,2026-09-27,TDBK,,2026-07-01,Repo,B865,2026-07-10,REPO,FIN,CALYPSOIFI,Rev_Repo,,2026-06-10
92896419,,2026-02-04,2026-03-05,2026-05-27,TDBK,BANCO HABITAT,2026-07-01,Repo,B300,2026-08-19,REPO,FIN,CALYPSOIFI,Repo,,2026-06-10
96724350,,2025-07-18,2026-04-25,2026-03-26,TDBK,BIMCOR INC,2026-07-01,Repo,B419,2026-06-18,REPO,FIN,CALYPSOIFI,Rev_Repo,,2026-06-10
92506427,,2026-11-17,2026-02-15,2026-01-21,TDBK,BANCO HABITAT,2026-07-01,,B211,2026-08-01,REPO,FIN,CALYPSOIFI,Repo,,2026-06-17
95215090,,2025-04-04,2026-10-06,2026-10-27,TDBK,INVESTEC BANK LIMITED,2026-07-01,Repo,B219,2026-03-04,REPO,FIN,CALYPSOIFI,Repo,,2026-06-17
91348137,,2026-08-13,2026-05-21,2026-08-22,TDBK,MORGAN STANLEY INTL,2026-07-01,,B408,2026-12-03,REPO,FIN,CALYPSOIFI,Rev_Repo,,2026-07-01
99190309,,2026-11-25,2026-08-17,2026-09-10,TDBK,CENTRAL 1 CREDIT UNION,2026-07-01,Repo,B611,2026-07-15,REPO,FIN,CALYPSOIFI,Rev_Repo,,2026-06-17
92309853,,2025-08-10,2026-04-22,2026-01-12,TDBK,CITIBANK NA,2026-07-01,Repo,B357,2026-07-03,REPO,FIN,CALYPSOIFI,Rev_Repo,,2026-07-01
95261530,,2025-01-17,2026-03-15,2026-01-26,TDBK,BIMCOR INC,2026-07-01,Repo,B953,2026-01-27,REPO,FIN,CALYPSOIFI,Repo,,2026-06-10
94231973,,2026-03-01,2026-02-10,2026-12-06,TDBK,WELLINGTON GLOBAL EQUITY FUND 28R5,2026-07-01,Repo,B570,2026-04-25,,FIN,CALYPSOIFI,Rev_Repo,,2026-06-10
95967167,,2025-09-04,2026-05-19,2026-11-12,TDBK,MORGAN STANLEY INTL,2026-07-01,Repo,B574,2026-08-27,REPO,FIN,CALYPSOIFI,Repo,,2026-06-17
91616021,,2025-03-03,2026-07-22,2026-08-20,TDBK,CITIBANK NA,2026-07-01,Repo,B526,2026-12-20,REPO,FIN,CALYPSOIFI,Repo,,2026-06-10
91971669,,2026-12-06,2026-06-13,2026-09-09,TDBK,SWISS LIFE AG,2026-07-01,Repo,B286,2026-08-11,REPO,FIN,CALYPSOIFI,Rev_Repo,,2026-06-17
92305217,,2025-07-01,2026-08-21,2026-06-14,TDBK,CENTRAL 1 CREDIT UNION,2026-07-01,Repo,B178,2026-07-23,REPO,FIN,CALYPSOIFI,Repo,,2026-06-03
95038004,,2025-05-14,2026-10-23,2026-08-11,TDBK,BANCO HABITAT,2026-07-01,Repo,B417,2026-04-28,REPO,FIN,CALYPSOIFI,Rev_Repo,,2026-06-17
95325201,,2026-10-10,2026-05-28,2026-10-21,TDBK,INVESTEC BANK LIMITED,2026-07-01,Repo,B344,2026-08-07,REPO,FIN,CALYPSOIFI,Repo,,2026-07-01
97770114,,2025-07-21,2026-04-23,2026-10-10,TDBK,,2026-07-01,Repo,B738,2026-11-04,REPO,FIN,CALYPSOIFI,Repo,,2026-06-24
95848354,,2026-12-25,2026-05-17,,TDBK,BIMCOR INC,2026-07-01,Repo,B382,2026-01-08,REPO,FIN,CALYPSOIFI,Rev_Repo,,2026-07-01
90136271,,2026-07-13,2026-03-10,2026-09-01,TDBK,BANCO HABITAT,2026-07-01,Repo,B477,2026-08-08,REPO,FIN,CALYPSOIFI,Repo,,2026-06-24
97319232,,2026-08-22,2026-06-15,2026-08-03,TDBK,CITIBANK NA,2026-07-01,Repo,B352,2026-12-25,REPO,FIN,CALYPSOIFI,Rev_Repo,,2026-06-03
95621882,,2025-01-04,2026-11-06,2026-07-04,TDBK,WELLINGTON GLOBAL EQUITY FUND 28R5,2026-07-01,Repo,B277,2026-04-12,REPO,FIN,CALYPSOIFI,Repo,,2026-06-10
98558863,,2026-06-20,2026-05-17,2026-07-25,TDBK,BANCO HABITAT,2026-07-01,Repo,B147,2026-08-06,REPO,FIN,CALYPSOIFI,Repo,,2026-06-10
92858882,,2025-12-02,2026-05-22,2026-01-05,TDBK,INVESTEC BANK LIMITED,2026-07-01,Repo,B626,2026-11-02,REPO,FIN,CALYPSOIFI,Repo,,2026-06-10
94636212,,2026-01-03,2026-11-22,2026-09-08,TDBK,BIMCOR INC,2026-07-01,Repo,B137,2026-06-03,REPO,FIN,CALYPSOIFI,Repo,,2026-07-01
97065661,,2025-01-03,2026-11-17,2026-08-08,TDBK,INVESTEC BANK LIMITED,2026-07-01,Repo,B324,2026-09-19,REPO,FIN,CALYPSOIFI,Repo,,2026-06-10
96335458,,2025-01-28,2026-02-19,2026-01-08,TDBK,MORGAN STANLEY INTL,2026-07-01,Repo,B159,2026-08-27,REPO,FIN,CALYPSOIFI,Rev_Repo,,2026-06-17
93241910,,2025-05-26,2026-11-02,,TDBK,DEUTSCHE BANK A.G.,2026-07-01,Repo,B798,2026-08-03,REPO,FIN,CALYPSOIFI,Repo,,2026-06-17
94227538,,2026-04-22,2026-10-11,2026-02-03,TDBK,,2026-07-01,Repo,B665,2026-10-23,REPO,FIN,CALYPSOIFI,Rev_Repo,,2026-06-03
93387316,,2025-06-20,2026-04-27,2026-07-27,TDBK,BIMCOR INC,2026-07-01,Repo,B381,2026-06-03,REPO,FIN,CALYPSOIFI,Rev_Repo,,2026-07-01
94259863,,2025-06-20,2026-07-17,2026-08-03,TDBK,DEUTSCHE BANK A.G.,2026-07-01,Repo,B693,2026-01-28,REPO,,CALYPSOIFI,Repo,,2026-06-03
97883129,,2025-08-15,2026-12-16,2026-08-12,TDBK,CITIBANK NA,2026-07-01,Repo,B641,2026-10-26,REPO,FIN,CALYPSOIFI,Rev_Repo,,2026-06-17
94573506,,2026-11-19,2026-04-14,2026-03-17,TDBK,,2026-07-01,Repo,B520,2026-08-23,REPO,FIN,CALYPSOIFI,Repo,,2026-06-24
93306064,,2025-10-26,2026-02-01,2026-10-08,TDBK,WELLINGTON GLOBAL EQUITY FUND 28R5,2026-07-01,Repo,B431,2026-12-20,REPO,FIN,CALYPSOIFI,Repo,,2026-06-03
94758803,,2025-05-25,2026-03-10,2026-12-09,TDBK,,2026-07-01,Repo,B277,2026-03-17,REPO,FIN,CALYPSOIFI,Rev_Repo,,2026-07-01
94701429,,2025-06-11,2026-06-15,,TDBK,CITIBANK NA,2026-07-01,Repo,B725,2026-10-07,REPO,FIN,CALYPSOIFI,Rev_Repo,,2026-07-01
95816310,,2025-03-02,2026-07-15,2026-04-14,TDBK,WELLINGTON GLOBAL EQUITY FUND 28R5,2026-07-01,Repo,B511,2026-04-21,REPO,FIN,CALYPSOIFI,Rev_Repo,,2026-07-01
94834200,,2025-02-21,2026-11-14,2026-08-18,TDBK,DEUTSCHE BANK A.G.,2026-07-01,Repo,B732,2026-03-10,REPO,FIN,CALYPSOIFI,Rev_Repo,,2026-06-10
99772797,,2025-05-10,2026-10-19,2026-09-03,TDBK,CENTRAL 1 CREDIT UNION,2026-07-01,Repo,B644,2026-10-05,,FIN,CALYPSOIFI,Repo,,2026-07-01
90814458,,2025-06-08,2026-08-06,2026-04-04,TDBK,BANK OF NOVA SCOTIA,2026-07-01,Repo,B703,2026-11-18,REPO,,CALYPSOIFI,Repo,,2026-06-03
97381652,,2025-03-13,2026-08-12,2026-07-05,TDBK,CITIBANK NA,2026-07-01,Repo,B837,2026-10-20,REPO,FIN,CALYPSOIFI,Rev_Repo,,2026-06-24
99303575,,2025-07-24,2026-08-17,2026-08-28,TDBK,BANCO HABITAT,2026-07-01,Repo,B725,2026-09-04,REPO,FIN,CALYPSOIFI,Rev_Repo,,2026-06-24
96459224,,2026-02-10,2026-10-13,2026-01-09,TDBK,WELLINGTON GLOBAL EQUITY FUND 28R5,2026-07-01,Repo,B774,2026-07-17,REPO,,CALYPSOIFI,Repo,,2026-06-24
98916324,,2026-08-06,2026-08-12,2026-09-26,TDBK,SWISS LIFE AG,2026-07-01,Repo,B467,2026-06-05,REPO,FIN,CALYPSOIFI,Rev_Repo,,2026-06-03
90002063,,2026-11-25,2026-12-22,2026-05-02,TDBK,MORGAN STANLEY INTL,2026-07-01,Repo,B261,2026-05-20,REPO,FIN,CALYPSOIFI,Rev_Repo,,2026-06-03
98068168,,2026-07-18,2026-03-24,,TDBK,CITIBANK NA,2026-07-01,Repo,B715,2026-04-16,REPO,FIN,CALYPSOIFI,Rev_Repo,,2026-06-03
94924793,,2026-09-15,2026-12-20,2026-11-02,TDBK,CENTRAL 1 CREDIT UNION,2026-07-01,Repo,B697,2026-08-03,REPO,FIN,CALYPSOIFI,Rev_Repo,,2026-06-17
98266568,,2026-12-08,2026-04-09,,TDBK,CENTRAL 1 CREDIT UNION,2026-07-01,Repo,B975,2026-05-03,REPO,FIN,CALYPSOIFI,Rev_Repo,,2026-06-03
99486494,,2025-05-10,2026-10-12,2026-02-23,TDBK,SWISS LIFE AG,2026-07-01,Repo,B466,2026-11-24,REPO,FIN,CALYPSOIFI,Rev_Repo,,2026-06-24
95166181,,2026-12-25,2026-08-22,2026-12-01,TDBK,DEUTSCHE BANK A.G.,2026-07-01,Repo,B679,2026-03-15,REPO,FIN,CALYPSOIFI,Rev_Repo,,2026-06-17
94168536,,2026-06-13,2026-04-11,2026-08-17,TDBK,CITIBANK NA,2026-07-01,Repo,B850,2026-11-11,REPO,FIN,CALYPSOIFI,Rev_Repo,,2026-06-24
96348313,,2025-02-28,2026-05-09,2026-10-27,TDBK,WELLINGTON GLOBAL EQUITY FUND 28R5,2026-07-01,Repo,B153,2026-04-14,REPO,FIN,CALYPSOIFI,Repo,,2026-07-01
92513719,,2025-11-28,2026-07-11,2026-09-16,TDBK,INVESTEC BANK LIMITED,2026-07-01,Repo,B423,2026-01-03,REPO,FIN,CALYPSOIFI,Repo,,2026-06-03
92890341,,2025-04-05,2026-12-03,2026-05-19,TDBK,CENTRAL 1 CREDIT UNION,2026-07-01,Repo,B989,2026-10-27,,FIN,CALYPSOIFI,Rev_Repo,,2026-06-03
93681012,,2026-12-12,2026-07-03,2026-04-14,TDBK,DEUTSCHE BANK A.G.,2026-07-01,Repo,B897,2026-11-01,REPO,FIN,CALYPSOIFI,Repo,,2026-06-10
97939372,,2025-04-24,2026-04-12,2026-05-21,TDBK,DEUTSCHE BANK A.G.,2026-07-01,Repo,B252,2026-06-21,REPO,FIN,CALYPSOIFI,Rev_Repo,,2026-07-01
95877195,,2026-07-15,2026-05-27,2026-06-14,TDBK,,2026-07-01,Repo,B723,2026-10-22,REPO,FIN,CALYPSOIFI,Rev_Repo,,2026-06-24
96581783,,2025-02-19,2026-09-06,2026-07-20,TDBK,INVESTEC BANK LIMITED,2026-07-01,Repo,B572,2026-04-21,REPO,FIN,CALYPSOIFI,Repo,,2026-07-01
93208662,,2026-01-08,2026-02-09,2026-12-23,TDBK,INVESTEC BANK LIMITED,2026-07-01,Repo,B121,2026-07-14,REPO,FIN,CALYPSOIFI,Repo,,2026-07-01
96382138,,2026-02-22,2026-01-22,2026-02-11,TDBK,CITIBANK NA,2026-07-01,Repo,B642,2026-06-24,REPO,FIN,CALYPSOIFI,Rev_Repo,,2026-06-24
91196104,,2026-01-23,2026-08-05,2026-05-19,TDBK,SWISS LIFE AG,2026-07-01,Repo,B211,2026-11-01,REPO,FIN,CALYPSOIFI,Rev_Repo,,2026-07-01
95304850,,2026-10-19,2026-01-02,2026-04-09,TDBK,INVESTEC BANK LIMITED,2026-07-01,,B553,2026-11-18,REPO,FIN,CALYPSOIFI,Rev_Repo,,2026-06-17
98142412,,2025-02-23,2026-06-20,2026-02-27,TDBK,BANK OF NOVA SCOTIA,2026-07-01,Repo,B379,2026-05-25,REPO,FIN,CALYPSOIFI,Rev_Repo,,2026-06-10
93967907,,2025-03-06,2026-06-03,2026-11-22,TDBK,DEUTSCHE BANK A.G.,2026-07-01,Repo,B925,2026-01-23,REPO,FIN,CALYPSOIFI,Repo,,2026-06-17
98038546,,2025-03-03,2026-06-08,2026-10-27,TDBK,BIMCOR INC,2026-07-01,Repo,B538,2026-05-28,REPO,FIN,CALYPSOIFI,Rev_Repo,,2026-06-03
97623922,,2026-11-01,2026-10-15,2026-02-09,TDBK,SWISS LIFE AG,2026-07-01,Repo,B796,2026-02-26,REPO,FIN,CALYPSOIFI,Repo,,2026-06-17
92874175,,2025-03-11,2026-07-21,2026-05-12,TDBK,,2026-07-01,Repo,B655,2026-11-28,REPO,FIN,CALYPSOIFI,Repo,,2026-06-10
93462319,,2026-06-17,2026-08-21,2026-03-18,TDBK,MORGAN STANLEY INTL,2026-07-01,Repo,B492,2026-03-16,REPO,FIN,CALYPSOIFI,Repo,,2026-06-10
90388684,,2025-03-27,2026-12-26,2026-05-27,TDBK,MORGAN STANLEY INTL,2026-07-01,Repo,B603,2026-10-03,REPO,FIN,CALYPSOIFI,Rev_Repo,,2026-07-01
98828287,,2025-10-11,2026-09-25,2026-11-24,TDBK,DEUTSCHE BANK A.G.,2026-07-01,Repo,B791,2026-04-08,REPO,FIN,CALYPSOIFI,Rev_Repo,,2026-06-17
97158777,,2025-08-01,2026-07-13,2026-08-18,TDBK,INVESTEC BANK LIMITED,2026-07-01,Repo,B166,2026-01-20,REPO,FIN,CALYPSOIFI,Repo,,2026-06-10
99718178,,2026-06-21,2026-01-01,2026-06-21,TDBK,MORGAN STANLEY INTL,2026-07-01,Repo,B585,2026-05-24,REPO,FIN,CALYPSOIFI,Rev_Repo,,2026-06-24
95631417,,2025-08-11,2026-06-03,2026-09-11,TDBK,DEUTSCHE BANK A.G.,2026-07-01,Repo,B170,2026-02-03,REPO,FIN,CALYPSOIFI,Rev_Repo,,2026-06-10
97037412,,2026-10-02,2026-12-17,2026-03-23,TDBK,SWISS LIFE AG,2026-07-01,Repo,B315,2026-03-27,REPO,FIN,CALYPSOIFI,Repo,,2026-06-17
99160958,,2025-09-06,2026-05-14,2026-10-15,TDBK,CITIBANK NA,2026-07-01,Repo,B794,2026-08-15,REPO,FIN,CALYPSOIFI,Repo,,2026-06-17
90553835,,2025-07-24,2026-11-14,2026-12-05,TDBK,INVESTEC BANK LIMITED,2026-07-01,Repo,B809,2026-02-07,REPO,FIN,CALYPSOIFI,Rev_Repo,,2026-06-17
99392665,,2026-04-06,2026-07-05,2026-01-21,TDBK,,2026-07-01,Repo,B499,2026-06-15,REPO,FIN,CALYPSOIFI,Repo,,2026-06-10
90707057,,2025-10-12,2026-03-14,2026-04-28,TDBK,SWISS LIFE AG,2026-07-01,Repo,B535,2026-07-16,REPO,FIN,CALYPSOIFI,Rev_Repo,,2026-06-17
94974315,,2025-07-01,2026-12-26,2026-06-22,TDBK,WELLINGTON GLOBAL EQUITY FUND 28R5,2026-07-01,Repo,B206,2026-05-12,REPO,FIN,CALYPSOIFI,Rev_Repo,,2026-06-17
98032504,,2025-01-02,2026-07-09,2026-07-12,TDBK,SWISS LIFE AG,2026-07-01,Repo,B573,2026-10-22,REPO,FIN,CALYPSOIFI,Rev_Repo,,2026-07-01
99784716,,2025-10-02,2026-12-21,2026-03-15,TDBK,WELLINGTON GLOBAL EQUITY FUND 28R5,2026-07-01,Repo,B259,2026-09-28,REPO,FIN,CALYPSOIFI,Rev_Repo,,2026-06-03
94335538,,2026-09-24,2026-08-14,2026-11-13,TDBK,CITIBANK NA,2026-07-01,Repo,B898,2026-11-13,REPO,FIN,CALYPSOIFI,Rev_Repo,,2026-06-10
97160406,,2026-12-21,2026-10-21,2026-10-11,TDBK,BANCO HABITAT,2026-07-01,Repo,B720,2026-10-19,REPO,,CALYPSOIFI,Repo,,2026-06-17
93315188,,2026-05-04,2026-03-05,2026-05-21,TDBK,CENTRAL 1 CREDIT UNION,2026-07-01,Repo,B769,2026-10-02,REPO,FIN,CALYPSOIFI,Rev_Repo,,2026-07-01
90920076,,2026-03-18,2026-07-09,2026-12-22,TDBK,BANCO HABITAT,2026-07-01,Repo,B875,2026-01-08,REPO,,CALYPSOIFI,Rev_Repo,,2026-06-17
97252639,,2026-04-07,2026-05-07,2026-08-24,TDBK,CITIBANK NA,2026-07-01,Repo,B611,2026-02-27,REPO,FIN,CALYPSOIFI,Rev_Repo,,2026-06-03
90831695,,2026-04-24,2026-02-02,2026-07-14,TDBK,BANCO HABITAT,2026-07-01,Repo,B520,2026-01-18,REPO,FIN,CALYPSOIFI,Rev_Repo,,2026-07-01
92216110,,2026-03-26,2026-07-13,2026-02-11,TDBK,SWISS LIFE AG,2026-07-01,Repo,B509,2026-03-04,REPO,FIN,CALYPSOIFI,Rev_Repo,,2026-06-03
97236738,,2025-12-05,2026-12-04,2026-08-02,TDBK,CITIBANK NA,2026-07-01,Repo,B383,2026-06-06,REPO,FIN,CALYPSOIFI,Repo,,2026-06-03
97649872,,2025-11-15,2026-05-18,2026-12-07,TDBK,CENTRAL 1 CREDIT UNION,2026-07-01,Repo,B250,2026-03-07,REPO,FIN,CALYPSOIFI,Repo,,2026-06-10
97914601,,2025-12-14,2026-07-24,2026-12-19,TDBK,BIMCOR INC,2026-07-01,Repo,B394,2026-11-19,REPO,,CALYPSOIFI,Rev_Repo,,2026-06-17
97964527,,2025-08-01,2026-09-20,2026-02-15,TDBK,,2026-07-01,Repo,B753,2026-08-01,REPO,FIN,CALYPSOIFI,Rev_Repo,,2026-06-10
96294607,,2026-05-06,2026-01-16,2026-10-21,TDBK,BANCO HABITAT,2026-07-01,Repo,B819,2026-12-07,REPO,FIN,CALYPSOIFI,Rev_Repo,,2026-07-01
94546899,,2025-03-20,2026-03-03,2026-09-19,TDBK,SWISS LIFE AG,2026-07-01,,B182,2026-04-07,REPO,FIN,CALYPSOIFI,Rev_Repo,,2026-06-24
93993581,,2025-06-16,2026-09-13,2026-01-12,TDBK,BANK OF NOVA SCOTIA,2026-07-01,Repo,B718,2026-12-21,REPO,FIN,CALYPSOIFI,Rev_Repo,,2026-06-10
94277749,,2026-01-24,2026-02-14,2026-12-20,TDBK,BIMCOR INC,2026-07-01,Repo,B286,2026-10-04,REPO,FIN,CALYPSOIFI,Repo,,2026-06-10
94926547,,2026-09-23,2026-09-02,2026-01-24,TDBK,DEUTSCHE BANK A.G.,2026-07-01,Repo,B186,2026-02-21,REPO,FIN,CALYPSOIFI,Rev_Repo,,2026-06-10
93652128,,2025-09-24,2026-04-02,2026-03-12,TDBK,MORGAN STANLEY INTL,2026-07-01,Repo,B857,2026-04-01,REPO,FIN,CALYPSOIFI,Repo,,2026-06-03
99780330,,2025-01-18,2026-02-24,2026-03-07,TDBK,CENTRAL 1 CREDIT UNION,2026-07-01,Repo,B302,2026-07-13,REPO,FIN,CALYPSOIFI,Repo,,2026-06-17
96508328,,2025-09-25,2026-09-21,2026-02-02,TDBK,BANK OF NOVA SCOTIA,2026-07-01,Repo,B987,2026-06-03,REPO,FIN,CALYPSOIFI,Repo,,2026-07-01
97277691,,2026-06-03,2026-08-07,2026-10-24,TDBK,WELLINGTON GLOBAL EQUITY FUND 28R5,2026-07-01,Repo,B706,2026-04-05,REPO,FIN,CALYPSOIFI,Rev_Repo,,2026-07-01
97830589,,2026-03-15,2026-10-26,2026-05-26,TDBK,INVESTEC BANK LIMITED,2026-07-01,Repo,B794,2026-04-12,REPO,FIN,CALYPSOIFI,Rev_Repo,,2026-06-03
98082246,,2026-11-02,2026-08-03,,TDBK,INVESTEC BANK LIMITED,2026-07-01,Repo,B415,2026-11-27,REPO,FIN,CALYPSOIFI,Repo,,2026-06-10
98207220,,2025-10-18,2026-08-08,2026-04-22,TDBK,BANCO HABITAT,2026-07-01,Repo,B299,2026-03-27,REPO,FIN,CALYPSOIFI,Rev_Repo,,2026-06-03
99996242,,2025-02-09,2026-09-28,2026-01-01,TDBK,MORGAN STANLEY INTL,2026-07-01,Repo,B403,2026-09-08,REPO,FIN,CALYPSOIFI,Repo,,2026-06-10
95795505,,2026-07-06,2026-08-10,2026-08-11,TDBK,BANK OF NOVA SCOTIA,2026-07-01,Repo,B359,2026-04-08,REPO,FIN,CALYPSOIFI,Repo,,2026-06-03
97539640,,2025-10-04,2026-06-18,2026-07-16,TDBK,SWISS LIFE AG,2026-07-01,Repo,B773,2026-10-19,REPO,FIN,CALYPSOIFI,Repo,,2026-06-24
93570536,,2025-12-26,2026-09-16,2026-09-11,TDBK,INVESTEC BANK LIMITED,2026-07-01,,B194,2026-05-01,,,CALYPSOIFI,Repo,,2026-06-24
98539954,,2025-12-08,2026-06-07,2026-07-06,TDBK,BANK OF NOVA SCOTIA,2026-07-01,Repo,B766,2026-02-19,REPO,FIN,CALYPSOIFI,Repo,,2026-06-24
98225521,,2026-12-26,2026-06-24,2026-11-10,TDBK,DEUTSCHE BANK A.G.,2026-07-01,Repo,B391,2026-11-19,REPO,FIN,CALYPSOIFI,Repo,,2026-07-01
93703006,,2025-12-05,2026-04-05,,TDBK,CENTRAL 1 CREDIT UNION,2026-07-01,Repo,B247,2026-05-20,,FIN,CALYPSOIFI,Repo,,2026-07-01
99240982,,2026-04-02,2026-03-23,2026-02-15,TDBK,WELLINGTON GLOBAL EQUITY FUND 28R5,2026-07-01,,B460,2026-08-03,REPO,FIN,CALYPSOIFI,Rev_Repo,,2026-06-03
94422578,,2026-06-21,2026-04-03,2026-10-04,TDBK,BANCO HABITAT,2026-07-01,,B134,2026-10-16,REPO,,CALYPSOIFI,Rev_Repo,,2026-06-24
90789077,,2025-10-20,2026-01-17,2026-07-14,TDBK,MORGAN STANLEY INTL,2026-07-01,Repo,B794,2026-01-09,REPO,FIN,CALYPSOIFI,Repo,,2026-06-24
97318041,,2025-09-22,2026-03-12,2026-12-26,TDBK,BANK OF NOVA SCOTIA,2026-07-01,Repo,B716,2026-09-04,REPO,FIN,CALYPSOIFI,Repo,,2026-06-03
97279771,,2025-03-26,2026-04-16,2026-01-03,TDBK,BIMCOR INC,2026-07-01,,B274,2026-01-25,REPO,FIN,CALYPSOIFI,Rev_Repo,,2026-06-17
93162727,,2025-04-22,2026-08-12,2026-10-13,TDBK,MORGAN STANLEY INTL,2026-07-01,Repo,B861,2026-10-15,REPO,FIN,CALYPSOIFI,Rev_Repo,,2026-07-01
99169793,,2026-04-15,2026-06-26,2026-12-21,TDBK,BANCO HABITAT,2026-07-01,,B241,2026-05-09,REPO,FIN,CALYPSOIFI,Rev_Repo,,2026-06-24
91014068,,2025-12-03,2026-10-06,2026-09-02,TDBK,BANK OF NOVA SCOTIA,2026-07-01,Repo,B465,2026-08-25,REPO,,CALYPSOIFI,Rev_Repo,,2026-06-24
98868261,,2025-08-05,2026-03-04,2026-03-05,TDBK,BIMCOR INC,2026-07-01,Repo,B369,2026-01-24,,FIN,CALYPSOIFI,Repo,,2026-06-10
95314984,,2026-02-15,2026-08-25,2026-12-24,TDBK,DEUTSCHE BANK A.G.,2026-07-01,,B873,2026-03-28,REPO,FIN,CALYPSOIFI,Repo,,2026-07-01
90958629,,2026-10-14,2026-09-09,2026-08-20,TDBK,SWISS LIFE AG,2026-07-01,Repo,B453,2026-02-12,REPO,FIN,CALYPSOIFI,Repo,,2026-06-10
93500073,,2025-09-02,2026-04-09,2026-06-04,TDBK,BANCO HABITAT,2026-07-01,,B362,2026-01-07,REPO,FIN,CALYPSOIFI,Rev_Repo,,2026-06-10
90775079,,2025-08-08,2026-08-19,,TDBK,WELLINGTON GLOBAL EQUITY FUND 28R5,2026-07-01,Repo,B353,2026-02-15,,,CALYPSOIFI,Rev_Repo,,2026-06-17
98955086,,2026-12-16,2026-10-28,2026-07-03,TDBK,BANCO HABITAT,2026-07-01,Repo,B222,2026-12-06,REPO,,CALYPSOIFI,Rev_Repo,,2026-06-17
97093604,,2026-01-14,2026-06-03,2026-04-26,TDBK,INVESTEC BANK LIMITED,2026-07-01,Repo,B252,2026-01-06,REPO,FIN,CALYPSOIFI,Rev_Repo,,2026-07-01
95587301,,2026-03-11,2026-01-15,2026-08-16,TDBK,BIMCOR INC,2026-07-01,Repo,B867,2026-01-27,REPO,FIN,CALYPSOIFI,Rev_Repo,,2026-06-17
94581293,,2026-07-11,2026-03-01,2026-01-12,TDBK,CENTRAL 1 CREDIT UNION,2026-07-01,Repo,B954,2026-04-17,REPO,FIN,CALYPSOIFI,Repo,,2026-06-17
98876886,,2025-05-13,2026-06-24,2026-09-19,TDBK,DEUTSCHE BANK A.G.,2026-07-01,Repo,B698,2026-03-22,REPO,FIN,CALYPSOIFI,Repo,,2026-06-10
98361168,,2026-12-07,2026-12-13,2026-08-25,TDBK,BIMCOR INC,2026-07-01,Repo,B377,2026-11-20,REPO,FIN,CALYPSOIFI,Repo,,2026-06-24
99615431,,2025-11-11,2026-04-09,,TDBK,DEUTSCHE BANK A.G.,2026-07-01,Repo,B232,2026-01-26,REPO,FIN,CALYPSOIFI,Rev_Repo,,2026-06-17
90333240,,2025-12-01,2026-01-07,2026-09-06,TDBK,SWISS LIFE AG,2026-07-01,Repo,B663,2026-04-16,REPO,FIN,CALYPSOIFI,Rev_Repo,,2026-06-03
90320943,,2026-04-19,2026-10-06,2026-12-14,TDBK,CENTRAL 1 CREDIT UNION,2026-07-01,Repo,B984,2026-01-10,,FIN,CALYPSOIFI,Repo,,2026-06-10
97351067,,2025-06-28,2026-06-27,2026-06-09,TDBK,CITIBANK NA,2026-07-01,Repo,B192,2026-05-12,REPO,FIN,CALYPSOIFI,Repo,,2026-06-03
90082779,,2025-10-08,2026-07-27,2026-10-09,TDBK,BANCO HABITAT,2026-07-01,Repo,B850,2026-06-16,REPO,FIN,CALYPSOIFI,Repo,,2026-06-24
94440515,,2025-06-01,2026-03-03,2026-10-09,TDBK,SWISS LIFE AG,2026-07-01,,B810,2026-09-14,REPO,FIN,CALYPSOIFI,Rev_Repo,,2026-06-03
95674608,,2026-07-17,2026-02-10,2026-12-22,TDBK,INVESTEC BANK LIMITED,2026-07-01,Repo,B566,2026-07-03,REPO,FIN,CALYPSOIFI,Rev_Repo,,2026-07-01
99432064,,2025-01-21,2026-10-27,2026-04-11,TDBK,SWISS LIFE AG,2026-07-01,Repo,B474,2026-01-14,REPO,,CALYPSOIFI,Repo,,2026-06-03
99384453,,2026-11-12,2026-01-15,2026-11-08,TDBK,BANK OF NOVA SCOTIA,2026-07-01,Repo,B189,2026-05-04,,FIN,CALYPSOIFI,Repo,,2026-06-03
93963490,,2025-03-23,2026-11-03,2026-09-03,TDBK,BANK OF NOVA SCOTIA,2026-07-01,Repo,B830,2026-03-08,REPO,FIN,CALYPSOIFI,Repo,,2026-06-24
93807941,,2025-01-10,2026-05-25,2026-03-14,TDBK,BANCO HABITAT,2026-07-01,Repo,B624,2026-11-14,REPO,FIN,CALYPSOIFI,Rev_Repo,,2026-06-10
97700652,,2025-11-21,2026-12-08,2026-10-07,TDBK,MORGAN STANLEY INTL,2026-07-01,Repo,B994,2026-11-23,REPO,FIN,CALYPSOIFI,Rev_Repo,,2026-06-03
97529937,,2026-08-14,2026-11-02,2026-09-05,TDBK,BANCO HABITAT,2026-07-01,Repo,B598,2026-09-12,REPO,FIN,CALYPSOIFI,Rev_Repo,,2026-06-24
92648426,,2025-03-22,2026-12-17,2026-04-20,TDBK,BANK OF NOVA SCOTIA,2026-07-01,Repo,B650,2026-09-21,,FIN,CALYPSOIFI,Rev_Repo,,2026-06-17
98522533,,2025-02-26,2026-08-20,2026-11-25,TDBK,BANCO HABITAT,2026-07-01,Repo,B537,2026-06-05,REPO,FIN,CALYPSOIFI,Rev_Repo,,2026-06-17
94167643,,2026-05-09,2026-02-14,2026-01-12,TDBK,BIMCOR INC,2026-07-01,Repo,B351,2026-11-09,REPO,FIN,CALYPSOIFI,Repo,,2026-06-10
91339403,,2025-11-23,2026-01-24,2026-09-11,TDBK,INVESTEC BANK LIMITED,2026-07-01,Repo,B681,2026-01-10,REPO,FIN,CALYPSOIFI,Repo,,2026-06-10
97898764,,2025-04-23,2026-02-05,2026-10-21,TDBK,,2026-07-01,Repo,B611,2026-06-13,REPO,FIN,CALYPSOIFI,Rev_Repo,,2026-06-17
95817028,,2025-02-01,2026-10-17,2026-12-15,TDBK,MORGAN STANLEY INTL,2026-07-01,Repo,B405,2026-12-16,REPO,FIN,CALYPSOIFI,Rev_Repo,,2026-06-03
98720646,,2026-11-10,2026-03-01,2026-04-11,TDBK,SWISS LIFE AG,2026-07-01,Repo,B887,2026-03-17,REPO,FIN,CALYPSOIFI,Repo,,2026-06-17
97799300,,2025-05-26,2026-06-24,2026-06-17,TDBK,WELLINGTON GLOBAL EQUITY FUND 28R5,2026-07-01,Repo,B869,2026-07-14,REPO,FIN,CALYPSOIFI,Rev_Repo,,2026-06-03
90222510,,2026-06-03,2026-01-16,2026-09-20,TDBK,CENTRAL 1 CREDIT UNION,2026-07-01,Repo,B103,2026-01-05,REPO,FIN,CALYPSOIFI,Rev_Repo,,2026-06-03
91929064,,2026-05-18,2026-01-15,2026-03-07,TDBK,INVESTEC BANK LIMITED,2026-07-01,Repo,B634,2026-09-01,REPO,FIN,CALYPSOIFI,Repo,,2026-06-17
94495885,,2026-06-07,2026-03-24,2026-07-07,TDBK,CENTRAL 1 CREDIT UNION,2026-07-01,Repo,B843,2026-01-25,REPO,FIN,CALYPSOIFI,Repo,,2026-06-17
97951630,,2025-03-03,2026-11-24,2026-02-03,TDBK,WELLINGTON GLOBAL EQUITY FUND 28R5,2026-07-01,Repo,B364,2026-04-22,REPO,FIN,CALYPSOIFI,Repo,,2026-06-10
97299475,,2026-12-13,2026-07-23,2026-03-26,TDBK,WELLINGTON GLOBAL EQUITY FUND 28R5,2026-07-01,Repo,B733,2026-02-19,REPO,FIN,CALYPSOIFI,Rev_Repo,,2026-06-03
90076721,,2026-01-11,2026-06-05,2026-01-15,TDBK,SWISS LIFE AG,2026-07-01,Repo,B797,2026-10-22,REPO,FIN,CALYPSOIFI,Rev_Repo,,2026-06-24
95641567,,2026-03-02,2026-06-15,,TDBK,WELLINGTON GLOBAL EQUITY FUND 28R5,2026-07-01,Repo,B947,2026-12-12,REPO,,CALYPSOIFI,Repo,,2026-06-24
95269251,,2025-12-07,2026-06-07,2026-09-24,TDBK,MORGAN STANLEY INTL,2026-07-01,Repo,B574,2026-07-10,REPO,FIN,CALYPSOIFI,Repo,,2026-06-17
98572651,,2025-07-24,2026-05-16,2026-02-20,TDBK,,2026-07-01,Repo,B435,2026-08-16,REPO,FIN,CALYPSOIFI,Repo,,2026-06-03
99572325,,2025-07-23,2026-04-21,2026-02-27,TDBK,MORGAN STANLEY INTL,2026-07-01,,B812,2026-03-21,REPO,FIN,CALYPSOIFI,Repo,,2026-07-01
97565789,,2026-11-04,2026-06-20,2026-05-10,TDBK,WELLINGTON GLOBAL EQUITY FUND 28R5,2026-07-01,Repo,B192,2026-05-21,REPO,FIN,CALYPSOIFI,Rev_Repo,,2026-06-24
97907079,,2026-04-05,2026-01-22,,TDBK,SWISS LIFE AG,2026-07-01,Repo,B567,2026-03-24,REPO,FIN,CALYPSOIFI,Rev_Repo,,2026-06-17
90251269,,2025-04-09,2026-01-05,2026-07-05,TDBK,WELLINGTON GLOBAL EQUITY FUND 28R5,2026-07-01,Repo,B725,2026-01-15,REPO,FIN,CALYPSOIFI,Repo,,2026-06-24
94188136,,2025-07-23,2026-09-02,2026-02-26,TDBK,BANK OF NOVA SCOTIA,2026-07-01,,B559,2026-07-16,REPO,FIN,CALYPSOIFI,Rev_Repo,,2026-06-03
90058256,,2026-06-11,2026-04-20,2026-07-11,TDBK,WELLINGTON GLOBAL EQUITY FUND 28R5,2026-07-01,Repo,B892,2026-03-20,REPO,FIN,CALYPSOIFI,Rev_Repo,,2026-06-10
90602458,,2026-09-19,2026-07-06,2026-05-10,TDBK,WELLINGTON GLOBAL EQUITY FUND 28R5,2026-07-01,Repo,B881,2026-05-16,,FIN,CALYPSOIFI,Rev_Repo,,2026-06-10
93016587,,2025-11-24,2026-07-23,2026-12-17,TDBK,,2026-07-01,Repo,B824,2026-11-18,REPO,FIN,CALYPSOIFI,Repo,,2026-07-01
96764184,,2025-02-18,2026-07-17,2026-04-20,TDBK,BANCO HABITAT,2026-07-01,Repo,B273,2026-07-04,,FIN,CALYPSOIFI,Repo,,2026-06-03
90993009,,2025-09-25,2026-07-07,2026-03-01,TDBK,CENTRAL 1 CREDIT UNION,2026-07-01,Repo,B521,2026-01-19,REPO,FIN,CALYPSOIFI,Repo,,2026-06-17
97923870,,2026-01-15,2026-11-19,2026-10-14,TDBK,WELLINGTON GLOBAL EQUITY FUND 28R5,2026-07-01,Repo,B158,2026-11-25,REPO,,CALYPSOIFI,Repo,,2026-06-03
95613772,,2026-06-18,2026-02-18,,TDBK,CENTRAL 1 CREDIT UNION,2026-07-01,Repo,B132,2026-12-11,REPO,FIN,CALYPSOIFI,Repo,,2026-07-01
92422629,,2026-09-21,2026-02-23,2026-03-17,TDBK,MORGAN STANLEY INTL,2026-07-01,Repo,B312,2026-11-11,REPO,FIN,CALYPSOIFI,Repo,,2026-06-03
98938989,,2026-03-10,2026-06-18,2026-06-08,TDBK,DEUTSCHE BANK A.G.,2026-07-01,Repo,B910,2026-08-10,REPO,FIN,CALYPSOIFI,Rev_Repo,,2026-07-01
97398444,,2025-04-19,2026-11-15,2026-05-26,TDBK,INVESTEC BANK LIMITED,2026-07-01,Repo,B723,2026-07-09,REPO,,CALYPSOIFI,Repo,,2026-07-01
99468457,,2026-04-24,2026-06-12,2026-09-06,TDBK,BIMCOR INC,2026-07-01,,B890,2026-05-13,REPO,FIN,CALYPSOIFI,Rev_Repo,,2026-06-24
93381138,,2025-06-09,2026-11-09,2026-01-16,TDBK,CITIBANK NA,2026-07-01,Repo,B970,2026-07-14,,FIN,CALYPSOIFI,Repo,,2026-06-24
91493673,,2025-02-09,2026-10-16,2026-02-08,TDBK,MORGAN STANLEY INTL,2026-07-01,Repo,B434,2026-06-24,REPO,FIN,CALYPSOIFI,Rev_Repo,,2026-06-24
91384925,,2025-02-10,2026-06-10,,TDBK,WELLINGTON GLOBAL EQUITY FUND 28R5,2026-07-01,Repo,B930,2026-04-02,REPO,FIN,CALYPSOIFI,Repo,,2026-06-24
96888131,,2025-09-07,2026-03-05,2026-11-28,TDBK,BANCO HABITAT,2026-07-01,Repo,B360,2026-09-22,REPO,,CALYPSOIFI,Repo,,2026-06-03
92537923,,2026-07-02,2026-11-28,2026-10-09,TDBK,DEUTSCHE BANK A.G.,2026-07-01,Repo,B644,2026-06-22,REPO,FIN,CALYPSOIFI,Rev_Repo,,2026-06-10
96070247,,2025-01-08,2026-04-23,2026-05-19,TDBK,,2026-07-01,Repo,B169,2026-04-18,REPO,FIN,CALYPSOIFI,Rev_Repo,,2026-06-10
92448704,,2026-05-22,2026-01-14,2026-04-18,TDBK,SWISS LIFE AG,2026-07-01,Repo,B734,2026-08-25,REPO,,CALYPSOIFI,Rev_Repo,,2026-06-10
96569048,,2025-02-03,2026-07-26,2026-03-10,TDBK,CITIBANK NA,2026-07-01,Repo,B265,2026-04-26,REPO,FIN,CALYPSOIFI,Repo,,2026-07-01
92544337,,2025-03-07,2026-05-12,2026-06-09,TDBK,,2026-07-01,,B538,2026-09-16,REPO,FIN,CALYPSOIFI,Rev_Repo,,2026-07-01
97586535,,2025-04-14,2026-12-09,2026-05-28,TDBK,BANK OF NOVA SCOTIA,2026-07-01,Repo,B982,2026-08-04,REPO,FIN,CALYPSOIFI,Rev_Repo,,2026-07-01
98388420,,2026-03-18,2026-12-22,,TDBK,CENTRAL 1 CREDIT UNION,2026-07-01,Repo,B646,2026-01-23,REPO,FIN,CALYPSOIFI,Repo,,2026-06-17
99515525,,2025-12-26,2026-10-21,2026-06-02,TDBK,CITIBANK NA,2026-07-01,Repo,B518,2026-05-15,REPO,FIN,CALYPSOIFI,Repo,,2026-06-03
98360808,,2026-03-22,2026-11-10,2026-04-07,TDBK,WELLINGTON GLOBAL EQUITY FUND 28R5,2026-07-01,Repo,B937,2026-11-15,REPO,FIN,CALYPSOIFI,Repo,,2026-06-03
95983652,,2026-02-23,2026-01-05,2026-07-25,TDBK,BIMCOR INC,2026-07-01,Repo,B391,2026-08-09,REPO,FIN,CALYPSOIFI,Repo,,2026-06-10
98930334,,2025-01-20,2026-08-05,2026-07-13,TDBK,BIMCOR INC,2026-07-01,Repo,B345,2026-09-17,REPO,FIN,CALYPSOIFI,Rev_Repo,,2026-07-01
99120210,,2026-09-02,2026-07-17,2026-04-12,TDBK,BANCO HABITAT,2026-07-01,Repo,B748,2026-11-20,REPO,FIN,CALYPSOIFI,Repo,,2026-06-03
99672728,,2025-05-01,2026-07-26,2026-09-26,TDBK,INVESTEC BANK LIMITED,2026-07-01,Repo,B504,2026-10-21,REPO,FIN,CALYPSOIFI,Repo,,2026-06-03
93332423,,2026-05-08,2026-04-23,2026-04-25,TDBK,CITIBANK NA,2026-07-01,Repo,B697,2026-04-09,REPO,FIN,CALYPSOIFI,Rev_Repo,,2026-06-24
94760874,,2026-10-09,2026-06-21,2026-03-12,TDBK,DEUTSCHE BANK A.G.,2026-07-01,Repo,B362,2026-06-06,REPO,FIN,CALYPSOIFI,Repo,,2026-06-03
95424855,,2025-09-13,2026-08-22,2026-01-18,TDBK,CENTRAL 1 CREDIT UNION,2026-07-01,Repo,B344,2026-10-06,REPO,FIN,CALYPSOIFI,Repo,,2026-07-01
95555589,,2026-09-23,2026-01-09,2026-07-14,TDBK,BIMCOR INC,2026-07-01,Repo,B436,2026-08-19,REPO,FIN,CALYPSOIFI,Repo,,2026-06-24
94181874,,2025-09-22,2026-03-27,2026-09-23,TDBK,SWISS LIFE AG,2026-07-01,Repo,B681,2026-03-15,REPO,FIN,CALYPSOIFI,Rev_Repo,,2026-06-03
94629300,,2026-08-18,2026-12-02,,TDBK,CITIBANK NA,2026-07-01,Repo,B754,2026-10-07,REPO,FIN,CALYPSOIFI,Repo,,2026-06-17
93534887,,2026-03-09,2026-09-23,2026-05-25,TDBK,CENTRAL 1 CREDIT UNION,2026-07-01,Repo,B690,2026-04-13,REPO,,CALYPSOIFI,Repo,,2026-06-24
94042286,,2025-06-09,2026-11-18,2026-10-14,TDBK,DEUTSCHE BANK A.G.,2026-07-01,Repo,B816,2026-02-26,,FIN,CALYPSOIFI,Repo,,2026-06-10
94256081,,2025-07-21,2026-05-05,2026-03-26,TDBK,BANCO HABITAT,2026-07-01,Repo,B760,2026-06-08,,FIN,CALYPSOIFI,Rev_Repo,,2026-07-01
98689384,,2026-02-10,2026-04-20,2026-04-20,TDBK,DEUTSCHE BANK A.G.,2026-07-01,Repo,B925,2026-07-19,REPO,FIN,CALYPSOIFI,Rev_Repo,,2026-06-10
90872660,,2026-08-25,2026-11-05,2026-09-20,TDBK,SWISS LIFE AG,2026-07-01,Repo,B797,2026-05-17,REPO,FIN,CALYPSOIFI,Repo,,2026-06-10
98900098,,2025-04-20,2026-09-12,2026-05-12,TDBK,CENTRAL 1 CREDIT UNION,2026-07-01,Repo,B260,2026-04-25,REPO,FIN,CALYPSOIFI,Rev_Repo,,2026-06-24
94680279,,2025-07-11,2026-06-16,2026-02-17,TDBK,MORGAN STANLEY INTL,2026-07-01,Repo,B584,2026-08-22,REPO,FIN,CALYPSOIFI,Rev_Repo,,2026-06-24
93812675,,2025-02-12,2026-08-25,2026-05-08,TDBK,DEUTSCHE BANK A.G.,2026-07-01,Repo,B202,2026-03-04,REPO,FIN,CALYPSOIFI,Rev_Repo,,2026-06-24
95806355,,2026-03-02,2026-06-14,,TDBK,SWISS LIFE AG,2026-07-01,,B604,2026-10-05,,FIN,CALYPSOIFI,Rev_Repo,,2026-06-24
97523272,,2026-12-10,2026-10-24,2026-03-01,TDBK,WELLINGTON GLOBAL EQUITY FUND 28R5,2026-07-01,Repo,B625,2026-10-07,REPO,FIN,CALYPSOIFI,Repo,,2026-06-03
98301127,,2025-02-25,2026-05-15,2026-07-05,TDBK,CITIBANK NA,2026-07-01,Repo,B534,2026-04-17,REPO,FIN,CALYPSOIFI,Rev_Repo,,2026-06-10
96920460,,2025-03-09,2026-04-10,2026-05-23,TDBK,CITIBANK NA,2026-07-01,Repo,B748,2026-01-18,REPO,FIN,CALYPSOIFI,Repo,,2026-06-24
95503626,,2026-07-14,2026-12-10,2026-12-19,TDBK,,2026-07-01,Repo,B894,2026-12-09,REPO,FIN,CALYPSOIFI,Repo,,2026-07-01
99988552,,2026-10-10,2026-06-07,2026-01-25,TDBK,BIMCOR INC,2026-07-01,Repo,B716,2026-02-03,REPO,FIN,CALYPSOIFI,Repo,,2026-06-03
94521427,,2026-06-02,2026-11-17,2026-06-09,TDBK,MORGAN STANLEY INTL,2026-07-01,Repo,B745,2026-05-27,,FIN,CALYPSOIFI,Repo,,2026-06-24
93229401,,2025-08-21,2026-01-09,2026-07-16,TDBK,SWISS LIFE AG,2026-07-01,Repo,B374,2026-10-03,REPO,FIN,CALYPSOIFI,Rev_Repo,,2026-06-24
97191501,,2025-02-06,2026-04-24,2026-03-10,TDBK,CITIBANK NA,2026-07-01,Repo,B628,2026-07-22,REPO,FIN,CALYPSOIFI,Rev_Repo,,2026-07-01
95514397,,2026-08-02,2026-03-08,2026-01-17,TDBK,BANK OF NOVA SCOTIA,2026-07-01,Repo,B118,2026-02-12,REPO,FIN,CALYPSOIFI,Rev_Repo,,2026-06-03
90099288,,2025-11-22,2026-02-05,2026-01-23,TDBK,DEUTSCHE BANK A.G.,2026-07-01,Repo,B723,2026-09-28,REPO,FIN,CALYPSOIFI,Repo,,2026-06-03
99065720,,2025-05-04,2026-04-08,2026-07-26,TDBK,WELLINGTON GLOBAL EQUITY FUND 28R5,2026-07-01,Repo,B385,2026-12-13,REPO,,CALYPSOIFI,Repo,,2026-06-17
99857758,,2026-09-03,2026-05-11,2026-11-04,TDBK,WELLINGTON GLOBAL EQUITY FUND 28R5,2026-07-01,Repo,B767,2026-05-24,REPO,,CALYPSOIFI,Rev_Repo,,2026-07-01
94507659,,2025-11-25,2026-05-14,2026-07-28,TDBK,BANK OF NOVA SCOTIA,2026-07-01,Repo,B532,2026-08-01,,FIN,CALYPSOIFI,Rev_Repo,,2026-06-24
93500052,,2026-03-28,2026-01-02,2026-12-27,TDBK,MORGAN STANLEY INTL,2026-07-01,Repo,B379,2026-12-17,REPO,FIN,CALYPSOIFI,Repo,,2026-07-01
91606324,,2025-11-16,2026-07-09,2026-03-01,TDBK,INVESTEC BANK LIMITED,2026-07-01,Repo,B800,2026-05-16,REPO,FIN,CALYPSOIFI,Rev_Repo,,2026-06-03
96029830,,2026-09-20,2026-02-20,2026-09-07,TDBK,BANK OF NOVA SCOTIA,2026-07-01,Repo,B689,2026-04-03,REPO,FIN,CALYPSOIFI,Repo,,2026-06-17
95992295,,2025-01-12,2026-06-01,2026-01-25,TDBK,BANK OF NOVA SCOTIA,2026-07-01,Repo,B775,2026-07-09,REPO,FIN,CALYPSOIFI,Repo,,2026-07-01
97460078,,2025-10-17,2026-02-28,2026-09-02,TDBK,MORGAN STANLEY INTL,2026-07-01,Repo,B283,2026-08-01,REPO,FIN,CALYPSOIFI,Repo,,2026-06-03
98759730,,2025-09-04,2026-12-06,2026-03-16,TDBK,BANK OF NOVA SCOTIA,2026-07-01,Repo,B525,2026-10-28,REPO,FIN,CALYPSOIFI,Repo,,2026-06-03
99960623,,2026-02-25,2026-07-11,2026-05-11,TDBK,CENTRAL 1 CREDIT UNION,2026-07-01,Repo,B645,2026-10-15,REPO,FIN,CALYPSOIFI,Rev_Repo,,2026-06-24
97957063,,2025-08-18,2026-05-09,2026-01-18,TDBK,DEUTSCHE BANK A.G.,2026-07-01,Repo,B485,2026-08-12,REPO,FIN,CALYPSOIFI,Repo,,2026-06-03
99267292,,2025-12-28,2026-02-21,2026-07-15,TDBK,WELLINGTON GLOBAL EQUITY FUND 28R5,2026-07-01,Repo,B731,2026-02-22,REPO,FIN,CALYPSOIFI,Rev_Repo,,2026-06-17
99627063,,2026-07-14,2026-02-27,2026-06-03,TDBK,BANK OF NOVA SCOTIA,2026-07-01,Repo,B168,2026-12-03,REPO,FIN,CALYPSOIFI,Rev_Repo,,2026-06-03
95132306,,2025-03-14,2026-08-02,2026-06-28,TDBK,SWISS LIFE AG,2026-07-01,Repo,B673,2026-01-13,REPO,FIN,CALYPSOIFI,Repo,,2026-07-01
94875238,,2026-01-07,2026-08-23,2026-04-26,TDBK,SWISS LIFE AG,2026-07-01,Repo,B343,2026-07-28,REPO,FIN,CALYPSOIFI,Repo,,2026-06-17
99184605,,2026-02-21,2026-05-24,2026-11-27,TDBK,,2026-07-01,Repo,B317,2026-02-11,REPO,FIN,CALYPSOIFI,Repo,,2026-07-01
93212715,,2026-04-14,2026-12-02,2026-12-23,TDBK,INVESTEC BANK LIMITED,2026-07-01,Repo,B244,2026-05-19,REPO,,CALYPSOIFI,Rev_Repo,,2026-07-01
93252045,,2025-08-18,2026-11-18,2026-05-03,TDBK,INVESTEC BANK LIMITED,2026-07-01,Repo,B216,2026-08-02,REPO,FIN,CALYPSOIFI,Repo,,2026-06-24
95342303,,2026-11-25,2026-08-13,2026-03-04,TDBK,WELLINGTON GLOBAL EQUITY FUND 28R5,2026-07-01,Repo,B927,2026-01-04,REPO,FIN,CALYPSOIFI,Repo,,2026-06-24
99387050,,2026-11-20,2026-07-15,2026-05-07,TDBK,BANCO HABITAT,2026-07-01,Repo,B235,2026-11-20,REPO,FIN,CALYPSOIFI,Rev_Repo,,2026-06-24
93532053,,2025-07-25,2026-04-03,2026-09-08,TDBK,WELLINGTON GLOBAL EQUITY FUND 28R5,2026-07-01,Repo,B905,2026-09-25,REPO,FIN,CALYPSOIFI,Rev_Repo,,2026-06-24
92924835,,2025-11-19,2026-01-25,2026-02-07,TDBK,INVESTEC BANK LIMITED,2026-07-01,Repo,B179,2026-04-24,REPO,FIN,CALYPSOIFI,Rev_Repo,,2026-06-24
98943422,,2026-01-18,2026-06-21,2026-03-22,TDBK,MORGAN STANLEY INTL,2026-07-01,Repo,B959,2026-12-20,REPO,FIN,CALYPSOIFI,Rev_Repo,,2026-07-01
95606159,,2025-02-01,2026-10-14,,TDBK,MORGAN STANLEY INTL,2026-07-01,Repo,B102,2026-02-05,REPO,FIN,CALYPSOIFI,Rev_Repo,,2026-06-03
98109321,,2025-07-04,2026-03-13,2026-06-05,TDBK,BANK OF NOVA SCOTIA,2026-07-01,Repo,B468,2026-04-22,REPO,FIN,CALYPSOIFI,Repo,,2026-06-03
91060151,,2025-04-24,2026-03-14,2026-07-11,TDBK,,2026-07-01,Repo,B431,2026-02-25,REPO,FIN,CALYPSOIFI,Repo,,2026-06-03
98216611,,2026-02-09,2026-03-21,2026-10-22,TDBK,WELLINGTON GLOBAL EQUITY FUND 28R5,2026-07-01,Repo,B428,2026-04-16,REPO,FIN,CALYPSOIFI,Repo,,2026-06-10
98753622,,2026-09-27,2026-08-25,2026-08-03,TDBK,SWISS LIFE AG,2026-07-01,Repo,B388,2026-05-02,,FIN,CALYPSOIFI,Rev_Repo,,2026-06-24
91398942,,2025-05-05,2026-03-17,2026-11-05,TDBK,INVESTEC BANK LIMITED,2026-07-01,Repo,B926,2026-12-05,REPO,FIN,CALYPSOIFI,Repo,,2026-06-10
93654984,,2026-09-13,2026-08-01,2026-10-01,TDBK,CENTRAL 1 CREDIT UNION,2026-07-01,Repo,B505,2026-05-04,,FIN,CALYPSOIFI,Rev_Repo,,2026-06-10
94912032,,2025-02-14,2026-10-18,2026-10-08,TDBK,BANCO HABITAT,2026-07-01,Repo,B578,2026-02-22,REPO,FIN,CALYPSOIFI,Repo,,2026-07-01
95568902,,2025-11-26,2026-12-28,2026-04-06,TDBK,CENTRAL 1 CREDIT UNION,2026-07-01,Repo,B888,2026-02-07,REPO,FIN,CALYPSOIFI,Repo,,2026-06-10
94575908,,2025-04-01,2026-11-20,2026-12-18,TDBK,SWISS LIFE AG,2026-07-01,Repo,B514,2026-06-19,REPO,FIN,CALYPSOIFI,Repo,,2026-06-03
97169575,,2025-02-17,2026-01-18,2026-10-06,TDBK,WELLINGTON GLOBAL EQUITY FUND 28R5,2026-07-01,,B291,2026-03-19,REPO,FIN,CALYPSOIFI,Rev_Repo,,2026-06-24
91353159,,2026-10-14,2026-07-28,2026-12-28,TDBK,,2026-07-01,Repo,B346,2026-05-28,REPO,FIN,CALYPSOIFI,Rev_Repo,,2026-06-24
92395597,,2026-09-21,2026-08-12,2026-01-14,TDBK,CENTRAL 1 CREDIT UNION,2026-07-01,Repo,B668,2026-08-22,REPO,FIN,CALYPSOIFI,Repo,,2026-07-01
93877304,,2026-05-18,2026-02-25,2026-07-27,TDBK,INVESTEC BANK LIMITED,2026-07-01,Repo,B416,2026-03-10,REPO,FIN,CALYPSOIFI,Repo,,2026-07-01
94735744,,2025-02-11,2026-01-19,2026-05-25,TDBK,BANK OF NOVA SCOTIA,2026-07-01,Repo,B934,2026-06-08,REPO,FIN,CALYPSOIFI,Rev_Repo,,2026-06-10
98187065,,2026-11-21,2026-10-05,2026-05-19,TDBK,DEUTSCHE BANK A.G.,2026-07-01,Repo,B876,2026-01-14,REPO,FIN,CALYPSOIFI,Rev_Repo,,2026-06-03
92555385,,2025-10-19,2026-04-05,2026-01-12,TDBK,BANK OF NOVA SCOTIA,2026-07-01,Repo,B124,2026-01-05,REPO,FIN,CALYPSOIFI,Rev_Repo,,2026-06-17
91828991,,2026-03-26,2026-05-14,2026-04-11,TDBK,SWISS LIFE AG,2026-07-01,Repo,B628,2026-07-03,REPO,FIN,CALYPSOIFI,Repo,,2026-06-10
98680428,,2026-12-26,2026-08-20,2026-09-06,TDBK,INVESTEC BANK LIMITED,2026-07-01,Repo,B430,2026-09-15,REPO,FIN,CALYPSOIFI,Repo,,2026-06-17
92515701,,2025-01-01,2026-05-02,2026-07-16,TDBK,DEUTSCHE BANK A.G.,2026-07-01,Repo,B525,2026-04-24,REPO,FIN,CALYPSOIFI,Rev_Repo,,2026-06-03
93035161,,2026-03-13,2026-09-08,,TDBK,DEUTSCHE BANK A.G.,2026-07-01,Repo,B167,2026-04-24,REPO,FIN,CALYPSOIFI,Rev_Repo,,2026-06-03
96049284,,2025-01-02,2026-07-07,2026-08-09,TDBK,SWISS LIFE AG,2026-07-01,Repo,B495,2026-06-21,REPO,FIN,CALYPSOIFI,Repo,,2026-06-10
97410508,,2026-05-05,2026-09-12,2026-05-26,TDBK,CENTRAL 1 CREDIT UNION,2026-07-01,Repo,B826,2026-09-11,REPO,FIN,CALYPSOIFI,Repo,,2026-06-03
93785119,,2026-01-19,2026-02-06,2026-03-24,TDBK,MORGAN STANLEY INTL,2026-07-01,Repo,B742,2026-05-02,,FIN,CALYPSOIFI,Repo,,2026-06-17
91998196,,2026-11-23,2026-09-06,,TDBK,MORGAN STANLEY INTL,2026-07-01,Repo,B995,2026-05-01,REPO,FIN,CALYPSOIFI,Repo,,2026-06-17
91865460,,2026-11-12,2026-11-24,2026-07-06,TDBK,INVESTEC BANK LIMITED,2026-07-01,Repo,B622,2026-12-24,,,CALYPSOIFI,Rev_Repo,,2026-07-01
93476293,,2025-01-07,2026-09-13,2026-12-08,TDBK,CENTRAL 1 CREDIT UNION,2026-07-01,Repo,B246,2026-06-14,REPO,FIN,CALYPSOIFI,Repo,,2026-06-24
99225779,,2025-01-07,2026-10-16,2026-02-15,TDBK,BANCO HABITAT,2026-07-01,Repo,B444,2026-04-20,REPO,FIN,CALYPSOIFI,Rev_Repo,,2026-06-24
97519665,,2026-01-27,2026-04-16,2026-03-28,TDBK,BIMCOR INC,2026-07-01,Repo,B569,2026-04-06,REPO,FIN,CALYPSOIFI,Repo,,2026-06-10
94672243,,2026-08-26,2026-06-10,2026-08-14,TDBK,WELLINGTON GLOBAL EQUITY FUND 28R5,2026-07-01,Repo,B729,2026-12-06,REPO,FIN,CALYPSOIFI,Rev_Repo,,2026-06-17
93339688,,2025-04-18,2026-10-02,,TDBK,BANK OF NOVA SCOTIA,2026-07-01,,B789,2026-11-15,REPO,FIN,CALYPSOIFI,Rev_Repo,,2026-07-01
98100022,,2025-12-11,2026-01-09,2026-03-24,TDBK,CITIBANK NA,2026-07-01,Repo,B872,2026-09-14,REPO,FIN,CALYPSOIFI,Repo,,2026-06-24
96889865,,2026-03-05,2026-10-18,2026-01-10,TDBK,SWISS LIFE AG,2026-07-01,Repo,B647,2026-12-13,REPO,FIN,CALYPSOIFI,Rev_Repo,,2026-06-17
95701212,,2026-03-13,2026-04-08,2026-09-21,TDBK,MORGAN STANLEY INTL,2026-07-01,Repo,B478,2026-01-01,REPO,,CALYPSOIFI,Rev_Repo,,2026-06-24
97356847,,2025-09-23,2026-01-14,2026-09-26,TDBK,CITIBANK NA,2026-07-01,Repo,B205,2026-06-16,REPO,FIN,CALYPSOIFI,Repo,,2026-07-01
91822279,,2026-09-02,2026-01-02,2026-12-05,TDBK,BANCO HABITAT,2026-07-01,Repo,B751,2026-12-01,REPO,FIN,CALYPSOIFI,Repo,,2026-06-17
91822991,,2026-08-22,2026-02-12,2026-03-07,TDBK,BIMCOR INC,2026-07-01,Repo,B852,2026-12-06,REPO,FIN,CALYPSOIFI,Repo,,2026-06-03
99606216,,2025-12-09,2026-11-10,2026-06-14,TDBK,BANK OF NOVA SCOTIA,2026-07-01,Repo,B285,2026-11-12,REPO,FIN,CALYPSOIFI,Repo,,2026-06-24
94582214,,2025-01-13,2026-06-20,2026-03-16,TDBK,CENTRAL 1 CREDIT UNION,2026-07-01,,B740,2026-10-04,REPO,FIN,CALYPSOIFI,Rev_Repo,,2026-06-10
96266158,,2026-03-11,2026-07-14,2026-03-11,TDBK,INVESTEC BANK LIMITED,2026-07-01,Repo,B238,2026-12-06,REPO,FIN,CALYPSOIFI,Repo,,2026-06-10
90739887,,2025-08-15,2026-12-21,2026-07-14,TDBK,SWISS LIFE AG,2026-07-01,Repo,B579,2026-05-20,REPO,FIN,CALYPSOIFI,Repo,,2026-07-01
91161783,,2026-09-27,2026-07-22,2026-04-06,TDBK,WELLINGTON GLOBAL EQUITY FUND 28R5,2026-07-01,Repo,B780,2026-06-10,REPO,FIN,CALYPSOIFI,Rev_Repo,,2026-06-17
94034598,,2026-06-09,2026-07-19,2026-02-08,TDBK,BANK OF NOVA SCOTIA,2026-07-01,Repo,B931,2026-05-08,REPO,FIN,CALYPSOIFI,Rev_Repo,,2026-06-17
96281171,,2025-03-11,2026-11-05,2026-08-24,TDBK,CITIBANK NA,2026-07-01,Repo,B511,2026-03-17,REPO,FIN,CALYPSOIFI,Repo,,2026-06-17
96498391,,2026-07-16,2026-12-23,2026-12-13,TDBK,BANK OF NOVA SCOTIA,2026-07-01,Repo,B926,2026-05-05,REPO,,CALYPSOIFI,Rev_Repo,,2026-06-03
94664793,,2025-07-17,2026-12-18,2026-10-09,TDBK,DEUTSCHE BANK A.G.,2026-07-01,Repo,B181,2026-11-22,REPO,FIN,CALYPSOIFI,Repo,,2026-06-24
95822543,,2025-11-22,2026-03-11,2026-09-01,TDBK,CITIBANK NA,2026-07-01,Repo,B194,2026-02-11,REPO,FIN,CALYPSOIFI,Repo,,2026-06-10
99864763,,2026-04-14,2026-05-10,2026-12-28,TDBK,BIMCOR INC,2026-07-01,Repo,B986,2026-07-01,REPO,FIN,CALYPSOIFI,Repo,,2026-06-10
94778018,,2026-04-19,2026-06-24,2026-11-08,TDBK,CENTRAL 1 CREDIT UNION,2026-07-01,,B844,2026-03-03,REPO,FIN,CALYPSOIFI,Repo,,2026-06-03
98245435,,2025-09-20,2026-09-28,2026-02-24,TDBK,BANK OF NOVA SCOTIA,2026-07-01,Repo,B147,2026-01-06,,FIN,CALYPSOIFI,Rev_Repo,,2026-06-10
94744651,,2026-09-13,2026-08-12,2026-05-19,TDBK,BIMCOR INC,2026-07-01,Repo,B585,2026-02-26,REPO,FIN,CALYPSOIFI,Rev_Repo,,2026-06-24
92024897,,2025-04-05,2026-09-07,2026-12-07,TDBK,INVESTEC BANK LIMITED,2026-07-01,Repo,B297,2026-11-10,REPO,FIN,CALYPSOIFI,Rev_Repo,,2026-06-17
95559760,,2025-09-02,2026-11-20,2026-05-19,TDBK,CENTRAL 1 CREDIT UNION,2026-07-01,,B350,2026-02-10,REPO,FIN,CALYPSOIFI,Repo,,2026-06-03
99453738,,2025-02-26,2026-05-19,2026-04-13,TDBK,MORGAN STANLEY INTL,2026-07-01,Repo,B646,2026-05-04,REPO,FIN,CALYPSOIFI,Repo,,2026-06-24
93717894,,2026-05-15,2026-01-14,2026-08-15,TDBK,BANCO HABITAT,2026-07-01,Repo,B640,2026-04-12,REPO,FIN,CALYPSOIFI,Rev_Repo,,2026-06-10
98653325,,2025-01-20,2026-12-19,2026-07-02,TDBK,SWISS LIFE AG,2026-07-01,Repo,B613,2026-06-12,REPO,FIN,CALYPSOIFI,Repo,,2026-06-10
99940315,,2026-11-02,2026-01-28,2026-03-13,TDBK,SWISS LIFE AG,2026-07-01,Repo,B542,2026-04-06,,FIN,CALYPSOIFI,Repo,,2026-07-01
91126247,,2025-09-15,2026-01-18,2026-03-02,TDBK,SWISS LIFE AG,2026-07-01,Repo,B663,2026-09-10,REPO,,CALYPSOIFI,Rev_Repo,,2026-06-03
93739191,,2025-09-24,2026-07-28,2026-01-14,TDBK,INVESTEC BANK LIMITED,2026-07-01,Repo,B141,2026-04-17,REPO,FIN,CALYPSOIFI,Repo,,2026-06-24
98475514,,2025-11-10,2026-08-22,2026-03-05,TDBK,WELLINGTON GLOBAL EQUITY FUND 28R5,2026-07-01,Repo,B130,2026-07-13,,FIN,CALYPSOIFI,Rev_Repo,,2026-06-17
98765305,,2026-10-21,2026-04-28,2026-09-28,TDBK,BIMCOR INC,2026-07-01,Repo,B794,2026-12-02,REPO,FIN,CALYPSOIFI,Repo,,2026-07-01
97405462,,2026-12-15,2026-07-13,2026-09-02,TDBK,BANCO HABITAT,2026-07-01,Repo,B773,2026-11-22,REPO,FIN,CALYPSOIFI,Rev_Repo,,2026-06-03
99877296,,2025-11-03,2026-05-20,2026-10-25,TDBK,BANCO HABITAT,2026-07-01,Repo,B709,2026-09-19,,FIN,CALYPSOIFI,Rev_Repo,,2026-06-17
99229719,,2025-05-17,2026-11-08,2026-06-24,TDBK,,2026-07-01,Repo,B598,2026-06-24,REPO,FIN,CALYPSOIFI,Repo,,2026-06-24
90301915,,2025-08-04,2026-01-02,2026-05-07,TDBK,,2026-07-01,Repo,B962,2026-11-21,REPO,FIN,CALYPSOIFI,Repo,,2026-07-01
90251547,,2026-05-06,2026-11-26,2026-03-04,TDBK,MORGAN STANLEY INTL,2026-07-01,Repo,B296,2026-06-09,REPO,FIN,CALYPSOIFI,Rev_Repo,,2026-07-01
98018304,,2025-12-22,2026-01-15,2026-03-06,TDBK,DEUTSCHE BANK A.G.,2026-07-01,Repo,B943,2026-08-25,REPO,FIN,CALYPSOIFI,Rev_Repo,,2026-06-24
91977259,,2026-04-06,2026-08-04,2026-01-13,TDBK,BANK OF NOVA SCOTIA,2026-07-01,Repo,B219,2026-12-28,REPO,FIN,CALYPSOIFI,Repo,,2026-06-03
91035315,,2025-01-17,2026-01-01,2026-01-26,TDBK,,2026-07-01,Repo,B499,2026-06-11,REPO,FIN,CALYPSOIFI,Repo,,2026-06-17
91742203,,2025-10-24,2026-11-01,2026-03-11,TDBK,SWISS LIFE AG,2026-07-01,Repo,B246,2026-03-04,REPO,FIN,CALYPSOIFI,Repo,,2026-06-24
97291981,,2025-03-23,2026-11-08,,TDBK,CENTRAL 1 CREDIT UNION,2026-07-01,,B627,2026-09-21,REPO,FIN,CALYPSOIFI,Repo,,2026-06-10
95061764,,2026-08-12,2026-02-20,2026-09-09,TDBK,CENTRAL 1 CREDIT UNION,2026-07-01,Repo,B267,2026-06-24,REPO,FIN,CALYPSOIFI,Rev_Repo,,2026-06-03
90634804,,2026-06-05,2026-12-15,2026-09-19,TDBK,CENTRAL 1 CREDIT UNION,2026-07-01,,B930,2026-04-28,REPO,FIN,CALYPSOIFI,Rev_Repo,,2026-06-17
99315775,,2025-10-28,2026-05-27,2026-04-05,TDBK,BANCO HABITAT,2026-07-01,Repo,B481,2026-10-26,REPO,FIN,CALYPSOIFI,Repo,,2026-07-01
93091483,,2025-02-19,2026-05-05,2026-04-18,TDBK,CENTRAL 1 CREDIT UNION,2026-07-01,Repo,B512,2026-02-10,REPO,FIN,CALYPSOIFI,Rev_Repo,,2026-06-10
94381235,,2026-04-05,2026-08-03,2026-10-24,TDBK,WELLINGTON GLOBAL EQUITY FUND 28R5,2026-07-01,,B690,2026-01-11,REPO,FIN,CALYPSOIFI,Repo,,2026-06-24
95401835,,2025-02-21,2026-09-14,2026-06-18,TDBK,MORGAN STANLEY INTL,2026-07-01,Repo,B579,2026-06-04,,FIN,CALYPSOIFI,Rev_Repo,,2026-06-10
99324845,,2025-01-25,2026-10-23,2026-02-16,TDBK,BIMCOR INC,2026-07-01,Repo,B291,2026-03-19,REPO,FIN,CALYPSOIFI,Rev_Repo,,2026-06-17
93444220,,2026-10-16,2026-02-03,2026-06-19,TDBK,BANK OF NOVA SCOTIA,2026-07-01,Repo,B157,2026-05-19,REPO,,CALYPSOIFI,Rev_Repo,,2026-06-17
97459267,,2025-06-04,2026-04-13,2026-04-28,TDBK,BANCO HABITAT,2026-07-01,Repo,B282,2026-05-25,REPO,FIN,CALYPSOIFI,Repo,,2026-06-03
91361785,,2026-03-01,2026-09-04,,TDBK,BANK OF NOVA SCOTIA,2026-07-01,Repo,B852,2026-09-02,REPO,FIN,CALYPSOIFI,Repo,,2026-07-01
95631651,,2025-04-03,2026-03-12,2026-03-04,TDBK,CITIBANK NA,2026-07-01,Repo,B845,2026-03-07,REPO,FIN,CALYPSOIFI,Repo,,2026-07-01
96323392,,2025-06-27,2026-07-26,2026-10-01,TDBK,WELLINGTON GLOBAL EQUITY FUND 28R5,2026-07-01,Repo,B759,2026-06-18,REPO,FIN,CALYPSOIFI,Repo,,2026-06-17
95582818,,2025-09-17,2026-08-17,2026-03-27,TDBK,SWISS LIFE AG,2026-07-01,Repo,B238,2026-01-11,REPO,FIN,CALYPSOIFI,Repo,,2026-07-01
90492832,,2026-07-28,2026-05-13,2026-10-06,TDBK,CITIBANK NA,2026-07-01,Repo,B973,2026-10-21,REPO,FIN,CALYPSOIFI,Repo,,2026-06-24
94718113,,2026-04-11,2026-11-19,2026-03-17,TDBK,SWISS LIFE AG,2026-07-01,Repo,B541,2026-06-16,,FIN,CALYPSOIFI,Rev_Repo,,2026-06-10
93788947,,2026-07-07,2026-05-20,2026-04-05,TDBK,BANCO HABITAT,2026-07-01,Repo,B720,2026-02-02,,FIN,CALYPSOIFI,Repo,,2026-06-17
90562941,,2026-09-28,2026-11-13,2026-03-08,TDBK,,2026-07-01,Repo,B184,2026-12-06,,FIN,CALYPSOIFI,Repo,,2026-06-24
90749235,,2026-05-05,2026-04-03,,TDBK,CITIBANK NA,2026-07-01,Repo,B821,2026-09-27,,FIN,CALYPSOIFI,Rev_Repo,,2026-06-10
97307527,,2025-09-11,2026-12-18,2026-08-25,TDBK,MORGAN STANLEY INTL,2026-07-01,Repo,B451,2026-12-04,REPO,,CALYPSOIFI,Repo,,2026-06-10
92159598,,2025-11-20,2026-12-18,2026-05-15,TDBK,SWISS LIFE AG,2026-07-01,Repo,B874,2026-12-20,REPO,FIN,CALYPSOIFI,Repo,,2026-06-17
95674167,,2025-02-15,2026-12-22,2026-10-16,TDBK,MORGAN STANLEY INTL,2026-07-01,,B764,2026-02-09,REPO,FIN,CALYPSOIFI,Repo,,2026-07-01
96388220,,2026-04-04,2026-07-07,2026-10-26,TDBK,CENTRAL 1 CREDIT UNION,2026-07-01,Repo,B986,2026-03-27,REPO,FIN,CALYPSOIFI,Rev_Repo,,2026-06-10
97243782,,2026-05-13,2026-08-15,2026-12-10,TDBK,CITIBANK NA,2026-07-01,Repo,B372,2026-11-13,REPO,FIN,CALYPSOIFI,Rev_Repo,,2026-06-24
95402158,,2025-08-23,2026-09-06,2026-08-09,TDBK,WELLINGTON GLOBAL EQUITY FUND 28R5,2026-07-01,,B854,2026-03-06,REPO,,CALYPSOIFI,Repo,,2026-06-03
96530308,,2026-02-23,2026-12-13,2026-10-05,TDBK,CITIBANK NA,2026-07-01,Repo,B907,2026-04-24,REPO,,CALYPSOIFI,Rev_Repo,,2026-07-01
97430743,,2025-08-08,2026-03-02,2026-06-23,TDBK,WELLINGTON GLOBAL EQUITY FUND 28R5,2026-07-01,Repo,B758,2026-03-12,REPO,,CALYPSOIFI,Repo,,2026-06-10
99971564,,2026-10-06,2026-10-20,2026-02-05,TDBK,SWISS LIFE AG,2026-07-01,Repo,B410,2026-03-24,,FIN,CALYPSOIFI,Repo,,2026-07-01
97186150,,2025-09-27,2026-02-18,2026-08-06,TDBK,WELLINGTON GLOBAL EQUITY FUND 28R5,2026-07-01,Repo,B524,2026-08-07,REPO,FIN,CALYPSOIFI,Repo,,2026-06-17
95958329,,2026-06-22,2026-05-26,2026-02-18,TDBK,INVESTEC BANK LIMITED,2026-07-01,Repo,B644,2026-04-20,REPO,FIN,CALYPSOIFI,Rev_Repo,,2026-07-01
97139130,,2025-05-11,2026-09-02,2026-09-19,TDBK,MORGAN STANLEY INTL,2026-07-01,Repo,B145,2026-12-20,REPO,FIN,CALYPSOIFI,Repo,,2026-06-17
99025858,,2025-08-11,2026-11-10,2026-06-10,TDBK,,2026-07-01,Repo,B806,2026-09-02,REPO,FIN,CALYPSOIFI,Rev_Repo,,2026-07-01
97773416,,2025-10-27,2026-03-06,2026-04-28,TDBK,,2026-07-01,Repo,B177,2026-06-16,REPO,,CALYPSOIFI,Repo,,2026-07-01
99383433,,2026-04-10,2026-12-10,2026-12-10,TDBK,CENTRAL 1 CREDIT UNION,2026-07-01,Repo,B976,2026-11-24,REPO,FIN,CALYPSOIFI,Rev_Repo,,2026-06-17
99394481,,2025-01-01,2026-06-22,2026-08-23,TDBK,BANCO HABITAT,2026-07-01,Repo,B256,2026-09-06,REPO,FIN,CALYPSOIFI,Rev_Repo,,2026-06-24
90925571,,2025-02-03,2026-11-03,,TDBK,CENTRAL 1 CREDIT UNION,2026-07-01,Repo,B278,2026-10-22,REPO,FIN,CALYPSOIFI,Repo,,2026-06-24
99077608,,2026-03-17,2026-09-28,2026-06-04,TDBK,CENTRAL 1 CREDIT UNION,2026-07-01,Repo,B576,2026-12-01,REPO,FIN,CALYPSOIFI,Repo,,2026-06-10
99110844,,2025-07-18,2026-06-16,2026-06-13,TDBK,DEUTSCHE BANK A.G.,2026-07-01,Repo,B595,2026-04-16,REPO,,CALYPSOIFI,Rev_Repo,,2026-07-01
94955640,,2025-11-14,2026-07-07,2026-06-06,TDBK,DEUTSCHE BANK A.G.,2026-07-01,Repo,B682,2026-07-13,REPO,FIN,CALYPSOIFI,Repo,,2026-06-24
99805649,,2026-02-20,2026-09-16,2026-01-03,TDBK,CENTRAL 1 CREDIT UNION,2026-07-01,Repo,B577,2026-12-23,REPO,,CALYPSOIFI,Rev_Repo,,2026-07-01
99526211,,2026-03-05,2026-10-22,2026-09-02,TDBK,BIMCOR INC,2026-07-01,Repo,B224,2026-06-11,REPO,FIN,CALYPSOIFI,Rev_Repo,,2026-06-10
92595622,,2026-03-27,2026-05-01,2026-12-09,TDBK,MORGAN STANLEY INTL,2026-07-01,Repo,B406,2026-07-25,REPO,FIN,CALYPSOIFI,Repo,,2026-06-03
97840138,,2025-09-09,2026-04-09,2026-12-21,TDBK,SWISS LIFE AG,2026-07-01,Repo,B797,2026-02-02,REPO,FIN,CALYPSOIFI,Repo,,2026-06-17
90170512,,2026-10-23,2026-03-06,2026-10-27,TDBK,BANK OF NOVA SCOTIA,2026-07-01,,B786,2026-11-05,REPO,FIN,CALYPSOIFI,Repo,,2026-07-01
96262551,,2025-05-25,2026-11-27,,TDBK,BIMCOR INC,2026-07-01,Repo,B290,2026-07-05,REPO,FIN,CALYPSOIFI,Repo,,2026-06-17
99307376,,2025-04-27,2026-11-03,2026-06-25,TDBK,DEUTSCHE BANK A.G.,2026-07-01,Repo,B219,2026-10-20,REPO,FIN,CALYPSOIFI,Repo,,2026-06-03
90740875,,2025-02-22,2026-05-21,2026-07-27,TDBK,SWISS LIFE AG,2026-07-01,Repo,B814,2026-10-27,REPO,FIN,CALYPSOIFI,Repo,,2026-06-10
92414245,,2026-07-01,2026-10-06,2026-10-01,TDBK,CENTRAL 1 CREDIT UNION,2026-07-01,Repo,B873,2026-11-20,REPO,FIN,CALYPSOIFI,Rev_Repo,,2026-06-10
97908957,,2026-01-20,2026-11-09,2026-09-13,TDBK,WELLINGTON GLOBAL EQUITY FUND 28R5,2026-07-01,Repo,B957,2026-11-12,REPO,FIN,CALYPSOIFI,Repo,,2026-06-17
97260940,,2026-07-24,2026-01-01,2026-09-03,TDBK,BANCO HABITAT,2026-07-01,Repo,B182,2026-08-12,REPO,FIN,CALYPSOIFI,Repo,,2026-07-01
97288492,,2025-08-02,2026-04-21,2026-09-04,TDBK,CITIBANK NA,2026-07-01,Repo,B124,2026-11-01,REPO,FIN,CALYPSOIFI,Rev_Repo,,2026-06-10
96972721,,2026-05-07,2026-09-27,2026-08-18,TDBK,MORGAN STANLEY INTL,2026-07-01,Repo,B259,2026-04-14,REPO,FIN,CALYPSOIFI,Rev_Repo,,2026-06-03
98688646,,2026-12-19,2026-04-06,2026-11-08,TDBK,BIMCOR INC,2026-07-01,Repo,B929,2026-09-23,REPO,FIN,CALYPSOIFI,Rev_Repo,,2026-06-03
99854824,,2026-03-16,2026-03-13,2026-03-05,TDBK,BANK OF NOVA SCOTIA,2026-07-01,Repo,B249,2026-06-24,REPO,,CALYPSOIFI,Repo,,2026-06-17
94872185,,2025-10-16,2026-08-12,2026-05-07,TDBK,SWISS LIFE AG,2026-07-01,Repo,B233,2026-07-07,REPO,FIN,CALYPSOIFI,Repo,,2026-06-17
98426751,,2026-02-17,2026-05-04,,TDBK,INVESTEC BANK LIMITED,2026-07-01,Repo,B550,2026-06-26,REPO,FIN,CALYPSOIFI,Rev_Repo,,2026-06-17
93440800,,2026-10-02,2026-09-03,2026-08-23,TDBK,,2026-07-01,Repo,B820,2026-06-09,REPO,FIN,CALYPSOIFI,Repo,,2026-06-10
91025659,,2025-12-17,2026-04-15,2026-04-18,TDBK,BANK OF NOVA SCOTIA,2026-07-01,,B702,2026-12-08,REPO,FIN,CALYPSOIFI,Rev_Repo,,2026-07-01
98181786,,2025-11-14,2026-12-05,2026-11-21,TDBK,DEUTSCHE BANK A.G.,2026-07-01,,B693,2026-08-23,REPO,FIN,CALYPSOIFI,Repo,,2026-06-17
91868758,,2026-03-10,2026-08-08,2026-02-24,TDBK,,2026-07-01,Repo,B882,2026-03-13,REPO,FIN,CALYPSOIFI,Rev_Repo,,2026-06-10
92926462,,2026-07-06,2026-10-21,2026-07-16,TDBK,MORGAN STANLEY INTL,2026-07-01,Repo,B260,2026-12-17,REPO,FIN,CALYPSOIFI,Repo,,2026-07-01
91058205,,2025-01-27,2026-04-01,2026-09-16,TDBK,BANCO HABITAT,2026-07-01,Repo,B232,2026-06-05,REPO,FIN,CALYPSOIFI,Repo,,2026-06-03
99927169,,2025-10-03,2026-08-20,2026-10-25,TDBK,CENTRAL 1 CREDIT UNION,2026-07-01,Repo,B702,2026-07-01,REPO,FIN,CALYPSOIFI,Repo,,2026-06-17
92610821,,2025-11-17,2026-07-09,2026-07-11,TDBK,MORGAN STANLEY INTL,2026-07-01,Repo,B729,2026-04-16,REPO,FIN,CALYPSOIFI,Repo,,2026-06-10
96283272,,2025-10-20,2026-02-17,2026-09-09,TDBK,SWISS LIFE AG,2026-07-01,Repo,B129,2026-11-11,REPO,FIN,CALYPSOIFI,Repo,,2026-06-10
97559418,,2025-11-26,2026-09-24,2026-05-03,TDBK,CENTRAL 1 CREDIT UNION,2026-07-01,Repo,B772,2026-04-21,REPO,FIN,CALYPSOIFI,Rev_Repo,,2026-06-24
92411547,,2026-07-03,2026-03-27,2026-06-27,TDBK,BANCO HABITAT,2026-07-01,Repo,B949,2026-03-16,REPO,FIN,CALYPSOIFI,Rev_Repo,,2026-06-10
98029926,,2026-10-08,2026-05-26,2026-05-12,TDBK,BIMCOR INC,2026-07-01,Repo,B900,2026-11-06,REPO,FIN,CALYPSOIFI,Repo,,2026-06-17
96018906,,2025-11-20,2026-03-18,2026-10-11,TDBK,WELLINGTON GLOBAL EQUITY FUND 28R5,2026-07-01,,B635,2026-02-04,REPO,FIN,CALYPSOIFI,Rev_Repo,,2026-06-10
93535948,,2026-07-27,2026-05-04,2026-10-26,TDBK,DEUTSCHE BANK A.G.,2026-07-01,Repo,B879,2026-01-21,REPO,,CALYPSOIFI,Rev_Repo,,2026-06-03
93365267,,2026-04-22,2026-06-07,2026-03-15,TDBK,BIMCOR INC,2026-07-01,Repo,B119,2026-04-10,,FIN,CALYPSOIFI,Rev_Repo,,2026-06-24
92495813,,2025-09-04,2026-06-22,2026-04-01,TDBK,BANCO HABITAT,2026-07-01,Repo,B450,2026-06-07,REPO,FIN,CALYPSOIFI,Rev_Repo,,2026-07-01
97852528,,2025-06-09,2026-01-06,2026-04-11,TDBK,SWISS LIFE AG,2026-07-01,Repo,B293,2026-02-11,REPO,FIN,CALYPSOIFI,Rev_Repo,,2026-06-17
97893886,,2025-02-07,2026-07-01,2026-09-28,TDBK,BANCO HABITAT,2026-07-01,Repo,B188,2026-05-25,REPO,FIN,CALYPSOIFI,Rev_Repo,,2026-07-01
95333338,,2026-10-12,2026-04-18,2026-10-23,TDBK,BANCO HABITAT,2026-07-01,Repo,B203,2026-09-25,REPO,FIN,CALYPSOIFI,Rev_Repo,,2026-06-10
95033098,,2025-08-27,2026-10-18,2026-08-05,TDBK,,2026-07-01,Repo,B235,2026-01-05,REPO,FIN,CALYPSOIFI,Repo,,2026-06-24
98388607,,2026-05-01,2026-06-10,2026-02-23,TDBK,SWISS LIFE AG,2026-07-01,Repo,B273,2026-01-24,REPO,FIN,CALYPSOIFI,Repo,,2026-07-01
93705758,,2025-10-18,2026-07-14,2026-05-20,TDBK,INVESTEC BANK LIMITED,2026-07-01,Repo,B273,2026-01-26,REPO,FIN,CALYPSOIFI,Rev_Repo,,2026-06-10
99166597,,2026-05-07,2026-07-13,2026-08-10,TDBK,DEUTSCHE BANK A.G.,2026-07-01,Repo,B418,2026-07-07,REPO,FIN,CALYPSOIFI,Repo,,2026-06-17
99542329,,2026-10-28,2026-10-20,2026-07-03,TDBK,SWISS LIFE AG,2026-07-01,Repo,B969,2026-01-15,,FIN,CALYPSOIFI,Repo,,2026-06-10
93495737,,2025-10-10,2026-05-12,2026-09-25,TDBK,INVESTEC BANK LIMITED,2026-07-01,Repo,B348,2026-05-05,,FIN,CALYPSOIFI,Repo,,2026-07-01
94721785,,2025-05-20,2026-11-15,2026-06-09,TDBK,CENTRAL 1 CREDIT UNION,2026-07-01,Repo,B471,2026-01-15,REPO,FIN,CALYPSOIFI,Rev_Repo,,2026-06-17
92758790,,2025-08-06,2026-12-22,,TDBK,,2026-07-01,Repo,B624,2026-05-22,REPO,FIN,CALYPSOIFI,Rev_Repo,,2026-07-01
90894658,,2025-06-12,2026-09-14,2026-08-17,TDBK,CENTRAL 1 CREDIT UNION,2026-07-01,Repo,B323,2026-07-06,REPO,FIN,CALYPSOIFI,Rev_Repo,,2026-06-10
91873702,,2025-12-05,2026-10-15,2026-03-20,TDBK,INVESTEC BANK LIMITED,2026-07-01,Repo,B801,2026-03-03,REPO,FIN,CALYPSOIFI,Rev_Repo,,2026-07-01
92421663,,2025-10-01,2026-09-03,2026-07-12,TDBK,INVESTEC BANK LIMITED,2026-07-01,Repo,B225,2026-04-28,REPO,FIN,CALYPSOIFI,Rev_Repo,,2026-06-03
90580668,,2026-10-17,2026-11-07,2026-04-27,TDBK,INVESTEC BANK LIMITED,2026-07-01,Repo,B865,2026-04-24,REPO,FIN,CALYPSOIFI,Repo,,2026-06-17
97398698,,2026-07-10,2026-01-10,2026-01-09,TDBK,BIMCOR INC,2026-07-01,Repo,B332,2026-07-15,REPO,FIN,CALYPSOIFI,Repo,,2026-07-01
99620649,,2025-11-26,2026-09-12,2026-07-01,TDBK,INVESTEC BANK LIMITED,2026-07-01,Repo,B869,2026-12-21,,FIN,CALYPSOIFI,Repo,,2026-07-01
94233354,,2025-07-06,2026-12-26,2026-01-01,TDBK,BANK OF NOVA SCOTIA,2026-07-01,Repo,B990,2026-02-04,REPO,FIN,CALYPSOIFI,Repo,,2026-06-17
96463407,,2025-08-18,2026-07-22,,TDBK,DEUTSCHE BANK A.G.,2026-07-01,Repo,B720,2026-07-01,REPO,FIN,CALYPSOIFI,Rev_Repo,,2026-07-01
94670184,,2025-03-17,2026-12-08,2026-06-14,TDBK,,2026-07-01,Repo,B577,2026-11-17,REPO,FIN,CALYPSOIFI,Repo,,2026-06-03
92709256,,2026-09-01,2026-10-20,2026-01-06,TDBK,BIMCOR INC,2026-07-01,Repo,B909,2026-08-22,REPO,FIN,CALYPSOIFI,Rev_Repo,,2026-06-10
95061813,,2026-07-26,2026-02-02,2026-07-14,TDBK,CITIBANK NA,2026-07-01,Repo,B802,2026-03-21,REPO,FIN,CALYPSOIFI,Repo,,2026-06-03
93526876,,2025-06-01,2026-03-27,,TDBK,WELLINGTON GLOBAL EQUITY FUND 28R5,2026-07-01,Repo,B321,2026-10-06,REPO,FIN,CALYPSOIFI,Repo,,2026-06-03
93124202,,2026-05-12,2026-02-19,2026-04-05,TDBK,BANK OF NOVA SCOTIA,2026-07-01,Repo,B512,2026-03-25,REPO,FIN,CALYPSOIFI,Rev_Repo,,2026-06-03
99468489,,2025-10-25,2026-01-13,2026-12-28,TDBK,WELLINGTON GLOBAL EQUITY FUND 28R5,2026-07-01,Repo,B494,2026-04-13,REPO,FIN,CALYPSOIFI,Repo,,2026-07-01
95068747,,2025-07-01,2026-04-17,2026-07-13,TDBK,WELLINGTON GLOBAL EQUITY FUND 28R5,2026-07-01,Repo,B269,2026-05-20,REPO,,CALYPSOIFI,Repo,,2026-07-01
90513126,,2025-10-02,2026-09-12,2026-09-02,TDBK,BANCO HABITAT,2026-07-01,,B290,2026-10-26,REPO,FIN,CALYPSOIFI,Rev_Repo,,2026-06-24
98508820,,2025-03-28,2026-08-28,2026-12-08,TDBK,BANK OF NOVA SCOTIA,2026-07-01,Repo,B847,2026-03-19,REPO,FIN,CALYPSOIFI,Rev_Repo,,2026-06-10
95332077,,2025-09-14,2026-05-16,2026-05-15,TDBK,DEUTSCHE BANK A.G.,2026-07-01,Repo,B847,2026-02-08,REPO,FIN,CALYPSOIFI,Repo,,2026-06-24
90148620,,2025-07-12,2026-05-08,2026-06-01,TDBK,WELLINGTON GLOBAL EQUITY FUND 28R5,2026-07-01,Repo,B576,2026-03-04,,FIN,CALYPSOIFI,Repo,,2026-06-10
95856929,,2026-01-17,2026-12-03,2026-10-12,TDBK,MORGAN STANLEY INTL,2026-07-01,Repo,B416,2026-10-24,REPO,FIN,CALYPSOIFI,Repo,,2026-06-17
96518691,,2025-03-10,2026-08-03,2026-02-06,TDBK,DEUTSCHE BANK A.G.,2026-07-01,,B515,2026-05-20,REPO,FIN,CALYPSOIFI,Repo,,2026-06-17
98583546,,2026-06-20,2026-06-02,2026-04-06,TDBK,BIMCOR INC,2026-07-01,Repo,B212,2026-08-04,REPO,FIN,CALYPSOIFI,Rev_Repo,,2026-07-01
93169994,,2025-02-16,2026-06-09,2026-10-08,TDBK,CITIBANK NA,2026-07-01,Repo,B930,2026-01-01,REPO,FIN,CALYPSOIFI,Repo,,2026-06-17
98216797,,2025-10-03,2026-06-25,2026-08-11,TDBK,INVESTEC BANK LIMITED,2026-07-01,Repo,B592,2026-07-26,REPO,FIN,CALYPSOIFI,Rev_Repo,,2026-06-24
91368742,,2026-11-10,2026-04-11,2026-02-05,TDBK,MORGAN STANLEY INTL,2026-07-01,Repo,B937,2026-03-14,REPO,,CALYPSOIFI,Rev_Repo,,2026-06-03
92938815,,2026-10-01,2026-12-03,2026-03-24,TDBK,SWISS LIFE AG,2026-07-01,Repo,B872,2026-08-24,REPO,FIN,CALYPSOIFI,Repo,,2026-06-10
90051649,,2025-10-25,2026-09-24,2026-01-17,TDBK,BANCO HABITAT,2026-07-01,Repo,B596,2026-04-16,,FIN,CALYPSOIFI,Rev_Repo,,2026-06-03
93444664,,2026-09-05,2026-10-27,2026-06-09,TDBK,BIMCOR INC,2026-07-01,Repo,B726,2026-12-27,REPO,FIN,CALYPSOIFI,Rev_Repo,,2026-07-01
91704533,,2025-12-17,2026-11-28,2026-12-14,TDBK,BANCO HABITAT,2026-07-01,Repo,B201,2026-11-05,REPO,FIN,CALYPSOIFI,Rev_Repo,,2026-06-17
90337022,,2025-01-14,2026-07-16,2026-10-11,TDBK,BANK OF NOVA SCOTIA,2026-07-01,Repo,B734,2026-09-24,REPO,FIN,CALYPSOIFI,Rev_Repo,,2026-06-10
96475589,,2026-02-16,2026-04-20,2026-10-01,TDBK,BANCO HABITAT,2026-07-01,Repo,B449,2026-08-19,REPO,FIN,CALYPSOIFI,Repo,,2026-06-03
93999445,,2026-09-20,2026-02-15,2026-08-28,TDBK,DEUTSCHE BANK A.G.,2026-07-01,Repo,B654,2026-08-21,REPO,,CALYPSOIFI,Rev_Repo,,2026-06-17
96158458,,2026-06-17,2026-05-05,2026-12-25,TDBK,BIMCOR INC,2026-07-01,Repo,B372,2026-04-23,,FIN,CALYPSOIFI,Repo,,2026-07-01
98086372,,2026-02-15,2026-07-20,2026-12-27,TDBK,BANK OF NOVA SCOTIA,2026-07-01,Repo,B418,2026-07-23,REPO,FIN,CALYPSOIFI,Rev_Repo,,2026-06-24
92596280,,2025-05-10,2026-10-09,2026-09-27,TDBK,MORGAN STANLEY INTL,2026-07-01,Repo,B264,2026-06-09,REPO,FIN,CALYPSOIFI,Rev_Repo,,2026-06-10
93673995,,2026-09-28,2026-06-21,2026-04-03,TDBK,BANK OF NOVA SCOTIA,2026-07-01,Repo,B560,2026-10-12,REPO,FIN,CALYPSOIFI,Rev_Repo,,2026-07-01
90051169,,2025-11-16,2026-05-01,2026-10-14,TDBK,INVESTEC BANK LIMITED,2026-07-01,Repo,B908,2026-07-24,REPO,FIN,CALYPSOIFI,Repo,,2026-07-01
92124264,,2026-12-20,2026-04-16,2026-08-03,TDBK,DEUTSCHE BANK A.G.,2026-07-01,,B533,2026-02-27,REPO,FIN,CALYPSOIFI,Repo,,2026-06-17
96501428,,2025-10-12,2026-10-02,2026-05-27,TDBK,SWISS LIFE AG,2026-07-01,Repo,B745,2026-06-12,REPO,FIN,CALYPSOIFI,Repo,,2026-07-01
93278484,,2026-12-22,2026-06-19,2026-03-18,TDBK,INVESTEC BANK LIMITED,2026-07-01,Repo,B935,2026-07-04,,FIN,CALYPSOIFI,Repo,,2026-06-10
93792528,,2026-11-17,2026-03-23,2026-07-15,TDBK,BIMCOR INC,2026-07-01,Repo,B427,2026-07-15,REPO,FIN,CALYPSOIFI,Rev_Repo,,2026-06-24
97820814,,2025-04-21,2026-04-01,2026-06-24,TDBK,WELLINGTON GLOBAL EQUITY FUND 28R5,2026-07-01,Repo,B937,2026-08-04,REPO,FIN,CALYPSOIFI,Rev_Repo,,2026-07-01
96770222,,2026-01-07,2026-01-26,2026-01-17,TDBK,,2026-07-01,Repo,B485,2026-11-02,REPO,FIN,CALYPSOIFI,Rev_Repo,,2026-06-17
97928060,,2025-09-18,2026-10-21,2026-06-08,TDBK,CENTRAL 1 CREDIT UNION,2026-07-01,Repo,B300,2026-02-20,REPO,FIN,CALYPSOIFI,Repo,,2026-06-24
95127916,,2025-06-09,2026-01-06,2026-09-07,TDBK,CITIBANK NA,2026-07-01,Repo,B607,2026-03-27,REPO,FIN,CALYPSOIFI,Repo,,2026-07-01
90889205,,2026-07-25,2026-11-25,2026-01-26,TDBK,CITIBANK NA,2026-07-01,Repo,B928,2026-05-13,REPO,FIN,CALYPSOIFI,Rev_Repo,,2026-07-01
99490396,,2026-05-13,2026-06-23,2026-07-22,TDBK,BIMCOR INC,2026-07-01,Repo,B678,2026-07-03,REPO,FIN,CALYPSOIFI,Rev_Repo,,2026-06-10
90235518,,2026-11-06,2026-09-03,2026-06-03,TDBK,BANCO HABITAT,2026-07-01,Repo,B173,2026-05-08,REPO,FIN,CALYPSOIFI,Rev_Repo,,2026-06-03
91479504,,2026-03-23,2026-10-03,2026-12-09,TDBK,BIMCOR INC,2026-07-01,,B751,2026-05-04,REPO,FIN,CALYPSOIFI,Rev_Repo,,2026-06-03
98322488,,2026-11-14,2026-11-22,2026-04-16,TDBK,MORGAN STANLEY INTL,2026-07-01,Repo,B643,2026-04-05,REPO,FIN,CALYPSOIFI,Rev_Repo,,2026-06-24
91423891,,2026-07-27,2026-11-06,2026-09-18,TDBK,MORGAN STANLEY INTL,2026-07-01,,B672,2026-03-04,REPO,FIN,CALYPSOIFI,Repo,,2026-06-17
99673042,,2026-05-18,2026-01-01,2026-11-05,TDBK,MORGAN STANLEY INTL,2026-07-01,Repo,B370,2026-08-26,REPO,FIN,CALYPSOIFI,Rev_Repo,,2026-06-10
99942829,,2025-06-03,2026-03-14,2026-03-16,TDBK,SWISS LIFE AG,2026-07-01,Repo,B579,2026-11-14,,FIN,CALYPSOIFI,Repo,,2026-06-24
90365382,,2026-12-28,2026-10-12,2026-04-18,TDBK,WELLINGTON GLOBAL EQUITY FUND 28R5,2026-07-01,Repo,B774,2026-09-18,REPO,FIN,CALYPSOIFI,Repo,,2026-07-01
92725285,,2025-03-12,2026-07-18,2026-01-07,TDBK,BANK OF NOVA SCOTIA,2026-07-01,Repo,B832,2026-01-15,REPO,,CALYPSOIFI,Rev_Repo,,2026-06-24
90057127,,2026-07-14,2026-11-06,2026-07-02,TDBK,SWISS LIFE AG,2026-07-01,Repo,B382,2026-05-11,REPO,FIN,CALYPSOIFI,Repo,,2026-06-24
95442535,,2026-04-14,2026-06-19,2026-08-22,TDBK,BANCO HABITAT,2026-07-01,Repo,B551,2026-04-05,REPO,FIN,CALYPSOIFI,Repo,,2026-07-01
98429140,,2025-11-20,2026-05-22,2026-12-06,TDBK,BANCO HABITAT,2026-07-01,Repo,B623,2026-08-06,REPO,FIN,CALYPSOIFI,Rev_Repo,,2026-07-01
95273669,,2026-07-08,2026-06-24,2026-09-07,TDBK,BANCO HABITAT,2026-07-01,Repo,B712,2026-02-03,REPO,FIN,CALYPSOIFI,Rev_Repo,,2026-06-10
97663047,,2025-11-12,2026-06-08,,TDBK,SWISS LIFE AG,2026-07-01,Repo,B687,2026-09-08,REPO,FIN,CALYPSOIFI,Repo,,2026-06-03
93160240,,2026-07-05,2026-04-28,2026-02-09,TDBK,BANCO HABITAT,2026-07-01,Repo,B658,2026-05-15,REPO,FIN,CALYPSOIFI,Rev_Repo,,2026-06-03
95402480,,2025-11-01,2026-05-22,,TDBK,MORGAN STANLEY INTL,2026-07-01,Repo,B124,2026-06-23,REPO,FIN,CALYPSOIFI,Rev_Repo,,2026-06-03
97425491,,2026-11-01,2026-07-22,2026-10-12,TDBK,CENTRAL 1 CREDIT UNION,2026-07-01,Repo,B420,2026-10-01,REPO,FIN,CALYPSOIFI,Rev_Repo,,2026-06-24
97834649,,2026-06-13,2026-05-22,2026-01-26,TDBK,BANCO HABITAT,2026-07-01,Repo,B115,2026-02-17,,FIN,CALYPSOIFI,Repo,,2026-07-01
94958497,,2026-04-10,2026-06-16,2026-04-17,TDBK,BANCO HABITAT,2026-07-01,Repo,B900,2026-11-17,REPO,,CALYPSOIFI,Rev_Repo,,2026-06-03
91452539,,2025-12-08,2026-10-13,2026-02-08,TDBK,BANK OF NOVA SCOTIA,2026-07-01,,B504,2026-03-09,REPO,FIN,CALYPSOIFI,Rev_Repo,,2026-06-24
92096078,,2026-10-03,2026-12-23,2026-11-07,TDBK,BIMCOR INC,2026-07-01,Repo,B132,2026-03-05,REPO,FIN,CALYPSOIFI,Repo,,2026-07-01
98786793,,2026-05-17,2026-11-23,2026-10-28,TDBK,CENTRAL 1 CREDIT UNION,2026-07-01,Repo,B444,2026-12-02,REPO,FIN,CALYPSOIFI,Rev_Repo,,2026-06-24
94113646,,2025-02-12,2026-03-18,,TDBK,BIMCOR INC,2026-07-01,Repo,B284,2026-06-17,REPO,FIN,CALYPSOIFI,Repo,,2026-07-01
92068231,,2025-09-27,2026-10-11,2026-11-21,TDBK,SWISS LIFE AG,2026-07-01,Repo,B453,2026-05-13,REPO,FIN,CALYPSOIFI,Rev_Repo,,2026-06-24
97078045,,2026-02-04,2026-11-10,2026-08-05,TDBK,INVESTEC BANK LIMITED,2026-07-01,Repo,B598,2026-01-26,REPO,FIN,CALYPSOIFI,Repo,,2026-06-24
94970722,,2026-11-18,2026-12-07,2026-06-21,TDBK,CITIBANK NA,2026-07-01,Repo,B123,2026-05-26,REPO,FIN,CALYPSOIFI,Rev_Repo,,2026-06-17
90802004,,2026-11-25,2026-01-17,,TDBK,BIMCOR INC,2026-07-01,,B995,2026-08-06,REPO,FIN,CALYPSOIFI,Rev_Repo,,2026-06-24
98022627,,2026-10-18,2026-09-01,,TDBK,CENTRAL 1 CREDIT UNION,2026-07-01,Repo,B620,2026-07-25,REPO,FIN,CALYPSOIFI,Rev_Repo,,2026-06-03
99611844,,2025-05-02,2026-02-28,2026-03-19,TDBK,BANK OF NOVA SCOTIA,2026-07-01,Repo,B160,2026-04-26,REPO,FIN,CALYPSOIFI,Repo,,2026-06-17
90453359,,2026-01-01,2026-05-12,,TDBK,BANCO HABITAT,2026-07-01,Repo,B448,2026-07-10,REPO,FIN,CALYPSOIFI,Rev_Repo,,2026-07-01
99624954,,2025-01-02,2026-12-05,2026-04-27,TDBK,DEUTSCHE BANK A.G.,2026-07-01,Repo,B302,2026-04-15,REPO,FIN,CALYPSOIFI,Repo,,2026-06-03
94018574,,2026-06-12,2026-09-28,2026-11-12,TDBK,CENTRAL 1 CREDIT UNION,2026-07-01,Repo,B650,2026-03-05,REPO,FIN,CALYPSOIFI,Rev_Repo,,2026-06-10
98234788,,2025-06-08,2026-06-18,2026-05-25,TDBK,MORGAN STANLEY INTL,2026-07-01,Repo,B593,2026-12-16,,,CALYPSOIFI,Repo,,2026-06-17
95003416,,2025-08-16,2026-08-01,,TDBK,INVESTEC BANK LIMITED,2026-07-01,Repo,B571,2026-07-04,REPO,FIN,CALYPSOIFI,Repo,,2026-07-01
99914970,,2025-05-11,2026-08-24,2026-03-22,TDBK,INVESTEC BANK LIMITED,2026-07-01,Repo,B254,2026-01-05,REPO,FIN,CALYPSOIFI,Repo,,2026-06-24
92709853,,2025-10-11,2026-02-17,2026-11-20,TDBK,DEUTSCHE BANK A.G.,2026-07-01,Repo,B161,2026-03-20,REPO,FIN,CALYPSOIFI,Rev_Repo,,2026-06-03
95811955,,2026-09-15,2026-03-13,2026-11-19,TDBK,SWISS LIFE AG,2026-07-01,Repo,B638,2026-03-03,REPO,FIN,CALYPSOIFI,Repo,,2026-06-24
90542338,,2026-02-15,2026-02-18,,TDBK,,2026-07-01,Repo,B980,2026-11-17,REPO,FIN,CALYPSOIFI,Repo,,2026-06-03
98641329,,2026-09-19,2026-08-15,2026-02-18,TDBK,BIMCOR INC,2026-07-01,Repo,B510,2026-04-23,REPO,,CALYPSOIFI,Rev_Repo,,2026-06-24
95671685,,2025-05-16,2026-10-05,2026-01-21,TDBK,CITIBANK NA,2026-07-01,Repo,B310,2026-03-16,REPO,FIN,CALYPSOIFI,Rev_Repo,,2026-06-24
99960496,,2025-09-13,2026-03-27,2026-12-15,TDBK,SWISS LIFE AG,2026-07-01,Repo,B704,2026-11-02,REPO,FIN,CALYPSOIFI,Repo,,2026-06-03
90348784,,2025-04-16,2026-05-10,2026-10-06,TDBK,CENTRAL 1 CREDIT UNION,2026-07-01,Repo,B808,2026-05-19,REPO,FIN,CALYPSOIFI,Repo,,2026-07-01
90210045,,2025-08-04,2026-09-10,2026-08-22,TDBK,,2026-07-01,Repo,B738,2026-05-18,REPO,,CALYPSOIFI,Rev_Repo,,2026-06-17
95536120,,2026-01-03,2026-01-05,2026-02-21,TDBK,WELLINGTON GLOBAL EQUITY FUND 28R5,2026-07-01,Repo,B490,2026-02-02,REPO,FIN,CALYPSOIFI,Rev_Repo,,2026-06-10
94672614,,2026-02-02,2026-11-06,2026-09-15,TDBK,CENTRAL 1 CREDIT UNION,2026-07-01,Repo,B824,2026-08-24,REPO,FIN,CALYPSOIFI,Rev_Repo,,2026-06-10
98983398,,2026-12-21,2026-01-05,2026-09-16,TDBK,MORGAN STANLEY INTL,2026-07-01,Repo,B492,2026-10-25,REPO,FIN,CALYPSOIFI,Repo,,2026-07-01
92529395,,2026-03-15,2026-12-02,2026-03-23,TDBK,WELLINGTON GLOBAL EQUITY FUND 28R5,2026-07-01,Repo,B227,2026-09-15,REPO,,CALYPSOIFI,Repo,,2026-06-24
99171977,,2026-06-12,2026-08-01,2026-02-15,TDBK,DEUTSCHE BANK A.G.,2026-07-01,Repo,B755,2026-07-21,REPO,FIN,CALYPSOIFI,Repo,,2026-06-17
99382126,,2025-05-05,2026-10-10,2026-04-19,TDBK,INVESTEC BANK LIMITED,2026-07-01,Repo,B715,2026-01-28,REPO,FIN,CALYPSOIFI,Repo,,2026-06-24
92413342,,2026-10-11,2026-12-28,2026-10-09,TDBK,SWISS LIFE AG,2026-07-01,Repo,B308,2026-10-25,REPO,FIN,CALYPSOIFI,Repo,,2026-06-24
92900969,,2026-04-26,2026-09-19,2026-08-01,TDBK,DEUTSCHE BANK A.G.,2026-07-01,Repo,B872,2026-07-11,REPO,FIN,CALYPSOIFI,Repo,,2026-06-03
92815394,,2025-09-08,2026-11-27,2026-04-16,TDBK,,2026-07-01,Repo,B951,2026-01-16,REPO,FIN,CALYPSOIFI,Repo,,2026-06-10
96652290,,2025-06-09,2026-11-14,2026-08-26,TDBK,CITIBANK NA,2026-07-01,Repo,B891,2026-03-18,REPO,FIN,CALYPSOIFI,Rev_Repo,,2026-06-17
96536957,,2026-03-26,2026-08-03,2026-06-10,TDBK,INVESTEC BANK LIMITED,2026-07-01,Repo,B925,2026-02-01,REPO,FIN,CALYPSOIFI,Rev_Repo,,2026-06-10
94230992,,2025-09-26,2026-11-06,2026-02-21,TDBK,SWISS LIFE AG,2026-07-01,Repo,B132,2026-06-20,,FIN,CALYPSOIFI,Rev_Repo,,2026-06-03
94270446,,2026-09-24,2026-05-11,2026-04-23,TDBK,WELLINGTON GLOBAL EQUITY FUND 28R5,2026-07-01,Repo,B936,2026-03-15,REPO,FIN,CALYPSOIFI,Repo,,2026-06-24
94687843,,2025-09-24,2026-05-17,2026-07-20,TDBK,BANCO HABITAT,2026-07-01,Repo,B301,2026-09-04,REPO,FIN,CALYPSOIFI,Repo,,2026-06-10
97520286,,2025-04-28,2026-07-25,2026-03-03,TDBK,MORGAN STANLEY INTL,2026-07-01,Repo,B884,2026-08-09,REPO,FIN,CALYPSOIFI,Rev_Repo,,2026-06-17
90592594,,2026-12-24,2026-03-11,2026-01-25,TDBK,WELLINGTON GLOBAL EQUITY FUND 28R5,2026-07-01,Repo,B175,2026-09-07,REPO,FIN,CALYPSOIFI,Rev_Repo,,2026-06-17
95401369,,2026-07-04,2026-03-16,2026-10-01,TDBK,CENTRAL 1 CREDIT UNION,2026-07-01,Repo,B436,2026-09-19,REPO,,CALYPSOIFI,Repo,,2026-07-01
92675443,,2025-06-14,2026-07-22,2026-09-20,TDBK,BANK OF NOVA SCOTIA,2026-07-01,Repo,B422,2026-07-26,REPO,FIN,CALYPSOIFI,Rev_Repo,,2026-06-24
95703411,,2026-07-23,2026-12-09,2026-07-24,TDBK,WELLINGTON GLOBAL EQUITY FUND 28R5,2026-07-01,Repo,B768,2026-09-25,REPO,FIN,CALYPSOIFI,Repo,,2026-07-01
92212495,,2025-03-20,2026-10-03,,TDBK,CITIBANK NA,2026-07-01,Repo,B738,2026-09-24,REPO,FIN,CALYPSOIFI,Rev_Repo,,2026-06-24
97970130,,2025-04-02,2026-11-05,2026-08-20,TDBK,BANK OF NOVA SCOTIA,2026-07-01,Repo,B370,2026-09-15,REPO,FIN,CALYPSOIFI,Rev_Repo,,2026-07-01
95169803,,2026-01-08,2026-10-16,2026-12-13,TDBK,SWISS LIFE AG,2026-07-01,Repo,B291,2026-08-13,REPO,FIN,CALYPSOIFI,Repo,,2026-06-17
98312719,,2025-03-09,2026-10-05,2026-12-01,TDBK,SWISS LIFE AG,2026-07-01,Repo,B711,2026-04-18,REPO,FIN,CALYPSOIFI,Repo,,2026-06-17
95003602,,2026-11-14,2026-12-19,2026-04-11,TDBK,CENTRAL 1 CREDIT UNION,2026-07-01,Repo,B990,2026-11-26,REPO,FIN,CALYPSOIFI,Rev_Repo,,2026-06-17
96976407,,2025-12-25,2026-12-01,2026-12-19,TDBK,CITIBANK NA,2026-07-01,Repo,B458,2026-11-03,REPO,FIN,CALYPSOIFI,Rev_Repo,,2026-06-03
99076369,,2026-04-24,2026-05-21,2026-02-28,TDBK,BANCO HABITAT,2026-07-01,Repo,B728,2026-02-06,REPO,,CALYPSOIFI,Repo,,2026-06-24
96521893,,2026-10-28,2026-07-19,2026-03-02,TDBK,SWISS LIFE AG,2026-07-01,Repo,B172,2026-02-26,REPO,FIN,CALYPSOIFI,Rev_Repo,,2026-06-24
99959622,,2026-11-05,2026-04-10,2026-07-13,TDBK,WELLINGTON GLOBAL EQUITY FUND 28R5,2026-07-01,Repo,B566,2026-02-20,REPO,FIN,CALYPSOIFI,Rev_Repo,,2026-07-01
99816068,,2025-08-26,2026-06-20,2026-11-24,TDBK,BIMCOR INC,2026-07-01,Repo,B516,2026-09-27,,,CALYPSOIFI,Rev_Repo,,2026-06-03
92338334,,2025-06-24,2026-05-10,2026-02-22,TDBK,DEUTSCHE BANK A.G.,2026-07-01,Repo,B939,2026-01-26,,FIN,CALYPSOIFI,Rev_Repo,,2026-07-01
90231619,,2025-06-28,2026-01-22,2026-02-19,TDBK,MORGAN STANLEY INTL,2026-07-01,Repo,B313,2026-11-11,REPO,FIN,CALYPSOIFI,Rev_Repo,,2026-06-17
97889830,,2026-12-18,2026-09-07,2026-05-26,TDBK,BIMCOR INC,2026-07-01,Repo,B788,2026-03-01,REPO,FIN,CALYPSOIFI,Rev_Repo,,2026-06-17
96513770,,2026-02-14,2026-11-19,2026-02-19,TDBK,BANCO HABITAT,2026-07-01,Repo,B324,2026-07-19,REPO,FIN,CALYPSOIFI,Repo,,2026-06-17
92804298,,2026-04-19,2026-01-15,2026-01-20,TDBK,BANCO HABITAT,2026-07-01,Repo,B298,2026-03-08,REPO,FIN,CALYPSOIFI,Rev_Repo,,2026-06-10
97600319,,2026-10-15,2026-08-14,2026-04-09,TDBK,CENTRAL 1 CREDIT UNION,2026-07-01,Repo,B443,2026-03-13,REPO,FIN,CALYPSOIFI,Repo,,2026-06-17
93475618,,2026-01-19,2026-12-19,2026-01-14,TDBK,BANCO HABITAT,2026-07-01,Repo,B281,2026-06-02,REPO,FIN,CALYPSOIFI,Repo,,2026-06-03
98845906,,2025-05-25,2026-06-18,2026-08-18,TDBK,WELLINGTON GLOBAL EQUITY FUND 28R5,2026-07-01,Repo,B391,2026-01-04,REPO,FIN,CALYPSOIFI,Repo,,2026-06-10
90306935,,2026-10-24,2026-05-19,2026-02-17,TDBK,CENTRAL 1 CREDIT UNION,2026-07-01,Repo,B125,2026-07-12,REPO,FIN,CALYPSOIFI,Rev_Repo,,2026-06-24
96670449,,2026-02-10,2026-05-09,2026-05-24,TDBK,BANK OF NOVA SCOTIA,2026-07-01,Repo,B216,2026-12-28,REPO,FIN,CALYPSOIFI,Rev_Repo,,2026-06-03
95566954,,2026-05-14,2026-10-23,2026-05-26,TDBK,CENTRAL 1 CREDIT UNION,2026-07-01,Repo,B782,2026-03-13,REPO,FIN,CALYPSOIFI,Rev_Repo,,2026-06-10
94934167,,2026-02-22,2026-12-19,2026-07-17,TDBK,DEUTSCHE BANK A.G.,2026-07-01,Repo,B464,2026-11-28,REPO,FIN,CALYPSOIFI,Repo,,2026-06-10
94681456,,2026-04-04,2026-10-12,2026-11-21,TDBK,DEUTSCHE BANK A.G.,2026-07-01,Repo,B197,2026-02-02,REPO,FIN,CALYPSOIFI,Repo,,2026-06-17
99984214,,2025-11-26,2026-11-17,2026-07-12,TDBK,BANK OF NOVA SCOTIA,2026-07-01,Repo,B895,2026-03-01,REPO,FIN,CALYPSOIFI,Rev_Repo,,2026-06-17
96852063,,2025-05-06,2026-03-25,2026-08-04,TDBK,DEUTSCHE BANK A.G.,2026-07-01,Repo,B644,2026-04-26,REPO,FIN,CALYPSOIFI,Repo,,2026-07-01
91341431,,2026-08-27,2026-10-04,2026-12-20,TDBK,CITIBANK NA,2026-07-01,Repo,B598,2026-05-12,REPO,FIN,CALYPSOIFI,Repo,,2026-06-03
96052497,,2026-05-28,2026-09-18,2026-02-21,TDBK,INVESTEC BANK LIMITED,2026-07-01,,B880,2026-02-08,REPO,FIN,CALYPSOIFI,Repo,,2026-06-03
91519643,,2025-09-14,2026-07-25,,TDBK,WELLINGTON GLOBAL EQUITY FUND 28R5,2026-07-01,Repo,B972,2026-01-23,REPO,FIN,CALYPSOIFI,Repo,,2026-07-01
98063109,,2025-01-01,2026-06-21,2026-09-06,TDBK,,2026-07-01,,B199,2026-05-28,REPO,FIN,CALYPSOIFI,Repo,,2026-06-10
98603341,,2026-04-13,2026-11-23,2026-05-25,TDBK,BANCO HABITAT,2026-07-01,Repo,B306,2026-11-07,REPO,FIN,CALYPSOIFI,Repo,,2026-07-01
99645239,,2025-03-05,2026-10-17,2026-07-25,TDBK,WELLINGTON GLOBAL EQUITY FUND 28R5,2026-07-01,Repo,B473,2026-03-13,,FIN,CALYPSOIFI,Repo,,2026-07-01
93658141,,2026-12-28,2026-01-19,2026-04-09,TDBK,DEUTSCHE BANK A.G.,2026-07-01,Repo,B145,2026-02-08,REPO,FIN,CALYPSOIFI,Repo,,2026-06-03
90694874,,2026-01-03,2026-05-17,2026-05-05,TDBK,CENTRAL 1 CREDIT UNION,2026-07-01,Repo,B189,2026-08-12,REPO,FIN,CALYPSOIFI,Rev_Repo,,2026-06-03
93735242,,2025-04-19,2026-11-18,2026-10-21,TDBK,MORGAN STANLEY INTL,2026-07-01,,B289,2026-12-27,REPO,FIN,CALYPSOIFI,Repo,,2026-06-24
90847080,,2025-06-22,2026-06-17,2026-04-26,TDBK,WELLINGTON GLOBAL EQUITY FUND 28R5,2026-07-01,Repo,B562,2026-11-17,REPO,FIN,CALYPSOIFI,Rev_Repo,,2026-06-03
93997847,,2025-02-06,2026-10-06,2026-07-19,TDBK,CITIBANK NA,2026-07-01,,B786,2026-08-27,REPO,FIN,CALYPSOIFI,Repo,,2026-07-01
97561838,,2025-03-14,2026-09-25,2026-05-23,TDBK,,2026-07-01,Repo,B175,2026-12-17,REPO,FIN,CALYPSOIFI,Rev_Repo,,2026-06-10
98699452,,2025-07-17,2026-05-04,2026-08-10,TDBK,,2026-07-01,,B402,2026-10-25,REPO,FIN,CALYPSOIFI,Rev_Repo,,2026-06-10
90278696,,2026-02-18,2026-12-13,2026-11-22,TDBK,DEUTSCHE BANK A.G.,2026-07-01,Repo,B481,2026-03-23,REPO,FIN,CALYPSOIFI,Rev_Repo,,2026-06-03
90336257,,2026-02-08,2026-02-22,2026-09-08,TDBK,MORGAN STANLEY INTL,2026-07-01,Repo,B904,2026-08-28,REPO,,CALYPSOIFI,Rev_Repo,,2026-07-01
97809933,,2025-05-18,2026-05-23,2026-11-06,TDBK,WELLINGTON GLOBAL EQUITY FUND 28R5,2026-07-01,Repo,B171,2026-01-16,REPO,FIN,CALYPSOIFI,Repo,,2026-06-24
97358584,,2025-10-07,2026-09-12,2026-05-26,TDBK,DEUTSCHE BANK A.G.,2026-07-01,Repo,B785,2026-10-19,REPO,FIN,CALYPSOIFI,Repo,,2026-06-24
95353068,,2025-06-05,2026-06-03,2026-06-08,TDBK,WELLINGTON GLOBAL EQUITY FUND 28R5,2026-07-01,Repo,B868,2026-10-13,REPO,FIN,CALYPSOIFI,Rev_Repo,,2026-06-24
97377555,,2025-11-18,2026-03-07,2026-08-05,TDBK,CENTRAL 1 CREDIT UNION,2026-07-01,Repo,B140,2026-01-04,REPO,FIN,CALYPSOIFI,Repo,,2026-06-10
92384893,,2026-09-01,2026-04-27,,TDBK,CENTRAL 1 CREDIT UNION,2026-07-01,Repo,B189,2026-05-09,REPO,FIN,CALYPSOIFI,Repo,,2026-07-01
91059199,,2025-11-23,2026-01-11,,TDBK,BANCO HABITAT,2026-07-01,Repo,B539,2026-11-09,REPO,FIN,CALYPSOIFI,Repo,,2026-06-10
95176160,,2026-09-03,2026-01-18,2026-11-02,TDBK,MORGAN STANLEY INTL,2026-07-01,Repo,B391,2026-07-13,REPO,FIN,CALYPSOIFI,Rev_Repo,,2026-06-10
94711131,,2025-04-16,2026-07-25,2026-11-06,TDBK,DEUTSCHE BANK A.G.,2026-07-01,Repo,B992,2026-02-16,REPO,FIN,CALYPSOIFI,Repo,,2026-06-10
98483789,,2025-01-24,2026-02-10,2026-03-11,TDBK,BANK OF NOVA SCOTIA,2026-07-01,Repo,B549,2026-05-15,REPO,FIN,CALYPSOIFI,Repo,,2026-06-10
94105914,,2025-02-24,2026-08-05,2026-12-20,TDBK,MORGAN STANLEY INTL,2026-07-01,Repo,B829,2026-12-26,REPO,FIN,CALYPSOIFI,Rev_Repo,,2026-06-03
98735951,,2025-05-25,2026-11-15,2026-01-05,TDBK,,2026-07-01,Repo,B329,2026-08-20,REPO,FIN,CALYPSOIFI,Rev_Repo,,2026-06-17
94936561,,2025-09-20,2026-09-22,2026-03-03,TDBK,MORGAN STANLEY INTL,2026-07-01,Repo,B703,2026-02-09,,,CALYPSOIFI,Rev_Repo,,2026-06-24
94459642,,2025-10-28,2026-05-09,2026-05-08,TDBK,SWISS LIFE AG,2026-07-01,Repo,B567,2026-09-25,REPO,FIN,CALYPSOIFI,Rev_Repo,,2026-06-17
90888158,,2026-07-03,2026-06-08,2026-01-22,TDBK,WELLINGTON GLOBAL EQUITY FUND 28R5,2026-07-01,Repo,B609,2026-12-09,REPO,FIN,CALYPSOIFI,Repo,,2026-06-17
95429415,,2025-01-11,2026-08-20,2026-04-11,TDBK,,2026-07-01,Repo,B759,2026-10-01,REPO,FIN,CALYPSOIFI,Rev_Repo,,2026-06-10
95243607,,2025-02-06,2026-05-03,2026-06-14,TDBK,CITIBANK NA,2026-07-01,Repo,B438,2026-01-20,REPO,FIN,CALYPSOIFI,Repo,,2026-06-10
95706210,,2026-04-07,2026-09-13,2026-09-20,TDBK,DEUTSCHE BANK A.G.,2026-07-01,Repo,B815,2026-07-24,REPO,,CALYPSOIFI,Repo,,2026-06-17
97158216,,2025-05-27,2026-03-06,2026-05-11,TDBK,MORGAN STANLEY INTL,2026-07-01,Repo,B409,2026-06-22,REPO,FIN,CALYPSOIFI,Repo,,2026-06-10
90488460,,2025-09-06,2026-03-13,2026-10-24,TDBK,DEUTSCHE BANK A.G.,2026-07-01,Repo,B310,2026-02-01,REPO,FIN,CALYPSOIFI,Repo,,2026-06-17
95947923,,2025-10-16,2026-07-05,2026-02-18,TDBK,CITIBANK NA,2026-07-01,Repo,B291,2026-05-21,REPO,FIN,CALYPSOIFI,Rev_Repo,,2026-06-03
99488461,,2025-12-07,2026-08-16,2026-07-26,TDBK,CITIBANK NA,2026-07-01,Repo,B221,2026-08-12,REPO,FIN,CALYPSOIFI,Repo,,2026-06-10
91815721,,2026-03-04,2026-11-22,2026-08-15,TDBK,WELLINGTON GLOBAL EQUITY FUND 28R5,2026-07-01,Repo,B127,2026-08-09,REPO,FIN,CALYPSOIFI,Repo,,2026-07-01
90053656,,2025-12-05,2026-12-25,2026-01-12,TDBK,,2026-07-01,Repo,B684,2026-01-14,REPO,FIN,CALYPSOIFI,Rev_Repo,,2026-06-03
97442024,,2026-10-22,2026-06-24,2026-09-19,TDBK,BANCO HABITAT,2026-07-01,Repo,B597,2026-01-26,REPO,FIN,CALYPSOIFI,Rev_Repo,,2026-06-17
97183955,,2026-05-28,2026-04-25,2026-08-27,TDBK,DEUTSCHE BANK A.G.,2026-07-01,Repo,B977,2026-01-26,REPO,FIN,CALYPSOIFI,Repo,,2026-06-10
97882748,,2025-08-14,2026-05-12,2026-03-07,TDBK,CENTRAL 1 CREDIT UNION,2026-07-01,Repo,B332,2026-05-04,REPO,FIN,CALYPSOIFI,Rev_Repo,,2026-07-01
98537638,,2025-08-22,2026-10-04,2026-07-04,TDBK,CENTRAL 1 CREDIT UNION,2026-07-01,Repo,B211,2026-09-08,,,CALYPSOIFI,Repo,,2026-06-10
96778882,,2025-05-22,2026-02-11,2026-06-14,TDBK,BIMCOR INC,2026-07-01,Repo,B941,2026-09-11,REPO,FIN,CALYPSOIFI,Repo,,2026-06-03
93747029,,2026-01-06,2026-12-19,2026-04-11,TDBK,CENTRAL 1 CREDIT UNION,2026-07-01,Repo,B650,2026-09-04,,FIN,CALYPSOIFI,Rev_Repo,,2026-07-01
96340664,,2026-12-19,2026-04-10,2026-11-12,TDBK,,2026-07-01,,B444,2026-11-03,,FIN,CALYPSOIFI,Repo,,2026-06-10
94062969,,2025-08-02,2026-05-22,2026-10-27,TDBK,INVESTEC BANK LIMITED,2026-07-01,Repo,B685,2026-12-26,,FIN,CALYPSOIFI,Rev_Repo,,2026-06-24
94227754,,2025-12-26,2026-11-20,2026-10-18,TDBK,DEUTSCHE BANK A.G.,2026-07-01,Repo,B542,2026-10-26,,FIN,CALYPSOIFI,Rev_Repo,,2026-06-10
96021018,,2026-09-01,2026-02-18,,TDBK,BIMCOR INC,2026-07-01,Repo,B778,2026-12-03,REPO,FIN,CALYPSOIFI,Repo,,2026-06-24
99441512,,2026-03-09,2026-03-11,2026-06-23,TDBK,DEUTSCHE BANK A.G.,2026-07-01,Repo,B795,2026-11-04,REPO,,CALYPSOIFI,Rev_Repo,,2026-06-10
95772180,,2026-06-16,2026-05-28,2026-03-28,TDBK,,2026-07-01,Repo,B223,2026-09-17,REPO,FIN,CALYPSOIFI,Repo,,2026-06-03
93093981,,2025-01-14,2026-07-11,2026-09-12,TDBK,INVESTEC BANK LIMITED,2026-07-01,Repo,B459,2026-04-16,REPO,FIN,CALYPSOIFI,Repo,,2026-06-10
96675092,,2025-08-13,2026-10-24,2026-09-09,TDBK,CENTRAL 1 CREDIT UNION,2026-07-01,,B107,2026-04-15,REPO,FIN,CALYPSOIFI,Rev_Repo,,2026-06-24
93837739,,2026-07-13,2026-10-20,2026-09-20,TDBK,DEUTSCHE BANK A.G.,2026-07-01,Repo,B954,2026-05-17,REPO,FIN,CALYPSOIFI,Repo,,2026-06-17
97137615,,2025-04-14,2026-09-26,2026-06-09,TDBK,CENTRAL 1 CREDIT UNION,2026-07-01,Repo,B595,2026-09-11,REPO,FIN,CALYPSOIFI,Repo,,2026-06-17
99161843,,2025-04-15,2026-03-15,2026-07-27,TDBK,MORGAN STANLEY INTL,2026-07-01,Repo,B662,2026-11-28,REPO,FIN,CALYPSOIFI,Rev_Repo,,2026-07-01
94765608,,2025-03-22,2026-01-20,2026-04-25,TDBK,DEUTSCHE BANK A.G.,2026-07-01,,B731,2026-10-22,REPO,FIN,CALYPSOIFI,Rev_Repo,,2026-06-10
94717728,,2026-01-17,2026-04-10,2026-05-03,TDBK,MORGAN STANLEY INTL,2026-07-01,Repo,B784,2026-05-08,REPO,FIN,CALYPSOIFI,Repo,,2026-06-24
92447810,,2026-11-05,2026-02-13,2026-02-12,TDBK,DEUTSCHE BANK A.G.,2026-07-01,Repo,B642,2026-02-04,REPO,FIN,CALYPSOIFI,Rev_Repo,,2026-06-10
94699128,,2025-06-05,2026-11-11,,TDBK,CITIBANK NA,2026-07-01,Repo,B284,2026-09-13,,FIN,CALYPSOIFI,Rev_Repo,,2026-06-03
91389028,,2026-08-21,2026-08-14,2026-10-24,TDBK,BIMCOR INC,2026-07-01,Repo,B250,2026-11-25,REPO,FIN,CALYPSOIFI,Rev_Repo,,2026-06-10
96175505,,2025-09-05,2026-05-11,2026-12-06,TDBK,CENTRAL 1 CREDIT UNION,2026-07-01,Repo,B127,2026-12-04,REPO,FIN,CALYPSOIFI,Rev_Repo,,2026-06-24
97540160,,2026-08-04,2026-11-15,2026-12-24,TDBK,WELLINGTON GLOBAL EQUITY FUND 28R5,2026-07-01,Repo,B408,2026-02-15,,FIN,CALYPSOIFI,Repo,,2026-06-17
99204865,,2025-06-15,2026-07-05,2026-12-21,TDBK,BANCO HABITAT,2026-07-01,Repo,B348,2026-09-22,,FIN,CALYPSOIFI,Rev_Repo,,2026-07-01
92242835,,2025-03-18,2026-07-18,2026-01-19,TDBK,,2026-07-01,Repo,B775,2026-11-21,REPO,FIN,CALYPSOIFI,Repo,,2026-06-17
99993458,,2025-12-08,2026-03-09,2026-07-11,TDBK,BANCO HABITAT,2026-07-01,Repo,B767,2026-05-22,REPO,FIN,CALYPSOIFI,Rev_Repo,,2026-06-03
96103403,,2025-04-12,2026-09-06,2026-03-01,TDBK,CENTRAL 1 CREDIT UNION,2026-07-01,Repo,B267,2026-04-17,REPO,FIN,CALYPSOIFI,Rev_Repo,,2026-06-24
90053088,,2025-02-26,2026-10-17,2026-02-12,TDBK,BANCO HABITAT,2026-07-01,Repo,B158,2026-07-08,REPO,,CALYPSOIFI,Repo,,2026-06-24
95330775,,2026-05-03,2026-03-14,2026-07-21,TDBK,BIMCOR INC,2026-07-01,Repo,B156,2026-06-07,REPO,FIN,CALYPSOIFI,Repo,,2026-06-03
95975351,,2025-09-13,2026-01-25,2026-03-10,TDBK,BIMCOR INC,2026-07-01,,B205,2026-10-26,REPO,FIN,CALYPSOIFI,Repo,,2026-06-10
92275791,,2026-01-23,2026-08-03,2026-05-23,TDBK,BIMCOR INC,2026-07-01,Repo,B549,2026-01-10,REPO,FIN,CALYPSOIFI,Repo,,2026-06-24
94793562,,2026-05-28,2026-04-04,2026-05-23,TDBK,BANK OF NOVA SCOTIA,2026-07-01,Repo,B756,2026-12-04,REPO,FIN,CALYPSOIFI,Rev_Repo,,2026-06-10
90163439,,2026-08-20,2026-03-03,2026-06-12,TDBK,CITIBANK NA,2026-07-01,Repo,B556,2026-10-27,REPO,FIN,CALYPSOIFI,Repo,,2026-06-24
95666930,,2025-03-01,2026-05-16,2026-02-03,TDBK,CENTRAL 1 CREDIT UNION,2026-07-01,Repo,B177,2026-10-16,,FIN,CALYPSOIFI,Rev_Repo,,2026-06-17
92984970,,2025-03-17,2026-05-09,2026-08-05,TDBK,WELLINGTON GLOBAL EQUITY FUND 28R5,2026-07-01,Repo,B417,2026-10-16,,FIN,CALYPSOIFI,Repo,,2026-06-10
92403085,,2025-08-17,2026-05-08,2026-10-16,TDBK,DEUTSCHE BANK A.G.,2026-07-01,Repo,B633,2026-12-21,REPO,FIN,CALYPSOIFI,Repo,,2026-06-03
98314410,,2025-12-23,2026-02-11,2026-03-14,TDBK,MORGAN STANLEY INTL,2026-07-01,Repo,B137,2026-05-28,REPO,FIN,CALYPSOIFI,Rev_Repo,,2026-06-10
96855094,,2025-06-06,2026-09-14,,TDBK,INVESTEC BANK LIMITED,2026-07-01,Repo,B881,2026-10-08,REPO,FIN,CALYPSOIFI,Rev_Repo,,2026-06-24
94096143,,2025-07-26,2026-06-04,2026-09-11,TDBK,MORGAN STANLEY INTL,2026-07-01,Repo,B775,2026-06-11,REPO,FIN,CALYPSOIFI,Repo,,2026-06-24
90545473,,2026-02-26,2026-05-17,2026-06-09,TDBK,CITIBANK NA,2026-07-01,Repo,B230,2026-07-10,,,CALYPSOIFI,Repo,,2026-07-01
98287644,,2025-05-09,2026-10-05,2026-03-25,TDBK,WELLINGTON GLOBAL EQUITY FUND 28R5,2026-07-01,Repo,B670,2026-03-08,REPO,FIN,CALYPSOIFI,Repo,,2026-06-10
95986056,,2025-10-01,2026-09-04,,TDBK,MORGAN STANLEY INTL,2026-07-01,Repo,B339,2026-05-02,REPO,FIN,CALYPSOIFI,Rev_Repo,,2026-07-01
96663078,,2026-12-28,2026-04-18,2026-03-13,TDBK,,2026-07-01,Repo,B944,2026-04-05,REPO,FIN,CALYPSOIFI,Rev_Repo,,2026-06-17
93895529,,2025-04-19,2026-01-19,2026-11-19,TDBK,BANCO HABITAT,2026-07-01,Repo,B996,2026-06-12,REPO,FIN,CALYPSOIFI,Repo,,2026-07-01
98007428,,2026-10-07,2026-06-27,2026-07-23,TDBK,CENTRAL 1 CREDIT UNION,2026-07-01,Repo,B148,2026-08-05,REPO,FIN,CALYPSOIFI,Rev_Repo,,2026-07-01
97436187,,2026-09-01,2026-12-11,2026-09-27,TDBK,WELLINGTON GLOBAL EQUITY FUND 28R5,2026-07-01,Repo,B547,2026-08-28,REPO,FIN,CALYPSOIFI,Repo,,2026-06-24
99372369,,2026-04-07,2026-11-19,2026-02-02,TDBK,BANK OF NOVA SCOTIA,2026-07-01,Repo,B292,2026-08-04,REPO,FIN,CALYPSOIFI,Repo,,2026-06-24
92015922,,2025-11-03,2026-01-11,2026-09-22,TDBK,SWISS LIFE AG,2026-07-01,Repo,B895,2026-05-03,REPO,FIN,CALYPSOIFI,Rev_Repo,,2026-06-24
93664341,,2025-12-06,2026-12-15,2026-11-05,TDBK,INVESTEC BANK LIMITED,2026-07-01,Repo,B405,2026-10-14,REPO,,CALYPSOIFI,Rev_Repo,,2026-06-17
97677449,,2026-12-19,2026-05-24,2026-12-23,TDBK,INVESTEC BANK LIMITED,2026-07-01,Repo,B613,2026-04-17,REPO,FIN,CALYPSOIFI,Repo,,2026-06-17
90833866,,2026-06-18,2026-08-20,2026-04-13,TDBK,,2026-07-01,Repo,B870,2026-03-25,REPO,FIN,CALYPSOIFI,Repo,,2026-07-01
92356481,,2025-04-17,2026-11-21,2026-02-26,TDBK,,2026-07-01,Repo,B541,2026-06-07,REPO,FIN,CALYPSOIFI,Repo,,2026-06-17
97644464,,2025-05-28,2026-09-19,2026-08-09,TDBK,SWISS LIFE AG,2026-07-01,Repo,B204,2026-05-14,REPO,FIN,CALYPSOIFI,Repo,,2026-06-10
94331331,,2025-12-05,2026-11-28,2026-10-20,TDBK,WELLINGTON GLOBAL EQUITY FUND 28R5,2026-07-01,Repo,B667,2026-02-20,REPO,,CALYPSOIFI,Repo,,2026-06-03
91645514,,2025-12-15,2026-02-02,2026-01-03,TDBK,SWISS LIFE AG,2026-07-01,,B683,2026-11-02,REPO,FIN,CALYPSOIFI,Repo,,2026-06-17
97228364,,2026-02-17,2026-10-09,2026-05-27,TDBK,,2026-07-01,Repo,B551,2026-04-12,REPO,FIN,CALYPSOIFI,Repo,,2026-06-10
90371807,,2025-07-17,2026-09-15,2026-06-12,TDBK,SWISS LIFE AG,2026-07-01,Repo,B901,2026-12-14,REPO,FIN,CALYPSOIFI,Repo,,2026-07-01
96660024,,2025-06-17,2026-12-17,2026-09-15,TDBK,WELLINGTON GLOBAL EQUITY FUND 28R5,2026-07-01,Repo,B918,2026-02-05,REPO,FIN,CALYPSOIFI,Rev_Repo,,2026-06-24
98821935,,2026-03-01,2026-02-28,2026-12-15,TDBK,,2026-07-01,Repo,B561,2026-04-13,REPO,FIN,CALYPSOIFI,Rev_Repo,,2026-07-01
95658168,,2026-10-12,2026-06-21,2026-02-08,TDBK,BANK OF NOVA SCOTIA,2026-07-01,Repo,B229,2026-10-19,,FIN,CALYPSOIFI,Repo,,2026-07-01
93519133,,2025-03-21,2026-10-04,2026-08-14,TDBK,BIMCOR INC,2026-07-01,Repo,B223,2026-07-17,REPO,,CALYPSOIFI,Repo,,2026-06-03
92304340,,2026-01-26,2026-03-21,2026-01-17,TDBK,BANCO HABITAT,2026-07-01,Repo,B267,2026-10-28,REPO,FIN,CALYPSOIFI,Rev_Repo,,2026-06-03
91140074,,2025-09-05,2026-08-02,,TDBK,WELLINGTON GLOBAL EQUITY FUND 28R5,2026-07-01,,B636,2026-11-21,REPO,,CALYPSOIFI,Repo,,2026-06-24
96838966,,2026-01-16,2026-03-16,2026-12-06,TDBK,DEUTSCHE BANK A.G.,2026-07-01,Repo,B359,2026-07-03,REPO,FIN,CALYPSOIFI,Rev_Repo,,2026-06-10
94746298,,2026-12-04,2026-02-17,2026-09-02,TDBK,BANCO HABITAT,2026-07-01,Repo,B531,2026-04-08,REPO,FIN,CALYPSOIFI,Repo,,2026-06-24
95734167,,2026-08-14,2026-03-28,2026-09-05,TDBK,CITIBANK NA,2026-07-01,Repo,B709,2026-05-12,REPO,FIN,CALYPSOIFI,Repo,,2026-06-03
90988674,,2025-01-12,2026-07-12,2026-03-03,TDBK,MORGAN STANLEY INTL,2026-07-01,Repo,B880,2026-09-04,REPO,FIN,CALYPSOIFI,Rev_Repo,,2026-07-01
93205095,,2026-11-05,2026-08-14,2026-05-17,TDBK,BIMCOR INC,2026-07-01,,B341,2026-02-08,REPO,FIN,CALYPSOIFI,Repo,,2026-07-01
94019190,,2026-07-16,2026-04-16,2026-10-08,TDBK,,2026-07-01,Repo,B646,2026-10-13,REPO,FIN,CALYPSOIFI,Repo,,2026-07-01
90031240,,2025-03-01,2026-08-09,2026-08-05,TDBK,BIMCOR INC,2026-07-01,Repo,B959,2026-07-27,REPO,FIN,CALYPSOIFI,Rev_Repo,,2026-06-17
95303214,,2025-09-24,2026-01-10,2026-08-22,TDBK,INVESTEC BANK LIMITED,2026-07-01,Repo,B493,2026-04-12,REPO,FIN,CALYPSOIFI,Rev_Repo,,2026-06-24
90952463,,2025-01-05,2026-02-02,2026-10-28,TDBK,CITIBANK NA,2026-07-01,Repo,B861,2026-08-14,REPO,FIN,CALYPSOIFI,Repo,,2026-06-24
90000470,,2026-07-09,2026-11-07,2026-07-07,TDBK,SWISS LIFE AG,2026-07-01,Repo,B882,2026-12-24,REPO,FIN,CALYPSOIFI,Repo,,2026-07-01
97483034,,2026-01-05,2026-06-26,2026-07-01,TDBK,BIMCOR INC,2026-07-01,Repo,B190,2026-12-01,REPO,FIN,CALYPSOIFI,Repo,,2026-06-24
94737839,,2026-02-25,2026-05-21,2026-03-05,TDBK,,2026-07-01,Repo,B382,2026-05-21,,FIN,CALYPSOIFI,Rev_Repo,,2026-06-24
96490247,,2026-12-25,2026-04-14,2026-09-25,TDBK,DEUTSCHE BANK A.G.,2026-07-01,Repo,B619,2026-12-18,REPO,FIN,CALYPSOIFI,Repo,,2026-06-24
98363663,,2026-07-28,2026-01-09,2026-11-04,TDBK,MORGAN STANLEY INTL,2026-07-01,Repo,B848,2026-04-21,REPO,FIN,CALYPSOIFI,Rev_Repo,,2026-07-01
91632911,,2025-01-12,2026-10-12,2026-09-04,TDBK,DEUTSCHE BANK A.G.,2026-07-01,Repo,B479,2026-08-20,,FIN,CALYPSOIFI,Rev_Repo,,2026-06-24
96873168,,2025-11-22,2026-07-16,2026-08-02,TDBK,BANCO HABITAT,2026-07-01,Repo,B491,2026-07-22,REPO,FIN,CALYPSOIFI,Rev_Repo,,2026-06-24
99050348,,2025-04-27,2026-03-19,2026-04-23,TDBK,CENTRAL 1 CREDIT UNION,2026-07-01,Repo,B796,2026-08-11,REPO,FIN,CALYPSOIFI,Rev_Repo,,2026-07-01
94233115,,2025-02-01,2026-03-23,2026-09-06,TDBK,DEUTSCHE BANK A.G.,2026-07-01,Repo,B554,2026-07-27,REPO,FIN,CALYPSOIFI,Repo,,2026-06-10
97439095,,2026-12-06,2026-11-12,2026-01-25,TDBK,DEUTSCHE BANK A.G.,2026-07-01,Repo,B105,2026-08-17,REPO,,CALYPSOIFI,Rev_Repo,,2026-06-10
99907060,,2025-10-25,2026-03-21,2026-01-21,TDBK,,2026-07-01,Repo,B306,2026-05-06,REPO,FIN,CALYPSOIFI,Repo,,2026-06-10
94786451,,2026-04-17,2026-03-18,,TDBK,MORGAN STANLEY INTL,2026-07-01,Repo,B156,2026-11-11,REPO,FIN,CALYPSOIFI,Rev_Repo,,2026-06-24
92363007,,2025-08-08,2026-07-14,2026-06-06,TDBK,DEUTSCHE BANK A.G.,2026-07-01,Repo,B437,2026-10-11,REPO,FIN,CALYPSOIFI,Repo,,2026-07-01
96312949,,2025-04-23,2026-02-18,2026-05-02,TDBK,INVESTEC BANK LIMITED,2026-07-01,Repo,B112,2026-09-12,REPO,FIN,CALYPSOIFI,Rev_Repo,,2026-06-17
99169483,,2026-02-24,2026-01-20,2026-04-21,TDBK,SWISS LIFE AG,2026-07-01,Repo,B480,2026-10-03,REPO,FIN,CALYPSOIFI,Repo,,2026-06-10
95770329,,2026-02-12,2026-05-24,2026-09-14,TDBK,,2026-07-01,Repo,B989,2026-04-18,REPO,FIN,CALYPSOIFI,Repo,,2026-06-10
99779591,,2025-05-06,2026-12-05,2026-10-05,TDBK,BANCO HABITAT,2026-07-01,Repo,B788,2026-09-06,,FIN,CALYPSOIFI,Repo,,2026-06-03
98098420,,2025-06-17,2026-05-04,2026-02-01,TDBK,DEUTSCHE BANK A.G.,2026-07-01,Repo,B377,2026-04-24,REPO,FIN,CALYPSOIFI,Rev_Repo,,2026-06-17
91565666,,2026-12-19,2026-03-23,2026-05-07,TDBK,SWISS LIFE AG,2026-07-01,Repo,B158,2026-10-09,REPO,FIN,CALYPSOIFI,Rev_Repo,,2026-06-24
99963483,,2025-12-07,2026-03-10,2026-10-10,TDBK,MORGAN STANLEY INTL,2026-07-01,Repo,B459,2026-04-07,REPO,FIN,CALYPSOIFI,Repo,,2026-06-10
95345791,,2025-08-08,2026-01-13,2026-12-05,TDBK,MORGAN STANLEY INTL,2026-07-01,Repo,B405,2026-01-16,REPO,FIN,CALYPSOIFI,Rev_Repo,,2026-06-10
96144403,,2026-11-17,2026-11-28,2026-08-08,TDBK,DEUTSCHE BANK A.G.,2026-07-01,Repo,B408,2026-09-18,REPO,FIN,CALYPSOIFI,Rev_Repo,,2026-06-03
97054179,,2026-07-25,2026-04-28,2026-04-17,TDBK,BIMCOR INC,2026-07-01,Repo,B958,2026-06-28,REPO,FIN,CALYPSOIFI,Rev_Repo,,2026-06-17
96268012,,2026-11-03,2026-04-17,2026-03-16,TDBK,SWISS LIFE AG,2026-07-01,Repo,B980,2026-10-07,REPO,FIN,CALYPSOIFI,Rev_Repo,,2026-06-24
95985094,,2026-12-05,2026-05-27,2026-03-21,TDBK,CITIBANK NA,2026-07-01,Repo,B338,2026-08-04,REPO,,CALYPSOIFI,Rev_Repo,,2026-06-24
94653131,,2026-06-10,2026-07-20,2026-03-27,TDBK,SWISS LIFE AG,2026-07-01,Repo,B946,2026-02-25,REPO,FIN,CALYPSOIFI,Repo,,2026-06-17
98419975,,2025-04-24,2026-03-05,2026-04-20,TDBK,BANCO HABITAT,2026-07-01,Repo,B169,2026-07-20,REPO,FIN,CALYPSOIFI,Repo,,2026-06-17
91086737,,2025-08-25,2026-02-11,2026-06-03,TDBK,CENTRAL 1 CREDIT UNION,2026-07-01,Repo,B346,2026-09-13,REPO,FIN,CALYPSOIFI,Repo,,2026-06-24
91532942,,2026-09-04,2026-11-23,2026-07-28,TDBK,INVESTEC BANK LIMITED,2026-07-01,Repo,B611,2026-01-20,REPO,FIN,CALYPSOIFI,Repo,,2026-06-24
97359844,,2026-01-04,2026-04-18,2026-07-26,TDBK,SWISS LIFE AG,2026-07-01,Repo,B146,2026-11-15,REPO,FIN,CALYPSOIFI,Repo,,2026-06-03
99089409,,2025-06-03,2026-07-25,2026-09-01,TDBK,BANK OF NOVA SCOTIA,2026-07-01,Repo,B479,2026-06-22,REPO,FIN,CALYPSOIFI,Repo,,2026-06-10
91509329,,2025-11-01,2026-06-15,2026-12-15,TDBK,,2026-07-01,Repo,B325,2026-04-23,REPO,FIN,CALYPSOIFI,Rev_Repo,,2026-06-24
90200581,,2026-02-25,2026-06-17,2026-08-23,TDBK,CENTRAL 1 CREDIT UNION,2026-07-01,Repo,B428,2026-10-03,REPO,FIN,CALYPSOIFI,Repo,,2026-06-03
98392001,,2025-02-03,2026-08-20,2026-10-03,TDBK,MORGAN STANLEY INTL,2026-07-01,Repo,B301,2026-01-19,REPO,FIN,CALYPSOIFI,Rev_Repo,,2026-07-01
91164201,,2026-12-20,2026-06-11,,TDBK,MORGAN STANLEY INTL,2026-07-01,Repo,B277,2026-05-17,REPO,FIN,CALYPSOIFI,Repo,,2026-07-01
95962040,,2025-08-18,2026-06-08,2026-06-28,TDBK,CENTRAL 1 CREDIT UNION,2026-07-01,Repo,B314,2026-09-17,REPO,FIN,CALYPSOIFI,Rev_Repo,,2026-06-17
98822574,,2025-12-21,2026-04-07,,TDBK,BANK OF NOVA SCOTIA,2026-07-01,Repo,B163,2026-06-06,REPO,FIN,CALYPSOIFI,Repo,,2026-06-17
99050019,,2026-07-27,2026-12-28,2026-08-01,TDBK,SWISS LIFE AG,2026-07-01,,B984,2026-07-11,REPO,FIN,CALYPSOIFI,Repo,,2026-06-10
99826294,,2026-06-07,2026-10-21,2026-09-25,TDBK,INVESTEC BANK LIMITED,2026-07-01,Repo,B235,2026-10-25,REPO,FIN,CALYPSOIFI,Repo,,2026-07-01
90088185,,2025-11-17,2026-02-17,2026-11-07,TDBK,BANK OF NOVA SCOTIA,2026-07-01,Repo,B332,2026-04-13,REPO,FIN,CALYPSOIFI,Rev_Repo,,2026-06-24
97175132,,2025-02-26,2026-05-05,2026-07-26,TDBK,DEUTSCHE BANK A.G.,2026-07-01,Repo,B669,2026-02-11,REPO,FIN,CALYPSOIFI,Repo,,2026-06-03
93909312,,2025-01-28,2026-03-08,2026-03-24,TDBK,WELLINGTON GLOBAL EQUITY FUND 28R5,2026-07-01,Repo,B162,2026-10-19,REPO,FIN,CALYPSOIFI,Rev_Repo,,2026-07-01
97304291,,2025-10-17,2026-12-28,2026-01-28,TDBK,BIMCOR INC,2026-07-01,Repo,B945,2026-12-21,REPO,,CALYPSOIFI,Repo,,2026-06-24
95383294,,2026-02-01,2026-09-18,2026-10-26,TDBK,BIMCOR INC,2026-07-01,Repo,B265,2026-08-19,REPO,FIN,CALYPSOIFI,Repo,,2026-06-17
99497783,,2025-02-08,2026-05-14,2026-12-10,TDBK,BANK OF NOVA SCOTIA,2026-07-01,Repo,B261,2026-02-11,REPO,FIN,CALYPSOIFI,Repo,,2026-07-01
90778424,,2026-02-13,2026-04-10,2026-12-01,TDBK,INVESTEC BANK LIMITED,2026-07-01,Repo,B821,2026-04-22,REPO,FIN,CALYPSOIFI,Rev_Repo,,2026-07-01
96085361,,2025-01-24,2026-11-14,2026-11-03,TDBK,CENTRAL 1 CREDIT UNION,2026-07-01,Repo,B239,2026-06-01,REPO,FIN,CALYPSOIFI,Repo,,2026-06-17
94610725,,2026-09-18,2026-09-18,,TDBK,CENTRAL 1 CREDIT UNION,2026-07-01,Repo,B491,2026-02-19,REPO,FIN,CALYPSOIFI,Repo,,2026-06-24
90654749,,2026-02-13,2026-02-16,2026-05-21,TDBK,CENTRAL 1 CREDIT UNION,2026-07-01,Repo,B718,2026-03-23,REPO,FIN,CALYPSOIFI,Repo,,2026-06-17
93050242,,2026-04-04,2026-02-04,2026-10-25,TDBK,SWISS LIFE AG,2026-07-01,Repo,B933,2026-11-28,REPO,FIN,CALYPSOIFI,Repo,,2026-07-01
90476367,,2026-09-20,2026-01-26,,TDBK,INVESTEC BANK LIMITED,2026-07-01,Repo,B654,2026-08-26,REPO,FIN,CALYPSOIFI,Rev_Repo,,2026-06-17
93274173,,2025-11-07,2026-02-27,2026-05-10,TDBK,CENTRAL 1 CREDIT UNION,2026-07-01,Repo,B850,2026-12-18,REPO,FIN,CALYPSOIFI,Rev_Repo,,2026-06-03
99921772,,2026-08-24,2026-06-15,2026-02-16,TDBK,MORGAN STANLEY INTL,2026-07-01,Repo,B337,2026-01-21,REPO,FIN,CALYPSOIFI,Repo,,2026-06-17
91530018,,2025-06-22,2026-02-12,2026-02-04,TDBK,DEUTSCHE BANK A.G.,2026-07-01,Repo,B833,2026-05-22,REPO,FIN,CALYPSOIFI,Repo,,2026-06-03
94728333,,2025-09-14,2026-02-14,2026-05-21,TDBK,CENTRAL 1 CREDIT UNION,2026-07-01,Repo,B459,2026-05-15,REPO,FIN,CALYPSOIFI,Rev_Repo,,2026-06-24
91988797,,2026-05-21,2026-09-05,,TDBK,INVESTEC BANK LIMITED,2026-07-01,Repo,B474,2026-04-03,REPO,FIN,CALYPSOIFI,Rev_Repo,,2026-07-01
93220645,,2025-03-14,2026-05-08,2026-01-09,TDBK,,2026-07-01,Repo,B450,2026-02-19,,FIN,CALYPSOIFI,Repo,,2026-06-03
99644491,,2026-12-19,2026-02-04,2026-08-03,TDBK,CENTRAL 1 CREDIT UNION,2026-07-01,Repo,B225,2026-06-07,REPO,FIN,CALYPSOIFI,Rev_Repo,,2026-06-17
91802021,,2025-02-07,2026-02-05,2026-08-01,TDBK,CENTRAL 1 CREDIT UNION,2026-07-01,Repo,B428,2026-11-28,REPO,FIN,CALYPSOIFI,Rev_Repo,,2026-06-10
96258990,,2025-02-13,2026-06-12,2026-01-25,TDBK,CITIBANK NA,2026-07-01,,B144,2026-01-22,REPO,FIN,CALYPSOIFI,Repo,,2026-06-03
90930988,,2026-07-25,2026-06-25,2026-06-21,TDBK,SWISS LIFE AG,2026-07-01,,B626,2026-06-06,REPO,FIN,CALYPSOIFI,Repo,,2026-06-10
95784750,,2026-06-25,2026-09-22,2026-07-03,TDBK,CENTRAL 1 CREDIT UNION,2026-07-01,Repo,B103,2026-08-20,,FIN,CALYPSOIFI,Repo,,2026-07-01
94788327,,2026-02-03,2026-09-20,2026-01-04,TDBK,WELLINGTON GLOBAL EQUITY FUND 28R5,2026-07-01,Repo,B456,2026-10-16,REPO,FIN,CALYPSOIFI,Repo,,2026-06-17
93377791,,2026-09-07,2026-05-04,2026-10-25,TDBK,BANK OF NOVA SCOTIA,2026-07-01,Repo,B969,2026-12-12,REPO,FIN,CALYPSOIFI,Rev_Repo,,2026-06-17
90737000,,2025-05-19,2026-02-19,2026-02-11,TDBK,WELLINGTON GLOBAL EQUITY FUND 28R5,2026-07-01,Repo,B322,2026-11-06,REPO,FIN,CALYPSOIFI,Rev_Repo,,2026-06-17
90907097,,2025-09-28,2026-07-03,2026-03-10,TDBK,INVESTEC BANK LIMITED,2026-07-01,Repo,B115,2026-08-07,REPO,FIN,CALYPSOIFI,Repo,,2026-06-24
99695989,,2025-02-15,2026-12-20,2026-08-09,TDBK,BANK OF NOVA SCOTIA,2026-07-01,Repo,B721,2026-02-26,REPO,,CALYPSOIFI,Repo,,2026-06-03
99397457,,2026-11-22,2026-04-07,,TDBK,BIMCOR INC,2026-07-01,Repo,B941,2026-05-03,REPO,FIN,CALYPSOIFI,Rev_Repo,,2026-06-03
99211136,,2026-09-10,2026-12-09,2026-11-02,TDBK,WELLINGTON GLOBAL EQUITY FUND 28R5,2026-07-01,Repo,B744,2026-11-10,REPO,FIN,CALYPSOIFI,Rev_Repo,,2026-06-03
94250335,,2026-03-06,2026-05-16,2026-01-26,TDBK,BANCO HABITAT,2026-07-01,Repo,B531,2026-05-12,REPO,,CALYPSOIFI,Rev_Repo,,2026-06-03
94131194,,2025-09-16,2026-11-21,2026-12-13,TDBK,INVESTEC BANK LIMITED,2026-07-01,Repo,B995,2026-05-01,REPO,FIN,CALYPSOIFI,Rev_Repo,,2026-06-17
98896497,,2026-08-18,2026-04-21,2026-11-09,TDBK,CENTRAL 1 CREDIT UNION,2026-07-01,Repo,B739,2026-02-28,REPO,FIN,CALYPSOIFI,Repo,,2026-06-17
94437614,,2026-05-28,2026-02-05,2026-12-10,TDBK,CITIBANK NA,2026-07-01,Repo,B194,2026-03-06,REPO,FIN,CALYPSOIFI,Repo,,2026-06-10
97284441,,2025-07-19,2026-07-01,2026-05-19,TDBK,BANCO HABITAT,2026-07-01,Repo,B538,2026-10-23,REPO,FIN,CALYPSOIFI,Repo,,2026-07-01
98913013,,2025-03-08,2026-12-03,2026-12-18,TDBK,INVESTEC BANK LIMITED,2026-07-01,Repo,B265,2026-09-26,REPO,FIN,CALYPSOIFI,Repo,,2026-06-10
98975056,,2025-06-08,2026-01-10,,TDBK,MORGAN STANLEY INTL,2026-07-01,Repo,B368,2026-10-10,REPO,FIN,CALYPSOIFI,Repo,,2026-06-24
95346045,,2026-03-02,2026-03-25,2026-04-04,TDBK,CITIBANK NA,2026-07-01,Repo,B623,2026-05-01,REPO,FIN,CALYPSOIFI,Repo,,2026-07-01
95583828,,2026-06-07,2026-12-26,2026-03-06,TDBK,BIMCOR INC,2026-07-01,Repo,B819,2026-05-24,REPO,FIN,CALYPSOIFI,Repo,,2026-06-24
90769638,,2025-07-14,2026-09-11,2026-02-12,TDBK,,2026-07-01,Repo,B733,2026-10-13,REPO,,CALYPSOIFI,Repo,,2026-07-01
96291626,,2026-01-25,2026-04-01,2026-07-20,TDBK,SWISS LIFE AG,2026-07-01,,B725,2026-11-28,REPO,FIN,CALYPSOIFI,Rev_Repo,,2026-06-03
99088144,,2025-04-12,2026-06-23,2026-06-01,TDBK,CENTRAL 1 CREDIT UNION,2026-07-01,Repo,B824,2026-06-15,,FIN,CALYPSOIFI,Repo,,2026-06-24
96509623,,2025-04-09,2026-01-06,2026-04-01,TDBK,CITIBANK NA,2026-07-01,Repo,B161,2026-04-12,REPO,FIN,CALYPSOIFI,Rev_Repo,,2026-06-17
99706511,,2026-05-23,2026-11-03,2026-03-13,TDBK,DEUTSCHE BANK A.G.,2026-07-01,Repo,B170,2026-03-25,REPO,FIN,CALYPSOIFI,Rev_Repo,,2026-06-03
93129709,,2026-07-13,2026-10-18,2026-05-12,TDBK,SWISS LIFE AG,2026-07-01,Repo,B354,2026-01-23,REPO,FIN,CALYPSOIFI,Repo,,2026-06-24
91686804,,2026-04-12,2026-08-25,,TDBK,MORGAN STANLEY INTL,2026-07-01,Repo,B719,2026-03-18,REPO,,CALYPSOIFI,Rev_Repo,,2026-06-03
95152573,,2025-05-19,2026-10-11,2026-05-04,TDBK,BANCO HABITAT,2026-07-01,Repo,B165,2026-02-24,REPO,FIN,CALYPSOIFI,Rev_Repo,,2026-06-24
99782108,,2026-12-02,2026-11-23,2026-03-21,TDBK,BANK OF NOVA SCOTIA,2026-07-01,Repo,B275,2026-01-12,REPO,FIN,CALYPSOIFI,Repo,,2026-06-24
93356264,,2026-03-16,2026-12-16,2026-09-11,TDBK,WELLINGTON GLOBAL EQUITY FUND 28R5,2026-07-01,Repo,B801,2026-05-23,REPO,FIN,CALYPSOIFI,Rev_Repo,,2026-06-03
92560513,,2026-09-04,2026-12-19,2026-07-07,TDBK,CENTRAL 1 CREDIT UNION,2026-07-01,Repo,B679,2026-11-16,REPO,FIN,CALYPSOIFI,Rev_Repo,,2026-07-01
93672111,,2026-12-15,2026-08-23,2026-11-21,TDBK,BANK OF NOVA SCOTIA,2026-07-01,Repo,B887,2026-04-18,REPO,FIN,CALYPSOIFI,Repo,,2026-06-03
95814693,,2026-09-28,2026-01-06,2026-03-04,TDBK,BIMCOR INC,2026-07-01,Repo,B373,2026-04-06,REPO,FIN,CALYPSOIFI,Rev_Repo,,2026-06-10
97497962,,2026-08-21,2026-01-15,2026-03-16,TDBK,BANCO HABITAT,2026-07-01,Repo,B549,2026-01-08,REPO,FIN,CALYPSOIFI,Rev_Repo,,2026-06-10
90269493,,2026-02-07,2026-06-16,2026-02-01,TDBK,SWISS LIFE AG,2026-07-01,Repo,B972,2026-10-27,,FIN,CALYPSOIFI,Repo,,2026-07-01
98913092,,2025-04-08,2026-06-11,2026-03-28,TDBK,,2026-07-01,Repo,B115,2026-06-08,REPO,FIN,CALYPSOIFI,Repo,,2026-06-17
90355174,,2025-04-08,2026-03-13,2026-03-19,TDBK,CITIBANK NA,2026-07-01,Repo,B768,2026-09-12,REPO,FIN,CALYPSOIFI,Rev_Repo,,2026-07-01
97396814,,2025-08-20,2026-03-14,2026-12-12,TDBK,BANCO HABITAT,2026-07-01,Repo,B237,2026-02-03,REPO,FIN,CALYPSOIFI,Repo,,2026-06-03
94788483,,2025-01-07,2026-09-01,2026-08-08,TDBK,SWISS LIFE AG,2026-07-01,Repo,B292,2026-06-03,REPO,FIN,CALYPSOIFI,Repo,,2026-06-03
91985927,,2026-11-19,2026-04-01,2026-08-25,TDBK,SWISS LIFE AG,2026-07-01,Repo,B178,2026-11-28,REPO,FIN,CALYPSOIFI,Repo,,2026-06-24
90572444,,2026-05-18,2026-08-03,2026-08-20,TDBK,BANK OF NOVA SCOTIA,2026-07-01,Repo,B488,2026-11-12,REPO,FIN,CALYPSOIFI,Rev_Repo,,2026-06-03
96999333,,2025-01-24,2026-05-12,,TDBK,BANCO HABITAT,2026-07-01,Repo,B670,2026-05-10,REPO,FIN,CALYPSOIFI,Repo,,2026-06-24
99427709,,2025-08-05,2026-12-20,2026-03-13,TDBK,SWISS LIFE AG,2026-07-01,Repo,B769,2026-02-06,REPO,FIN,CALYPSOIFI,Rev_Repo,,2026-06-17
97621318,,2026-12-15,2026-10-26,2026-04-25,TDBK,MORGAN STANLEY INTL,2026-07-01,Repo,B188,2026-12-15,REPO,FIN,CALYPSOIFI,Repo,,2026-07-01
99050573,,2026-09-13,2026-02-24,2026-05-21,TDBK,CITIBANK NA,2026-07-01,Repo,B562,2026-07-21,REPO,FIN,CALYPSOIFI,Repo,,2026-06-24
95018783,,2026-12-01,2026-06-28,,TDBK,BANK OF NOVA SCOTIA,2026-07-01,Repo,B994,2026-10-05,REPO,FIN,CALYPSOIFI,Repo,,2026-06-24
96387004,,2026-02-11,2026-11-25,2026-01-15,TDBK,CITIBANK NA,2026-07-01,Repo,B619,2026-04-19,,FIN,CALYPSOIFI,Repo,,2026-07-01
97357322,,2026-02-02,2026-10-24,2026-02-20,TDBK,BANK OF NOVA SCOTIA,2026-07-01,Repo,B849,2026-01-23,REPO,FIN,CALYPSOIFI,Repo,,2026-06-03
98361540,,2025-05-03,2026-10-20,2026-07-28,TDBK,,2026-07-01,Repo,B171,2026-08-09,REPO,FIN,CALYPSOIFI,Repo,,2026-06-03
94296730,,2026-09-21,2026-08-18,2026-06-11,TDBK,BIMCOR INC,2026-07-01,Repo,B495,2026-01-09,REPO,FIN,CALYPSOIFI,Repo,,2026-06-10
95368020,,2025-02-11,2026-01-04,2026-09-22,TDBK,CITIBANK NA,2026-07-01,Repo,B224,2026-04-08,REPO,FIN,CALYPSOIFI,Rev_Repo,,2026-06-10
99551501,,2025-07-25,2026-04-20,2026-03-24,TDBK,CITIBANK NA,2026-07-01,Repo,B924,2026-03-14,REPO,FIN,CALYPSOIFI,Repo,,2026-06-24
98600044,,2025-08-12,2026-03-11,2026-02-01,TDBK,CITIBANK NA,2026-07-01,,B363,2026-06-26,REPO,FIN,CALYPSOIFI,Rev_Repo,,2026-07-01
97782904,,2026-12-08,2026-01-01,2026-05-07,TDBK,WELLINGTON GLOBAL EQUITY FUND 28R5,2026-07-01,Repo,B519,2026-04-04,REPO,FIN,CALYPSOIFI,Repo,,2026-06-03
91643879,,2025-02-15,2026-07-10,2026-09-24,TDBK,WELLINGTON GLOBAL EQUITY FUND 28R5,2026-07-01,Repo,B312,2026-08-10,REPO,FIN,CALYPSOIFI,Rev_Repo,,2026-06-10
98600682,,2026-03-02,2026-10-14,2026-08-04,TDBK,BIMCOR INC,2026-07-01,Repo,B455,2026-04-18,REPO,FIN,CALYPSOIFI,Rev_Repo,,2026-06-17
93967636,,2025-01-11,2026-07-03,2026-10-12,TDBK,CENTRAL 1 CREDIT UNION,2026-07-01,Repo,B234,2026-02-08,REPO,FIN,CALYPSOIFI,Repo,,2026-06-03
95492189,,2026-08-25,2026-12-05,2026-04-20,TDBK,,2026-07-01,Repo,B947,2026-10-07,,FIN,CALYPSOIFI,Repo,,2026-06-03
98599145,,2026-08-06,2026-02-07,2026-08-22,TDBK,CENTRAL 1 CREDIT UNION,2026-07-01,Repo,B654,2026-03-26,REPO,FIN,CALYPSOIFI,Repo,,2026-06-03
92425267,,2026-10-22,2026-05-18,2026-07-08,TDBK,,2026-07-01,Repo,B633,2026-12-18,REPO,FIN,CALYPSOIFI,Rev_Repo,,2026-06-24
91810677,,2026-10-21,2026-07-15,,TDBK,BANCO HABITAT,2026-07-01,Repo,B540,2026-11-04,REPO,FIN,CALYPSOIFI,Rev_Repo,,2026-06-03
96987045,,2026-06-14,2026-09-03,2026-12-05,TDBK,DEUTSCHE BANK A.G.,2026-07-01,Repo,B320,2026-03-27,REPO,FIN,CALYPSOIFI,Repo,,2026-06-24
95457277,,2025-02-06,2026-12-16,2026-04-24,TDBK,,2026-07-01,Repo,B172,2026-03-23,REPO,FIN,CALYPSOIFI,Repo,,2026-07-01
99179425,,2026-08-24,2026-07-23,2026-02-12,TDBK,BANCO HABITAT,2026-07-01,Repo,B269,2026-03-15,REPO,FIN,CALYPSOIFI,Rev_Repo,,2026-06-17
91683014,,2025-03-20,2026-12-28,2026-01-27,TDBK,SWISS LIFE AG,2026-07-01,Repo,B192,2026-04-27,REPO,FIN,CALYPSOIFI,Rev_Repo,,2026-06-17
90335118,,2025-03-20,2026-09-01,2026-10-19,TDBK,SWISS LIFE AG,2026-07-01,Repo,B400,2026-01-13,REPO,FIN,CALYPSOIFI,Repo,,2026-06-17
93161542,,2025-04-11,2026-07-01,2026-09-22,TDBK,SWISS LIFE AG,2026-07-01,Repo,B147,2026-05-21,,FIN,CALYPSOIFI,Repo,,2026-07-01
90544718,,2025-03-26,2026-02-11,2026-10-15,TDBK,WELLINGTON GLOBAL EQUITY FUND 28R5,2026-07-01,Repo,B748,2026-06-09,REPO,FIN,CALYPSOIFI,Repo,,2026-06-24
98277253,,2026-07-21,2026-05-06,2026-09-09,TDBK,,2026-07-01,,B729,2026-05-17,REPO,FIN,CALYPSOIFI,Repo,,2026-06-10
90765936,,2026-01-15,2026-07-16,2026-06-16,TDBK,CENTRAL 1 CREDIT UNION,2026-07-01,Repo,B444,2026-12-20,REPO,FIN,CALYPSOIFI,Rev_Repo,,2026-06-10
94900237,,2025-09-16,2026-01-19,2026-10-15,TDBK,CENTRAL 1 CREDIT UNION,2026-07-01,Repo,B653,2026-01-22,REPO,FIN,CALYPSOIFI,Repo,,2026-07-01
97168614,,2026-12-19,2026-08-24,2026-07-07,TDBK,INVESTEC BANK LIMITED,2026-07-01,Repo,B314,2026-03-27,REPO,FIN,CALYPSOIFI,Rev_Repo,,2026-07-01
94994790,,2026-08-22,2026-07-09,2026-11-20,TDBK,INVESTEC BANK LIMITED,2026-07-01,Repo,B247,2026-09-11,REPO,FIN,CALYPSOIFI,Repo,,2026-07-01
91286508,,2026-12-15,2026-11-19,2026-01-13,TDBK,CENTRAL 1 CREDIT UNION,2026-07-01,Repo,B623,2026-10-01,REPO,FIN,CALYPSOIFI,Rev_Repo,,2026-06-10
99178506,,2025-10-12,2026-02-21,2026-09-22,TDBK,BANCO HABITAT,2026-07-01,Repo,B130,2026-01-16,REPO,FIN,CALYPSOIFI,Repo,,2026-06-03
97151023,,2025-04-25,2026-06-17,2026-01-23,TDBK,CENTRAL 1 CREDIT UNION,2026-07-01,Repo,B579,2026-03-07,REPO,FIN,CALYPSOIFI,Rev_Repo,,2026-06-17
94342668,,2025-02-12,2026-04-22,2026-02-01,TDBK,BANK OF NOVA SCOTIA,2026-07-01,Repo,B868,2026-06-13,,FIN,CALYPSOIFI,Rev_Repo,,2026-07-01
92721108,,2026-06-26,2026-08-10,2026-01-12,TDBK,SWISS LIFE AG,2026-07-01,Repo,B218,2026-02-12,REPO,FIN,CALYPSOIFI,Rev_Repo,,2026-07-01
91796067,,2026-08-24,2026-01-24,2026-04-26,TDBK,,2026-07-01,Repo,B437,2026-05-05,REPO,FIN,CALYPSOIFI,Repo,,2026-07-01
92142008,,2026-06-02,2026-11-09,2026-03-03,TDBK,WELLINGTON GLOBAL EQUITY FUND 28R5,2026-07-01,Repo,B520,2026-01-05,REPO,FIN,CALYPSOIFI,Rev_Repo,,2026-06-03
96783940,,2026-06-25,2026-03-15,2026-08-24,TDBK,BIMCOR INC,2026-07-01,Repo,B356,2026-12-11,REPO,FIN,CALYPSOIFI,Rev_Repo,,2026-06-03
90027309,,2025-08-07,2026-08-01,,TDBK,CENTRAL 1 CREDIT UNION,2026-07-01,,B241,2026-09-14,REPO,FIN,CALYPSOIFI,Rev_Repo,,2026-06-03
90721271,,2026-05-21,2026-03-04,2026-09-18,TDBK,MORGAN STANLEY INTL,2026-07-01,Repo,B398,2026-03-11,REPO,FIN,CALYPSOIFI,Repo,,2026-06-03
93933822,,2025-10-15,2026-12-07,2026-07-22,TDBK,BANCO HABITAT,2026-07-01,Repo,B634,2026-08-17,REPO,FIN,CALYPSOIFI,Rev_Repo,,2026-07-01
99831557,,2025-09-06,2026-12-23,2026-09-21,TDBK,WELLINGTON GLOBAL EQUITY FUND 28R5,2026-07-01,Repo,B999,2026-06-24,REPO,FIN,CALYPSOIFI,Rev_Repo,,2026-06-24
94139948,,2025-02-01,2026-12-18,2026-02-26,TDBK,CENTRAL 1 CREDIT UNION,2026-07-01,Repo,B517,2026-11-17,REPO,FIN,CALYPSOIFI,Rev_Repo,,2026-07-01
96855451,,2025-12-25,2026-01-07,2026-03-11,TDBK,BIMCOR INC,2026-07-01,Repo,B704,2026-01-25,REPO,FIN,CALYPSOIFI,Rev_Repo,,2026-06-17
98626471,,2026-11-19,2026-08-08,2026-01-22,TDBK,DEUTSCHE BANK A.G.,2026-07-01,Repo,B695,2026-02-04,REPO,FIN,CALYPSOIFI,Repo,,2026-06-10
97397681,,2026-12-25,2026-12-03,,TDBK,MORGAN STANLEY INTL,2026-07-01,Repo,B282,2026-10-02,REPO,FIN,CALYPSOIFI,Rev_Repo,,2026-06-17
96118453,,2026-01-15,2026-10-23,2026-05-16,TDBK,,2026-07-01,Repo,B707,2026-11-01,REPO,FIN,CALYPSOIFI,Repo,,2026-06-24
99405732,,2026-01-10,2026-08-24,2026-05-22,TDBK,CENTRAL 1 CREDIT UNION,2026-07-01,Repo,B689,2026-02-22,REPO,FIN,CALYPSOIFI,Rev_Repo,,2026-07-01
93494864,,2026-09-04,2026-07-13,,TDBK,INVESTEC BANK LIMITED,2026-07-01,,B478,2026-10-08,REPO,FIN,CALYPSOIFI,Repo,,2026-06-10
94224244,,2026-06-28,2026-02-10,2026-06-06,TDBK,CENTRAL 1 CREDIT UNION,2026-07-01,Repo,B656,2026-09-18,,FIN,CALYPSOIFI,Rev_Repo,,2026-07-01
96005151,,2025-06-20,2026-07-02,,TDBK,BANK OF NOVA SCOTIA,2026-07-01,Repo,B480,2026-03-11,REPO,FIN,CALYPSOIFI,Rev_Repo,,2026-06-03
96658482,,2026-12-11,2026-07-14,2026-01-06,TDBK,BANCO HABITAT,2026-07-01,Repo,B211,2026-07-23,REPO,FIN,CALYPSOIFI,Repo,,2026-06-10
90412679,,2026-08-06,2026-03-15,2026-01-07,TDBK,CITIBANK NA,2026-07-01,Repo,B826,2026-02-23,REPO,FIN,CALYPSOIFI,Rev_Repo,,2026-06-24
91943620,,2026-07-12,2026-01-18,2026-02-05,TDBK,BIMCOR INC,2026-07-01,Repo,B424,2026-11-01,,FIN,CALYPSOIFI,Repo,,2026-06-03
90257649,,2025-02-10,2026-09-02,2026-06-01,TDBK,INVESTEC BANK LIMITED,2026-07-01,Repo,B128,2026-03-01,REPO,FIN,CALYPSOIFI,Rev_Repo,,2026-06-24
97577633,,2026-05-13,2026-03-24,2026-01-15,TDBK,DEUTSCHE BANK A.G.,2026-07-01,Repo,B510,2026-08-01,REPO,FIN,CALYPSOIFI,Rev_Repo,,2026-07-01
97009871,,2025-06-28,2026-08-14,2026-03-21,TDBK,CITIBANK NA,2026-07-01,Repo,B508,2026-03-17,REPO,,CALYPSOIFI,Repo,,2026-06-03
90538100,,2025-12-16,2026-11-05,2026-05-01,TDBK,BANCO HABITAT,2026-07-01,Repo,B923,2026-06-04,REPO,FIN,CALYPSOIFI,Rev_Repo,,2026-06-10
97248492,,2025-11-18,2026-08-14,2026-09-18,TDBK,WELLINGTON GLOBAL EQUITY FUND 28R5,2026-07-01,Repo,B558,2026-03-19,REPO,FIN,CALYPSOIFI,Rev_Repo,,2026-06-03
91777236,,2025-05-05,2026-07-13,2026-12-10,TDBK,MORGAN STANLEY INTL,2026-07-01,Repo,B920,2026-01-13,REPO,FIN,CALYPSOIFI,Rev_Repo,,2026-06-24
91109146,,2026-08-16,2026-09-10,2026-05-21,TDBK,CITIBANK NA,2026-07-01,Repo,B865,2026-11-06,REPO,FIN,CALYPSOIFI,Repo,,2026-06-03
91604695,,2026-02-04,2026-03-22,2026-04-27,TDBK,BANK OF NOVA SCOTIA,2026-07-01,Repo,B291,2026-02-10,,FIN,CALYPSOIFI,Repo,,2026-06-24
94797338,,2026-07-24,2026-01-22,2026-07-02,TDBK,SWISS LIFE AG,2026-07-01,Repo,B981,2026-09-24,REPO,FIN,CALYPSOIFI,Repo,,2026-06-17
97836355,,2026-01-14,2026-10-09,2026-03-10,TDBK,INVESTEC BANK LIMITED,2026-07-01,Repo,B211,2026-12-08,REPO,FIN,CALYPSOIFI,Rev_Repo,,2026-06-17
97958868,,2026-09-13,2026-08-08,,TDBK,WELLINGTON GLOBAL EQUITY FUND 28R5,2026-07-01,Repo,B434,2026-06-21,,FIN,CALYPSOIFI,Rev_Repo,,2026-06-10
96019585,,2026-09-14,2026-04-04,2026-02-14,TDBK,BANCO HABITAT,2026-07-01,Repo,B939,2026-03-01,REPO,FIN,CALYPSOIFI,Rev_Repo,,2026-06-10
97939817,,2025-03-19,2026-04-23,2026-08-26,TDBK,INVESTEC BANK LIMITED,2026-07-01,Repo,B212,2026-01-02,REPO,FIN,CALYPSOIFI,Repo,,2026-06-03
98463364,,2025-10-21,2026-09-10,2026-06-17,TDBK,SWISS LIFE AG,2026-07-01,,B808,2026-04-07,REPO,FIN,CALYPSOIFI,Rev_Repo,,2026-06-03
99396166,,2025-09-23,2026-03-16,2026-04-05,TDBK,WELLINGTON GLOBAL EQUITY FUND 28R5,2026-07-01,Repo,B464,2026-07-04,REPO,,CALYPSOIFI,Rev_Repo,,2026-07-01
96472633,,2025-09-26,2026-02-15,2026-06-05,TDBK,BANCO HABITAT,2026-07-01,,B282,2026-02-10,REPO,FIN,CALYPSOIFI,Repo,,2026-06-10
97906663,,2025-08-15,2026-11-06,2026-11-09,TDBK,WELLINGTON GLOBAL EQUITY FUND 28R5,2026-07-01,Repo,B135,2026-12-17,,FIN,CALYPSOIFI,Repo,,2026-06-03
97679300,,2025-06-09,2026-12-05,2026-08-05,TDBK,BIMCOR INC,2026-07-01,Repo,B449,2026-08-14,REPO,FIN,CALYPSOIFI,Rev_Repo,,2026-06-17
93601439,,2026-05-22,2026-09-21,2026-05-10,TDBK,BIMCOR INC,2026-07-01,Repo,B649,2026-01-28,REPO,FIN,CALYPSOIFI,Repo,,2026-07-01
96176421,,2025-11-23,2026-06-08,2026-08-17,TDBK,DEUTSCHE BANK A.G.,2026-07-01,Repo,B215,2026-12-03,,FIN,CALYPSOIFI,Repo,,2026-07-01
98372830,,2025-05-17,2026-04-13,2026-11-07,TDBK,WELLINGTON GLOBAL EQUITY FUND 28R5,2026-07-01,Repo,B472,2026-03-26,REPO,FIN,CALYPSOIFI,Repo,,2026-06-03
91068506,,2025-06-27,2026-03-13,2026-12-15,TDBK,INVESTEC BANK LIMITED,2026-07-01,Repo,B796,2026-02-19,REPO,FIN,CALYPSOIFI,Rev_Repo,,2026-07-01
97573148,,2025-08-23,2026-05-06,2026-11-03,TDBK,SWISS LIFE AG,2026-07-01,Repo,B586,2026-07-04,,FIN,CALYPSOIFI,Rev_Repo,,2026-06-17
97249259,,2026-02-10,2026-12-11,2026-07-23,TDBK,MORGAN STANLEY INTL,2026-07-01,Repo,B743,2026-04-20,,FIN,CALYPSOIFI,Repo,,2026-06-10
97230215,,2026-08-09,2026-04-15,,TDBK,SWISS LIFE AG,2026-07-01,,B892,2026-01-18,REPO,FIN,CALYPSOIFI,Repo,,2026-06-17
93613977,,2025-09-24,2026-01-22,2026-05-23,TDBK,INVESTEC BANK LIMITED,2026-07-01,Repo,B871,2026-11-12,REPO,,CALYPSOIFI,Repo,,2026-06-24
92890774,,2025-05-15,2026-09-02,2026-12-28,TDBK,BANCO HABITAT,2026-07-01,Repo,B113,2026-06-23,REPO,,CALYPSOIFI,Rev_Repo,,2026-06-10
90170062,,2026-10-11,2026-01-26,2026-07-24,TDBK,,2026-07-01,Repo,B274,2026-06-23,REPO,FIN,CALYPSOIFI,Repo,,2026-06-17
92275159,,2025-10-07,2026-03-28,2026-09-02,TDBK,DEUTSCHE BANK A.G.,2026-07-01,Repo,B260,2026-12-02,REPO,FIN,CALYPSOIFI,Rev_Repo,,2026-06-03
91158240,,2026-02-23,2026-07-13,2026-02-20,TDBK,INVESTEC BANK LIMITED,2026-07-01,Repo,B111,2026-03-28,REPO,FIN,CALYPSOIFI,Rev_Repo,,2026-06-24
91087003,,2026-11-26,2026-05-01,2026-03-02,TDBK,WELLINGTON GLOBAL EQUITY FUND 28R5,2026-07-01,Repo,B924,2026-12-22,REPO,FIN,CALYPSOIFI,Repo,,2026-06-03
92645610,,2026-12-20,2026-11-08,2026-06-21,TDBK,BIMCOR INC,2026-07-01,Repo,B274,2026-08-19,,FIN,CALYPSOIFI,Repo,,2026-06-03
99294265,,2025-02-18,2026-11-22,2026-01-03,TDBK,,2026-07-01,Repo,B339,2026-08-23,REPO,FIN,CALYPSOIFI,Rev_Repo,,2026-06-24
99724186,,2025-12-06,2026-11-18,2026-03-11,TDBK,CITIBANK NA,2026-07-01,Repo,B379,2026-07-06,REPO,FIN,CALYPSOIFI,Rev_Repo,,2026-06-24
93508936,,2026-04-14,2026-09-22,2026-03-22,TDBK,BANK OF NOVA SCOTIA,2026-07-01,,B948,2026-07-27,,FIN,CALYPSOIFI,Repo,,2026-07-01
91005716,,2025-06-06,2026-04-13,2026-06-08,TDBK,INVESTEC BANK LIMITED,2026-07-01,Repo,B207,2026-09-20,REPO,FIN,CALYPSOIFI,Rev_Repo,,2026-06-03
94613633,,2025-11-08,2026-02-28,2026-07-10,TDBK,DEUTSCHE BANK A.G.,2026-07-01,Repo,B430,2026-07-03,,FIN,CALYPSOIFI,Rev_Repo,,2026-06-24
99773218,,2025-01-10,2026-07-03,2026-07-09,TDBK,SWISS LIFE AG,2026-07-01,Repo,B375,2026-12-08,REPO,FIN,CALYPSOIFI,Rev_Repo,,2026-07-01
95279923,,2025-05-20,2026-01-26,2026-11-16,TDBK,BIMCOR INC,2026-07-01,Repo,B872,2026-06-20,REPO,FIN,CALYPSOIFI,Rev_Repo,,2026-06-17
95554678,,2026-06-16,2026-02-14,2026-02-23,TDBK,DEUTSCHE BANK A.G.,2026-07-01,,B892,2026-02-13,,FIN,CALYPSOIFI,Rev_Repo,,2026-06-17
95624288,,2025-03-06,2026-12-19,2026-04-27,TDBK,CITIBANK NA,2026-07-01,Repo,B362,2026-07-10,REPO,FIN,CALYPSOIFI,Rev_Repo,,2026-06-24
95394762,,2026-09-18,2026-12-27,2026-04-12,TDBK,INVESTEC BANK LIMITED,2026-07-01,Repo,B112,2026-12-14,REPO,FIN,CALYPSOIFI,Rev_Repo,,2026-07-01
90822026,,2025-09-25,2026-03-03,2026-10-21,TDBK,,2026-07-01,Repo,B685,2026-04-16,REPO,FIN,CALYPSOIFI,Rev_Repo,,2026-06-24
92635838,,2025-05-27,2026-04-19,2026-02-28,TDBK,WELLINGTON GLOBAL EQUITY FUND 28R5,2026-07-01,Repo,B621,2026-04-26,REPO,FIN,CALYPSOIFI,Rev_Repo,,2026-06-24
91959368,,2025-10-17,2026-03-02,2026-03-02,TDBK,DEUTSCHE BANK A.G.,2026-07-01,Repo,B618,2026-01-19,REPO,FIN,CALYPSOIFI,Rev_Repo,,2026-06-24
93563627,,2025-08-09,2026-01-18,2026-06-13,TDBK,,2026-07-01,Repo,B554,2026-03-07,REPO,FIN,CALYPSOIFI,Repo,,2026-06-17
98562218,,2026-08-17,2026-11-09,2026-12-16,TDBK,,2026-07-01,Repo,B580,2026-01-24,REPO,FIN,CALYPSOIFI,Repo,,2026-07-01
90089599,,2026-07-19,2026-12-09,2026-08-20,TDBK,INVESTEC BANK LIMITED,2026-07-01,Repo,B532,2026-08-20,,FIN,CALYPSOIFI,Repo,,2026-06-10
95092490,,2025-12-11,2026-01-03,2026-09-24,TDBK,DEUTSCHE BANK A.G.,2026-07-01,Repo,B971,2026-11-01,REPO,FIN,CALYPSOIFI,Rev_Repo,,2026-06-03
99038315,,2025-12-13,2026-03-17,2026-01-26,TDBK,MORGAN STANLEY INTL,2026-07-01,Repo,B887,2026-10-12,REPO,FIN,CALYPSOIFI,Repo,,2026-06-10
96805984,,2026-06-03,2026-09-14,2026-11-06,TDBK,WELLINGTON GLOBAL EQUITY FUND 28R5,2026-07-01,Repo,B423,2026-09-10,REPO,FIN,CALYPSOIFI,Repo,,2026-07-01
98003308,,2025-06-19,2026-11-03,2026-06-07,TDBK,BIMCOR INC,2026-07-01,Repo,B954,2026-03-04,REPO,FIN,CALYPSOIFI,Repo,,2026-06-10
95656796,,2025-10-02,2026-09-12,2026-11-23,TDBK,WELLINGTON GLOBAL EQUITY FUND 28R5,2026-07-01,,B682,2026-03-08,REPO,FIN,CALYPSOIFI,Rev_Repo,,2026-06-03
95719276,,2025-02-03,2026-11-16,2026-07-08,TDBK,DEUTSCHE BANK A.G.,2026-07-01,Repo,B552,2026-05-28,REPO,FIN,CALYPSOIFI,Repo,,2026-06-10
94821955,,2026-11-27,2026-07-21,2026-04-28,TDBK,BIMCOR INC,2026-07-01,Repo,B322,2026-03-08,REPO,FIN,CALYPSOIFI,Repo,,2026-06-24
94550189,,2025-02-25,2026-12-22,2026-01-19,TDBK,CENTRAL 1 CREDIT UNION,2026-07-01,Repo,B388,2026-04-02,REPO,FIN,CALYPSOIFI,Repo,,2026-06-17
90648528,,2026-01-16,2026-12-20,2026-01-06,TDBK,CITIBANK NA,2026-07-01,Repo,B725,2026-07-04,REPO,FIN,CALYPSOIFI,Repo,,2026-06-03
96827539,,2025-03-27,2026-07-16,2026-11-22,TDBK,INVESTEC BANK LIMITED,2026-07-01,Repo,B606,2026-04-16,REPO,FIN,CALYPSOIFI,Rev_Repo,,2026-06-24
97945620,,2025-09-14,2026-01-05,2026-06-08,TDBK,INVESTEC BANK LIMITED,2026-07-01,Repo,B407,2026-10-17,REPO,FIN,CALYPSOIFI,Repo,,2026-06-10
93829768,,2025-11-26,2026-04-13,,TDBK,BIMCOR INC,2026-07-01,Repo,B540,2026-08-07,REPO,FIN,CALYPSOIFI,Rev_Repo,,2026-06-10
91938923,,2025-02-18,2026-09-18,,TDBK,WELLINGTON GLOBAL EQUITY FUND 28R5,2026-07-01,Repo,B984,2026-03-07,REPO,FIN,CALYPSOIFI,Repo,,2026-06-03
96584636,,2025-04-27,2026-12-15,2026-02-13,TDBK,SWISS LIFE AG,2026-07-01,Repo,B844,2026-08-27,REPO,,CALYPSOIFI,Rev_Repo,,2026-06-17
90665548,,2026-12-02,2026-12-02,2026-01-01,TDBK,,2026-07-01,Repo,B974,2026-05-19,REPO,FIN,CALYPSOIFI,Repo,,2026-06-17
94430401,,2025-02-02,2026-01-03,2026-02-16,TDBK,DEUTSCHE BANK A.G.,2026-07-01,Repo,B402,2026-12-17,REPO,FIN,CALYPSOIFI,Rev_Repo,,2026-06-17
90569911,,2026-08-05,2026-04-04,2026-02-27,TDBK,DEUTSCHE BANK A.G.,2026-07-01,Repo,B549,2026-03-06,REPO,FIN,CALYPSOIFI,Rev_Repo,,2026-06-10
92341118,,2025-02-09,2026-12-01,2026-03-17,TDBK,BANK OF NOVA SCOTIA,2026-07-01,Repo,B676,2026-10-27,REPO,FIN,CALYPSOIFI,Repo,,2026-06-24
95623985,,2026-04-17,2026-11-26,,TDBK,DEUTSCHE BANK A.G.,2026-07-01,Repo,B115,2026-06-25,REPO,FIN,CALYPSOIFI,Rev_Repo,,2026-06-10
92335120,,2026-01-03,2026-12-09,2026-08-19,TDBK,BANK OF NOVA SCOTIA,2026-07-01,Repo,B492,2026-07-17,REPO,FIN,CALYPSOIFI,Repo,,2026-06-24
92430511,,2025-01-18,2026-04-14,2026-10-22,TDBK,INVESTEC BANK LIMITED,2026-07-01,Repo,B551,2026-01-26,REPO,FIN,CALYPSOIFI,Rev_Repo,,2026-06-24
97103221,,2026-06-14,2026-10-14,2026-01-01,TDBK,MORGAN STANLEY INTL,2026-07-01,Repo,B216,2026-06-22,REPO,FIN,CALYPSOIFI,Repo,,2026-06-03
93060217,,2026-12-13,2026-04-10,2026-08-25,TDBK,BIMCOR INC,2026-07-01,,B934,2026-04-03,REPO,FIN,CALYPSOIFI,Repo,,2026-07-01
95076517,,2026-10-13,2026-09-04,2026-09-04,TDBK,BANCO HABITAT,2026-07-01,Repo,B573,2026-12-08,REPO,FIN,CALYPSOIFI,Repo,,2026-06-24
97991245,,2025-08-23,2026-09-09,2026-04-24,TDBK,BANCO HABITAT,2026-07-01,Repo,B322,2026-09-10,REPO,FIN,CALYPSOIFI,Repo,,2026-06-24
90506530,,2026-06-18,2026-12-08,2026-12-19,TDBK,BIMCOR INC,2026-07-01,Repo,B896,2026-02-24,REPO,,CALYPSOIFI,Rev_Repo,,2026-06-10
94391102,,2025-01-18,2026-04-08,2026-02-01,TDBK,CENTRAL 1 CREDIT UNION,2026-07-01,Repo,B569,2026-08-16,REPO,FIN,CALYPSOIFI,Rev_Repo,,2026-06-24
96788087,,2026-01-20,2026-11-12,,TDBK,WELLINGTON GLOBAL EQUITY FUND 28R5,2026-07-01,Repo,B968,2026-09-21,REPO,FIN,CALYPSOIFI,Rev_Repo,,2026-06-24
95523903,,2025-05-19,2026-02-16,2026-04-04,TDBK,CENTRAL 1 CREDIT UNION,2026-07-01,Repo,B759,2026-12-20,REPO,FIN,CALYPSOIFI,Rev_Repo,,2026-06-10
92996750,,2026-11-10,2026-04-23,2026-03-22,TDBK,SWISS LIFE AG,2026-07-01,Repo,B664,2026-07-21,REPO,FIN,CALYPSOIFI,Repo,,2026-07-01
99431432,,2025-06-20,2026-01-19,2026-05-12,TDBK,BIMCOR INC,2026-07-01,Repo,B987,2026-07-05,,FIN,CALYPSOIFI,Repo,,2026-06-03
93489192,,2026-08-03,2026-10-24,2026-02-27,TDBK,CITIBANK NA,2026-07-01,Repo,B778,2026-08-15,REPO,,CALYPSOIFI,Repo,,2026-06-03
96599143,,2026-01-07,2026-03-10,2026-10-27,TDBK,MORGAN STANLEY INTL,2026-07-01,Repo,B265,2026-10-08,REPO,FIN,CALYPSOIFI,Repo,,2026-06-03
99501663,,2025-08-13,2026-08-02,2026-07-14,TDBK,MORGAN STANLEY INTL,2026-07-01,Repo,B504,2026-07-26,REPO,FIN,CALYPSOIFI,Repo,,2026-06-24
95388729,,2025-07-12,2026-03-22,2026-05-14,TDBK,BANK OF NOVA SCOTIA,2026-07-01,Repo,B977,2026-08-20,REPO,,CALYPSOIFI,Rev_Repo,,2026-06-03
90684760,,2025-11-21,2026-06-23,2026-10-10,TDBK,CITIBANK NA,2026-07-01,Repo,B513,2026-09-21,REPO,FIN,CALYPSOIFI,Rev_Repo,,2026-06-24
94668222,,2026-08-23,2026-01-12,2026-12-11,TDBK,SWISS LIFE AG,2026-07-01,Repo,B393,2026-02-09,REPO,FIN,CALYPSOIFI,Repo,,2026-06-03
95682330,,2025-01-05,2026-04-24,2026-10-14,TDBK,BIMCOR INC,2026-07-01,Repo,B357,2026-03-05,REPO,FIN,CALYPSOIFI,Repo,,2026-06-03
96535241,,2025-02-16,2026-05-11,2026-12-20,TDBK,WELLINGTON GLOBAL EQUITY FUND 28R5,2026-07-01,Repo,B125,2026-09-26,,FIN,CALYPSOIFI,Rev_Repo,,2026-06-17
92869735,,2026-10-18,2026-05-25,2026-03-06,TDBK,CENTRAL 1 CREDIT UNION,2026-07-01,Repo,B665,2026-04-11,REPO,FIN,CALYPSOIFI,Repo,,2026-07-01
99875842,,2026-05-10,2026-01-10,2026-02-16,TDBK,,2026-07-01,Repo,B862,2026-12-20,,FIN,CALYPSOIFI,Rev_Repo,,2026-06-10
98990415,,2025-03-28,2026-04-21,2026-08-16,TDBK,,2026-07-01,Repo,B736,2026-02-17,REPO,FIN,CALYPSOIFI,Rev_Repo,,2026-06-03
99449123,,2026-12-15,2026-07-03,2026-12-06,TDBK,,2026-07-01,Repo,B217,2026-03-20,REPO,FIN,CALYPSOIFI,Rev_Repo,,2026-06-10
99936987,,2025-07-07,2026-02-15,2026-11-06,TDBK,MORGAN STANLEY INTL,2026-07-01,Repo,B629,2026-10-16,REPO,FIN,CALYPSOIFI,Repo,,2026-07-01
92946495,,2025-10-04,2026-01-12,2026-08-27,TDBK,DEUTSCHE BANK A.G.,2026-07-01,Repo,B659,2026-07-26,REPO,FIN,CALYPSOIFI,Repo,,2026-06-17
97143963,,2025-06-18,2026-06-11,2026-01-21,TDBK,BANK OF NOVA SCOTIA,2026-07-01,Repo,B430,2026-01-13,,FIN,CALYPSOIFI,Repo,,2026-07-01
94420057,,2026-10-20,2026-09-18,,TDBK,WELLINGTON GLOBAL EQUITY FUND 28R5,2026-07-01,Repo,B773,2026-04-17,REPO,FIN,CALYPSOIFI,Repo,,2026-07-01
91989821,,2026-05-15,2026-12-21,2026-11-10,TDBK,CITIBANK NA,2026-07-01,Repo,B723,2026-01-19,REPO,FIN,CALYPSOIFI,Rev_Repo,,2026-06-17
93084388,,2025-12-13,2026-04-11,2026-04-09,TDBK,MORGAN STANLEY INTL,2026-07-01,Repo,B567,2026-10-21,REPO,FIN,CALYPSOIFI,Repo,,2026-07-01
92836946,,2026-11-07,2026-09-08,2026-01-14,TDBK,MORGAN STANLEY INTL,2026-07-01,Repo,B750,2026-06-19,REPO,FIN,CALYPSOIFI,Rev_Repo,,2026-06-10
96185288,,2026-04-02,2026-05-12,2026-09-25,TDBK,,2026-07-01,Repo,B531,2026-03-07,REPO,FIN,CALYPSOIFI,Repo,,2026-06-10
95047349,,2025-04-05,2026-07-02,2026-08-16,TDBK,MORGAN STANLEY INTL,2026-07-01,,B242,2026-07-08,REPO,FIN,CALYPSOIFI,Rev_Repo,,2026-06-10
95943747,,2025-03-09,2026-12-19,2026-04-22,TDBK,SWISS LIFE AG,2026-07-01,Repo,B249,2026-07-02,REPO,FIN,CALYPSOIFI,Repo,,2026-06-24
97091536,,2025-06-24,2026-12-16,2026-03-12,TDBK,WELLINGTON GLOBAL EQUITY FUND 28R5,2026-07-01,,B782,2026-03-01,REPO,FIN,CALYPSOIFI,Repo,,2026-06-17
93480937,,2026-09-24,2026-06-09,2026-08-19,TDBK,WELLINGTON GLOBAL EQUITY FUND 28R5,2026-07-01,Repo,B378,2026-10-01,REPO,FIN,CALYPSOIFI,Rev_Repo,,2026-06-17
90292087,,2025-04-24,2026-03-10,2026-09-25,TDBK,CENTRAL 1 CREDIT UNION,2026-07-01,Repo,B726,2026-12-11,REPO,FIN,CALYPSOIFI,Repo,,2026-07-01
92616690,,2025-04-18,2026-01-02,2026-06-28,TDBK,DEUTSCHE BANK A.G.,2026-07-01,Repo,B715,2026-05-15,REPO,FIN,CALYPSOIFI,Rev_Repo,,2026-06-03
95177627,,2025-05-24,2026-02-28,2026-10-06,TDBK,CITIBANK NA,2026-07-01,Repo,B570,2026-06-06,REPO,FIN,CALYPSOIFI,Rev_Repo,,2026-06-10
97526655,,2026-11-10,2026-07-07,2026-04-18,TDBK,DEUTSCHE BANK A.G.,2026-07-01,Repo,B128,2026-04-10,REPO,FIN,CALYPSOIFI,Rev_Repo,,2026-06-10
99803033,,2026-12-08,2026-10-26,2026-05-24,TDBK,CITIBANK NA,2026-07-01,Repo,B248,2026-09-17,REPO,,CALYPSOIFI,Rev_Repo,,2026-06-03
94430841,,2025-02-18,2026-06-19,2026-05-13,TDBK,DEUTSCHE BANK A.G.,2026-07-01,Repo,B334,2026-01-07,REPO,FIN,CALYPSOIFI,Rev_Repo,,2026-07-01
97176213,,2026-08-08,2026-10-26,2026-10-16,TDBK,CITIBANK NA,2026-07-01,Repo,B804,2026-03-25,REPO,FIN,CALYPSOIFI,Repo,,2026-06-17
95364167,,2026-12-11,2026-11-18,2026-03-14,TDBK,WELLINGTON GLOBAL EQUITY FUND 28R5,2026-07-01,Repo,B128,2026-09-22,REPO,FIN,CALYPSOIFI,Rev_Repo,,2026-07-01
97710846,,2026-12-08,2026-05-04,2026-05-14,TDBK,CENTRAL 1 CREDIT UNION,2026-07-01,Repo,B785,2026-05-12,REPO,,CALYPSOIFI,Repo,,2026-06-10
90747004,,2026-06-14,2026-11-20,2026-10-07,TDBK,WELLINGTON GLOBAL EQUITY FUND 28R5,2026-07-01,Repo,B132,2026-04-14,REPO,FIN,CALYPSOIFI,Repo,,2026-06-10
90009914,,2025-09-27,2026-10-06,2026-08-21,TDBK,INVESTEC BANK LIMITED,2026-07-01,Repo,B518,2026-10-06,REPO,FIN,CALYPSOIFI,Repo,,2026-07-01
91569323,,2025-11-16,2026-11-14,2026-03-15,TDBK,,2026-07-01,Repo,B863,2026-08-07,REPO,FIN,CALYPSOIFI,Rev_Repo,,2026-06-17
91460094,,2026-11-19,2026-05-24,,TDBK,BIMCOR INC,2026-07-01,Repo,B900,2026-10-21,REPO,,CALYPSOIFI,Rev_Repo,,2026-06-17
95520703,,2026-10-15,2026-03-22,2026-08-11,TDBK,CENTRAL 1 CREDIT UNION,2026-07-01,Repo,B660,2026-12-19,REPO,,CALYPSOIFI,Rev_Repo,,2026-06-10
96865513,,2026-08-07,2026-10-13,2026-07-18,TDBK,MORGAN STANLEY INTL,2026-07-01,Repo,B515,2026-03-20,REPO,FIN,CALYPSOIFI,Repo,,2026-06-24
94594572,,2026-12-23,2026-09-10,2026-04-09,TDBK,CITIBANK NA,2026-07-01,Repo,B359,2026-08-02,,FIN,CALYPSOIFI,Rev_Repo,,2026-06-10
92331570,,2026-11-07,2026-06-13,2026-01-10,TDBK,INVESTEC BANK LIMITED,2026-07-01,Repo,B436,2026-06-15,REPO,FIN,CALYPSOIFI,Rev_Repo,,2026-06-03
92722561,,2026-10-22,2026-03-02,2026-11-14,TDBK,BANK OF NOVA SCOTIA,2026-07-01,Repo,B191,2026-07-12,,FIN,CALYPSOIFI,Rev_Repo,,2026-06-17
98553426,,2026-01-23,2026-09-25,2026-01-14,TDBK,CITIBANK NA,2026-07-01,Repo,B848,2026-01-08,REPO,FIN,CALYPSOIFI,Rev_Repo,,2026-06-10
97199222,,2026-02-13,2026-07-06,2026-09-13,TDBK,CITIBANK NA,2026-07-01,Repo,B759,2026-07-04,REPO,FIN,CALYPSOIFI,Repo,,2026-06-24
92457345,,2026-10-04,2026-04-28,2026-11-25,TDBK,BIMCOR INC,2026-07-01,Repo,B398,2026-06-19,,FIN,CALYPSOIFI,Rev_Repo,,2026-06-10
90007435,,2026-01-19,2026-08-21,2026-11-27,TDBK,BIMCOR INC,2026-07-01,Repo,B747,2026-07-15,REPO,FIN,CALYPSOIFI,Repo,,2026-06-17
94462645,,2026-08-19,2026-05-15,,TDBK,WELLINGTON GLOBAL EQUITY FUND 28R5,2026-07-01,Repo,B939,2026-08-05,REPO,FIN,CALYPSOIFI,Repo,,2026-06-10
99867794,,2026-12-21,2026-09-07,2026-06-05,TDBK,SWISS LIFE AG,2026-07-01,Repo,B626,2026-04-08,REPO,FIN,CALYPSOIFI,Repo,,2026-06-17
96141591,,2025-02-12,2026-03-25,2026-09-13,TDBK,WELLINGTON GLOBAL EQUITY FUND 28R5,2026-07-01,Repo,B998,2026-02-21,REPO,FIN,CALYPSOIFI,Repo,,2026-06-10
91381800,,2025-04-24,2026-03-20,2026-04-25,TDBK,MORGAN STANLEY INTL,2026-07-01,Repo,B390,2026-11-14,REPO,FIN,CALYPSOIFI,Repo,,2026-07-01
90086299,,2025-06-19,2026-06-08,2026-05-04,TDBK,,2026-07-01,Repo,B813,2026-07-20,REPO,FIN,CALYPSOIFI,Repo,,2026-06-17
91289659,,2025-03-10,2026-06-27,2026-11-13,TDBK,BANCO HABITAT,2026-07-01,Repo,B247,2026-04-18,REPO,FIN,CALYPSOIFI,Rev_Repo,,2026-06-10
96454348,,2026-03-20,2026-04-28,2026-08-20,TDBK,BANK OF NOVA SCOTIA,2026-07-01,,B658,2026-05-25,REPO,FIN,CALYPSOIFI,Repo,,2026-06-03
95582961,,2025-07-07,2026-01-06,2026-08-02,TDBK,BANCO HABITAT,2026-07-01,Repo,B921,2026-09-17,REPO,FIN,CALYPSOIFI,Repo,,2026-06-17
93035816,,2026-01-19,2026-03-21,2026-06-08,TDBK,DEUTSCHE BANK A.G.,2026-07-01,Repo,B307,2026-10-16,REPO,FIN,CALYPSOIFI,Rev_Repo,,2026-06-17
92372109,,2026-11-12,2026-10-28,2026-06-12,TDBK,CENTRAL 1 CREDIT UNION,2026-07-01,Repo,B314,2026-11-10,REPO,FIN,CALYPSOIFI,Repo,,2026-06-03
98401909,,2026-08-06,2026-07-01,2026-11-18,TDBK,INVESTEC BANK LIMITED,2026-07-01,Repo,B786,2026-12-20,REPO,FIN,CALYPSOIFI,Repo,,2026-06-17
98527479,,2025-03-24,2026-04-04,2026-03-17,TDBK,CITIBANK NA,2026-07-01,Repo,B369,2026-01-04,REPO,FIN,CALYPSOIFI,Repo,,2026-06-03
92827723,,2026-07-03,2026-05-25,,TDBK,CENTRAL 1 CREDIT UNION,2026-07-01,Repo,B325,2026-05-27,REPO,FIN,CALYPSOIFI,Repo,,2026-06-03
97789715,,2026-11-19,2026-09-21,2026-02-25,TDBK,CENTRAL 1 CREDIT UNION,2026-07-01,Repo,B872,2026-04-16,REPO,FIN,CALYPSOIFI,Repo,,2026-07-01
95292049,,2025-07-18,2026-03-17,,TDBK,DEUTSCHE BANK A.G.,2026-07-01,Repo,B432,2026-08-15,REPO,FIN,CALYPSOIFI,Repo,,2026-06-17
99010984,,2026-07-02,2026-09-15,2026-01-03,TDBK,MORGAN STANLEY INTL,2026-07-01,Repo,B518,2026-01-18,REPO,FIN,CALYPSOIFI,Repo,,2026-06-24
98930429,,2026-02-12,2026-10-08,,TDBK,INVESTEC BANK LIMITED,2026-07-01,Repo,B202,2026-08-13,REPO,FIN,CALYPSOIFI,Repo,,2026-06-10
95018217,,2025-07-03,2026-10-02,2026-04-20,TDBK,CENTRAL 1 CREDIT UNION,2026-07-01,Repo,B432,2026-11-28,REPO,FIN,CALYPSOIFI,Rev_Repo,,2026-06-17
93599715,,2026-03-06,2026-08-17,2026-01-23,TDBK,BIMCOR INC,2026-07-01,Repo,B167,2026-08-19,REPO,FIN,CALYPSOIFI,Repo,,2026-06-03
97961292,,2025-01-28,2026-07-09,2026-03-09,TDBK,,2026-07-01,,B887,2026-03-26,REPO,,CALYPSOIFI,Repo,,2026-06-10
94544536,,2025-01-21,2026-07-27,2026-10-03,TDBK,,2026-07-01,Repo,B646,2026-11-25,REPO,FIN,CALYPSOIFI,Rev_Repo,,2026-06-03
95787679,,2026-08-08,2026-05-24,2026-10-26,TDBK,CITIBANK NA,2026-07-01,Repo,B908,2026-08-27,REPO,FIN,CALYPSOIFI,Repo,,2026-07-01
92642792,,2026-12-04,2026-12-06,2026-01-20,TDBK,DEUTSCHE BANK A.G.,2026-07-01,Repo,B101,2026-03-13,,FIN,CALYPSOIFI,Repo,,2026-06-03
96064369,,2025-08-23,2026-04-14,2026-08-15,TDBK,BANK OF NOVA SCOTIA,2026-07-01,Repo,B247,2026-05-28,REPO,FIN,CALYPSOIFI,Rev_Repo,,2026-06-17
96669728,,2026-10-09,2026-09-21,2026-03-09,TDBK,BANCO HABITAT,2026-07-01,Repo,B884,2026-09-12,REPO,FIN,CALYPSOIFI,Rev_Repo,,2026-06-10
92454480,,2026-06-14,2026-04-23,2026-12-23,TDBK,BIMCOR INC,2026-07-01,Repo,B523,2026-07-03,REPO,FIN,CALYPSOIFI,Rev_Repo,,2026-06-17
98312756,,2025-12-03,2026-12-02,2026-09-13,TDBK,CITIBANK NA,2026-07-01,Repo,B649,2026-07-14,,FIN,CALYPSOIFI,Repo,,2026-06-17
94415812,,2026-03-18,2026-04-17,2026-11-14,TDBK,BIMCOR INC,2026-07-01,,B245,2026-01-08,REPO,FIN,CALYPSOIFI,Repo,,2026-07-01
90458383,,2026-02-01,2026-11-27,2026-09-17,TDBK,MORGAN STANLEY INTL,2026-07-01,,B168,2026-10-17,REPO,FIN,CALYPSOIFI,Repo,,2026-06-03
92339827,,2026-04-08,2026-09-16,2026-07-26,TDBK,SWISS LIFE AG,2026-07-01,Repo,B136,2026-01-23,,FIN,CALYPSOIFI,Rev_Repo,,2026-06-17
92743438,,2026-02-24,2026-01-10,2026-11-13,TDBK,SWISS LIFE AG,2026-07-01,Repo,B768,2026-06-09,REPO,FIN,CALYPSOIFI,Rev_Repo,,2026-06-17
98856411,,2025-05-08,2026-07-12,2026-04-14,TDBK,BANK OF NOVA SCOTIA,2026-07-01,Repo,B549,2026-10-15,REPO,FIN,CALYPSOIFI,Rev_Repo,,2026-06-17
96281951,,2026-03-13,2026-01-28,2026-10-22,TDBK,SWISS LIFE AG,2026-07-01,Repo,B628,2026-01-04,REPO,FIN,CALYPSOIFI,Repo,,2026-07-01
90215608,,2026-04-22,2026-07-02,2026-05-28,TDBK,CITIBANK NA,2026-07-01,Repo,B810,2026-08-16,REPO,FIN,CALYPSOIFI,Repo,,2026-06-03
95613711,,2026-10-22,2026-08-17,2026-05-28,TDBK,SWISS LIFE AG,2026-07-01,Repo,B367,2026-03-20,REPO,FIN,CALYPSOIFI,Repo,,2026-07-01
94382580,,2025-07-12,2026-09-04,2026-12-24,TDBK,SWISS LIFE AG,2026-07-01,Repo,B320,2026-10-08,REPO,FIN,CALYPSOIFI,Rev_Repo,,2026-06-24
93624338,,2025-02-18,2026-06-01,2026-04-02,TDBK,BANCO HABITAT,2026-07-01,Repo,B276,2026-03-19,REPO,,CALYPSOIFI,Repo,,2026-06-10
97111961,,2026-08-24,2026-09-05,2026-04-06,TDBK,BANK OF NOVA SCOTIA,2026-07-01,Repo,B547,2026-03-23,REPO,FIN,CALYPSOIFI,Rev_Repo,,2026-06-03
97868510,,2025-12-19,2026-07-17,,TDBK,CITIBANK NA,2026-07-01,Repo,B917,2026-06-14,REPO,FIN,CALYPSOIFI,Repo,,2026-06-17
92301904,,2025-02-27,2026-06-27,2026-12-09,TDBK,MORGAN STANLEY INTL,2026-07-01,Repo,B160,2026-05-11,REPO,,CALYPSOIFI,Rev_Repo,,2026-06-03
99561731,,2026-08-26,2026-09-17,2026-04-11,TDBK,SWISS LIFE AG,2026-07-01,Repo,B406,2026-06-12,REPO,FIN,CALYPSOIFI,Rev_Repo,,2026-06-17
97784146,,2026-08-01,2026-07-05,2026-02-24,TDBK,DEUTSCHE BANK A.G.,2026-07-01,Repo,B441,2026-10-23,,FIN,CALYPSOIFI,Repo,,2026-07-01
90553890,,2026-12-23,2026-10-21,2026-04-03,TDBK,BANCO HABITAT,2026-07-01,Repo,B897,2026-02-23,REPO,FIN,CALYPSOIFI,Repo,,2026-06-24
98755596,,2026-02-02,2026-05-10,2026-08-02,TDBK,CENTRAL 1 CREDIT UNION,2026-07-01,Repo,B733,2026-06-26,,FIN,CALYPSOIFI,Repo,,2026-06-24
99833985,,2026-08-20,2026-12-27,2026-09-10,TDBK,BANK OF NOVA SCOTIA,2026-07-01,Repo,B836,2026-10-05,REPO,,CALYPSOIFI,Repo,,2026-06-10
97892304,,2026-03-17,2026-01-27,,TDBK,BANK OF NOVA SCOTIA,2026-07-01,Repo,B749,2026-07-13,REPO,FIN,CALYPSOIFI,Rev_Repo,,2026-06-17
99814734,,2025-05-27,2026-06-25,2026-10-22,TDBK,BIMCOR INC,2026-07-01,Repo,B484,2026-11-17,REPO,FIN,CALYPSOIFI,Rev_Repo,,2026-06-10
95701458,,2025-03-28,2026-05-11,2026-12-03,TDBK,,2026-07-01,Repo,B200,2026-04-21,REPO,FIN,CALYPSOIFI,Repo,,2026-06-24
94103345,,2026-05-25,2026-06-10,2026-08-02,TDBK,BANCO HABITAT,2026-07-01,Repo,B656,2026-09-24,REPO,FIN,CALYPSOIFI,Repo,,2026-07-01
98143496,,2025-06-12,2026-10-01,2026-06-22,TDBK,BANCO HABITAT,2026-07-01,Repo,B675,2026-06-02,REPO,FIN,CALYPSOIFI,Repo,,2026-07-01
91938503,,2025-09-11,2026-11-07,2026-11-14,TDBK,INVESTEC BANK LIMITED,2026-07-01,Repo,B410,2026-05-11,REPO,FIN,CALYPSOIFI,Rev_Repo,,2026-06-17
91973749,,2026-12-26,2026-09-09,2026-01-27,TDBK,DEUTSCHE BANK A.G.,2026-07-01,Repo,B489,2026-10-01,REPO,FIN,CALYPSOIFI,Rev_Repo,,2026-06-17
98224712,,2025-01-20,2026-10-19,2026-10-18,TDBK,WELLINGTON GLOBAL EQUITY FUND 28R5,2026-07-01,Repo,B613,2026-02-02,REPO,FIN,CALYPSOIFI,Rev_Repo,,2026-07-01
92786620,,2026-09-26,2026-07-22,2026-12-16,TDBK,BANCO HABITAT,2026-07-01,Repo,B341,2026-06-06,REPO,,CALYPSOIFI,Rev_Repo,,2026-06-03
90117508,,2026-08-08,2026-08-08,2026-02-04,TDBK,,2026-07-01,Repo,B642,2026-10-11,REPO,,CALYPSOIFI,Repo,,2026-06-17
97998107,,2026-04-14,2026-04-22,2026-03-07,TDBK,BIMCOR INC,2026-07-01,Repo,B878,2026-10-24,REPO,FIN,CALYPSOIFI,Repo,,2026-07-01
94064337,,2026-12-05,2026-01-07,2026-01-03,TDBK,CENTRAL 1 CREDIT UNION,2026-07-01,Repo,B786,2026-12-19,REPO,FIN,CALYPSOIFI,Repo,,2026-07-01
98952287,,2026-03-21,2026-10-07,2026-09-04,TDBK,BANK OF NOVA SCOTIA,2026-07-01,Repo,B351,2026-06-06,REPO,FIN,CALYPSOIFI,Repo,,2026-06-17
94943641,,2026-04-26,2026-11-01,2026-02-15,TDBK,CITIBANK NA,2026-07-01,Repo,B441,2026-11-11,REPO,FIN,CALYPSOIFI,Rev_Repo,,2026-06-03
93602572,,2026-01-11,2026-12-03,2026-10-24,TDBK,MORGAN STANLEY INTL,2026-07-01,Repo,B850,2026-07-23,REPO,FIN,CALYPSOIFI,Rev_Repo,,2026-06-24
99926505,,2025-04-18,2026-09-13,2026-12-26,TDBK,WELLINGTON GLOBAL EQUITY FUND 28R5,2026-07-01,Repo,B675,2026-07-11,REPO,FIN,CALYPSOIFI,Rev_Repo,,2026-06-10
92068835,,2025-07-10,2026-09-01,2026-06-14,TDBK,CITIBANK NA,2026-07-01,Repo,B796,2026-08-08,REPO,FIN,CALYPSOIFI,Rev_Repo,,2026-06-17
92574557,,2025-04-04,2026-01-28,2026-03-17,TDBK,DEUTSCHE BANK A.G.,2026-07-01,Repo,B896,2026-05-12,,FIN,CALYPSOIFI,Repo,,2026-06-10
94000314,,2026-09-15,2026-09-16,2026-11-14,TDBK,DEUTSCHE BANK A.G.,2026-07-01,Repo,B467,2026-03-08,,FIN,CALYPSOIFI,Rev_Repo,,2026-06-03
99238407,,2026-07-18,2026-12-07,2026-07-18,TDBK,CENTRAL 1 CREDIT UNION,2026-07-01,Repo,B676,2026-01-03,REPO,FIN,CALYPSOIFI,Repo,,2026-06-10
92028644,,2026-09-25,2026-03-14,2026-06-13,TDBK,,2026-07-01,Repo,B543,2026-08-04,REPO,FIN,CALYPSOIFI,Rev_Repo,,2026-06-10
94913196,,2025-12-12,2026-02-19,2026-05-24,TDBK,MORGAN STANLEY INTL,2026-07-01,Repo,B880,2026-12-17,REPO,FIN,CALYPSOIFI,Repo,,2026-06-03
93269254,,2026-12-19,2026-04-03,2026-08-27,TDBK,CITIBANK NA,2026-07-01,Repo,B162,2026-12-12,REPO,FIN,CALYPSOIFI,Rev_Repo,,2026-06-10
96552322,,2026-04-11,2026-09-21,2026-04-11,TDBK,,2026-07-01,Repo,B233,2026-02-21,REPO,FIN,CALYPSOIFI,Rev_Repo,,2026-07-01
99793076,,2026-12-28,2026-11-15,2026-04-25,TDBK,CENTRAL 1 CREDIT UNION,2026-07-01,Repo,B408,2026-06-11,REPO,FIN,CALYPSOIFI,Rev_Repo,,2026-06-10
97549869,,2026-02-19,2026-06-16,2026-06-22,TDBK,SWISS LIFE AG,2026-07-01,Repo,B307,2026-02-23,REPO,,CALYPSOIFI,Rev_Repo,,2026-07-01
91886236,,2025-12-07,2026-10-13,2026-07-28,TDBK,CENTRAL 1 CREDIT UNION,2026-07-01,Repo,B480,2026-08-26,REPO,FIN,CALYPSOIFI,Repo,,2026-07-01
92723832,,2026-10-06,2026-07-25,2026-12-02,TDBK,INVESTEC BANK LIMITED,2026-07-01,Repo,B453,2026-08-18,REPO,FIN,CALYPSOIFI,Rev_Repo,,2026-07-01
93526741,,2025-07-12,2026-10-09,2026-04-25,TDBK,SWISS LIFE AG,2026-07-01,Repo,B151,2026-03-27,REPO,FIN,CALYPSOIFI,Repo,,2026-06-10
95403995,,2026-04-23,2026-09-04,2026-11-13,TDBK,BIMCOR INC,2026-07-01,Repo,B128,2026-04-01,REPO,,CALYPSOIFI,Repo,,2026-06-03
99323836,,2026-09-08,2026-12-16,2026-12-23,TDBK,,2026-07-01,Repo,B219,2026-01-06,REPO,FIN,CALYPSOIFI,Rev_Repo,,2026-06-17
92546969,,2026-07-19,2026-07-28,2026-12-16,TDBK,WELLINGTON GLOBAL EQUITY FUND 28R5,2026-07-01,Repo,B966,2026-02-06,REPO,FIN,CALYPSOIFI,Rev_Repo,,2026-07-01
91146412,,2026-10-17,2026-09-01,2026-03-18,TDBK,BIMCOR INC,2026-07-01,Repo,B594,2026-11-16,REPO,FIN,CALYPSOIFI,Repo,,2026-06-24
92608385,,2025-07-22,2026-10-22,2026-09-19,TDBK,BIMCOR INC,2026-07-01,Repo,B997,2026-12-12,REPO,FIN,CALYPSOIFI,Rev_Repo,,2026-06-24
96129018,,2025-09-16,2026-04-19,2026-07-01,TDBK,WELLINGTON GLOBAL EQUITY FUND 28R5,2026-07-01,Repo,B359,2026-08-10,REPO,FIN,CALYPSOIFI,Repo,,2026-06-10
99617735,,2026-11-24,2026-01-07,2026-12-21,TDBK,DEUTSCHE BANK A.G.,2026-07-01,Repo,B770,2026-01-06,,FIN,CALYPSOIFI,Rev_Repo,,2026-06-10
99969057,,2026-08-01,2026-02-09,2026-01-11,TDBK,DEUTSCHE BANK A.G.,2026-07-01,,B118,2026-09-22,REPO,FIN,CALYPSOIFI,Repo,,2026-06-10
99138864,,2025-11-27,2026-05-14,2026-12-23,TDBK,BANCO HABITAT,2026-07-01,,B222,2026-09-23,REPO,FIN,CALYPSOIFI,Rev_Repo,,2026-06-10
95190297,,2025-05-11,2026-11-04,,TDBK,MORGAN STANLEY INTL,2026-07-01,Repo,B231,2026-04-05,REPO,FIN,CALYPSOIFI,Repo,,2026-06-24
98058084,,2025-03-15,2026-11-07,2026-04-25,TDBK,BANCO HABITAT,2026-07-01,Repo,B308,2026-06-26,REPO,FIN,CALYPSOIFI,Repo,,2026-06-24
92868556,,2025-07-04,2026-10-22,2026-07-10,TDBK,CENTRAL 1 CREDIT UNION,2026-07-01,Repo,B530,2026-11-09,REPO,FIN,CALYPSOIFI,Rev_Repo,,2026-06-10
96595152,,2026-12-08,2026-01-26,2026-02-23,TDBK,WELLINGTON GLOBAL EQUITY FUND 28R5,2026-07-01,Repo,B832,2026-08-24,REPO,FIN,CALYPSOIFI,Repo,,2026-06-17
99925215,,2025-06-24,2026-06-09,2026-04-23,TDBK,CITIBANK NA,2026-07-01,,B883,2026-02-12,REPO,,CALYPSOIFI,Rev_Repo,,2026-07-01
96518093,,2025-08-20,2026-05-16,2026-02-22,TDBK,CENTRAL 1 CREDIT UNION,2026-07-01,Repo,B475,2026-11-26,REPO,FIN,CALYPSOIFI,Rev_Repo,,2026-07-01
98590555,,2025-12-16,2026-10-26,2026-09-24,TDBK,,2026-07-01,Repo,B446,2026-02-12,REPO,FIN,CALYPSOIFI,Rev_Repo,,2026-06-17
94352129,,2025-08-05,2026-09-15,2026-01-01,TDBK,BANK OF NOVA SCOTIA,2026-07-01,Repo,B796,2026-10-03,REPO,FIN,CALYPSOIFI,Rev_Repo,,2026-06-24
92844685,,2026-08-26,2026-09-07,2026-08-13,TDBK,BIMCOR INC,2026-07-01,Repo,B319,2026-07-03,REPO,FIN,CALYPSOIFI,Repo,,2026-06-03
96810590,,2026-11-06,2026-06-13,2026-02-23,TDBK,,2026-07-01,Repo,B137,2026-08-07,REPO,FIN,CALYPSOIFI,Repo,,2026-06-17
92953542,,2025-11-02,2026-12-10,2026-12-16,TDBK,BANCO HABITAT,2026-07-01,Repo,B585,2026-10-03,REPO,FIN,CALYPSOIFI,Rev_Repo,,2026-07-01
91406577,,2025-11-15,2026-12-23,2026-11-21,TDBK,CITIBANK NA,2026-07-01,Repo,B297,2026-07-11,REPO,FIN,CALYPSOIFI,Repo,,2026-06-03
91898100,,2025-01-28,2026-06-28,2026-04-02,TDBK,BIMCOR INC,2026-07-01,,B749,2026-04-25,REPO,FIN,CALYPSOIFI,Repo,,2026-06-10
96507878,,2025-07-04,2026-04-14,2026-02-01,TDBK,BANK OF NOVA SCOTIA,2026-07-01,Repo,B360,2026-12-12,REPO,FIN,CALYPSOIFI,Repo,,2026-06-17
95870604,,2025-10-10,2026-05-11,2026-07-06,TDBK,SWISS LIFE AG,2026-07-01,Repo,B504,2026-11-08,REPO,FIN,CALYPSOIFI,Repo,,2026-07-01
98151088,,2025-01-06,2026-06-28,2026-12-25,TDBK,INVESTEC BANK LIMITED,2026-07-01,Repo,B202,2026-07-05,,FIN,CALYPSOIFI,Repo,,2026-06-10
90213303,,2026-12-24,2026-02-09,2026-07-14,TDBK,CITIBANK NA,2026-07-01,Repo,B149,2026-08-13,REPO,,CALYPSOIFI,Repo,,2026-06-10
99418005,,2025-08-19,2026-11-02,2026-05-19,TDBK,BANK OF NOVA SCOTIA,2026-07-01,Repo,B154,2026-04-09,REPO,FIN,CALYPSOIFI,Repo,,2026-06-03
93864663,,2025-10-25,2026-06-13,2026-08-11,TDBK,CITIBANK NA,2026-07-01,Repo,B745,2026-04-19,REPO,FIN,CALYPSOIFI,Repo,,2026-06-03
92503960,,2025-07-09,2026-09-23,2026-07-18,TDBK,CENTRAL 1 CREDIT UNION,2026-07-01,Repo,B987,2026-07-22,REPO,FIN,CALYPSOIFI,Repo,,2026-06-10
95972133,,2026-01-27,2026-10-23,2026-02-18,TDBK,BIMCOR INC,2026-07-01,Repo,B951,2026-05-01,,FIN,CALYPSOIFI,Repo,,2026-06-10
92405808,,2026-02-19,2026-05-18,2026-08-15,TDBK,BANCO HABITAT,2026-07-01,Repo,B101,2026-03-02,REPO,FIN,CALYPSOIFI,Rev_Repo,,2026-06-24
92229606,,2026-05-21,2026-11-09,2026-01-01,TDBK,BIMCOR INC,2026-07-01,Repo,B798,2026-07-16,REPO,FIN,CALYPSOIFI,Rev_Repo,,2026-06-17
96434883,,2026-11-13,2026-05-21,2026-06-18,TDBK,INVESTEC BANK LIMITED,2026-07-01,Repo,B546,2026-03-25,REPO,FIN,CALYPSOIFI,Repo,,2026-06-10
95760343,,2025-06-18,2026-02-01,2026-11-22,TDBK,BIMCOR INC,2026-07-01,Repo,B100,2026-05-19,REPO,FIN,CALYPSOIFI,Rev_Repo,,2026-06-03
92403120,,2026-10-13,2026-04-12,2026-08-13,TDBK,BIMCOR INC,2026-07-01,Repo,B126,2026-10-12,REPO,,CALYPSOIFI,Rev_Repo,,2026-06-03
90562657,,2026-04-03,2026-12-02,2026-04-27,TDBK,CENTRAL 1 CREDIT UNION,2026-07-01,Repo,B826,2026-05-18,REPO,FIN,CALYPSOIFI,Repo,,2026-06-24
91829953,,2026-06-27,2026-07-01,2026-06-22,TDBK,BIMCOR INC,2026-07-01,Repo,B924,2026-10-10,REPO,FIN,CALYPSOIFI,Rev_Repo,,2026-06-24
91094454,,2025-06-10,2026-12-20,2026-01-15,TDBK,WELLINGTON GLOBAL EQUITY FUND 28R5,2026-07-01,Repo,B872,2026-06-20,REPO,FIN,CALYPSOIFI,Rev_Repo,,2026-06-17
93201859,,2025-02-09,2026-05-24,2026-02-23,TDBK,MORGAN STANLEY INTL,2026-07-01,Repo,B614,2026-03-19,REPO,,CALYPSOIFI,Repo,,2026-06-17
94083375,,2025-03-23,2026-05-08,2026-09-14,TDBK,DEUTSCHE BANK A.G.,2026-07-01,Repo,B360,2026-08-04,REPO,FIN,CALYPSOIFI,Repo,,2026-06-10
96418239,,2025-12-19,2026-08-24,2026-10-01,TDBK,INVESTEC BANK LIMITED,2026-07-01,Repo,B634,2026-05-14,REPO,FIN,CALYPSOIFI,Rev_Repo,,2026-07-01
91008519,,2025-12-17,2026-09-14,2026-06-26,TDBK,DEUTSCHE BANK A.G.,2026-07-01,Repo,B296,2026-02-17,REPO,FIN,CALYPSOIFI,Rev_Repo,,2026-07-01
99043511,,2026-10-12,2026-04-23,2026-04-21,TDBK,WELLINGTON GLOBAL EQUITY FUND 28R5,2026-07-01,,B531,2026-03-15,REPO,FIN,CALYPSOIFI,Rev_Repo,,2026-06-10
91869617,,2025-02-11,2026-09-14,2026-09-19,TDBK,DEUTSCHE BANK A.G.,2026-07-01,Repo,B691,2026-09-08,REPO,FIN,CALYPSOIFI,Repo,,2026-06-10
94780726,,2025-01-28,2026-06-06,,TDBK,INVESTEC BANK LIMITED,2026-07-01,Repo,B843,2026-07-28,REPO,FIN,CALYPSOIFI,Repo,,2026-07-01
91451340,,2026-10-09,2026-05-28,2026-01-27,TDBK,MORGAN STANLEY INTL,2026-07-01,Repo,B913,2026-10-12,REPO,FIN,CALYPSOIFI,Rev_Repo,,2026-06-24
96103194,,2025-12-02,2026-05-08,2026-07-04,TDBK,SWISS LIFE AG,2026-07-01,Repo,B537,2026-01-10,REPO,FIN,CALYPSOIFI,Rev_Repo,,2026-06-10
92624980,,2025-04-27,2026-11-24,2026-08-15,TDBK,,2026-07-01,Repo,B673,2026-07-04,REPO,FIN,CALYPSOIFI,Rev_Repo,,2026-06-17
93391491,,2025-10-03,2026-08-27,2026-01-27,TDBK,CENTRAL 1 CREDIT UNION,2026-07-01,Repo,B530,2026-08-26,REPO,FIN,CALYPSOIFI,Rev_Repo,,2026-06-17
98234296,,2026-02-05,2026-07-06,2026-05-04,TDBK,CITIBANK NA,2026-07-01,Repo,B745,2026-09-03,REPO,FIN,CALYPSOIFI,Repo,,2026-07-01
93051931,,2026-03-23,2026-06-01,2026-04-23,TDBK,BANK OF NOVA SCOTIA,2026-07-01,,B903,2026-03-15,REPO,FIN,CALYPSOIFI,Repo,,2026-06-03
99626651,,2026-04-14,2026-10-03,2026-03-26,TDBK,INVESTEC BANK LIMITED,2026-07-01,Repo,B682,2026-03-26,REPO,FIN,CALYPSOIFI,Repo,,2026-06-03
99422930,,2025-10-22,2026-02-26,2026-06-22,TDBK,DEUTSCHE BANK A.G.,2026-07-01,Repo,B267,2026-10-13,REPO,FIN,CALYPSOIFI,Rev_Repo,,2026-06-24
97325191,,2025-04-03,2026-07-21,2026-06-19,TDBK,WELLINGTON GLOBAL EQUITY FUND 28R5,2026-07-01,Repo,B885,2026-09-11,,FIN,CALYPSOIFI,Rev_Repo,,2026-06-24
90997275,,2025-04-25,2026-02-19,2026-10-09,TDBK,WELLINGTON GLOBAL EQUITY FUND 28R5,2026-07-01,Repo,B169,2026-12-10,REPO,,CALYPSOIFI,Repo,,2026-06-24
93420166,,2025-05-26,2026-02-15,2026-04-20,TDBK,DEUTSCHE BANK A.G.,2026-07-01,Repo,B793,2026-02-05,REPO,FIN,CALYPSOIFI,Repo,,2026-07-01
93807188,,2025-07-11,2026-03-01,2026-01-09,TDBK,SWISS LIFE AG,2026-07-01,Repo,B854,2026-12-19,REPO,FIN,CALYPSOIFI,Repo,,2026-06-10
98354923,,2025-08-08,2026-06-14,2026-08-09,TDBK,SWISS LIFE AG,2026-07-01,,B331,2026-12-05,REPO,FIN,CALYPSOIFI,Rev_Repo,,2026-06-24
94477262,,2025-07-04,2026-06-19,2026-01-22,TDBK,BANCO HABITAT,2026-07-01,Repo,B385,2026-01-12,REPO,FIN,CALYPSOIFI,Rev_Repo,,2026-06-10
97727554,,2025-07-28,2026-08-19,2026-04-18,TDBK,BIMCOR INC,2026-07-01,Repo,B201,2026-07-05,REPO,FIN,CALYPSOIFI,Rev_Repo,,2026-06-24
94835706,,2025-01-04,2026-02-22,2026-06-02,TDBK,INVESTEC BANK LIMITED,2026-07-01,Repo,B586,2026-05-09,REPO,FIN,CALYPSOIFI,Repo,,2026-06-03
93365986,,2026-06-19,2026-05-26,2026-12-15,TDBK,,2026-07-01,Repo,B382,2026-09-13,REPO,FIN,CALYPSOIFI,Repo,,2026-06-17
91533535,,2025-06-07,2026-11-06,2026-01-28,TDBK,BIMCOR INC,2026-07-01,Repo,B165,2026-03-08,REPO,FIN,CALYPSOIFI,Repo,,2026-07-01
97394164,,2026-04-17,2026-01-16,2026-05-18,TDBK,,2026-07-01,Repo,B899,2026-05-21,REPO,FIN,CALYPSOIFI,Rev_Repo,,2026-06-24
93909567,,2025-03-24,2026-10-08,2026-03-09,TDBK,,2026-07-01,Repo,B891,2026-03-26,,FIN,CALYPSOIFI,Rev_Repo,,2026-06-24
93515134,,2025-04-24,2026-08-18,2026-06-26,TDBK,INVESTEC BANK LIMITED,2026-07-01,Repo,B849,2026-05-26,,FIN,CALYPSOIFI,Rev_Repo,,2026-07-01
91847952,,2026-04-04,2026-10-14,2026-08-22,TDBK,WELLINGTON GLOBAL EQUITY FUND 28R5,2026-07-01,Repo,B995,2026-07-13,REPO,FIN,CALYPSOIFI,Repo,,2026-06-10
96786127,,2026-08-14,2026-05-03,2026-10-13,TDBK,BANCO HABITAT,2026-07-01,Repo,B249,2026-02-22,REPO,FIN,CALYPSOIFI,Repo,,2026-06-10
94988760,,2025-01-28,2026-02-09,2026-01-26,TDBK,CITIBANK NA,2026-07-01,Repo,B364,2026-12-03,REPO,,CALYPSOIFI,Rev_Repo,,2026-06-24
90556799,,2025-11-19,2026-08-12,2026-07-19,TDBK,DEUTSCHE BANK A.G.,2026-07-01,Repo,B417,2026-01-06,REPO,FIN,CALYPSOIFI,Rev_Repo,,2026-07-01
98029227,,2026-07-06,2026-08-12,2026-10-11,TDBK,BIMCOR INC,2026-07-01,Repo,B168,2026-04-07,REPO,,CALYPSOIFI,Rev_Repo,,2026-07-01
93792055,,2025-09-26,2026-03-03,2026-04-26,TDBK,BANCO HABITAT,2026-07-01,Repo,B702,2026-01-18,REPO,FIN,CALYPSOIFI,Repo,,2026-06-03
92249646,,2025-07-19,2026-06-06,2026-06-08,TDBK,BANK OF NOVA SCOTIA,2026-07-01,Repo,B800,2026-08-04,REPO,FIN,CALYPSOIFI,Rev_Repo,,2026-06-10
99950271,,2026-03-19,2026-07-23,2026-01-01,TDBK,DEUTSCHE BANK A.G.,2026-07-01,Repo,B471,2026-08-23,REPO,FIN,CALYPSOIFI,Rev_Repo,,2026-06-03
97420082,,2026-12-04,2026-02-24,2026-02-09,TDBK,BIMCOR INC,2026-07-01,Repo,B649,2026-09-20,,FIN,CALYPSOIFI,Rev_Repo,,2026-06-17
90887481,,2025-02-05,2026-08-17,2026-04-26,TDBK,BIMCOR INC,2026-07-01,,B410,2026-08-03,,FIN,CALYPSOIFI,Rev_Repo,,2026-07-01
90746430,,2025-10-02,2026-07-07,2026-09-21,TDBK,CENTRAL 1 CREDIT UNION,2026-07-01,Repo,B274,2026-07-09,REPO,FIN,CALYPSOIFI,Rev_Repo,,2026-06-24
92653769,,2025-07-10,2026-08-27,2026-09-21,TDBK,BANCO HABITAT,2026-07-01,Repo,B992,2026-09-12,REPO,FIN,CALYPSOIFI,Rev_Repo,,2026-06-10
91986314,,2026-12-13,2026-08-07,2026-12-22,TDBK,,2026-07-01,Repo,B604,2026-05-23,REPO,FIN,CALYPSOIFI,Rev_Repo,,2026-06-24
98153721,,2025-09-05,2026-07-17,2026-06-15,TDBK,WELLINGTON GLOBAL EQUITY FUND 28R5,2026-07-01,Repo,B705,2026-04-18,REPO,FIN,CALYPSOIFI,Rev_Repo,,2026-06-24
96386495,,2026-09-28,2026-08-03,2026-03-11,TDBK,BANCO HABITAT,2026-07-01,Repo,B154,2026-03-22,REPO,FIN,CALYPSOIFI,Rev_Repo,,2026-06-24
94861140,,2025-05-18,2026-02-04,2026-08-13,TDBK,BANCO HABITAT,2026-07-01,Repo,B437,2026-06-24,REPO,FIN,CALYPSOIFI,Repo,,2026-06-17
93547310,,2025-09-14,2026-04-19,2026-09-14,TDBK,SWISS LIFE AG,2026-07-01,Repo,B226,2026-02-23,REPO,FIN,CALYPSOIFI,Rev_Repo,,2026-06-03
90918012,,2025-12-15,2026-04-12,2026-07-07,TDBK,WELLINGTON GLOBAL EQUITY FUND 28R5,2026-07-01,Repo,B389,2026-05-18,REPO,FIN,CALYPSOIFI,Repo,,2026-06-24
91379211,,2025-08-20,2026-12-21,2026-12-27,TDBK,SWISS LIFE AG,2026-07-01,Repo,B892,2026-10-06,REPO,FIN,CALYPSOIFI,Rev_Repo,,2026-06-10
90280608,,2025-11-05,2026-05-19,2026-01-02,TDBK,SWISS LIFE AG,2026-07-01,Repo,B567,2026-11-05,REPO,FIN,CALYPSOIFI,Repo,,2026-06-24
99362068,,2026-03-20,2026-04-07,2026-08-21,TDBK,BIMCOR INC,2026-07-01,Repo,B720,2026-07-04,REPO,FIN,CALYPSOIFI,Repo,,2026-06-17
90811912,,2026-11-16,2026-01-14,2026-08-24,TDBK,BANK OF NOVA SCOTIA,2026-07-01,Repo,B325,2026-08-03,REPO,FIN,CALYPSOIFI,Rev_Repo,,2026-06-24
98748188,,2026-02-19,2026-08-08,2026-04-21,TDBK,SWISS LIFE AG,2026-07-01,Repo,B879,2026-11-24,REPO,,CALYPSOIFI,Repo,,2026-06-03
94318286,,2026-04-24,2026-03-03,2026-11-09,TDBK,DEUTSCHE BANK A.G.,2026-07-01,Repo,B660,2026-01-01,REPO,FIN,CALYPSOIFI,Rev_Repo,,2026-06-10
90932452,,2025-10-16,2026-07-16,2026-02-14,TDBK,,2026-07-01,Repo,B192,2026-01-25,,FIN,CALYPSOIFI,Rev_Repo,,2026-06-10
98199971,,2025-10-26,2026-08-24,2026-10-15,TDBK,CITIBANK NA,2026-07-01,Repo,B398,2026-01-13,REPO,FIN,CALYPSOIFI,Rev_Repo,,2026-06-24
94400743,,2025-06-09,2026-06-05,2026-05-09,TDBK,,2026-07-01,Repo,B995,2026-08-08,REPO,FIN,CALYPSOIFI,Rev_Repo,,2026-07-01
96916116,,2025-11-03,2026-11-18,2026-10-12,TDBK,CENTRAL 1 CREDIT UNION,2026-07-01,Repo,B412,2026-08-11,REPO,FIN,CALYPSOIFI,Repo,,2026-06-10
95709013,,2025-05-25,2026-10-22,2026-09-06,TDBK,CENTRAL 1 CREDIT UNION,2026-07-01,Repo,B942,2026-01-10,REPO,FIN,CALYPSOIFI,Rev_Repo,,2026-06-03
93246792,,2026-11-16,2026-11-07,2026-11-02,TDBK,DEUTSCHE BANK A.G.,2026-07-01,Repo,B330,2026-09-12,REPO,FIN,CALYPSOIFI,Repo,,2026-06-24
93324963,,2026-06-18,2026-02-12,2026-06-01,TDBK,MORGAN STANLEY INTL,2026-07-01,Repo,B461,2026-10-21,REPO,FIN,CALYPSOIFI,Repo,,2026-06-03
98121685,,2026-11-24,2026-09-20,2026-11-28,TDBK,WELLINGTON GLOBAL EQUITY FUND 28R5,2026-07-01,Repo,B299,2026-01-18,REPO,,CALYPSOIFI,Repo,,2026-06-17
93457675,,2025-11-17,2026-04-05,2026-07-18,TDBK,CENTRAL 1 CREDIT UNION,2026-07-01,Repo,B996,2026-09-21,REPO,FIN,CALYPSOIFI,Rev_Repo,,2026-06-10
97512803,,2026-06-15,2026-01-23,2026-04-13,TDBK,SWISS LIFE AG,2026-07-01,,B413,2026-11-26,REPO,FIN,CALYPSOIFI,Rev_Repo,,2026-07-01
90015795,,2025-10-06,2026-01-08,2026-07-04,TDBK,CENTRAL 1 CREDIT UNION,2026-07-01,Repo,B263,2026-01-14,REPO,FIN,CALYPSOIFI,Repo,,2026-06-24
90732806,,2026-05-19,2026-05-06,2026-12-05,TDBK,BIMCOR INC,2026-07-01,Repo,B374,2026-01-13,REPO,FIN,CALYPSOIFI,Rev_Repo,,2026-06-17
98809302,,2026-07-16,2026-06-09,2026-03-19,TDBK,BIMCOR INC,2026-07-01,,B380,2026-06-19,REPO,FIN,CALYPSOIFI,Repo,,2026-06-24
91332054,,2026-06-05,2026-02-25,2026-12-16,TDBK,INVESTEC BANK LIMITED,2026-07-01,Repo,B829,2026-08-22,REPO,FIN,CALYPSOIFI,Rev_Repo,,2026-06-03
98839745,,2025-08-08,2026-10-14,,TDBK,CENTRAL 1 CREDIT UNION,2026-07-01,Repo,B332,2026-07-08,REPO,FIN,CALYPSOIFI,Repo,,2026-06-17
97467547,,2025-05-22,2026-08-12,2026-02-12,TDBK,MORGAN STANLEY INTL,2026-07-01,Repo,B232,2026-02-22,,FIN,CALYPSOIFI,Repo,,2026-07-01
97667120,,2025-09-11,2026-11-26,,TDBK,DEUTSCHE BANK A.G.,2026-07-01,Repo,B575,2026-10-02,REPO,FIN,CALYPSOIFI,Repo,,2026-06-03
98577484,,2025-10-10,2026-08-28,2026-05-24,TDBK,INVESTEC BANK LIMITED,2026-07-01,,B486,2026-03-10,REPO,FIN,CALYPSOIFI,Repo,,2026-06-17
98763687,,2026-05-28,2026-06-07,2026-10-28,TDBK,BANCO HABITAT,2026-07-01,Repo,B777,2026-12-11,REPO,FIN,CALYPSOIFI,Repo,,2026-06-10
96440782,,2026-12-17,2026-04-25,2026-06-15,TDBK,INVESTEC BANK LIMITED,2026-07-01,Repo,B490,2026-03-27,REPO,FIN,CALYPSOIFI,Repo,,2026-06-17
97701864,,2026-08-10,2026-02-08,2026-02-22,TDBK,BANK OF NOVA SCOTIA,2026-07-01,Repo,B733,2026-11-10,REPO,FIN,CALYPSOIFI,Rev_Repo,,2026-06-17
97445557,,2026-03-03,2026-01-12,2026-03-22,TDBK,CITIBANK NA,2026-07-01,Repo,B278,2026-11-01,REPO,FIN,CALYPSOIFI,Repo,,2026-06-10
99586295,,2026-12-26,2026-08-18,2026-06-05,TDBK,INVESTEC BANK LIMITED,2026-07-01,Repo,B968,2026-09-03,REPO,FIN,CALYPSOIFI,Repo,,2026-06-10
95007196,,2026-08-22,2026-01-22,2026-03-01,TDBK,BIMCOR INC,2026-07-01,Repo,B535,2026-02-28,REPO,FIN,CALYPSOIFI,Rev_Repo,,2026-06-17
91537294,,2026-12-17,2026-11-14,2026-11-28,TDBK,BANCO HABITAT,2026-07-01,Repo,B965,2026-01-28,REPO,FIN,CALYPSOIFI,Repo,,2026-06-10
98303957,,2026-11-22,2026-10-03,2026-04-22,TDBK,CENTRAL 1 CREDIT UNION,2026-07-01,Repo,B206,2026-07-17,REPO,FIN,CALYPSOIFI,Repo,,2026-06-10
94442197,,2026-07-25,2026-02-17,2026-11-27,TDBK,SWISS LIFE AG,2026-07-01,Repo,B418,2026-11-16,REPO,FIN,CALYPSOIFI,Rev_Repo,,2026-07-01
91086058,,2025-11-11,2026-11-05,2026-04-15,TDBK,CITIBANK NA,2026-07-01,Repo,B757,2026-07-07,REPO,FIN,CALYPSOIFI,Rev_Repo,,2026-07-01
97253867,,2025-11-17,2026-11-21,2026-12-03,TDBK,CENTRAL 1 CREDIT UNION,2026-07-01,Repo,B385,2026-07-24,REPO,FIN,CALYPSOIFI,Rev_Repo,,2026-06-17
98903913,,2025-11-14,2026-01-03,2026-04-03,TDBK,MORGAN STANLEY INTL,2026-07-01,Repo,B802,2026-05-03,REPO,FIN,CALYPSOIFI,Rev_Repo,,2026-06-24
95546034,,2026-07-13,2026-12-16,2026-10-05,TDBK,BANK OF NOVA SCOTIA,2026-07-01,Repo,B668,2026-06-11,REPO,,CALYPSOIFI,Rev_Repo,,2026-06-10
98398585,,2026-11-25,2026-10-01,2026-05-07,TDBK,BANCO HABITAT,2026-07-01,Repo,B254,2026-09-09,REPO,FIN,CALYPSOIFI,Repo,,2026-07-01
94393643,,2025-03-17,2026-05-18,2026-09-15,TDBK,BANK OF NOVA SCOTIA,2026-07-01,Repo,B119,2026-10-04,REPO,FIN,CALYPSOIFI,Repo,,2026-06-17
93308865,,2025-11-23,2026-09-05,2026-08-19,TDBK,INVESTEC BANK LIMITED,2026-07-01,Repo,B918,2026-05-12,REPO,FIN,CALYPSOIFI,Rev_Repo,,2026-07-01
92563655,,2025-08-20,2026-03-11,2026-10-11,TDBK,BANCO HABITAT,2026-07-01,Repo,B869,2026-05-01,REPO,FIN,CALYPSOIFI,Repo,,2026-06-24
98583219,,2026-11-05,2026-02-14,2026-08-04,TDBK,,2026-07-01,Repo,B647,2026-03-02,REPO,FIN,CALYPSOIFI,Rev_Repo,,2026-06-10
99322741,,2026-12-13,2026-09-20,2026-05-07,TDBK,WELLINGTON GLOBAL EQUITY FUND 28R5,2026-07-01,Repo,B331,2026-01-15,REPO,FIN,CALYPSOIFI,Rev_Repo,,2026-07-01
97960368,,2025-03-22,2026-05-16,2026-01-01,TDBK,BANK OF NOVA SCOTIA,2026-07-01,Repo,B277,2026-12-03,REPO,FIN,CALYPSOIFI,Rev_Repo,,2026-07-01
90896697,,2026-12-17,2026-06-10,2026-09-05,TDBK,DEUTSCHE BANK A.G.,2026-07-01,Repo,B747,2026-11-20,REPO,FIN,CALYPSOIFI,Repo,,2026-06-17
94554815,,2025-10-12,2026-03-14,2026-12-13,TDBK,CENTRAL 1 CREDIT UNION,2026-07-01,Repo,B114,2026-10-21,REPO,FIN,CALYPSOIFI,Repo,,2026-06-17
94784053,,2026-08-26,2026-02-03,2026-12-15,TDBK,WELLINGTON GLOBAL EQUITY FUND 28R5,2026-07-01,Repo,B869,2026-05-23,REPO,FIN,CALYPSOIFI,Rev_Repo,,2026-06-24
90680712,,2026-04-05,2026-06-20,2026-01-07,TDBK,MORGAN STANLEY INTL,2026-07-01,Repo,B914,2026-02-22,REPO,FIN,CALYPSOIFI,Rev_Repo,,2026-06-03
93195028,,2026-10-28,2026-09-20,2026-11-20,TDBK,CENTRAL 1 CREDIT UNION,2026-07-01,,B764,2026-08-07,REPO,FIN,CALYPSOIFI,Rev_Repo,,2026-06-10
94827058,,2026-08-28,2026-09-23,2026-11-13,TDBK,BANK OF NOVA SCOTIA,2026-07-01,Repo,B396,2026-08-19,REPO,FIN,CALYPSOIFI,Rev_Repo,,2026-06-10
98603209,,2025-09-18,2026-01-27,2026-09-14,TDBK,BANK OF NOVA SCOTIA,2026-07-01,Repo,B767,2026-01-13,REPO,,CALYPSOIFI,Repo,,2026-07-01
98130613,,2026-04-17,2026-09-02,2026-09-06,TDBK,BIMCOR INC,2026-07-01,Repo,B725,2026-10-03,REPO,FIN,CALYPSOIFI,Repo,,2026-07-01
90365939,,2025-09-12,2026-06-20,2026-08-09,TDBK,,2026-07-01,Repo,B234,2026-09-15,,FIN,CALYPSOIFI,Rev_Repo,,2026-06-10
93065170,,2025-09-16,2026-08-13,,TDBK,BIMCOR INC,2026-07-01,Repo,B509,2026-05-26,REPO,FIN,CALYPSOIFI,Repo,,2026-06-24
98441376,,2026-05-28,2026-07-08,2026-12-13,TDBK,CENTRAL 1 CREDIT UNION,2026-07-01,Repo,B799,2026-06-26,REPO,FIN,CALYPSOIFI,Repo,,2026-06-10
96961496,,2025-03-19,2026-09-26,2026-09-20,TDBK,BANCO HABITAT,2026-07-01,Repo,B852,2026-10-15,REPO,FIN,CALYPSOIFI,Rev_Repo,,2026-06-24
90326170,,2025-12-21,2026-08-15,2026-06-18,TDBK,BANK OF NOVA SCOTIA,2026-07-01,Repo,B448,2026-02-11,REPO,FIN,CALYPSOIFI,Rev_Repo,,2026-06-03
99299929,,2025-08-09,2026-01-12,2026-02-09,TDBK,BIMCOR INC,2026-07-01,Repo,B486,2026-11-27,REPO,FIN,CALYPSOIFI,Rev_Repo,,2026-06-17
91124361,,2025-05-02,2026-09-13,2026-02-17,TDBK,CENTRAL 1 CREDIT UNION,2026-07-01,Repo,B236,2026-01-06,REPO,FIN,CALYPSOIFI,Repo,,2026-06-03
92802119,,2026-09-18,2026-12-08,2026-08-16,TDBK,BIMCOR INC,2026-07-01,Repo,B747,2026-05-14,REPO,FIN,CALYPSOIFI,Repo,,2026-07-01
92952636,,2026-07-20,2026-10-05,2026-01-17,TDBK,CENTRAL 1 CREDIT UNION,2026-07-01,Repo,B241,2026-09-09,REPO,FIN,CALYPSOIFI,Rev_Repo,,2026-06-10
93571083,,2026-06-01,2026-12-14,2026-03-28,TDBK,CENTRAL 1 CREDIT UNION,2026-07-01,Repo,B413,2026-06-08,REPO,FIN,CALYPSOIFI,Repo,,2026-06-17
94010058,,2026-08-01,2026-02-09,2026-11-09,TDBK,INVESTEC BANK LIMITED,2026-07-01,Repo,B350,2026-09-03,REPO,FIN,CALYPSOIFI,Rev_Repo,,2026-06-24
92556442,,2025-03-28,2026-06-28,2026-09-11,TDBK,BIMCOR INC,2026-07-01,Repo,B409,2026-12-20,REPO,,CALYPSOIFI,Repo,,2026-07-01
90556588,,2025-06-26,2026-03-21,2026-02-09,TDBK,DEUTSCHE BANK A.G.,2026-07-01,,B680,2026-09-23,,FIN,CALYPSOIFI,Repo,,2026-06-17
90967769,,2025-06-03,2026-07-23,2026-02-21,TDBK,INVESTEC BANK LIMITED,2026-07-01,Repo,B167,2026-11-25,REPO,FIN,CALYPSOIFI,Rev_Repo,,2026-06-24
94648944,,2026-08-19,2026-02-23,2026-01-04,TDBK,CITIBANK NA,2026-07-01,Repo,B931,2026-03-14,REPO,FIN,CALYPSOIFI,Rev_Repo,,2026-06-24
94942234,,2026-11-14,2026-12-01,2026-03-10,TDBK,MORGAN STANLEY INTL,2026-07-01,Repo,B799,2026-05-22,REPO,FIN,CALYPSOIFI,Repo,,2026-06-10
95997575,,2026-12-16,2026-08-17,2026-05-27,TDBK,CITIBANK NA,2026-07-01,Repo,B791,2026-02-20,REPO,FIN,CALYPSOIFI,Rev_Repo,,2026-06-24
97005372,,2025-04-16,2026-01-23,2026-06-14,TDBK,MORGAN STANLEY INTL,2026-07-01,Repo,B912,2026-06-10,REPO,FIN,CALYPSOIFI,Repo,,2026-06-24
93665456,,2026-02-08,2026-09-27,2026-10-19,TDBK,BIMCOR INC,2026-07-01,,B544,2026-04-24,REPO,FIN,CALYPSOIFI,Repo,,2026-06-17
98464524,,2025-09-26,2026-10-23,2026-10-25,TDBK,SWISS LIFE AG,2026-07-01,Repo,B538,2026-06-24,,FIN,CALYPSOIFI,Repo,,2026-07-01
93315860,,2026-09-05,2026-12-17,,TDBK,,2026-07-01,Repo,B493,2026-09-25,REPO,FIN,CALYPSOIFI,Repo,,2026-06-03
95783438,,2026-01-14,2026-05-19,2026-02-11,TDBK,SWISS LIFE AG,2026-07-01,Repo,B871,2026-01-11,REPO,FIN,CALYPSOIFI,Repo,,2026-06-24
95509682,,2026-06-03,2026-12-06,,TDBK,WELLINGTON GLOBAL EQUITY FUND 28R5,2026-07-01,Repo,B142,2026-12-07,REPO,FIN,CALYPSOIFI,Rev_Repo,,2026-06-24
97252899,,2026-04-19,2026-06-01,2026-01-20,TDBK,CENTRAL 1 CREDIT UNION,2026-07-01,Repo,B218,2026-12-26,REPO,FIN,CALYPSOIFI,Rev_Repo,,2026-06-10
90171243,,2025-09-04,2026-07-16,2026-08-15,TDBK,CITIBANK NA,2026-07-01,Repo,B420,2026-11-13,REPO,FIN,CALYPSOIFI,Rev_Repo,,2026-07-01
97578290,,2025-03-18,2026-08-18,2026-01-11,TDBK,CITIBANK NA,2026-07-01,Repo,B924,2026-05-16,REPO,FIN,CALYPSOIFI,Repo,,2026-06-03
94831884,,2025-12-13,2026-04-05,2026-04-16,TDBK,,2026-07-01,Repo,B990,2026-08-12,REPO,FIN,CALYPSOIFI,Repo,,2026-07-01
96243466,,2026-10-11,2026-12-09,2026-01-01,TDBK,SWISS LIFE AG,2026-07-01,Repo,B828,2026-08-11,REPO,FIN,CALYPSOIFI,Rev_Repo,,2026-06-24
99922247,,2025-06-04,2026-04-27,2026-02-19,TDBK,,2026-07-01,Repo,B506,2026-01-20,REPO,FIN,CALYPSOIFI,Rev_Repo,,2026-06-24
97347588,,2025-09-18,2026-05-13,2026-05-10,TDBK,BIMCOR INC,2026-07-01,Repo,B713,2026-11-08,REPO,FIN,CALYPSOIFI,Repo,,2026-06-03
95797150,,2026-10-24,2026-04-20,2026-02-16,TDBK,BANK OF NOVA SCOTIA,2026-07-01,Repo,B217,2026-08-22,REPO,FIN,CALYPSOIFI,Repo,,2026-06-24
90147643,,2025-05-03,2026-05-05,,TDBK,BANCO HABITAT,2026-07-01,Repo,B557,2026-02-05,REPO,FIN,CALYPSOIFI,Repo,,2026-06-17
93717066,,2026-02-16,2026-07-14,2026-10-25,TDBK,BANCO HABITAT,2026-07-01,Repo,B345,2026-02-19,REPO,FIN,CALYPSOIFI,Repo,,2026-07-01
99364941,,2026-08-07,2026-02-12,2026-01-07,TDBK,BIMCOR INC,2026-07-01,Repo,B661,2026-05-16,REPO,FIN,CALYPSOIFI,Rev_Repo,,2026-07-01
90290449,,2025-04-05,2026-08-12,2026-11-15,TDBK,BIMCOR INC,2026-07-01,Repo,B723,2026-12-09,REPO,FIN,CALYPSOIFI,Rev_Repo,,2026-06-24
91619270,,2025-12-09,2026-05-19,2026-01-11,TDBK,WELLINGTON GLOBAL EQUITY FUND 28R5,2026-07-01,Repo,B514,2026-03-23,REPO,FIN,CALYPSOIFI,Repo,,2026-06-10
99341437,,2026-12-17,2026-06-05,2026-04-24,TDBK,BIMCOR INC,2026-07-01,Repo,B752,2026-09-13,REPO,FIN,CALYPSOIFI,Repo,,2026-06-24
99247972,,2026-04-05,2026-06-19,2026-01-27,TDBK,INVESTEC BANK LIMITED,2026-07-01,Repo,B674,2026-03-26,REPO,FIN,CALYPSOIFI,Rev_Repo,,2026-07-01
98347580,,2025-11-28,2026-10-21,2026-10-14,TDBK,BIMCOR INC,2026-07-01,Repo,B380,2026-12-09,REPO,FIN,CALYPSOIFI,Rev_Repo,,2026-07-01
93686471,,2025-06-24,2026-12-02,2026-01-21,TDBK,BIMCOR INC,2026-07-01,Repo,B728,2026-05-14,REPO,FIN,CALYPSOIFI,Rev_Repo,,2026-06-10
96912508,,2026-11-04,2026-08-07,2026-01-26,TDBK,BANCO HABITAT,2026-07-01,Repo,B871,2026-01-15,REPO,FIN,CALYPSOIFI,Rev_Repo,,2026-06-24
99229189,,2025-01-03,2026-08-19,2026-11-20,TDBK,BANK OF NOVA SCOTIA,2026-07-01,Repo,B690,2026-10-18,REPO,FIN,CALYPSOIFI,Rev_Repo,,2026-06-17
92334035,,2025-11-19,2026-10-15,2026-05-05,TDBK,SWISS LIFE AG,2026-07-01,Repo,B996,2026-01-23,REPO,FIN,CALYPSOIFI,Repo,,2026-06-17
95986033,,2025-08-19,2026-01-07,2026-04-17,TDBK,DEUTSCHE BANK A.G.,2026-07-01,Repo,B605,2026-12-25,REPO,FIN,CALYPSOIFI,Repo,,2026-06-17
94021745,,2026-07-19,2026-07-11,2026-05-20,TDBK,DEUTSCHE BANK A.G.,2026-07-01,Repo,B868,2026-08-06,,FIN,CALYPSOIFI,Rev_Repo,,2026-06-17
97128399,,2026-05-19,2026-08-03,,TDBK,MORGAN STANLEY INTL,2026-07-01,Repo,B353,2026-09-19,REPO,,CALYPSOIFI,Rev_Repo,,2026-06-24
92162941,,2025-09-27,2026-08-21,2026-09-07,TDBK,INVESTEC BANK LIMITED,2026-07-01,Repo,B199,2026-12-03,REPO,FIN,CALYPSOIFI,Rev_Repo,,2026-06-03
95053583,,2026-09-18,2026-07-20,2026-12-07,TDBK,BANCO HABITAT,2026-07-01,Repo,B660,2026-08-25,REPO,FIN,CALYPSOIFI,Repo,,2026-07-01
94520921,,2026-06-17,2026-06-20,2026-08-16,TDBK,INVESTEC BANK LIMITED,2026-07-01,Repo,B516,2026-03-03,REPO,FIN,CALYPSOIFI,Rev_Repo,,2026-07-01
97874390,,2026-03-05,2026-12-19,2026-04-20,TDBK,WELLINGTON GLOBAL EQUITY FUND 28R5,2026-07-01,Repo,B431,2026-09-15,REPO,FIN,CALYPSOIFI,Rev_Repo,,2026-06-17
99589086,,2026-08-08,2026-02-19,2026-01-24,TDBK,CENTRAL 1 CREDIT UNION,2026-07-01,Repo,B585,2026-03-28,REPO,FIN,CALYPSOIFI,Repo,,2026-06-03
97002672,,2025-01-06,2026-07-28,2026-03-10,TDBK,INVESTEC BANK LIMITED,2026-07-01,Repo,B457,2026-12-22,REPO,FIN,CALYPSOIFI,Rev_Repo,,2026-06-24
90842741,,2025-03-12,2026-02-06,2026-01-18,TDBK,SWISS LIFE AG,2026-07-01,Repo,B509,2026-02-16,REPO,FIN,CALYPSOIFI,Rev_Repo,,2026-06-10
90941897,,2026-09-04,2026-05-07,2026-10-24,TDBK,SWISS LIFE AG,2026-07-01,Repo,B885,2026-05-25,REPO,FIN,CALYPSOIFI,Repo,,2026-06-24
94452573,,2025-10-25,2026-09-07,2026-11-12,TDBK,,2026-07-01,Repo,B486,2026-05-22,REPO,FIN,CALYPSOIFI,Repo,,2026-06-17
90660611,,2025-08-23,2026-04-05,2026-12-13,TDBK,BANCO HABITAT,2026-07-01,Repo,B140,2026-04-12,REPO,FIN,CALYPSOIFI,Rev_Repo,,2026-06-03
99169800,,2025-04-02,2026-11-08,,TDBK,SWISS LIFE AG,2026-07-01,Repo,B774,2026-04-20,REPO,FIN,CALYPSOIFI,Rev_Repo,,2026-06-10
93493979,,2025-08-15,2026-03-24,2026-09-05,TDBK,SWISS LIFE AG,2026-07-01,Repo,B727,2026-06-04,REPO,FIN,CALYPSOIFI,Rev_Repo,,2026-06-10
99228995,,2026-06-03,2026-12-21,2026-12-05,TDBK,BANCO HABITAT,2026-07-01,Repo,B394,2026-04-03,REPO,FIN,CALYPSOIFI,Repo,,2026-06-17
99743525,,2025-01-14,2026-12-21,2026-03-06,TDBK,SWISS LIFE AG,2026-07-01,Repo,B269,2026-01-17,REPO,FIN,CALYPSOIFI,Rev_Repo,,2026-06-10
97357324,,2025-07-07,2026-11-10,,TDBK,SWISS LIFE AG,2026-07-01,,B337,2026-03-03,REPO,FIN,CALYPSOIFI,Rev_Repo,,2026-07-01
98304350,,2026-09-26,2026-05-05,2026-04-28,TDBK,BIMCOR INC,2026-07-01,Repo,B830,2026-08-09,REPO,FIN,CALYPSOIFI,Rev_Repo,,2026-06-03
99943793,,2025-09-19,2026-06-07,2026-06-13,TDBK,CENTRAL 1 CREDIT UNION,2026-07-01,Repo,B901,2026-02-14,REPO,FIN,CALYPSOIFI,Rev_Repo,,2026-06-24
94282312,,2025-09-24,2026-09-23,2026-07-14,TDBK,CITIBANK NA,2026-07-01,Repo,B341,2026-05-04,REPO,FIN,CALYPSOIFI,Rev_Repo,,2026-06-10
92653249,,2026-01-14,2026-11-21,2026-04-23,TDBK,DEUTSCHE BANK A.G.,2026-07-01,Repo,B807,2026-06-12,REPO,FIN,CALYPSOIFI,Repo,,2026-06-10
94323258,,2026-02-22,2026-04-19,2026-01-07,TDBK,BANK OF NOVA SCOTIA,2026-07-01,,B741,2026-04-23,REPO,FIN,CALYPSOIFI,Repo,,2026-06-24
96164985,,2026-04-11,2026-10-25,2026-05-02,TDBK,DEUTSCHE BANK A.G.,2026-07-01,Repo,B928,2026-10-28,REPO,FIN,CALYPSOIFI,Repo,,2026-06-24
99068741,,2025-11-21,2026-10-16,2026-08-13,TDBK,INVESTEC BANK LIMITED,2026-07-01,Repo,B953,2026-08-06,REPO,FIN,CALYPSOIFI,Repo,,2026-06-24
98166553,,2026-02-20,2026-04-27,2026-07-20,TDBK,BIMCOR INC,2026-07-01,Repo,B805,2026-11-27,REPO,FIN,CALYPSOIFI,Rev_Repo,,2026-07-01
99396458,,2026-09-15,2026-09-25,2026-06-09,TDBK,DEUTSCHE BANK A.G.,2026-07-01,Repo,B272,2026-03-09,REPO,FIN,CALYPSOIFI,Repo,,2026-06-17
95933799,,2026-12-25,2026-06-11,2026-10-14,TDBK,WELLINGTON GLOBAL EQUITY FUND 28R5,2026-07-01,Repo,B665,2026-03-17,REPO,FIN,CALYPSOIFI,Repo,,2026-06-10
94419597,,2025-09-12,2026-05-25,2026-11-11,TDBK,,2026-07-01,Repo,B420,2026-09-26,REPO,FIN,CALYPSOIFI,Rev_Repo,,2026-06-10
99085435,,2026-12-22,2026-09-25,2026-03-21,TDBK,CENTRAL 1 CREDIT UNION,2026-07-01,Repo,B569,2026-07-21,REPO,FIN,CALYPSOIFI,Repo,,2026-06-03
95266232,,2026-01-02,2026-01-25,2026-07-09,TDBK,CITIBANK NA,2026-07-01,Repo,B326,2026-02-03,REPO,FIN,CALYPSOIFI,Rev_Repo,,2026-06-10
91168947,,2026-10-26,2026-05-16,2026-02-28,TDBK,BANCO HABITAT,2026-07-01,Repo,B876,2026-01-18,REPO,FIN,CALYPSOIFI,Rev_Repo,,2026-07-01
99910832,,2025-03-01,2026-07-15,2026-04-13,TDBK,,2026-07-01,Repo,B322,2026-01-10,,FIN,CALYPSOIFI,Repo,,2026-06-17
95831379,,2025-05-26,2026-02-05,2026-09-26,TDBK,BANCO HABITAT,2026-07-01,Repo,B135,2026-01-12,REPO,FIN,CALYPSOIFI,Repo,,2026-06-24
97505686,,2026-08-23,2026-04-03,2026-06-09,TDBK,CITIBANK NA,2026-07-01,Repo,B726,2026-12-06,REPO,FIN,CALYPSOIFI,Repo,,2026-06-17
99711287,,2025-07-05,2026-03-02,2026-11-06,TDBK,CITIBANK NA,2026-07-01,Repo,B845,2026-02-27,REPO,FIN,CALYPSOIFI,Repo,,2026-06-17
95499788,,2026-02-07,2026-10-23,2026-09-28,TDBK,MORGAN STANLEY INTL,2026-07-01,Repo,B244,2026-03-20,REPO,FIN,CALYPSOIFI,Rev_Repo,,2026-06-17
98077165,,2026-01-12,2026-05-11,2026-05-04,TDBK,CENTRAL 1 CREDIT UNION,2026-07-01,Repo,B824,2026-07-09,REPO,FIN,CALYPSOIFI,Repo,,2026-06-10
99386755,,2026-01-13,2026-11-16,2026-06-26,TDBK,BANK OF NOVA SCOTIA,2026-07-01,Repo,B291,2026-03-02,REPO,FIN,CALYPSOIFI,Repo,,2026-06-24
96341254,,2026-10-09,2026-07-22,,TDBK,,2026-07-01,Repo,B804,2026-09-14,REPO,FIN,CALYPSOIFI,Repo,,2026-06-03
99675304,,2025-09-04,2026-04-11,2026-11-12,TDBK,CENTRAL 1 CREDIT UNION,2026-07-01,Repo,B156,2026-04-22,REPO,FIN,CALYPSOIFI,Rev_Repo,,2026-06-10
96779621,,2025-08-16,2026-11-18,2026-11-07,TDBK,WELLINGTON GLOBAL EQUITY FUND 28R5,2026-07-01,Repo,B311,2026-07-06,REPO,FIN,CALYPSOIFI,Repo,,2026-06-24
95689485,,2026-05-01,2026-12-28,2026-02-19,TDBK,CENTRAL 1 CREDIT UNION,2026-07-01,Repo,B267,2026-04-23,REPO,FIN,CALYPSOIFI,Rev_Repo,,2026-06-03
98092466,,2026-08-25,2026-08-13,,TDBK,DEUTSCHE BANK A.G.,2026-07-01,Repo,B271,2026-05-06,,FIN,CALYPSOIFI,Repo,,2026-06-17
90041132,,2025-04-21,2026-06-01,2026-12-13,TDBK,INVESTEC BANK LIMITED,2026-07-01,Repo,B860,2026-12-15,REPO,FIN,CALYPSOIFI,Rev_Repo,,2026-06-10
90017377,,2025-04-20,2026-01-22,,TDBK,WELLINGTON GLOBAL EQUITY FUND 28R5,2026-07-01,Repo,B496,2026-05-20,REPO,FIN,CALYPSOIFI,Rev_Repo,,2026-06-03
99482008,,2025-04-23,2026-10-18,2026-12-21,TDBK,MORGAN STANLEY INTL,2026-07-01,Repo,B344,2026-04-06,REPO,FIN,CALYPSOIFI,Repo,,2026-06-24
94572929,,2026-09-13,2026-04-09,2026-04-05,TDBK,CITIBANK NA,2026-07-01,Repo,B986,2026-10-27,REPO,FIN,CALYPSOIFI,Rev_Repo,,2026-06-17
92973489,,2026-09-25,2026-10-22,2026-08-09,TDBK,BIMCOR INC,2026-07-01,Repo,B964,2026-08-19,REPO,FIN,CALYPSOIFI,Rev_Repo,,2026-06-17
91008246,,2025-05-05,2026-09-22,2026-05-06,TDBK,CENTRAL 1 CREDIT UNION,2026-07-01,Repo,B989,2026-01-05,REPO,FIN,CALYPSOIFI,Rev_Repo,,2026-06-03
95761537,,2025-12-02,2026-09-11,2026-12-17,TDBK,CITIBANK NA,2026-07-01,Repo,B618,2026-12-23,REPO,FIN,CALYPSOIFI,Repo,,2026-06-10
99131352,,2026-10-03,2026-11-13,2026-12-07,TDBK,BANCO HABITAT,2026-07-01,Repo,B714,2026-09-02,REPO,FIN,CALYPSOIFI,Rev_Repo,,2026-07-01
93554697,,2026-10-14,2026-09-16,2026-11-09,TDBK,BIMCOR INC,2026-07-01,Repo,B153,2026-06-15,REPO,FIN,CALYPSOIFI,Rev_Repo,,2026-06-24
92000683,,2025-12-28,2026-11-26,2026-02-15,TDBK,CITIBANK NA,2026-07-01,Repo,B452,2026-06-09,REPO,FIN,CALYPSOIFI,Rev_Repo,,2026-06-17
95887680,,2026-05-22,2026-03-04,2026-08-25,TDBK,SWISS LIFE AG,2026-07-01,Repo,B244,2026-10-22,REPO,FIN,CALYPSOIFI,Rev_Repo,,2026-06-17
97025500,,2026-04-28,2026-06-28,2026-03-06,TDBK,DEUTSCHE BANK A.G.,2026-07-01,Repo,B357,2026-11-06,REPO,FIN,CALYPSOIFI,Repo,,2026-06-24
95489271,,2025-09-08,2026-06-18,2026-12-14,TDBK,MORGAN STANLEY INTL,2026-07-01,Repo,B617,2026-06-06,REPO,FIN,CALYPSOIFI,Rev_Repo,,2026-06-10
92784589,,2026-04-28,2026-01-26,2026-11-28,TDBK,MORGAN STANLEY INTL,2026-07-01,Repo,B705,2026-12-11,,FIN,CALYPSOIFI,Repo,,2026-06-24
94679172,,2026-01-13,2026-05-22,2026-07-02,TDBK,CITIBANK NA,2026-07-01,Repo,B828,2026-01-04,REPO,FIN,CALYPSOIFI,Rev_Repo,,2026-06-24
94217377,,2025-11-24,2026-06-19,2026-07-10,TDBK,WELLINGTON GLOBAL EQUITY FUND 28R5,2026-07-01,Repo,B226,2026-09-15,REPO,FIN,CALYPSOIFI,Rev_Repo,,2026-06-24
99538918,,2026-05-10,2026-03-13,2026-06-14,TDBK,WELLINGTON GLOBAL EQUITY FUND 28R5,2026-07-01,,B443,2026-06-06,REPO,FIN,CALYPSOIFI,Rev_Repo,,2026-06-03
93497793,,2025-08-09,2026-02-15,2026-03-25,TDBK,BIMCOR INC,2026-07-01,Repo,B639,2026-01-19,REPO,FIN,CALYPSOIFI,Repo,,2026-06-10
93725450,,2025-05-26,2026-05-07,2026-07-15,TDBK,CENTRAL 1 CREDIT UNION,2026-07-01,Repo,B634,2026-06-25,REPO,FIN,CALYPSOIFI,Rev_Repo,,2026-06-10
97927892,,2025-11-02,2026-03-21,,TDBK,DEUTSCHE BANK A.G.,2026-07-01,Repo,B350,2026-07-05,REPO,FIN,CALYPSOIFI,Rev_Repo,,2026-06-03
98444509,,2025-06-13,2026-07-26,2026-11-28,TDBK,DEUTSCHE BANK A.G.,2026-07-01,Repo,B959,2026-01-13,REPO,FIN,CALYPSOIFI,Repo,,2026-06-03
91736115,,2026-03-07,2026-11-06,2026-07-05,TDBK,BIMCOR INC,2026-07-01,Repo,B729,2026-03-07,REPO,,CALYPSOIFI,Repo,,2026-06-03
94506051,,2025-10-19,2026-11-12,2026-09-17,TDBK,CENTRAL 1 CREDIT UNION,2026-07-01,Repo,B908,2026-07-14,REPO,FIN,CALYPSOIFI,Rev_Repo,,2026-06-17
90976400,,2025-12-13,2026-01-18,2026-07-15,TDBK,INVESTEC BANK LIMITED,2026-07-01,Repo,B628,2026-07-20,REPO,,CALYPSOIFI,Repo,,2026-06-17
90334948,,2025-12-19,2026-10-18,2026-11-01,TDBK,BANCO HABITAT,2026-07-01,Repo,B454,2026-08-01,REPO,,CALYPSOIFI,Repo,,2026-06-03
99545863,,2026-11-10,2026-11-24,2026-10-15,TDBK,DEUTSCHE BANK A.G.,2026-07-01,Repo,B786,2026-05-10,,FIN,CALYPSOIFI,Repo,,2026-06-24
91049832,,2026-06-15,2026-01-14,2026-01-10,TDBK,BANCO HABITAT,2026-07-01,Repo,B769,2026-03-14,REPO,FIN,CALYPSOIFI,Rev_Repo,,2026-06-03
93284512,,2025-11-24,2026-12-27,2026-08-03,TDBK,DEUTSCHE BANK A.G.,2026-07-01,Repo,B629,2026-08-02,,FIN,CALYPSOIFI,Repo,,2026-06-17
90262382,,2025-06-03,2026-08-12,2026-07-08,TDBK,,2026-07-01,Repo,B414,2026-05-14,REPO,FIN,CALYPSOIFI,Rev_Repo,,2026-06-03
90960790,,2025-09-07,2026-04-21,2026-09-21,TDBK,BANK OF NOVA SCOTIA,2026-07-01,Repo,B114,2026-10-23,REPO,FIN,CALYPSOIFI,Rev_Repo,,2026-06-17
92448840,,2026-06-28,2026-03-07,2026-07-27,TDBK,WELLINGTON GLOBAL EQUITY FUND 28R5,2026-07-01,Repo,B512,2026-02-09,REPO,FIN,CALYPSOIFI,Repo,,2026-07-01
92163107,,2026-10-15,2026-04-02,2026-06-24,TDBK,BANK OF NOVA SCOTIA,2026-07-01,Repo,B537,2026-04-02,REPO,FIN,CALYPSOIFI,Repo,,2026-06-10
97631367,,2026-09-06,2026-01-03,2026-09-08,TDBK,MORGAN STANLEY INTL,2026-07-01,Repo,B263,2026-11-10,REPO,FIN,CALYPSOIFI,Rev_Repo,,2026-07-01
92947423,,2026-08-18,2026-07-03,2026-04-28,TDBK,DEUTSCHE BANK A.G.,2026-07-01,Repo,B116,2026-04-01,REPO,FIN,CALYPSOIFI,Repo,,2026-06-17
95775247,,2026-06-04,2026-09-06,2026-10-13,TDBK,INVESTEC BANK LIMITED,2026-07-01,Repo,B294,2026-01-08,REPO,FIN,CALYPSOIFI,Repo,,2026-07-01
96159855,,2025-06-19,2026-10-09,2026-05-27,TDBK,BANK OF NOVA SCOTIA,2026-07-01,Repo,B958,2026-08-05,REPO,FIN,CALYPSOIFI,Repo,,2026-06-17
92566526,,2026-04-28,2026-03-08,2026-10-17,TDBK,CENTRAL 1 CREDIT UNION,2026-07-01,Repo,B762,2026-02-14,REPO,FIN,CALYPSOIFI,Rev_Repo,,2026-07-01
95422373,,2025-07-07,2026-12-06,2026-02-11,TDBK,SWISS LIFE AG,2026-07-01,Repo,B233,2026-06-09,REPO,FIN,CALYPSOIFI,Repo,,2026-06-03
95777078,,2026-02-14,2026-09-26,2026-09-05,TDBK,CENTRAL 1 CREDIT UNION,2026-07-01,Repo,B658,2026-09-05,REPO,FIN,CALYPSOIFI,Rev_Repo,,2026-07-01
98975229,,2026-01-26,2026-09-14,2026-01-24,TDBK,CENTRAL 1 CREDIT UNION,2026-07-01,Repo,B198,2026-09-13,REPO,FIN,CALYPSOIFI,Repo,,2026-06-03
91292563,,2026-05-05,2026-04-10,2026-05-01,TDBK,INVESTEC BANK LIMITED,2026-07-01,Repo,B658,2026-04-13,REPO,FIN,CALYPSOIFI,Rev_Repo,,2026-06-03
92400564,,2026-12-18,2026-12-01,2026-01-23,TDBK,WELLINGTON GLOBAL EQUITY FUND 28R5,2026-07-01,Repo,B670,2026-07-16,REPO,FIN,CALYPSOIFI,Rev_Repo,,2026-06-17
92104227,,2025-09-02,2026-10-28,2026-04-04,TDBK,BANK OF NOVA SCOTIA,2026-07-01,Repo,B762,2026-01-23,,FIN,CALYPSOIFI,Rev_Repo,,2026-06-17
96653898,,2025-01-02,2026-11-09,2026-04-09,TDBK,SWISS LIFE AG,2026-07-01,Repo,B399,2026-12-07,REPO,FIN,CALYPSOIFI,Repo,,2026-06-24
95142411,,2026-03-18,2026-08-14,2026-02-04,TDBK,WELLINGTON GLOBAL EQUITY FUND 28R5,2026-07-01,Repo,B217,2026-06-16,REPO,,CALYPSOIFI,Repo,,2026-06-17
99894910,,2025-07-18,2026-05-02,2026-05-07,TDBK,BANCO HABITAT,2026-07-01,Repo,B883,2026-06-07,REPO,FIN,CALYPSOIFI,Rev_Repo,,2026-06-03
98962360,,2025-12-14,2026-02-20,2026-12-22,TDBK,MORGAN STANLEY INTL,2026-07-01,Repo,B432,2026-11-11,REPO,FIN,CALYPSOIFI,Rev_Repo,,2026-06-17
91450369,,2025-07-24,2026-06-25,2026-01-21,TDBK,MORGAN STANLEY INTL,2026-07-01,Repo,B694,2026-02-04,REPO,FIN,CALYPSOIFI,Rev_Repo,,2026-06-24
90451910,,2026-09-08,2026-08-24,2026-10-08,TDBK,CENTRAL 1 CREDIT UNION,2026-07-01,Repo,B396,2026-07-06,,FIN,CALYPSOIFI,Repo,,2026-06-10
94925468,,2025-11-13,2026-03-23,2026-07-08,TDBK,CITIBANK NA,2026-07-01,Repo,B353,2026-08-18,REPO,FIN,CALYPSOIFI,Rev_Repo,,2026-07-01
94675169,,2025-04-13,2026-11-22,2026-04-11,TDBK,DEUTSCHE BANK A.G.,2026-07-01,Repo,B818,2026-11-27,REPO,,CALYPSOIFI,Repo,,2026-06-17
90309950,,2026-01-20,2026-02-17,2026-08-13,TDBK,CITIBANK NA,2026-07-01,Repo,B926,2026-07-05,REPO,FIN,CALYPSOIFI,Rev_Repo,,2026-06-10
95215882,,2026-11-21,2026-05-07,2026-02-23,TDBK,WELLINGTON GLOBAL EQUITY FUND 28R5,2026-07-01,Repo,B252,2026-01-26,,FIN,CALYPSOIFI,Rev_Repo,,2026-07-01
93014291,,2026-02-05,2026-07-14,2026-02-24,TDBK,BANK OF NOVA SCOTIA,2026-07-01,Repo,B332,2026-03-04,REPO,FIN,CALYPSOIFI,Repo,,2026-06-03
97353406,,2026-04-22,2026-11-05,2026-10-21,TDBK,DEUTSCHE BANK A.G.,2026-07-01,Repo,B576,2026-01-01,REPO,FIN,CALYPSOIFI,Rev_Repo,,2026-06-24
91597087,,2025-08-13,2026-02-21,2026-10-01,TDBK,SWISS LIFE AG,2026-07-01,,B577,2026-02-06,REPO,FIN,CALYPSOIFI,Repo,,2026-07-01
98487998,,2025-06-19,2026-05-21,2026-11-19,TDBK,DEUTSCHE BANK A.G.,2026-07-01,Repo,B256,2026-12-28,REPO,FIN,CALYPSOIFI,Rev_Repo,,2026-06-03
98735000,,2025-03-23,2026-09-06,2026-04-16,TDBK,DEUTSCHE BANK A.G.,2026-07-01,Repo,B532,2026-03-27,REPO,FIN,CALYPSOIFI,Rev_Repo,,2026-06-24
92978176,,2025-08-10,2026-09-18,2026-10-15,TDBK,BIMCOR INC,2026-07-01,Repo,B353,2026-04-26,REPO,FIN,CALYPSOIFI,Repo,,2026-07-01
98327049,,2026-03-14,2026-02-09,2026-04-22,TDBK,MORGAN STANLEY INTL,2026-07-01,,B965,2026-07-24,REPO,FIN,CALYPSOIFI,Repo,,2026-06-17
97945921,,2025-01-13,2026-11-15,2026-08-13,TDBK,CITIBANK NA,2026-07-01,Repo,B116,2026-10-05,REPO,,CALYPSOIFI,Rev_Repo,,2026-06-03
94030263,,2026-04-02,2026-06-17,2026-01-17,TDBK,BANK OF NOVA SCOTIA,2026-07-01,Repo,B259,2026-11-13,REPO,FIN,CALYPSOIFI,Repo,,2026-06-03
91746945,,2025-12-18,2026-06-10,2026-01-26,TDBK,INVESTEC BANK LIMITED,2026-07-01,Repo,B885,2026-10-13,REPO,FIN,CALYPSOIFI,Rev_Repo,,2026-06-24
98433555,,2025-02-06,2026-02-16,2026-07-05,TDBK,BANCO HABITAT,2026-07-01,Repo,B565,2026-02-18,REPO,FIN,CALYPSOIFI,Repo,,2026-06-03
93301646,,2026-06-04,2026-04-15,2026-06-14,TDBK,MORGAN STANLEY INTL,2026-07-01,Repo,B765,2026-05-14,REPO,FIN,CALYPSOIFI,Rev_Repo,,2026-06-10
99558132,,2025-08-13,2026-02-07,2026-11-28,TDBK,SWISS LIFE AG,2026-07-01,Repo,B329,2026-09-19,REPO,FIN,CALYPSOIFI,Repo,,2026-07-01
92193434,,2025-01-18,2026-01-02,2026-12-11,TDBK,,2026-07-01,Repo,B395,2026-12-04,REPO,FIN,CALYPSOIFI,Rev_Repo,,2026-06-24
90390578,,2026-03-03,2026-11-13,2026-07-11,TDBK,INVESTEC BANK LIMITED,2026-07-01,Repo,B693,2026-08-08,REPO,FIN,CALYPSOIFI,Repo,,2026-06-03
95631265,,2026-02-11,2026-03-22,2026-04-19,TDBK,DEUTSCHE BANK A.G.,2026-07-01,Repo,B550,2026-01-15,REPO,FIN,CALYPSOIFI,Rev_Repo,,2026-06-24
99342421,,2025-07-18,2026-12-18,2026-05-07,TDBK,CITIBANK NA,2026-07-01,Repo,B236,2026-02-17,REPO,FIN,CALYPSOIFI,Repo,,2026-06-24
91435338,,2026-08-14,2026-07-04,,TDBK,WELLINGTON GLOBAL EQUITY FUND 28R5,2026-07-01,,B808,2026-08-15,REPO,FIN,CALYPSOIFI,Rev_Repo,,2026-06-24
91567536,,2026-11-13,2026-08-09,2026-02-05,TDBK,SWISS LIFE AG,2026-07-01,Repo,B974,2026-05-01,REPO,FIN,CALYPSOIFI,Repo,,2026-06-17
98374301,,2026-09-05,2026-02-24,2026-02-20,TDBK,BIMCOR INC,2026-07-01,Repo,B219,2026-01-12,REPO,FIN,CALYPSOIFI,Rev_Repo,,2026-06-10
96909582,,2025-01-24,2026-04-01,2026-12-02,TDBK,,2026-07-01,Repo,B833,2026-04-20,REPO,,CALYPSOIFI,Repo,,2026-06-24
90913082,,2025-09-11,2026-07-11,2026-10-26,TDBK,INVESTEC BANK LIMITED,2026-07-01,Repo,B893,2026-12-27,REPO,FIN,CALYPSOIFI,Rev_Repo,,2026-06-17
91061329,,2026-06-24,2026-02-12,2026-07-28,TDBK,,2026-07-01,Repo,B610,2026-11-20,REPO,FIN,CALYPSOIFI,Repo,,2026-06-17
96217494,,2026-04-22,2026-02-17,2026-01-15,TDBK,BANK OF NOVA SCOTIA,2026-07-01,Repo,B431,2026-03-22,REPO,FIN,CALYPSOIFI,Repo,,2026-06-10
92685750,,2026-09-22,2026-01-25,2026-04-13,TDBK,WELLINGTON GLOBAL EQUITY FUND 28R5,2026-07-01,Repo,B169,2026-10-01,REPO,FIN,CALYPSOIFI,Rev_Repo,,2026-07-01
96248294,,2025-05-23,2026-02-12,2026-12-20,TDBK,,2026-07-01,Repo,B195,2026-07-26,REPO,FIN,CALYPSOIFI,Repo,,2026-07-01
95138015,,2025-08-19,2026-07-12,2026-07-22,TDBK,BANK OF NOVA SCOTIA,2026-07-01,Repo,B871,2026-09-25,REPO,FIN,CALYPSOIFI,Repo,,2026-07-01
96569484,,2025-07-27,2026-04-04,2026-03-05,TDBK,SWISS LIFE AG,2026-07-01,Repo,B784,2026-01-28,REPO,FIN,CALYPSOIFI,Repo,,2026-06-10
91720059,,2025-05-14,2026-07-15,,TDBK,DEUTSCHE BANK A.G.,2026-07-01,Repo,B431,2026-09-14,REPO,FIN,CALYPSOIFI,Rev_Repo,,2026-06-10
94858493,,2025-04-16,2026-06-15,2026-03-02,TDBK,WELLINGTON GLOBAL EQUITY FUND 28R5,2026-07-01,Repo,B451,2026-01-12,REPO,FIN,CALYPSOIFI,Repo,,2026-06-24
92211280,,2026-04-15,2026-02-09,2026-02-26,TDBK,,2026-07-01,Repo,B960,2026-03-12,REPO,FIN,CALYPSOIFI,Repo,,2026-06-10
98975919,,2025-10-04,2026-05-25,2026-10-12,TDBK,WELLINGTON GLOBAL EQUITY FUND 28R5,2026-07-01,Repo,B616,2026-06-25,REPO,FIN,CALYPSOIFI,Repo,,2026-06-17
98624142,,2026-06-08,2026-06-08,2026-10-16,TDBK,BANCO HABITAT,2026-07-01,Repo,B187,2026-12-20,REPO,FIN,CALYPSOIFI,Rev_Repo,,2026-06-17
91946092,,2026-09-01,2026-03-25,2026-06-09,TDBK,SWISS LIFE AG,2026-07-01,Repo,B956,2026-04-02,REPO,FIN,CALYPSOIFI,Repo,,2026-06-10
99395015,,2026-07-11,2026-07-25,2026-08-21,TDBK,CENTRAL 1 CREDIT UNION,2026-07-01,Repo,B741,2026-11-17,REPO,FIN,CALYPSOIFI,Rev_Repo,,2026-07-01
97127860,,2026-10-12,2026-02-05,2026-05-15,TDBK,BANK OF NOVA SCOTIA,2026-07-01,Repo,B764,2026-04-08,REPO,FIN,CALYPSOIFI,Rev_Repo,,2026-06-17
96354928,,2026-06-04,2026-08-16,2026-07-24,TDBK,CITIBANK NA,2026-07-01,Repo,B642,2026-05-22,REPO,FIN,CALYPSOIFI,Repo,,2026-06-17
95942113,,2026-08-03,2026-05-28,2026-05-16,TDBK,,2026-07-01,Repo,B916,2026-03-02,REPO,FIN,CALYPSOIFI,Repo,,2026-07-01
97531229,,2025-05-09,2026-09-11,2026-04-09,TDBK,SWISS LIFE AG,2026-07-01,Repo,B823,2026-04-04,REPO,FIN,CALYPSOIFI,Repo,,2026-06-10
99584120,,2026-03-10,2026-07-02,2026-05-01,TDBK,BANK OF NOVA SCOTIA,2026-07-01,Repo,B629,2026-03-15,REPO,FIN,CALYPSOIFI,Repo,,2026-07-01
93177428,,2025-04-06,2026-12-16,2026-09-07,TDBK,BANK OF NOVA SCOTIA,2026-07-01,Repo,B186,2026-08-16,REPO,FIN,CALYPSOIFI,Rev_Repo,,2026-06-10
99111247,,2026-04-23,2026-10-16,2026-12-14,TDBK,INVESTEC BANK LIMITED,2026-07-01,Repo,B762,2026-06-26,REPO,FIN,CALYPSOIFI,Repo,,2026-06-10
98377633,,2025-08-27,2026-06-12,2026-10-14,TDBK,DEUTSCHE BANK A.G.,2026-07-01,Repo,B753,2026-01-17,REPO,FIN,CALYPSOIFI,Repo,,2026-06-17
99416938,,2025-03-21,2026-01-20,2026-09-24,TDBK,BANCO HABITAT,2026-07-01,Repo,B253,2026-05-18,REPO,FIN,CALYPSOIFI,Rev_Repo,,2026-06-03
93161573,,2025-10-28,2026-02-06,2026-05-17,TDBK,,2026-07-01,Repo,B940,2026-05-18,REPO,FIN,CALYPSOIFI,Repo,,2026-06-10
95342342,,2026-06-08,2026-01-17,2026-12-16,TDBK,MORGAN STANLEY INTL,2026-07-01,Repo,B433,2026-03-27,REPO,FIN,CALYPSOIFI,Rev_Repo,,2026-07-01
94783337,,2026-04-24,2026-02-04,2026-01-27,TDBK,BANCO HABITAT,2026-07-01,,B945,2026-07-12,REPO,FIN,CALYPSOIFI,Repo,,2026-06-24
98814684,,2025-04-27,2026-02-20,2026-08-17,TDBK,DEUTSCHE BANK A.G.,2026-07-01,Repo,B856,2026-12-12,REPO,FIN,CALYPSOIFI,Rev_Repo,,2026-06-10
92738611,,2026-12-08,2026-03-01,,TDBK,MORGAN STANLEY INTL,2026-07-01,Repo,B154,2026-10-26,REPO,FIN,CALYPSOIFI,Rev_Repo,,2026-06-17
97314474,,2026-05-11,2026-11-24,2026-04-20,TDBK,WELLINGTON GLOBAL EQUITY FUND 28R5,2026-07-01,Repo,B745,2026-03-26,REPO,FIN,CALYPSOIFI,Repo,,2026-07-01
96566180,,2026-05-06,2026-09-03,2026-05-09,TDBK,WELLINGTON GLOBAL EQUITY FUND 28R5,2026-07-01,Repo,B328,2026-03-24,REPO,FIN,CALYPSOIFI,Rev_Repo,,2026-06-10
97044525,,2026-09-14,2026-05-27,2026-12-14,TDBK,CENTRAL 1 CREDIT UNION,2026-07-01,Repo,B814,2026-09-28,REPO,FIN,CALYPSOIFI,Repo,,2026-06-17
93979293,,2025-12-06,2026-05-05,2026-06-14,TDBK,DEUTSCHE BANK A.G.,2026-07-01,Repo,B610,2026-01-15,REPO,FIN,CALYPSOIFI,Rev_Repo,,2026-06-24
93612247,,2026-12-08,2026-02-28,2026-03-16,TDBK,INVESTEC BANK LIMITED,2026-07-01,Repo,B607,2026-01-22,REPO,FIN,CALYPSOIFI,Rev_Repo,,2026-07-01
93426856,,2026-06-04,2026-12-02,2026-01-12,TDBK,WELLINGTON GLOBAL EQUITY FUND 28R5,2026-07-01,Repo,B730,2026-06-01,REPO,FIN,CALYPSOIFI,Repo,,2026-06-10
99014262,,2025-02-11,2026-10-14,2026-03-16,TDBK,MORGAN STANLEY INTL,2026-07-01,Repo,B383,2026-03-17,REPO,FIN,CALYPSOIFI,Rev_Repo,,2026-06-17
96277064,,2025-10-21,2026-08-20,2026-09-23,TDBK,MORGAN STANLEY INTL,2026-07-01,Repo,B283,2026-01-25,REPO,FIN,CALYPSOIFI,Repo,,2026-06-10
95977520,,2025-12-05,2026-05-24,2026-06-21,TDBK,MORGAN STANLEY INTL,2026-07-01,Repo,B537,2026-04-04,REPO,FIN,CALYPSOIFI,Repo,,2026-06-03
99450362,,2025-01-03,2026-05-13,2026-05-19,TDBK,INVESTEC BANK LIMITED,2026-07-01,Repo,B586,2026-01-11,REPO,FIN,CALYPSOIFI,Rev_Repo,,2026-06-03
96158990,,2025-06-17,2026-09-04,2026-10-23,TDBK,CENTRAL 1 CREDIT UNION,2026-07-01,Repo,B685,2026-04-16,REPO,FIN,CALYPSOIFI,Rev_Repo,,2026-06-03
90186231,,2026-07-17,2026-04-02,2026-01-25,TDBK,CENTRAL 1 CREDIT UNION,2026-07-01,,B778,2026-06-17,REPO,FIN,CALYPSOIFI,Rev_Repo,,2026-06-10
97267232,,2026-04-09,2026-12-04,2026-06-08,TDBK,CITIBANK NA,2026-07-01,Repo,B306,2026-06-14,REPO,FIN,CALYPSOIFI,Rev_Repo,,2026-07-01
97759524,,2025-11-17,2026-11-02,2026-09-12,TDBK,CENTRAL 1 CREDIT UNION,2026-07-01,Repo,B349,2026-11-25,REPO,FIN,CALYPSOIFI,Rev_Repo,,2026-07-01
95341884,,2026-08-01,2026-02-07,,TDBK,SWISS LIFE AG,2026-07-01,Repo,B558,2026-02-03,REPO,FIN,CALYPSOIFI,Repo,,2026-06-24
97959998,,2025-10-24,2026-12-06,2026-07-02,TDBK,INVESTEC BANK LIMITED,2026-07-01,Repo,B319,2026-11-01,REPO,FIN,CALYPSOIFI,Rev_Repo,,2026-07-01
91061144,,2026-02-09,2026-04-12,2026-01-06,TDBK,,2026-07-01,Repo,B718,2026-08-18,REPO,FIN,CALYPSOIFI,Repo,,2026-06-10
97111823,,2025-07-08,2026-03-01,2026-01-06,TDBK,MORGAN STANLEY INTL,2026-07-01,Repo,B482,2026-11-02,REPO,FIN,CALYPSOIFI,Repo,,2026-06-10
93176182,,2026-03-08,2026-06-19,2026-06-10,TDBK,CITIBANK NA,2026-07-01,Repo,B141,2026-08-18,REPO,FIN,CALYPSOIFI,Repo,,2026-06-03
93698771,,2025-10-26,2026-08-19,2026-08-07,TDBK,CENTRAL 1 CREDIT UNION,2026-07-01,Repo,B277,2026-10-01,REPO,FIN,CALYPSOIFI,Rev_Repo,,2026-06-03
92987312,,2025-09-14,2026-08-03,,TDBK,CITIBANK NA,2026-07-01,Repo,B440,2026-10-19,,FIN,CALYPSOIFI,Rev_Repo,,2026-07-01
99058911,,2025-01-01,2026-08-28,2026-03-17,TDBK,BANK OF NOVA SCOTIA,2026-07-01,Repo,B852,2026-05-20,REPO,FIN,CALYPSOIFI,Rev_Repo,,2026-06-17
98013733,,2025-08-21,2026-12-26,2026-07-11,TDBK,CITIBANK NA,2026-07-01,Repo,B311,2026-02-05,REPO,FIN,CALYPSOIFI,Rev_Repo,,2026-07-01
96656208,,2025-04-28,2026-04-19,2026-12-15,TDBK,,2026-07-01,Repo,B760,2026-02-25,REPO,,CALYPSOIFI,Repo,,2026-06-24
93331830,,2026-11-20,2026-11-18,2026-02-05,TDBK,SWISS LIFE AG,2026-07-01,Repo,B886,2026-07-22,REPO,FIN,CALYPSOIFI,Rev_Repo,,2026-06-03
91479617,,2026-07-22,2026-02-08,2026-08-11,TDBK,,2026-07-01,Repo,B380,2026-02-08,REPO,FIN,CALYPSOIFI,Rev_Repo,,2026-06-03
96585372,,2026-08-08,2026-03-03,2026-12-28,TDBK,DEUTSCHE BANK A.G.,2026-07-01,Repo,B954,2026-05-10,REPO,FIN,CALYPSOIFI,Repo,,2026-06-10
98299884,,2025-07-09,2026-03-10,2026-01-11,TDBK,DEUTSCHE BANK A.G.,2026-07-01,Repo,B292,2026-06-01,,,CALYPSOIFI,Repo,,2026-06-10
91625090,,2026-03-17,2026-08-05,,TDBK,DEUTSCHE BANK A.G.,2026-07-01,Repo,B893,2026-03-13,REPO,FIN,CALYPSOIFI,Rev_Repo,,2026-06-10
92859847,,2026-07-21,2026-09-16,2026-07-11,TDBK,CENTRAL 1 CREDIT UNION,2026-07-01,Repo,B886,2026-09-17,REPO,,CALYPSOIFI,Rev_Repo,,2026-06-24
90462199,,2026-02-09,2026-07-13,2026-08-26,TDBK,DEUTSCHE BANK A.G.,2026-07-01,Repo,B310,2026-06-24,REPO,FIN,CALYPSOIFI,Repo,,2026-06-03
91798639,,2025-10-15,2026-02-01,2026-07-08,TDBK,BANCO HABITAT,2026-07-01,Repo,B207,2026-05-07,REPO,FIN,CALYPSOIFI,Repo,,2026-07-01
95661483,,2026-07-15,2026-02-19,2026-10-12,TDBK,WELLINGTON GLOBAL EQUITY FUND 28R5,2026-07-01,Repo,B333,2026-05-24,,FIN,CALYPSOIFI,Rev_Repo,,2026-07-01
93899378,,2026-02-09,2026-10-28,2026-08-21,TDBK,,2026-07-01,Repo,B738,2026-05-13,REPO,FIN,CALYPSOIFI,Rev_Repo,,2026-06-24
93134465,,2025-02-25,2026-04-06,2026-04-20,TDBK,CITIBANK NA,2026-07-01,Repo,B833,2026-05-06,REPO,FIN,CALYPSOIFI,Repo,,2026-06-24
90435376,,2025-04-01,2026-10-26,2026-09-17,TDBK,BANCO HABITAT,2026-07-01,,B443,2026-12-12,REPO,FIN,CALYPSOIFI,Rev_Repo,,2026-06-24
91815430,,2026-02-23,2026-05-02,2026-06-02,TDBK,CENTRAL 1 CREDIT UNION,2026-07-01,Repo,B820,2026-10-01,REPO,FIN,CALYPSOIFI,Repo,,2026-06-17
90644587,,2026-11-21,2026-07-21,2026-09-12,TDBK,CITIBANK NA,2026-07-01,,B513,2026-09-04,REPO,FIN,CALYPSOIFI,Repo,,2026-06-10
99821248,,2025-05-10,2026-07-20,2026-10-18,TDBK,BANK OF NOVA SCOTIA,2026-07-01,Repo,B422,2026-06-23,REPO,FIN,CALYPSOIFI,Rev_Repo,,2026-06-10
94486200,,2025-11-11,2026-05-28,2026-10-10,TDBK,BIMCOR INC,2026-07-01,Repo,B204,2026-07-01,,FIN,CALYPSOIFI,Rev_Repo,,2026-06-10
91809455,,2025-12-28,2026-11-19,2026-01-06,TDBK,BANCO HABITAT,2026-07-01,Repo,B461,2026-06-21,REPO,FIN,CALYPSOIFI,Repo,,2026-06-24
91472072,,2025-03-09,2026-09-13,2026-09-21,TDBK,CITIBANK NA,2026-07-01,Repo,B664,2026-09-05,REPO,FIN,CALYPSOIFI,Repo,,2026-06-17
96190678,,2025-06-12,2026-05-15,2026-10-27,TDBK,MORGAN STANLEY INTL,2026-07-01,Repo,B393,2026-08-11,REPO,FIN,CALYPSOIFI,Rev_Repo,,2026-06-17
98101733,,2026-06-12,2026-05-13,2026-09-05,TDBK,CITIBANK NA,2026-07-01,Repo,B822,2026-07-20,REPO,FIN,CALYPSOIFI,Repo,,2026-07-01
99651596,,2025-10-09,2026-08-22,2026-12-28,TDBK,CENTRAL 1 CREDIT UNION,2026-07-01,Repo,B124,2026-12-24,REPO,FIN,CALYPSOIFI,Repo,,2026-06-24
92859233,,2025-01-17,2026-08-14,2026-03-06,TDBK,,2026-07-01,Repo,B834,2026-05-05,REPO,FIN,CALYPSOIFI,Rev_Repo,,2026-06-17
90289385,,2026-11-11,2026-11-14,2026-02-02,TDBK,CENTRAL 1 CREDIT UNION,2026-07-01,Repo,B560,2026-09-14,REPO,FIN,CALYPSOIFI,Rev_Repo,,2026-06-24
96207017,,2025-12-28,2026-01-10,2026-06-07,TDBK,INVESTEC BANK LIMITED,2026-07-01,Repo,B333,2026-01-19,REPO,FIN,CALYPSOIFI,Rev_Repo,,2026-06-03
98655578,,2025-04-19,2026-02-12,2026-12-25,TDBK,SWISS LIFE AG,2026-07-01,Repo,B862,2026-04-05,REPO,FIN,CALYPSOIFI,Repo,,2026-06-03
97199547,,2025-07-11,2026-01-22,2026-04-09,TDBK,WELLINGTON GLOBAL EQUITY FUND 28R5,2026-07-01,Repo,B885,2026-10-19,,FIN,CALYPSOIFI,Rev_Repo,,2026-06-10
95050422,,2026-04-23,2026-01-10,2026-04-19,TDBK,DEUTSCHE BANK A.G.,2026-07-01,Repo,B638,2026-04-25,REPO,FIN,CALYPSOIFI,Repo,,2026-07-01
94846687,,2026-12-18,2026-04-14,2026-12-07,TDBK,CITIBANK NA,2026-07-01,Repo,B536,2026-07-28,REPO,FIN,CALYPSOIFI,Rev_Repo,,2026-07-01
94430603,,2026-03-08,2026-06-20,2026-03-19,TDBK,CENTRAL 1 CREDIT UNION,2026-07-01,Repo,B704,2026-10-20,REPO,FIN,CALYPSOIFI,Rev_Repo,,2026-06-03
94446790,,2025-07-24,2026-07-13,2026-04-26,TDBK,,2026-07-01,Repo,B877,2026-07-05,REPO,FIN,CALYPSOIFI,Repo,,2026-06-24
94521570,,2026-01-12,2026-11-09,2026-08-04,TDBK,,2026-07-01,Repo,B999,2026-01-19,REPO,FIN,CALYPSOIFI,Repo,,2026-06-17
96411275,,2025-07-07,2026-07-10,2026-01-20,TDBK,SWISS LIFE AG,2026-07-01,Repo,B105,2026-01-25,REPO,FIN,CALYPSOIFI,Repo,,2026-06-03
97755560,,2025-06-23,2026-04-11,2026-02-02,TDBK,WELLINGTON GLOBAL EQUITY FUND 28R5,2026-07-01,Repo,B390,2026-02-06,REPO,FIN,CALYPSOIFI,Repo,,2026-06-24
91178184,,2025-02-11,2026-11-02,2026-03-14,TDBK,SWISS LIFE AG,2026-07-01,Repo,B672,2026-09-20,REPO,FIN,CALYPSOIFI,Repo,,2026-07-01
90971674,,2026-03-10,2026-02-07,2026-11-11,TDBK,DEUTSCHE BANK A.G.,2026-07-01,Repo,B472,2026-08-03,REPO,FIN,CALYPSOIFI,Rev_Repo,,2026-06-10
95307905,,2025-07-05,2026-10-09,2026-05-13,TDBK,CITIBANK NA,2026-07-01,Repo,B291,2026-08-02,REPO,FIN,CALYPSOIFI,Rev_Repo,,2026-06-17
95273188,,2026-08-05,2026-05-19,2026-07-15,TDBK,WELLINGTON GLOBAL EQUITY FUND 28R5,2026-07-01,Repo,B966,2026-09-23,REPO,FIN,CALYPSOIFI,Rev_Repo,,2026-06-03
92747072,,2026-10-07,2026-02-05,2026-11-12,TDBK,BANK OF NOVA SCOTIA,2026-07-01,Repo,B259,2026-02-15,REPO,FIN,CALYPSOIFI,Rev_Repo,,2026-07-01
91718952,,2026-03-02,2026-01-19,2026-12-07,TDBK,WELLINGTON GLOBAL EQUITY FUND 28R5,2026-07-01,Repo,B292,2026-01-27,REPO,FIN,CALYPSOIFI,Repo,,2026-06-10
95349518,,2025-12-20,2026-10-17,2026-02-10,TDBK,CENTRAL 1 CREDIT UNION,2026-07-01,Repo,B709,2026-10-16,REPO,FIN,CALYPSOIFI,Rev_Repo,,2026-06-03
97141326,,2026-08-06,2026-03-14,2026-12-02,TDBK,MORGAN STANLEY INTL,2026-07-01,Repo,B574,2026-11-25,REPO,FIN,CALYPSOIFI,Repo,,2026-06-03
92806963,,2026-07-09,2026-02-28,2026-07-11,TDBK,BIMCOR INC,2026-07-01,Repo,B710,2026-04-14,REPO,FIN,CALYPSOIFI,Rev_Repo,,2026-07-01
98196459,,2026-09-20,2026-11-18,2026-10-03,TDBK,CENTRAL 1 CREDIT UNION,2026-07-01,Repo,B438,2026-09-26,REPO,FIN,CALYPSOIFI,Repo,,2026-07-01
90927830,,2025-04-22,2026-10-25,2026-07-05,TDBK,MORGAN STANLEY INTL,2026-07-01,Repo,B799,2026-12-11,,FIN,CALYPSOIFI,Repo,,2026-06-10
91134326,,2026-06-12,2026-01-05,2026-11-26,TDBK,CITIBANK NA,2026-07-01,Repo,B667,2026-07-06,REPO,FIN,CALYPSOIFI,Repo,,2026-07-01
97203870,,2026-05-01,2026-11-10,,TDBK,INVESTEC BANK LIMITED,2026-07-01,Repo,B367,2026-03-17,,FIN,CALYPSOIFI,Rev_Repo,,2026-06-24
99623771,,2026-05-12,2026-04-05,,TDBK,WELLINGTON GLOBAL EQUITY FUND 28R5,2026-07-01,Repo,B311,2026-11-13,REPO,FIN,CALYPSOIFI,Repo,,2026-07-01
97160149,,2026-02-14,2026-03-27,2026-06-05,TDBK,DEUTSCHE BANK A.G.,2026-07-01,Repo,B102,2026-10-17,REPO,,CALYPSOIFI,Rev_Repo,,2026-06-24
91581778,,2026-10-26,2026-07-22,2026-12-16,TDBK,BANCO HABITAT,2026-07-01,Repo,B940,2026-01-02,,FIN,CALYPSOIFI,Rev_Repo,,2026-07-01
91614345,,2025-02-27,2026-05-09,2026-03-13,TDBK,CITIBANK NA,2026-07-01,,B696,2026-03-14,REPO,FIN,CALYPSOIFI,Repo,,2026-06-17
95449532,,2025-01-26,2026-10-08,2026-09-23,TDBK,WELLINGTON GLOBAL EQUITY FUND 28R5,2026-07-01,Repo,B959,2026-07-24,REPO,,CALYPSOIFI,Repo,,2026-06-24
96484417,,2026-01-08,2026-12-03,2026-01-23,TDBK,BANCO HABITAT,2026-07-01,Repo,B761,2026-10-09,,FIN,CALYPSOIFI,Rev_Repo,,2026-06-03
93287708,,2026-10-04,2026-10-28,2026-03-13,TDBK,,2026-07-01,Repo,B685,2026-10-02,REPO,FIN,CALYPSOIFI,Rev_Repo,,2026-06-10
91803490,,2026-07-04,2026-07-16,2026-03-10,TDBK,CITIBANK NA,2026-07-01,Repo,B586,2026-04-19,REPO,FIN,CALYPSOIFI,Repo,,2026-06-17
99810043,,2026-09-17,2026-06-20,2026-10-13,TDBK,BIMCOR INC,2026-07-01,Repo,B644,2026-11-14,REPO,FIN,CALYPSOIFI,Repo,,2026-06-24
92614115,,2025-05-02,2026-10-06,2026-04-08,TDBK,BANK OF NOVA SCOTIA,2026-07-01,,B539,2026-05-28,REPO,FIN,CALYPSOIFI,Repo,,2026-07-01
95222036,,2026-02-24,2026-12-08,2026-04-25,TDBK,SWISS LIFE AG,2026-07-01,Repo,B667,2026-02-17,REPO,FIN,CALYPSOIFI,Repo,,2026-06-10
98488907,,2026-01-18,2026-09-09,2026-05-16,TDBK,CITIBANK NA,2026-07-01,Repo,B452,2026-05-22,REPO,FIN,CALYPSOIFI,Rev_Repo,,2026-06-03
97873599,,2026-09-14,2026-03-06,2026-01-15,TDBK,SWISS LIFE AG,2026-07-01,Repo,B535,2026-06-17,,FIN,CALYPSOIFI,Repo,,2026-06-17
94077187,,2025-03-19,2026-08-19,2026-11-07,TDBK,INVESTEC BANK LIMITED,2026-07-01,Repo,B340,2026-07-03,REPO,FIN,CALYPSOIFI,Repo,,2026-06-03
94503080,,2025-04-20,2026-05-11,2026-10-02,TDBK,WELLINGTON GLOBAL EQUITY FUND 28R5,2026-07-01,Repo,B621,2026-01-26,REPO,FIN,CALYPSOIFI,Repo,,2026-06-03
94928527,,2025-07-01,2026-01-09,2026-02-19,TDBK,BANK OF NOVA SCOTIA,2026-07-01,Repo,B563,2026-04-22,REPO,FIN,CALYPSOIFI,Rev_Repo,,2026-06-10
97707506,,2025-04-20,2026-03-06,2026-11-15,TDBK,SWISS LIFE AG,2026-07-01,Repo,B200,2026-05-13,REPO,FIN,CALYPSOIFI,Rev_Repo,,2026-06-24
96869618,,2025-07-21,2026-02-20,2026-06-20,TDBK,BANCO HABITAT,2026-07-01,,B557,2026-04-06,REPO,FIN,CALYPSOIFI,Rev_Repo,,2026-06-10
98037901,,2026-04-07,2026-04-27,2026-02-21,TDBK,SWISS LIFE AG,2026-07-01,Repo,B355,2026-02-21,,FIN,CALYPSOIFI,Repo,,2026-06-24
95505237,,2026-08-26,2026-04-02,2026-01-10,TDBK,MORGAN STANLEY INTL,2026-07-01,Repo,B988,2026-05-02,REPO,FIN,CALYPSOIFI,Repo,,2026-06-03
91735176,,2025-12-21,2026-11-11,2026-07-19,TDBK,SWISS LIFE AG,2026-07-01,Repo,B993,2026-09-03,REPO,FIN,CALYPSOIFI,Rev_Repo,,2026-06-10
97819269,,2026-09-09,2026-01-19,2026-03-25,TDBK,MORGAN STANLEY INTL,2026-07-01,Repo,B797,2026-04-21,REPO,FIN,CALYPSOIFI,Repo,,2026-06-10
93267368,,2025-11-17,2026-12-14,,TDBK,CITIBANK NA,2026-07-01,Repo,B994,2026-09-02,REPO,FIN,CALYPSOIFI,Repo,,2026-06-17
90395791,,2026-01-08,2026-12-16,2026-01-09,TDBK,MORGAN STANLEY INTL,2026-07-01,Repo,B460,2026-10-04,REPO,FIN,CALYPSOIFI,Rev_Repo,,2026-06-17
91357178,,2026-07-28,2026-06-01,2026-10-05,TDBK,CENTRAL 1 CREDIT UNION,2026-07-01,Repo,B252,2026-02-26,REPO,FIN,CALYPSOIFI,Repo,,2026-06-24
93752847,,2026-01-05,2026-06-23,2026-08-23,TDBK,SWISS LIFE AG,2026-07-01,,B258,2026-02-19,REPO,FIN,CALYPSOIFI,Repo,,2026-06-24
92989588,,2026-12-26,2026-10-16,2026-01-03,TDBK,BIMCOR INC,2026-07-01,Repo,B913,2026-07-22,REPO,FIN,CALYPSOIFI,Rev_Repo,,2026-07-01
91418424,,2026-06-28,2026-08-27,2026-09-22,TDBK,BANCO HABITAT,2026-07-01,Repo,B114,2026-04-08,REPO,FIN,CALYPSOIFI,Rev_Repo,,2026-06-10
94689396,,2025-03-26,2026-12-05,2026-09-07,TDBK,CITIBANK NA,2026-07-01,Repo,B291,2026-09-28,REPO,FIN,CALYPSOIFI,Repo,,2026-07-01
92998173,,2026-02-17,2026-04-08,2026-05-17,TDBK,INVESTEC BANK LIMITED,2026-07-01,Repo,B945,2026-10-17,REPO,FIN,CALYPSOIFI,Rev_Repo,,2026-06-10
96989135,,2026-06-14,2026-09-20,2026-07-04,TDBK,DEUTSCHE BANK A.G.,2026-07-01,Repo,B215,2026-03-20,REPO,FIN,CALYPSOIFI,Rev_Repo,,2026-06-10
96953580,,2026-11-16,2026-08-22,2026-01-10,TDBK,BANCO HABITAT,2026-07-01,Repo,B942,2026-05-24,REPO,FIN,CALYPSOIFI,Rev_Repo,,2026-06-24
93138427,,2025-06-11,2026-09-19,2026-04-15,TDBK,CITIBANK NA,2026-07-01,Repo,B822,2026-08-25,REPO,FIN,CALYPSOIFI,Repo,,2026-06-17
96294818,,2026-12-20,2026-09-22,2026-09-14,TDBK,BANCO HABITAT,2026-07-01,Repo,B761,2026-04-27,REPO,FIN,CALYPSOIFI,Rev_Repo,,2026-06-24
95965725,,2026-09-03,2026-01-21,,TDBK,CITIBANK NA,2026-07-01,Repo,B681,2026-09-14,REPO,FIN,CALYPSOIFI,Repo,,2026-06-03
91951571,,2025-07-06,2026-03-03,2026-01-08,TDBK,,2026-07-01,Repo,B162,2026-11-28,,FIN,CALYPSOIFI,Repo,,2026-06-10
94686276,,2025-11-12,2026-03-09,2026-02-17,TDBK,WELLINGTON GLOBAL EQUITY FUND 28R5,2026-07-01,Repo,B195,2026-07-05,REPO,FIN,CALYPSOIFI,Repo,,2026-06-17
91525059,,2026-07-23,2026-10-08,2026-12-01,TDBK,BIMCOR INC,2026-07-01,,B283,2026-10-14,,FIN,CALYPSOIFI,Rev_Repo,,2026-06-24
99056921,,2025-11-08,2026-05-03,,TDBK,WELLINGTON GLOBAL EQUITY FUND 28R5,2026-07-01,Repo,B605,2026-02-05,REPO,,CALYPSOIFI,Rev_Repo,,2026-07-01
92393804,,2025-08-12,2026-09-22,,TDBK,INVESTEC BANK LIMITED,2026-07-01,Repo,B994,2026-11-16,REPO,FIN,CALYPSOIFI,Repo,,2026-06-03
96315871,,2025-09-03,2026-12-20,2026-02-22,TDBK,BANCO HABITAT,2026-07-01,,B971,2026-03-16,REPO,FIN,CALYPSOIFI,Repo,,2026-06-10
93523201,,2025-09-27,2026-10-28,2026-07-19,TDBK,MORGAN STANLEY INTL,2026-07-01,Repo,B488,2026-05-22,,FIN,CALYPSOIFI,Rev_Repo,,2026-06-24
94651013,,2026-03-14,2026-11-21,2026-03-10,TDBK,BIMCOR INC,2026-07-01,Repo,B844,2026-07-01,REPO,FIN,CALYPSOIFI,Repo,,2026-06-24
95825000,,2025-11-17,2026-08-02,,TDBK,,2026-07-01,Repo,B199,2026-01-05,REPO,FIN,CALYPSOIFI,Rev_Repo,,2026-07-01
99686990,,2025-06-03,2026-06-12,2026-09-18,TDBK,SWISS LIFE AG,2026-07-01,Repo,B504,2026-11-10,REPO,FIN,CALYPSOIFI,Repo,,2026-06-17
98549781,,2025-07-24,2026-02-21,2026-06-22,TDBK,CENTRAL 1 CREDIT UNION,2026-07-01,Repo,B197,2026-01-19,REPO,FIN,CALYPSOIFI,Rev_Repo,,2026-06-17
91242656,,2025-11-18,2026-03-07,2026-10-18,TDBK,BANK OF NOVA SCOTIA,2026-07-01,Repo,B690,2026-03-27,REPO,FIN,CALYPSOIFI,Rev_Repo,,2026-06-17
91449827,,2026-11-17,2026-06-26,,TDBK,DEUTSCHE BANK A.G.,2026-07-01,Repo,B566,2026-04-08,REPO,,CALYPSOIFI,Repo,,2026-06-17
93367504,,2025-01-21,2026-01-17,2026-06-04,TDBK,BANK OF NOVA SCOTIA,2026-07-01,,B563,2026-03-16,REPO,FIN,CALYPSOIFI,Repo,,2026-06-24
92593148,,2026-01-27,2026-03-18,2026-08-23,TDBK,BIMCOR INC,2026-07-01,Repo,B337,2026-07-14,REPO,FIN,CALYPSOIFI,Repo,,2026-07-01
97219069,,2026-01-16,2026-04-14,2026-06-10,TDBK,INVESTEC BANK LIMITED,2026-07-01,Repo,B675,2026-01-20,REPO,FIN,CALYPSOIFI,Repo,,2026-06-17
91549140,,2025-03-10,2026-03-10,2026-06-10,TDBK,CENTRAL 1 CREDIT UNION,2026-07-01,Repo,B272,2026-08-08,REPO,FIN,CALYPSOIFI,Rev_Repo,,2026-06-03
91806756,,2025-08-11,2026-04-10,2026-07-08,TDBK,SWISS LIFE AG,2026-07-01,Repo,B331,2026-08-21,REPO,FIN,CALYPSOIFI,Rev_Repo,,2026-06-10
91603599,,2025-11-24,2026-01-15,2026-04-13,TDBK,MORGAN STANLEY INTL,2026-07-01,Repo,B704,2026-02-16,REPO,FIN,CALYPSOIFI,Rev_Repo,,2026-06-03
97435983,,2026-02-10,2026-11-11,2026-01-09,TDBK,SWISS LIFE AG,2026-07-01,Repo,B674,2026-09-04,REPO,FIN,CALYPSOIFI,Rev_Repo,,2026-06-17
99226974,,2026-08-09,2026-02-04,2026-07-23,TDBK,,2026-07-01,Repo,B377,2026-11-05,REPO,FIN,CALYPSOIFI,Repo,,2026-06-03
97243250,,2026-08-09,2026-10-17,2026-06-19,TDBK,BIMCOR INC,2026-07-01,Repo,B153,2026-03-24,REPO,FIN,CALYPSOIFI,Repo,,2026-06-24
90166763,,2026-12-21,2026-01-15,2026-02-04,TDBK,CENTRAL 1 CREDIT UNION,2026-07-01,Repo,B312,2026-05-15,REPO,,CALYPSOIFI,Repo,,2026-06-10
93506709,,2026-09-10,2026-09-21,2026-05-25,TDBK,CITIBANK NA,2026-07-01,Repo,B121,2026-10-28,REPO,FIN,CALYPSOIFI,Repo,,2026-06-17
95660913,,2026-11-12,2026-01-03,2026-02-26,TDBK,,2026-07-01,,B518,2026-05-01,REPO,FIN,CALYPSOIFI,Rev_Repo,,2026-06-24
90813600,,2026-11-12,2026-06-16,2026-06-13,TDBK,WELLINGTON GLOBAL EQUITY FUND 28R5,2026-07-01,Repo,B191,2026-08-15,REPO,FIN,CALYPSOIFI,Repo,,2026-06-24
97027572,,2026-05-12,2026-12-06,2026-09-06,TDBK,BANK OF NOVA SCOTIA,2026-07-01,Repo,B149,2026-02-09,REPO,FIN,CALYPSOIFI,Repo,,2026-06-17
94137072,,2026-05-26,2026-07-16,2026-03-14,TDBK,DEUTSCHE BANK A.G.,2026-07-01,Repo,B816,2026-10-13,,FIN,CALYPSOIFI,Repo,,2026-07-01
92657614,,2025-08-19,2026-02-05,2026-04-11,TDBK,BIMCOR INC,2026-07-01,Repo,B817,2026-08-03,REPO,FIN,CALYPSOIFI,Repo,,2026-06-17
93516426,,2025-01-04,2026-10-01,2026-07-09,TDBK,SWISS LIFE AG,2026-07-01,,B404,2026-10-11,REPO,FIN,CALYPSOIFI,Rev_Repo,,2026-06-17
91351242,,2025-11-20,2026-02-05,2026-02-26,TDBK,MORGAN STANLEY INTL,2026-07-01,Repo,B106,2026-07-21,REPO,FIN,CALYPSOIFI,Rev_Repo,,2026-06-17
97153928,,2026-12-02,2026-03-10,2026-02-02,TDBK,SWISS LIFE AG,2026-07-01,Repo,B638,2026-09-27,REPO,FIN,CALYPSOIFI,Rev_Repo,,2026-06-24
93622947,,2026-12-18,2026-01-11,2026-04-04,TDBK,BANK OF NOVA SCOTIA,2026-07-01,Repo,B522,2026-10-01,REPO,FIN,CALYPSOIFI,Rev_Repo,,2026-06-10
97496335,,2026-10-07,2026-11-09,2026-04-17,TDBK,BANK OF NOVA SCOTIA,2026-07-01,Repo,B771,2026-09-03,REPO,FIN,CALYPSOIFI,Rev_Repo,,2026-06-03
90042630,,2026-04-17,2026-01-16,2026-03-13,TDBK,CENTRAL 1 CREDIT UNION,2026-07-01,Repo,B663,2026-07-14,,FIN,CALYPSOIFI,Rev_Repo,,2026-06-03
90478172,,2026-03-08,2026-09-21,2026-02-11,TDBK,BIMCOR INC,2026-07-01,Repo,B459,2026-03-16,REPO,FIN,CALYPSOIFI,Repo,,2026-06-24
93823745,,2026-09-08,2026-09-06,2026-11-20,TDBK,DEUTSCHE BANK A.G.,2026-07-01,Repo,B342,2026-07-28,REPO,FIN,CALYPSOIFI,Rev_Repo,,2026-06-24
96346093,,2026-05-21,2026-06-27,2026-02-23,TDBK,INVESTEC BANK LIMITED,2026-07-01,Repo,B799,2026-02-13,REPO,FIN,CALYPSOIFI,Rev_Repo,,2026-06-10
91675628,,2025-09-20,2026-05-18,2026-02-11,TDBK,CENTRAL 1 CREDIT UNION,2026-07-01,Repo,B524,2026-05-20,REPO,FIN,CALYPSOIFI,Repo,,2026-06-10
95768847,,2026-07-04,2026-11-14,2026-09-15,TDBK,BANK OF NOVA SCOTIA,2026-07-01,Repo,B636,2026-04-01,REPO,FIN,CALYPSOIFI,Repo,,2026-06-10
94227221,,2026-01-16,2026-02-13,2026-09-12,TDBK,MORGAN STANLEY INTL,2026-07-01,Repo,B836,2026-10-05,REPO,FIN,CALYPSOIFI,Repo,,2026-06-17
96099347,,2026-09-20,2026-12-02,2026-10-19,TDBK,CITIBANK NA,2026-07-01,Repo,B374,2026-06-15,REPO,FIN,CALYPSOIFI,Rev_Repo,,2026-07-01
93202135,,2025-12-23,2026-10-13,2026-03-04,TDBK,DEUTSCHE BANK A.G.,2026-07-01,,B467,2026-02-04,REPO,FIN,CALYPSOIFI,Repo,,2026-06-24
95455943,,2025-11-05,2026-12-03,2026-08-03,TDBK,WELLINGTON GLOBAL EQUITY FUND 28R5,2026-07-01,Repo,B897,2026-04-16,REPO,FIN,CALYPSOIFI,Rev_Repo,,2026-06-17
99891403,,2026-07-28,2026-10-22,2026-07-23,TDBK,WELLINGTON GLOBAL EQUITY FUND 28R5,2026-07-01,Repo,B842,2026-09-04,REPO,FIN,CALYPSOIFI,Repo,,2026-06-03
93468438,,2026-08-20,2026-12-15,2026-02-09,TDBK,CITIBANK NA,2026-07-01,Repo,B399,2026-03-08,,FIN,CALYPSOIFI,Rev_Repo,,2026-06-17
94843460,,2026-08-09,2026-09-22,2026-03-19,TDBK,,2026-07-01,Repo,B228,2026-09-24,REPO,FIN,CALYPSOIFI,Rev_Repo,,2026-06-24
95788315,,2025-08-02,2026-03-10,2026-09-22,TDBK,BANK OF NOVA SCOTIA,2026-07-01,Repo,B958,2026-09-06,REPO,FIN,CALYPSOIFI,Repo,,2026-06-03
92180553,,2026-04-06,2026-03-19,2026-05-01,TDBK,CITIBANK NA,2026-07-01,,B926,2026-10-25,REPO,FIN,CALYPSOIFI,Repo,,2026-06-24
91322934,,2026-06-15,2026-04-22,2026-12-03,TDBK,,2026-07-01,Repo,B707,2026-07-15,REPO,FIN,CALYPSOIFI,Rev_Repo,,2026-06-03
92434960,,2026-05-08,2026-09-20,,TDBK,WELLINGTON GLOBAL EQUITY FUND 28R5,2026-07-01,Repo,B512,2026-12-24,REPO,FIN,CALYPSOIFI,Rev_Repo,,2026-06-10
92805591,,2026-10-27,2026-08-21,2026-06-16,TDBK,MORGAN STANLEY INTL,2026-07-01,Repo,B263,2026-01-21,REPO,FIN,CALYPSOIFI,Repo,,2026-06-17
99187235,,2026-04-22,2026-05-22,2026-08-28,TDBK,,2026-07-01,Repo,B988,2026-08-03,,FIN,CALYPSOIFI,Repo,,2026-06-24
92833683,,2025-11-17,2026-04-13,2026-09-20,TDBK,SWISS LIFE AG,2026-07-01,Repo,B806,2026-12-15,REPO,,CALYPSOIFI,Repo,,2026-06-10
92963828,,2025-01-05,2026-07-15,2026-05-23,TDBK,BIMCOR INC,2026-07-01,Repo,B719,2026-01-21,REPO,FIN,CALYPSOIFI,Rev_Repo,,2026-06-24
97091882,,2026-02-22,2026-09-16,2026-01-25,TDBK,BANK OF NOVA SCOTIA,2026-07-01,Repo,B564,2026-11-06,REPO,,CALYPSOIFI,Rev_Repo,,2026-07-01
93996865,,2026-01-13,2026-11-23,2026-01-05,TDBK,BANK OF NOVA SCOTIA,2026-07-01,Repo,B980,2026-01-06,REPO,FIN,CALYPSOIFI,Rev_Repo,,2026-06-10
95531286,,2026-05-01,2026-03-01,2026-12-24,TDBK,CITIBANK NA,2026-07-01,Repo,B829,2026-06-05,REPO,FIN,CALYPSOIFI,Repo,,2026-07-01
98441157,,2025-11-07,2026-06-19,2026-08-01,TDBK,CITIBANK NA,2026-07-01,Repo,B512,2026-03-13,REPO,FIN,CALYPSOIFI,Repo,,2026-07-01
90124367,,2025-06-15,2026-07-02,,TDBK,,2026-07-01,Repo,B181,2026-01-26,REPO,FIN,CALYPSOIFI,Repo,,2026-07-01
95029148,,2025-05-25,2026-12-04,2026-08-28,TDBK,MORGAN STANLEY INTL,2026-07-01,Repo,B317,2026-10-11,REPO,FIN,CALYPSOIFI,Rev_Repo,,2026-07-01
93772244,,2026-02-07,2026-04-27,2026-03-26,TDBK,BIMCOR INC,2026-07-01,Repo,B761,2026-07-15,REPO,,CALYPSOIFI,Rev_Repo,,2026-06-17
93742946,,2026-11-05,2026-04-15,2026-01-28,TDBK,WELLINGTON GLOBAL EQUITY FUND 28R5,2026-07-01,Repo,B879,2026-08-25,REPO,FIN,CALYPSOIFI,Repo,,2026-06-17
92778124,,2026-01-17,2026-04-06,2026-01-14,TDBK,BANCO HABITAT,2026-07-01,Repo,B415,2026-05-24,REPO,FIN,CALYPSOIFI,Rev_Repo,,2026-06-17
95590015,,2026-03-19,2026-08-14,2026-06-15,TDBK,BANCO HABITAT,2026-07-01,Repo,B938,2026-10-09,REPO,FIN,CALYPSOIFI,Repo,,2026-06-24
99708028,,2025-12-28,2026-05-22,,TDBK,WELLINGTON GLOBAL EQUITY FUND 28R5,2026-07-01,Repo,B620,2026-05-27,REPO,FIN,CALYPSOIFI,Rev_Repo,,2026-06-17
97924364,,2026-08-13,2026-08-09,2026-04-14,TDBK,INVESTEC BANK LIMITED,2026-07-01,Repo,B704,2026-09-11,REPO,FIN,CALYPSOIFI,Repo,,2026-06-03
97580129,,2025-12-15,2026-09-21,2026-11-08,TDBK,SWISS LIFE AG,2026-07-01,Repo,B141,2026-01-03,REPO,FIN,CALYPSOIFI,Repo,,2026-06-17
95025951,,2025-04-07,2026-10-14,2026-05-17,TDBK,WELLINGTON GLOBAL EQUITY FUND 28R5,2026-07-01,Repo,B240,2026-09-27,REPO,FIN,CALYPSOIFI,Repo,,2026-06-10
93709447,,2026-03-11,2026-10-23,2026-04-25,TDBK,INVESTEC BANK LIMITED,2026-07-01,Repo,B666,2026-08-23,REPO,,CALYPSOIFI,Repo,,2026-06-10
92728914,,2026-07-04,2026-02-28,2026-04-21,TDBK,BIMCOR INC,2026-07-01,,B760,2026-06-23,,FIN,CALYPSOIFI,Rev_Repo,,2026-06-03
96346698,,2026-10-28,2026-06-18,2026-09-24,TDBK,CENTRAL 1 CREDIT UNION,2026-07-01,Repo,B322,2026-10-09,REPO,FIN,CALYPSOIFI,Repo,,2026-07-01
96611547,,2026-11-20,2026-11-14,2026-05-20,TDBK,SWISS LIFE AG,2026-07-01,Repo,B144,2026-12-28,REPO,FIN,CALYPSOIFI,Repo,,2026-06-24
99245672,,2026-05-09,2026-07-06,2026-05-20,TDBK,MORGAN STANLEY INTL,2026-07-01,Repo,B195,2026-11-28,REPO,,CALYPSOIFI,Rev_Repo,,2026-07-01
90266577,,2025-09-16,2026-09-17,2026-04-05,TDBK,INVESTEC BANK LIMITED,2026-07-01,Repo,B859,2026-09-13,REPO,FIN,CALYPSOIFI,Rev_Repo,,2026-07-01
98552964,,2026-09-18,2026-08-20,2026-09-16,TDBK,BANK OF NOVA SCOTIA,2026-07-01,Repo,B831,2026-10-09,REPO,FIN,CALYPSOIFI,Repo,,2026-07-01
93360603,,2026-07-17,2026-01-19,2026-07-07,TDBK,CENTRAL 1 CREDIT UNION,2026-07-01,Repo,B952,2026-02-13,REPO,FIN,CALYPSOIFI,Rev_Repo,,2026-06-03
97710185,,2026-12-17,2026-12-13,,TDBK,SWISS LIFE AG,2026-07-01,Repo,B456,2026-05-24,REPO,FIN,CALYPSOIFI,Rev_Repo,,2026-06-24
92195044,,2026-05-18,2026-10-15,2026-12-28,TDBK,BANK OF NOVA SCOTIA,2026-07-01,Repo,B722,2026-02-09,REPO,FIN,CALYPSOIFI,Rev_Repo,,2026-06-03
91217186,,2026-06-04,2026-07-19,2026-05-08,TDBK,BANCO HABITAT,2026-07-01,Repo,B324,2026-02-11,REPO,FIN,CALYPSOIFI,Rev_Repo,,2026-07-01
94416036,,2025-01-04,2026-08-19,2026-03-15,TDBK,BANCO HABITAT,2026-07-01,Repo,B620,2026-04-23,REPO,FIN,CALYPSOIFI,Rev_Repo,,2026-06-24
96545015,,2025-02-08,2026-07-26,2026-06-08,TDBK,BIMCOR INC,2026-07-01,Repo,B766,2026-04-21,REPO,FIN,CALYPSOIFI,Rev_Repo,,2026-06-24
91294485,,2026-11-27,2026-03-01,2026-10-10,TDBK,MORGAN STANLEY INTL,2026-07-01,Repo,B937,2026-12-08,REPO,FIN,CALYPSOIFI,Rev_Repo,,2026-06-10
99204514,,2026-09-06,2026-02-18,2026-12-28,TDBK,WELLINGTON GLOBAL EQUITY FUND 28R5,2026-07-01,Repo,B392,2026-10-06,REPO,,CALYPSOIFI,Rev_Repo,,2026-06-10
96914990,,2025-12-09,2026-09-07,2026-02-10,TDBK,MORGAN STANLEY INTL,2026-07-01,Repo,B722,2026-07-01,REPO,,CALYPSOIFI,Rev_Repo,,2026-06-03
90574318,,2025-09-25,2026-07-10,2026-12-24,TDBK,MORGAN STANLEY INTL,2026-07-01,Repo,B769,2026-04-11,REPO,FIN,CALYPSOIFI,Repo,,2026-07-01
93856552,,2026-04-16,2026-02-05,2026-11-06,TDBK,INVESTEC BANK LIMITED,2026-07-01,Repo,B180,2026-03-24,REPO,FIN,CALYPSOIFI,Rev_Repo,,2026-06-03
97517920,,2026-07-16,2026-11-13,2026-10-11,TDBK,MORGAN STANLEY INTL,2026-07-01,Repo,B964,2026-06-12,REPO,FIN,CALYPSOIFI,Rev_Repo,,2026-06-17
97782006,,2025-10-16,2026-11-25,,TDBK,BANK OF NOVA SCOTIA,2026-07-01,Repo,B199,2026-04-02,REPO,FIN,CALYPSOIFI,Repo,,2026-06-10
98616532,,2026-11-21,2026-03-24,,TDBK,INVESTEC BANK LIMITED,2026-07-01,,B611,2026-10-15,REPO,FIN,CALYPSOIFI,Repo,,2026-06-24
94728788,,2026-08-21,2026-06-05,2026-06-10,TDBK,DEUTSCHE BANK A.G.,2026-07-01,Repo,B401,2026-09-05,REPO,FIN,CALYPSOIFI,Rev_Repo,,2026-06-24
97574067,,2026-12-25,2026-04-11,2026-11-06,TDBK,BIMCOR INC,2026-07-01,Repo,B297,2026-01-09,REPO,FIN,CALYPSOIFI,Rev_Repo,,2026-06-03
95093695,,2025-05-01,2026-10-13,2026-10-25,TDBK,WELLINGTON GLOBAL EQUITY FUND 28R5,2026-07-01,Repo,B608,2026-11-02,REPO,FIN,CALYPSOIFI,Repo,,2026-07-01
94484822,,2025-03-20,2026-04-20,2026-05-16,TDBK,MORGAN STANLEY INTL,2026-07-01,,B874,2026-07-09,REPO,FIN,CALYPSOIFI,Rev_Repo,,2026-06-24
92879198,,2025-07-28,2026-06-11,2026-03-18,TDBK,BANCO HABITAT,2026-07-01,Repo,B558,2026-01-17,REPO,FIN,CALYPSOIFI,Repo,,2026-06-17
91554303,,2026-06-05,2026-10-03,2026-02-15,TDBK,CITIBANK NA,2026-07-01,Repo,B967,2026-12-25,REPO,FIN,CALYPSOIFI,Repo,,2026-07-01
99666219,,2025-12-07,2026-12-22,2026-04-22,TDBK,BANK OF NOVA SCOTIA,2026-07-01,,B731,2026-10-04,REPO,,CALYPSOIFI,Repo,,2026-06-24
95840491,,2026-08-24,2026-10-23,2026-04-18,TDBK,CITIBANK NA,2026-07-01,Repo,B578,2026-03-01,REPO,FIN,CALYPSOIFI,Rev_Repo,,2026-06-24
96025697,,2025-09-14,2026-04-12,2026-02-11,TDBK,BANK OF NOVA SCOTIA,2026-07-01,Repo,B843,2026-08-11,REPO,,CALYPSOIFI,Repo,,2026-06-10
91815048,,2026-04-21,2026-06-28,2026-03-26,TDBK,CITIBANK NA,2026-07-01,Repo,B643,2026-10-15,REPO,FIN,CALYPSOIFI,Rev_Repo,,2026-07-01
96010576,,2025-01-03,2026-01-19,2026-04-21,TDBK,CITIBANK NA,2026-07-01,Repo,B207,2026-01-12,REPO,FIN,CALYPSOIFI,Repo,,2026-06-24
99755768,,2025-03-28,2026-09-07,2026-08-03,TDBK,,2026-07-01,Repo,B903,2026-10-25,REPO,FIN,CALYPSOIFI,Repo,,2026-06-17
97614875,,2025-07-20,2026-09-20,2026-09-10,TDBK,WELLINGTON GLOBAL EQUITY FUND 28R5,2026-07-01,Repo,B914,2026-06-04,REPO,FIN,CALYPSOIFI,Rev_Repo,,2026-07-01
95127389,,2026-12-12,2026-06-06,2026-02-26,TDBK,BANK OF NOVA SCOTIA,2026-07-01,Repo,B439,2026-02-28,,FIN,CALYPSOIFI,Rev_Repo,,2026-06-24
94617036,,2025-09-07,2026-08-22,2026-12-05,TDBK,CENTRAL 1 CREDIT UNION,2026-07-01,Repo,B670,2026-01-10,REPO,FIN,CALYPSOIFI,Rev_Repo,,2026-06-10
96787003,,2026-01-07,2026-06-07,2026-09-14,TDBK,CENTRAL 1 CREDIT UNION,2026-07-01,Repo,B358,2026-03-05,REPO,FIN,CALYPSOIFI,Repo,,2026-06-03
92506017,,2026-08-10,2026-12-05,2026-02-03,TDBK,SWISS LIFE AG,2026-07-01,Repo,B641,2026-09-11,REPO,FIN,CALYPSOIFI,Rev_Repo,,2026-06-10
90922074,,2026-09-24,2026-09-18,,TDBK,SWISS LIFE AG,2026-07-01,Repo,B750,2026-08-22,,FIN,CALYPSOIFI,Rev_Repo,,2026-06-10
98933478,,2025-05-15,2026-02-20,2026-07-21,TDBK,,2026-07-01,Repo,B265,2026-02-20,REPO,FIN,CALYPSOIFI,Rev_Repo,,2026-07-01
91439242,,2025-12-27,2026-09-16,,TDBK,INVESTEC BANK LIMITED,2026-07-01,Repo,B293,2026-03-11,,FIN,CALYPSOIFI,Rev_Repo,,2026-07-01
91945584,,2025-12-01,2026-06-02,2026-03-27,TDBK,INVESTEC BANK LIMITED,2026-07-01,Repo,B838,2026-01-07,REPO,FIN,CALYPSOIFI,Repo,,2026-06-03
90882361,,2026-05-26,2026-10-28,2026-11-28,TDBK,INVESTEC BANK LIMITED,2026-07-01,Repo,B108,2026-12-20,REPO,FIN,CALYPSOIFI,Rev_Repo,,2026-06-17
92597573,,2026-10-24,2026-12-10,2026-12-24,TDBK,WELLINGTON GLOBAL EQUITY FUND 28R5,2026-07-01,Repo,B430,2026-07-17,,FIN,CALYPSOIFI,Repo,,2026-06-17
93578171,,2026-01-18,2026-02-15,2026-01-05,TDBK,MORGAN STANLEY INTL,2026-07-01,Repo,B509,2026-12-14,REPO,FIN,CALYPSOIFI,Repo,,2026-06-10
90278513,,2025-04-08,2026-05-26,2026-04-16,TDBK,BANCO HABITAT,2026-07-01,Repo,B931,2026-10-25,,FIN,CALYPSOIFI,Rev_Repo,,2026-07-01
99072887,,2025-11-19,2026-03-19,2026-08-10,TDBK,CENTRAL 1 CREDIT UNION,2026-07-01,Repo,B571,2026-04-13,REPO,FIN,CALYPSOIFI,Rev_Repo,,2026-06-17
98874596,,2025-03-11,2026-04-11,2026-06-19,TDBK,CENTRAL 1 CREDIT UNION,2026-07-01,Repo,B270,2026-02-19,REPO,FIN,CALYPSOIFI,Rev_Repo,,2026-06-10
98952204,,2026-04-12,2026-06-26,2026-04-24,TDBK,SWISS LIFE AG,2026-07-01,Repo,B385,2026-06-26,REPO,FIN,CALYPSOIFI,Repo,,2026-06-10
90817604,,2026-03-28,2026-02-26,2026-01-03,TDBK,MORGAN STANLEY INTL,2026-07-01,Repo,B528,2026-01-04,REPO,FIN,CALYPSOIFI,Repo,,2026-06-24
92781126,,2026-12-07,2026-06-22,2026-06-15,TDBK,DEUTSCHE BANK A.G.,2026-07-01,Repo,B292,2026-09-19,REPO,FIN,CALYPSOIFI,Repo,,2026-06-03
94941130,,2025-09-18,2026-01-24,2026-10-24,TDBK,BANCO HABITAT,2026-07-01,Repo,B919,2026-09-28,REPO,FIN,CALYPSOIFI,Rev_Repo,,2026-06-17
94304159,,2026-05-05,2026-12-22,2026-04-16,TDBK,CITIBANK NA,2026-07-01,Repo,B703,2026-12-13,REPO,FIN,CALYPSOIFI,Rev_Repo,,2026-06-03
98296325,,2026-03-03,2026-08-23,2026-08-03,TDBK,BIMCOR INC,2026-07-01,Repo,B229,2026-06-26,REPO,FIN,CALYPSOIFI,Repo,,2026-06-17
96019414,,2026-10-04,2026-02-13,2026-04-03,TDBK,BIMCOR INC,2026-07-01,Repo,B172,2026-01-24,REPO,FIN,CALYPSOIFI,Repo,,2026-06-24
97346380,,2026-11-14,2026-04-05,2026-06-13,TDBK,INVESTEC BANK LIMITED,2026-07-01,Repo,B652,2026-12-18,REPO,FIN,CALYPSOIFI,Repo,,2026-06-17
95090160,,2026-07-02,2026-02-20,2026-10-23,TDBK,BIMCOR INC,2026-07-01,Repo,B815,2026-01-17,REPO,,CALYPSOIFI,Rev_Repo,,2026-06-03
98014820,,2026-03-04,2026-12-28,2026-10-27,TDBK,CITIBANK NA,2026-07-01,Repo,B348,2026-07-27,,FIN,CALYPSOIFI,Repo,,2026-07-01
92647453,,2026-12-23,2026-12-07,2026-11-06,TDBK,BIMCOR INC,2026-07-01,Repo,B888,2026-11-20,REPO,FIN,CALYPSOIFI,Rev_Repo,,2026-06-24
92729343,,2025-10-20,2026-07-19,,TDBK,WELLINGTON GLOBAL EQUITY FUND 28R5,2026-07-01,Repo,B882,2026-06-20,REPO,FIN,CALYPSOIFI,Repo,,2026-06-24
97210878,,2025-07-27,2026-03-17,2026-12-13,TDBK,BIMCOR INC,2026-07-01,Repo,B141,2026-12-22,REPO,FIN,CALYPSOIFI,Rev_Repo,,2026-07-01
90392476,,2025-02-24,2026-05-08,2026-09-26,TDBK,CENTRAL 1 CREDIT UNION,2026-07-01,Repo,B991,2026-10-16,REPO,,CALYPSOIFI,Repo,,2026-06-03
97716666,,2025-01-05,2026-10-24,2026-02-18,TDBK,CENTRAL 1 CREDIT UNION,2026-07-01,Repo,B795,2026-01-06,REPO,FIN,CALYPSOIFI,Rev_Repo,,2026-06-10
93839370,,2025-03-07,2026-01-13,2026-05-27,TDBK,CENTRAL 1 CREDIT UNION,2026-07-01,Repo,B386,2026-12-17,REPO,FIN,CALYPSOIFI,Rev_Repo,,2026-06-03
97744401,,2026-02-17,2026-10-26,2026-07-04,TDBK,WELLINGTON GLOBAL EQUITY FUND 28R5,2026-07-01,Repo,B193,2026-11-22,REPO,FIN,CALYPSOIFI,Rev_Repo,,2026-06-03
96471895,,2026-11-13,2026-09-26,2026-11-02,TDBK,WELLINGTON GLOBAL EQUITY FUND 28R5,2026-07-01,Repo,B374,2026-12-11,REPO,FIN,CALYPSOIFI,Repo,,2026-06-10
92665036,,2025-01-25,2026-12-03,2026-03-07,TDBK,SWISS LIFE AG,2026-07-01,Repo,B652,2026-06-28,REPO,FIN,CALYPSOIFI,Rev_Repo,,2026-06-10
97542870,,2025-05-21,2026-05-17,2026-12-12,TDBK,INVESTEC BANK LIMITED,2026-07-01,Repo,B441,2026-12-03,REPO,FIN,CALYPSOIFI,Rev_Repo,,2026-07-01
90620258,,2025-07-12,2026-01-20,,TDBK,BANCO HABITAT,2026-07-01,Repo,B199,2026-11-27,REPO,FIN,CALYPSOIFI,Repo,,2026-06-17
98998952,,2026-09-04,2026-07-19,2026-12-19,TDBK,CENTRAL 1 CREDIT UNION,2026-07-01,Repo,B169,2026-05-25,,,CALYPSOIFI,Rev_Repo,,2026-07-01
98194374,,2026-06-08,2026-05-14,2026-06-08,TDBK,,2026-07-01,Repo,B370,2026-03-24,REPO,FIN,CALYPSOIFI,Rev_Repo,,2026-06-24
90783775,,2025-04-17,2026-02-22,2026-03-18,TDBK,INVESTEC BANK LIMITED,2026-07-01,Repo,B697,2026-06-02,REPO,FIN,CALYPSOIFI,Rev_Repo,,2026-07-01
98354342,,2025-11-04,2026-12-22,2026-07-01,TDBK,,2026-07-01,Repo,B215,2026-11-03,REPO,FIN,CALYPSOIFI,Rev_Repo,,2026-06-10
97476943,,2026-02-26,2026-07-27,2026-12-27,TDBK,WELLINGTON GLOBAL EQUITY FUND 28R5,2026-07-01,Repo,B951,2026-09-09,REPO,FIN,CALYPSOIFI,Repo,,2026-07-01
90304399,,2025-11-11,2026-06-11,2026-11-12,TDBK,,2026-07-01,Repo,B271,2026-04-20,REPO,FIN,CALYPSOIFI,Repo,,2026-07-01
92885732,,2025-05-22,2026-10-18,2026-10-19,TDBK,WELLINGTON GLOBAL EQUITY FUND 28R5,2026-07-01,Repo,B385,2026-08-18,REPO,FIN,CALYPSOIFI,Repo,,2026-06-24
90462137,,2026-03-11,2026-09-13,2026-12-18,TDBK,BIMCOR INC,2026-07-01,Repo,B643,2026-06-20,REPO,FIN,CALYPSOIFI,Rev_Repo,,2026-06-03
96162372,,2025-05-05,2026-03-03,2026-10-07,TDBK,,2026-07-01,Repo,B933,2026-06-07,REPO,FIN,CALYPSOIFI,Repo,,2026-06-17
94127574,,2026-03-28,2026-09-15,2026-10-17,TDBK,BANCO HABITAT,2026-07-01,Repo,B473,2026-05-12,REPO,FIN,CALYPSOIFI,Repo,,2026-06-17
91577917,,2025-01-28,2026-08-28,2026-12-15,TDBK,WELLINGTON GLOBAL EQUITY FUND 28R5,2026-07-01,Repo,B907,2026-12-19,REPO,FIN,CALYPSOIFI,Rev_Repo,,2026-06-03
90180582,,2025-08-18,2026-02-06,2026-02-07,TDBK,WELLINGTON GLOBAL EQUITY FUND 28R5,2026-07-01,Repo,B841,2026-09-17,REPO,FIN,CALYPSOIFI,Rev_Repo,,2026-06-10
94340479,,2026-07-12,2026-08-26,2026-06-26,TDBK,INVESTEC BANK LIMITED,2026-07-01,,B619,2026-03-01,REPO,FIN,CALYPSOIFI,Repo,,2026-06-03
96186550,,2025-01-21,2026-02-01,2026-10-28,TDBK,MORGAN STANLEY INTL,2026-07-01,Repo,B168,2026-01-06,REPO,FIN,CALYPSOIFI,Repo,,2026-06-17
91740877,,2025-09-16,2026-12-28,2026-11-06,TDBK,BANK OF NOVA SCOTIA,2026-07-01,Repo,B385,2026-03-14,REPO,FIN,CALYPSOIFI,Repo,,2026-06-10
92143133,,2026-05-15,2026-11-22,2026-11-09,TDBK,DEUTSCHE BANK A.G.,2026-07-01,Repo,B141,2026-07-23,REPO,FIN,CALYPSOIFI,Rev_Repo,,2026-06-24
99026988,,2026-08-06,2026-06-10,2026-04-27,TDBK,WELLINGTON GLOBAL EQUITY FUND 28R5,2026-07-01,Repo,B527,2026-09-18,REPO,FIN,CALYPSOIFI,Repo,,2026-06-24
96766065,,2026-01-06,2026-11-08,2026-10-22,TDBK,INVESTEC BANK LIMITED,2026-07-01,Repo,B515,2026-02-25,REPO,FIN,CALYPSOIFI,Rev_Repo,,2026-06-03
95213902,,2026-10-09,2026-01-26,2026-10-07,TDBK,WELLINGTON GLOBAL EQUITY FUND 28R5,2026-07-01,Repo,B802,2026-02-02,REPO,FIN,CALYPSOIFI,Repo,,2026-07-01
91588161,,2025-12-05,2026-07-24,2026-01-16,TDBK,BIMCOR INC,2026-07-01,Repo,B776,2026-02-24,REPO,FIN,CALYPSOIFI,Repo,,2026-06-03
90940215,,2025-02-16,2026-11-05,2026-11-06,TDBK,MORGAN STANLEY INTL,2026-07-01,Repo,B835,2026-01-26,REPO,FIN,CALYPSOIFI,Repo,,2026-06-10
96472384,,2025-12-10,2026-12-20,2026-01-08,TDBK,,2026-07-01,Repo,B976,2026-05-10,REPO,FIN,CALYPSOIFI,Repo,,2026-07-01
97712451,,2025-04-19,2026-09-02,2026-02-14,TDBK,CITIBANK NA,2026-07-01,Repo,B579,2026-05-19,REPO,FIN,CALYPSOIFI,Repo,,2026-06-17
93268988,,2026-10-28,2026-03-24,2026-04-14,TDBK,DEUTSCHE BANK A.G.,2026-07-01,Repo,B426,2026-10-11,REPO,FIN,CALYPSOIFI,Rev_Repo,,2026-07-01
90868140,,2025-03-15,2026-04-16,2026-12-04,TDBK,BIMCOR INC,2026-07-01,,B239,2026-05-02,REPO,FIN,CALYPSOIFI,Repo,,2026-07-01
98549178,,2025-03-17,2026-04-02,2026-10-19,TDBK,BANCO HABITAT,2026-07-01,Repo,B392,2026-08-14,REPO,FIN,CALYPSOIFI,Repo,,2026-06-24
98431630,,2025-07-16,2026-09-24,2026-05-24,TDBK,DEUTSCHE BANK A.G.,2026-07-01,Repo,B539,2026-05-28,REPO,FIN,CALYPSOIFI,Repo,,2026-06-03
95775077,,2026-03-25,2026-01-19,2026-12-05,TDBK,DEUTSCHE BANK A.G.,2026-07-01,Repo,B691,2026-01-24,,FIN,CALYPSOIFI,Rev_Repo,,2026-06-10
94752099,,2025-02-17,2026-03-02,,TDBK,CITIBANK NA,2026-07-01,Repo,B980,2026-07-03,REPO,FIN,CALYPSOIFI,Repo,,2026-06-17
95441275,,2026-12-17,2026-08-18,2026-06-18,TDBK,BANK OF NOVA SCOTIA,2026-07-01,Repo,B918,2026-04-09,,FIN,CALYPSOIFI,Rev_Repo,,2026-06-03
91538530,,2025-11-17,2026-06-06,2026-07-21,TDBK,BIMCOR INC,2026-07-01,Repo,B949,2026-01-28,,FIN,CALYPSOIFI,Rev_Repo,,2026-07-01
91640400,,2025-08-10,2026-03-13,2026-03-17,TDBK,INVESTEC BANK LIMITED,2026-07-01,Repo,B731,2026-12-26,REPO,FIN,CALYPSOIFI,Repo,,2026-06-24
95183783,,2026-11-11,2026-10-14,2026-12-19,TDBK,INVESTEC BANK LIMITED,2026-07-01,Repo,B722,2026-06-04,REPO,FIN,CALYPSOIFI,Repo,,2026-06-24
96870029,,2025-10-03,2026-11-23,,TDBK,INVESTEC BANK LIMITED,2026-07-01,Repo,B606,2026-12-19,,FIN,CALYPSOIFI,Repo,,2026-06-03
91253744,,2026-01-05,2026-09-11,2026-08-06,TDBK,BIMCOR INC,2026-07-01,Repo,B747,2026-10-18,REPO,FIN,CALYPSOIFI,Repo,,2026-07-01
98167026,,2026-07-12,2026-09-08,2026-11-13,TDBK,WELLINGTON GLOBAL EQUITY FUND 28R5,2026-07-01,Repo,B804,2026-08-23,REPO,FIN,CALYPSOIFI,Repo,,2026-06-03
97329095,,2025-12-14,2026-08-14,2026-06-03,TDBK,DEUTSCHE BANK A.G.,2026-07-01,Repo,B866,2026-06-05,REPO,FIN,CALYPSOIFI,Rev_Repo,,2026-06-10
91283196,,2025-03-05,2026-01-11,2026-12-05,TDBK,SWISS LIFE AG,2026-07-01,Repo,B483,2026-09-08,REPO,FIN,CALYPSOIFI,Repo,,2026-06-03
91082799,,2025-11-02,2026-05-14,2026-12-23,TDBK,CITIBANK NA,2026-07-01,Repo,B582,2026-06-10,,FIN,CALYPSOIFI,Repo,,2026-07-01
92171431,,2026-03-20,2026-03-23,2026-01-08,TDBK,,2026-07-01,,B478,2026-09-11,REPO,FIN,CALYPSOIFI,Repo,,2026-06-17
99139796,,2025-01-26,2026-02-01,2026-01-02,TDBK,BIMCOR INC,2026-07-01,Repo,B288,2026-01-23,REPO,,CALYPSOIFI,Repo,,2026-07-01
99827608,,2025-05-22,2026-08-22,2026-06-06,TDBK,,2026-07-01,Repo,B958,2026-07-07,REPO,FIN,CALYPSOIFI,Rev_Repo,,2026-06-17
91404380,,2026-06-03,2026-12-03,2026-07-07,TDBK,BIMCOR INC,2026-07-01,Repo,B936,2026-12-10,,FIN,CALYPSOIFI,Repo,,2026-06-24
97186454,,2026-05-11,2026-04-09,2026-02-12,TDBK,INVESTEC BANK LIMITED,2026-07-01,Repo,B648,2026-02-20,REPO,FIN,CALYPSOIFI,Rev_Repo,,2026-06-24
97348087,,2026-11-01,2026-09-14,2026-06-08,TDBK,,2026-07-01,Repo,B140,2026-08-08,,,CALYPSOIFI,Rev_Repo,,2026-06-10
95420436,,2026-04-07,2026-08-05,2026-02-06,TDBK,SWISS LIFE AG,2026-07-01,Repo,B723,2026-12-07,REPO,FIN,CALYPSOIFI,Repo,,2026-06-24
98506567,,2026-07-07,2026-09-01,2026-04-18,TDBK,INVESTEC BANK LIMITED,2026-07-01,Repo,B357,2026-03-01,REPO,FIN,CALYPSOIFI,Repo,,2026-06-03
95794250,,2025-07-14,2026-10-18,,TDBK,MORGAN STANLEY INTL,2026-07-01,Repo,B764,2026-07-14,REPO,FIN,CALYPSOIFI,Repo,,2026-06-10
95402321,,2025-12-01,2026-09-03,2026-08-12,TDBK,SWISS LIFE AG,2026-07-01,Repo,B479,2026-03-24,REPO,FIN,CALYPSOIFI,Repo,,2026-06-03
90409907,,2026-03-19,2026-01-13,2026-01-24,TDBK,CENTRAL 1 CREDIT UNION,2026-07-01,Repo,B537,2026-11-04,REPO,FIN,CALYPSOIFI,Rev_Repo,,2026-06-03
98822546,,2026-11-11,2026-09-07,2026-03-01,TDBK,BANK OF NOVA SCOTIA,2026-07-01,Repo,B688,2026-04-03,REPO,FIN,CALYPSOIFI,Repo,,2026-06-10
97670135,,2026-09-25,2026-09-03,2026-01-12,TDBK,BANK OF NOVA SCOTIA,2026-07-01,Repo,B742,2026-01-05,REPO,FIN,CALYPSOIFI,Repo,,2026-06-10
98990584,,2025-02-26,2026-01-15,2026-09-26,TDBK,CITIBANK NA,2026-07-01,Repo,B496,2026-01-28,REPO,FIN,CALYPSOIFI,Repo,,2026-06-24
96419572,,2026-11-06,2026-11-17,2026-07-07,TDBK,SWISS LIFE AG,2026-07-01,Repo,B895,2026-05-17,REPO,FIN,CALYPSOIFI,Repo,,2026-07-01
95496246,,2026-07-28,2026-01-03,2026-04-20,TDBK,SWISS LIFE AG,2026-07-01,Repo,B894,2026-01-10,REPO,FIN,CALYPSOIFI,Repo,,2026-06-03
99189954,,2025-09-09,2026-09-25,2026-11-10,TDBK,BANK OF NOVA SCOTIA,2026-07-01,Repo,B134,2026-07-04,REPO,FIN,CALYPSOIFI,Rev_Repo,,2026-07-01
94749069,,2026-07-19,2026-05-27,2026-12-25,TDBK,DEUTSCHE BANK A.G.,2026-07-01,Repo,B214,2026-04-20,REPO,FIN,CALYPSOIFI,Rev_Repo,,2026-06-24
96846223,,2025-01-23,2026-12-23,2026-11-18,TDBK,BIMCOR INC,2026-07-01,Repo,B960,2026-03-06,REPO,FIN,CALYPSOIFI,Repo,,2026-06-24
95245128,,2026-06-14,2026-08-18,2026-01-18,TDBK,CENTRAL 1 CREDIT UNION,2026-07-01,Repo,B104,2026-01-09,REPO,FIN,CALYPSOIFI,Rev_Repo,,2026-06-03
92429294,,2025-06-15,2026-04-22,2026-02-28,TDBK,DEUTSCHE BANK A.G.,2026-07-01,Repo,B633,2026-07-19,REPO,FIN,CALYPSOIFI,Repo,,2026-06-17
96254038,,2025-01-24,2026-12-20,,TDBK,MORGAN STANLEY INTL,2026-07-01,Repo,B623,2026-12-03,REPO,FIN,CALYPSOIFI,Rev_Repo,,2026-06-24
92465873,,2026-11-05,2026-01-21,2026-09-22,TDBK,BANK OF NOVA SCOTIA,2026-07-01,Repo,B140,2026-10-26,REPO,FIN,CALYPSOIFI,Repo,,2026-06-03
90523672,,2026-04-14,2026-01-01,2026-03-10,TDBK,SWISS LIFE AG,2026-07-01,,B602,2026-04-12,,FIN,CALYPSOIFI,Rev_Repo,,2026-06-03
97673938,,2025-02-20,2026-06-17,2026-06-27,TDBK,BIMCOR INC,2026-07-01,Repo,B368,2026-08-09,REPO,FIN,CALYPSOIFI,Rev_Repo,,2026-07-01
99137662,,2026-03-15,2026-01-14,2026-01-18,TDBK,INVESTEC BANK LIMITED,2026-07-01,Repo,B686,2026-06-07,REPO,FIN,CALYPSOIFI,Repo,,2026-06-24
97326688,,2025-12-13,2026-08-19,2026-01-02,TDBK,BANCO HABITAT,2026-07-01,Repo,B510,2026-03-09,,FIN,CALYPSOIFI,Rev_Repo,,2026-06-03
99276017,,2026-07-10,2026-06-01,,TDBK,CENTRAL 1 CREDIT UNION,2026-07-01,Repo,B500,2026-06-11,REPO,FIN,CALYPSOIFI,Rev_Repo,,2026-06-10
91466742,,2026-10-01,2026-11-26,2026-04-14,TDBK,BANCO HABITAT,2026-07-01,Repo,B981,2026-06-25,REPO,FIN,CALYPSOIFI,Repo,,2026-06-24
99142493,,2025-09-19,2026-11-28,2026-07-03,TDBK,WELLINGTON GLOBAL EQUITY FUND 28R5,2026-07-01,,B291,2026-09-19,REPO,FIN,CALYPSOIFI,Rev_Repo,,2026-06-10
96034508,,2026-12-09,2026-05-28,2026-02-25,TDBK,DEUTSCHE BANK A.G.,2026-07-01,Repo,B723,2026-09-26,REPO,,CALYPSOIFI,Rev_Repo,,2026-07-01
91583529,,2025-12-01,2026-06-07,,TDBK,INVESTEC BANK LIMITED,2026-07-01,Repo,B482,2026-06-01,REPO,FIN,CALYPSOIFI,Rev_Repo,,2026-07-01
97981531,,2025-09-07,2026-03-19,2026-08-10,TDBK,,2026-07-01,Repo,B312,2026-09-08,REPO,FIN,CALYPSOIFI,Repo,,2026-06-03
99185359,,2026-09-05,2026-04-18,2026-08-14,TDBK,WELLINGTON GLOBAL EQUITY FUND 28R5,2026-07-01,Repo,B821,2026-02-08,REPO,FIN,CALYPSOIFI,Rev_Repo,,2026-06-03
98272099,,2026-02-05,2026-03-23,2026-09-10,TDBK,CITIBANK NA,2026-07-01,Repo,B754,2026-05-16,REPO,FIN,CALYPSOIFI,Rev_Repo,,2026-07-01
91904899,,2025-03-09,2026-07-16,2026-11-18,TDBK,WELLINGTON GLOBAL EQUITY FUND 28R5,2026-07-01,Repo,B682,2026-09-28,REPO,FIN,CALYPSOIFI,Repo,,2026-06-10
95810267,,2025-06-15,2026-06-15,2026-07-07,TDBK,MORGAN STANLEY INTL,2026-07-01,Repo,B299,2026-08-09,REPO,FIN,CALYPSOIFI,Repo,,2026-06-03
93272274,,2026-07-01,2026-02-22,2026-05-25,TDBK,DEUTSCHE BANK A.G.,2026-07-01,Repo,B658,2026-05-03,REPO,FIN,CALYPSOIFI,Repo,,2026-06-17
95232452,,2025-09-11,2026-06-11,2026-12-11,TDBK,CITIBANK NA,2026-07-01,Repo,B740,2026-11-04,REPO,FIN,CALYPSOIFI,Rev_Repo,,2026-06-03
96755821,,2026-12-19,2026-09-23,2026-12-02,TDBK,,2026-07-01,Repo,B785,2026-04-13,REPO,FIN,CALYPSOIFI,Repo,,2026-06-03
99696799,,2025-10-21,2026-02-23,2026-02-12,TDBK,SWISS LIFE AG,2026-07-01,Repo,B294,2026-06-11,REPO,,CALYPSOIFI,Rev_Repo,,2026-06-24
93897370,,2026-03-12,2026-11-01,2026-10-13,TDBK,INVESTEC BANK LIMITED,2026-07-01,Repo,B958,2026-12-06,REPO,FIN,CALYPSOIFI,Repo,,2026-06-10
95361268,,2026-09-15,2026-03-26,2026-04-07,TDBK,BANCO HABITAT,2026-07-01,Repo,B710,2026-05-08,REPO,FIN,CALYPSOIFI,Rev_Repo,,2026-06-24
97634499,,2025-05-25,2026-12-07,2026-11-05,TDBK,WELLINGTON GLOBAL EQUITY FUND 28R5,2026-07-01,Repo,B897,2026-04-28,REPO,FIN,CALYPSOIFI,Repo,,2026-06-10
98461338,,2025-10-26,2026-04-16,2026-12-18,TDBK,CENTRAL 1 CREDIT UNION,2026-07-01,,B637,2026-03-13,REPO,,CALYPSOIFI,Rev_Repo,,2026-07-01
96993888,,2025-02-17,2026-06-23,2026-09-03,TDBK,CITIBANK NA,2026-07-01,Repo,B739,2026-09-26,REPO,FIN,CALYPSOIFI,Rev_Repo,,2026-06-24
90152098,,2025-06-08,2026-04-14,2026-10-06,TDBK,DEUTSCHE BANK A.G.,2026-07-01,Repo,B369,2026-06-13,REPO,FIN,CALYPSOIFI,Rev_Repo,,2026-06-10
94070815,,2025-03-23,2026-05-17,2026-10-05,TDBK,SWISS LIFE AG,2026-07-01,Repo,B245,2026-07-25,REPO,FIN,CALYPSOIFI,Repo,,2026-06-03
97091138,,2026-03-06,2026-03-04,2026-05-12,TDBK,DEUTSCHE BANK A.G.,2026-07-01,Repo,B454,2026-11-09,REPO,,CALYPSOIFI,Repo,,2026-07-01
91101796,,2026-08-07,2026-10-22,2026-10-10,TDBK,BIMCOR INC,2026-07-01,Repo,B520,2026-12-14,REPO,FIN,CALYPSOIFI,Repo,,2026-06-10
99227986,,2025-04-04,2026-09-19,2026-01-06,TDBK,SWISS LIFE AG,2026-07-01,Repo,B364,2026-10-01,REPO,FIN,CALYPSOIFI,Rev_Repo,,2026-06-03
92845096,,2025-03-25,2026-08-03,2026-08-07,TDBK,MORGAN STANLEY INTL,2026-07-01,Repo,B495,2026-12-12,REPO,FIN,CALYPSOIFI,Repo,,2026-06-17
93217775,,2025-03-12,2026-10-27,2026-07-25,TDBK,WELLINGTON GLOBAL EQUITY FUND 28R5,2026-07-01,Repo,B578,2026-10-22,REPO,FIN,CALYPSOIFI,Rev_Repo,,2026-06-17
95222850,,2026-06-03,2026-02-02,2026-02-16,TDBK,WELLINGTON GLOBAL EQUITY FUND 28R5,2026-07-01,Repo,B448,2026-01-16,REPO,FIN,CALYPSOIFI,Rev_Repo,,2026-06-17
98120642,,2025-01-10,2026-02-02,2026-10-01,TDBK,DEUTSCHE BANK A.G.,2026-07-01,Repo,B469,2026-05-03,REPO,FIN,CALYPSOIFI,Rev_Repo,,2026-06-17
92135375,,2025-03-25,2026-04-19,2026-03-04,TDBK,CENTRAL 1 CREDIT UNION,2026-07-01,Repo,B901,2026-08-14,REPO,FIN,CALYPSOIFI,Rev_Repo,,2026-06-10
95560962,,2025-06-28,2026-08-24,2026-05-09,TDBK,SWISS LIFE AG,2026-07-01,Repo,B287,2026-08-18,REPO,FIN,CALYPSOIFI,Rev_Repo,,2026-06-03
92763874,,2025-08-05,2026-12-28,2026-03-20,TDBK,BIMCOR INC,2026-07-01,Repo,B930,2026-09-13,REPO,FIN,CALYPSOIFI,Repo,,2026-06-24
92661679,,2026-07-02,2026-12-26,2026-08-22,TDBK,BANK OF NOVA SCOTIA,2026-07-01,Repo,B703,2026-10-04,,FIN,CALYPSOIFI,Repo,,2026-06-24
93443331,,2025-03-15,2026-12-11,2026-04-10,TDBK,BANCO HABITAT,2026-07-01,Repo,B255,2026-10-13,REPO,FIN,CALYPSOIFI,Rev_Repo,,2026-06-03
93169855,,2025-03-01,2026-05-07,2026-04-16,TDBK,,2026-07-01,Repo,B639,2026-05-22,REPO,FIN,CALYPSOIFI,Repo,,2026-06-17
99631358,,2026-04-08,2026-08-21,2026-11-02,TDBK,BANK OF NOVA SCOTIA,2026-07-01,Repo,B966,2026-03-23,REPO,FIN,CALYPSOIFI,Rev_Repo,,2026-07-01
98722073,,2026-03-21,2026-02-06,2026-02-02,TDBK,INVESTEC BANK LIMITED,2026-07-01,Repo,B327,2026-01-16,REPO,FIN,CALYPSOIFI,Repo,,2026-06-17
97143390,,2025-06-02,2026-02-10,2026-02-13,TDBK,,2026-07-01,,B729,2026-06-03,REPO,FIN,CALYPSOIFI,Repo,,2026-07-01
98326401,,2026-02-10,2026-03-21,2026-10-07,TDBK,BIMCOR INC,2026-07-01,Repo,B617,2026-03-07,REPO,FIN,CALYPSOIFI,Repo,,2026-06-24
92324391,,2026-12-20,2026-10-18,2026-10-23,TDBK,INVESTEC BANK LIMITED,2026-07-01,Repo,B950,2026-07-06,REPO,FIN,CALYPSOIFI,Rev_Repo,,2026-06-24
95064539,,2025-08-23,2026-01-03,,TDBK,WELLINGTON GLOBAL EQUITY FUND 28R5,2026-07-01,Repo,B115,2026-07-19,REPO,FIN,CALYPSOIFI,Rev_Repo,,2026-06-17
91707991,,2026-01-22,2026-05-15,2026-12-18,TDBK,BANK OF NOVA SCOTIA,2026-07-01,Repo,B698,2026-05-28,REPO,FIN,CALYPSOIFI,Repo,,2026-06-10
97228304,,2026-09-01,2026-04-14,2026-06-19,TDBK,BANK OF NOVA SCOTIA,2026-07-01,Repo,B427,2026-07-28,REPO,,CALYPSOIFI,Repo,,2026-06-10
98361765,,2025-04-25,2026-02-20,2026-05-24,TDBK,CENTRAL 1 CREDIT UNION,2026-07-01,Repo,B943,2026-09-26,REPO,FIN,CALYPSOIFI,Rev_Repo,,2026-06-17
96431178,,2026-05-09,2026-10-13,2026-02-10,TDBK,DEUTSCHE BANK A.G.,2026-07-01,Repo,B376,2026-04-08,REPO,FIN,CALYPSOIFI,Repo,,2026-06-10
91093075,,2025-05-28,2026-06-22,2026-04-01,TDBK,,2026-07-01,Repo,B605,2026-06-26,REPO,FIN,CALYPSOIFI,Repo,,2026-07-01
92832680,,2026-05-27,2026-02-24,2026-07-20,TDBK,BANCO HABITAT,2026-07-01,Repo,B582,2026-12-19,REPO,FIN,CALYPSOIFI,Repo,,2026-07-01
99601961,,2026-12-24,2026-10-05,2026-12-24,TDBK,DEUTSCHE BANK A.G.,2026-07-01,Repo,B617,2026-03-11,REPO,FIN,CALYPSOIFI,Rev_Repo,,2026-06-17
93333164,,2026-07-02,2026-10-08,2026-02-04,TDBK,WELLINGTON GLOBAL EQUITY FUND 28R5,2026-07-01,Repo,B425,2026-10-08,REPO,FIN,CALYPSOIFI,Rev_Repo,,2026-07-01
91638126,,2026-11-27,2026-11-11,2026-12-04,TDBK,BANK OF NOVA SCOTIA,2026-07-01,Repo,B665,2026-02-03,REPO,FIN,CALYPSOIFI,Rev_Repo,,2026-06-24
98395363,,2025-05-21,2026-05-27,2026-12-04,TDBK,SWISS LIFE AG,2026-07-01,Repo,B174,2026-04-19,REPO,FIN,CALYPSOIFI,Repo,,2026-06-17
91183305,,2025-03-23,2026-07-04,2026-10-27,TDBK,BANK OF NOVA SCOTIA,2026-07-01,Repo,B462,2026-10-13,REPO,FIN,CALYPSOIFI,Repo,,2026-06-24
94240654,,2025-07-21,2026-07-26,2026-05-19,TDBK,BANK OF NOVA SCOTIA,2026-07-01,Repo,B780,2026-11-26,REPO,FIN,CALYPSOIFI,Repo,,2026-06-24
96073066,,2025-05-08,2026-09-21,2026-12-23,TDBK,BANCO HABITAT,2026-07-01,Repo,B844,2026-10-07,,FIN,CALYPSOIFI,Repo,,2026-06-10
90677680,,2025-09-09,2026-03-26,2026-12-27,TDBK,CITIBANK NA,2026-07-01,Repo,B200,2026-06-10,REPO,FIN,CALYPSOIFI,Rev_Repo,,2026-07-01
99297188,,2026-04-24,2026-08-02,2026-06-14,TDBK,MORGAN STANLEY INTL,2026-07-01,Repo,B684,2026-01-20,REPO,FIN,CALYPSOIFI,Rev_Repo,,2026-06-24
90439511,,2025-03-27,2026-04-08,2026-06-16,TDBK,BANCO HABITAT,2026-07-01,Repo,B690,2026-02-03,REPO,FIN,CALYPSOIFI,Rev_Repo,,2026-06-03
97828766,,2025-06-22,2026-09-15,,TDBK,DEUTSCHE BANK A.G.,2026-07-01,Repo,B127,2026-12-26,REPO,,CALYPSOIFI,Rev_Repo,,2026-07-01
90061119,,2026-07-17,2026-11-07,2026-06-18,TDBK,MORGAN STANLEY INTL,2026-07-01,Repo,B416,2026-12-23,REPO,FIN,CALYPSOIFI,Rev_Repo,,2026-06-03
91813016,,2026-08-22,2026-11-23,,TDBK,CITIBANK NA,2026-07-01,Repo,B218,2026-05-07,REPO,FIN,CALYPSOIFI,Repo,,2026-06-03
93695884,,2026-05-15,2026-08-07,2026-12-27,TDBK,,2026-07-01,,B747,2026-04-03,REPO,FIN,CALYPSOIFI,Rev_Repo,,2026-06-03
92925836,,2025-11-07,2026-11-15,2026-12-24,TDBK,MORGAN STANLEY INTL,2026-07-01,Repo,B359,2026-06-24,REPO,FIN,CALYPSOIFI,Rev_Repo,,2026-06-03
97432746,,2026-02-06,2026-10-25,,TDBK,BANCO HABITAT,2026-07-01,,B955,2026-01-04,REPO,FIN,CALYPSOIFI,Rev_Repo,,2026-07-01
90435176,,2026-10-21,2026-01-06,2026-03-15,TDBK,WELLINGTON GLOBAL EQUITY FUND 28R5,2026-07-01,Repo,B351,2026-09-28,REPO,,CALYPSOIFI,Rev_Repo,,2026-06-17
94478993,,2026-11-28,2026-03-01,2026-05-26,TDBK,BIMCOR INC,2026-07-01,Repo,B432,2026-09-23,REPO,,CALYPSOIFI,Repo,,2026-06-03
97822444,,2026-12-11,2026-07-06,2026-07-18,TDBK,BANCO HABITAT,2026-07-01,Repo,B933,2026-02-25,REPO,FIN,CALYPSOIFI,Rev_Repo,,2026-06-10
98464108,,2025-11-25,2026-01-12,2026-04-19,TDBK,CITIBANK NA,2026-07-01,Repo,B169,2026-03-23,REPO,FIN,CALYPSOIFI,Rev_Repo,,2026-06-24
94852105,,2026-05-15,2026-11-14,2026-05-06,TDBK,INVESTEC BANK LIMITED,2026-07-01,,B367,2026-10-19,REPO,FIN,CALYPSOIFI,Rev_Repo,,2026-06-24
96446786,,2025-01-12,2026-02-18,2026-01-09,TDBK,,2026-07-01,,B106,2026-11-06,REPO,FIN,CALYPSOIFI,Rev_Repo,,2026-06-03
98124115,,2025-07-03,2026-10-01,2026-10-05,TDBK,MORGAN STANLEY INTL,2026-07-01,Repo,B644,2026-07-04,REPO,FIN,CALYPSOIFI,Repo,,2026-06-17
96531710,,2025-11-02,2026-03-04,2026-03-17,TDBK,BANCO HABITAT,2026-07-01,Repo,B831,2026-09-21,REPO,FIN,CALYPSOIFI,Repo,,2026-06-03
96620096,,2026-11-27,2026-12-19,2026-06-20,TDBK,BANCO HABITAT,2026-07-01,Repo,B514,2026-02-21,REPO,FIN,CALYPSOIFI,Rev_Repo,,2026-06-10
92129659,,2026-06-14,2026-05-24,2026-11-20,TDBK,CENTRAL 1 CREDIT UNION,2026-07-01,Repo,B875,2026-09-05,REPO,FIN,CALYPSOIFI,Rev_Repo,,2026-07-01
92597053,,2025-01-13,2026-07-05,2026-04-15,TDBK,WELLINGTON GLOBAL EQUITY FUND 28R5,2026-07-01,Repo,B499,2026-07-28,REPO,FIN,CALYPSOIFI,Rev_Repo,,2026-06-10
99836078,,2026-03-26,2026-02-10,2026-03-14,TDBK,,2026-07-01,Repo,B726,2026-01-11,REPO,FIN,CALYPSOIFI,Rev_Repo,,2026-06-24
94134203,,2025-02-16,2026-01-25,,TDBK,,2026-07-01,Repo,B939,2026-07-05,REPO,FIN,CALYPSOIFI,Rev_Repo,,2026-06-10
93484401,,2026-06-15,2026-12-14,2026-05-04,TDBK,MORGAN STANLEY INTL,2026-07-01,Repo,B936,2026-08-25,REPO,FIN,CALYPSOIFI,Rev_Repo,,2026-06-24
99851825,,2025-08-10,2026-10-21,2026-08-12,TDBK,INVESTEC BANK LIMITED,2026-07-01,Repo,B249,2026-07-15,REPO,FIN,CALYPSOIFI,Rev_Repo,,2026-06-10
98130428,,2026-11-02,2026-05-12,2026-10-08,TDBK,WELLINGTON GLOBAL EQUITY FUND 28R5,2026-07-01,Repo,B207,2026-09-16,REPO,FIN,CALYPSOIFI,Rev_Repo,,2026-06-17
98876316,,2025-11-28,2026-10-08,2026-01-04,TDBK,CENTRAL 1 CREDIT UNION,2026-07-01,Repo,B279,2026-05-05,REPO,FIN,CALYPSOIFI,Rev_Repo,,2026-06-17
98632735,,2026-01-06,2026-09-18,2026-04-07,TDBK,CITIBANK NA,2026-07-01,Repo,B863,2026-01-15,REPO,,CALYPSOIFI,Rev_Repo,,2026-07-01
95309244,,2026-12-16,2026-06-24,2026-11-02,TDBK,BANCO HABITAT,2026-07-01,Repo,B580,2026-06-10,REPO,FIN,CALYPSOIFI,Repo,,2026-06-24
90900550,,2026-05-26,2026-05-08,2026-06-24,TDBK,CITIBANK NA,2026-07-01,Repo,B306,2026-01-06,REPO,FIN,CALYPSOIFI,Repo,,2026-07-01
91066228,,2025-06-28,2026-10-25,2026-01-26,TDBK,BANK OF NOVA SCOTIA,2026-07-01,Repo,B198,2026-04-15,REPO,FIN,CALYPSOIFI,Rev_Repo,,2026-06-03
99021078,,2025-07-25,2026-04-01,2026-02-06,TDBK,BANK OF NOVA SCOTIA,2026-07-01,Repo,B560,2026-11-11,REPO,FIN,CALYPSOIFI,Rev_Repo,,2026-07-01
92239890,,2025-06-04,2026-12-28,2026-08-10,TDBK,INVESTEC BANK LIMITED,2026-07-01,Repo,B907,2026-09-16,REPO,FIN,CALYPSOIFI,Repo,,2026-06-10
98874892,,2025-01-03,2026-03-13,2026-09-28,TDBK,DEUTSCHE BANK A.G.,2026-07-01,Repo,B432,2026-04-28,REPO,FIN,CALYPSOIFI,Repo,,2026-07-01
95807148,,2026-09-11,2026-08-08,2026-01-23,TDBK,CITIBANK NA,2026-07-01,Repo,B872,2026-11-28,REPO,FIN,CALYPSOIFI,Rev_Repo,,2026-06-24
92744051,,2025-11-26,2026-10-27,2026-01-11,TDBK,SWISS LIFE AG,2026-07-01,,B800,2026-09-28,REPO,FIN,CALYPSOIFI,Rev_Repo,,2026-06-24
99736927,,2025-09-16,2026-12-27,2026-03-24,TDBK,DEUTSCHE BANK A.G.,2026-07-01,Repo,B771,2026-11-20,REPO,FIN,CALYPSOIFI,Rev_Repo,,2026-06-10
98974789,,2025-03-19,2026-07-21,2026-04-24,TDBK,BANCO HABITAT,2026-07-01,Repo,B454,2026-09-14,REPO,FIN,CALYPSOIFI,Rev_Repo,,2026-07-01
92675620,,2025-07-27,2026-12-04,2026-04-09,TDBK,DEUTSCHE BANK A.G.,2026-07-01,Repo,B596,2026-12-01,REPO,FIN,CALYPSOIFI,Repo,,2026-06-10
97112865,,2025-09-01,2026-04-01,2026-03-23,TDBK,BANCO HABITAT,2026-07-01,Repo,B502,2026-05-12,REPO,FIN,CALYPSOIFI,Rev_Repo,,2026-07-01
98140740,,2025-12-06,2026-03-05,2026-03-09,TDBK,CENTRAL 1 CREDIT UNION,2026-07-01,Repo,B645,2026-02-13,REPO,FIN,CALYPSOIFI,Rev_Repo,,2026-07-01
99884308,,2025-04-13,2026-12-08,2026-10-06,TDBK,BIMCOR INC,2026-07-01,Repo,B753,2026-04-28,REPO,FIN,CALYPSOIFI,Rev_Repo,,2026-06-10
91330573,,2025-11-05,2026-07-14,,TDBK,CITIBANK NA,2026-07-01,Repo,B382,2026-10-16,REPO,FIN,CALYPSOIFI,Rev_Repo,,2026-06-24
97917999,,2025-06-17,2026-09-13,2026-01-21,TDBK,DEUTSCHE BANK A.G.,2026-07-01,Repo,B559,2026-07-26,REPO,,CALYPSOIFI,Repo,,2026-07-01
90081419,,2025-08-27,2026-09-16,2026-06-25,TDBK,BANK OF NOVA SCOTIA,2026-07-01,Repo,B745,2026-10-13,REPO,FIN,CALYPSOIFI,Rev_Repo,,2026-06-03
93708413,,2026-08-11,2026-10-26,,TDBK,INVESTEC BANK LIMITED,2026-07-01,Repo,B803,2026-09-21,REPO,FIN,CALYPSOIFI,Repo,,2026-06-03
90373357,,2026-06-16,2026-08-12,2026-05-12,TDBK,SWISS LIFE AG,2026-07-01,Repo,B890,2026-08-16,REPO,,CALYPSOIFI,Rev_Repo,,2026-06-24
97174505,,2025-02-24,2026-12-16,,TDBK,BANCO HABITAT,2026-07-01,Repo,B819,2026-03-08,REPO,FIN,CALYPSOIFI,Rev_Repo,,2026-06-17
94012699,,2026-04-03,2026-12-17,2026-11-13,TDBK,CITIBANK NA,2026-07-01,Repo,B515,2026-12-11,REPO,FIN,CALYPSOIFI,Rev_Repo,,2026-06-03
99900832,,2026-03-13,2026-11-24,2026-04-27,TDBK,WELLINGTON GLOBAL EQUITY FUND 28R5,2026-07-01,Repo,B553,2026-04-17,REPO,FIN,CALYPSOIFI,Repo,,2026-06-03
94214433,,2025-12-25,2026-02-26,,TDBK,WELLINGTON GLOBAL EQUITY FUND 28R5,2026-07-01,Repo,B366,2026-11-18,REPO,FIN,CALYPSOIFI,Rev_Repo,,2026-07-01
96846967,,2026-05-25,2026-11-15,2026-12-24,TDBK,WELLINGTON GLOBAL EQUITY FUND 28R5,2026-07-01,Repo,B307,2026-08-06,REPO,FIN,CALYPSOIFI,Repo,,2026-06-17
96894185,,2025-03-04,2026-09-08,2026-06-01,TDBK,MORGAN STANLEY INTL,2026-07-01,Repo,B734,2026-08-25,REPO,FIN,CALYPSOIFI,Repo,,2026-06-10
97079109,,2026-01-03,2026-07-17,,TDBK,MORGAN STANLEY INTL,2026-07-01,,B315,2026-12-25,,FIN,CALYPSOIFI,Rev_Repo,,2026-06-10
96523323,,2026-09-03,2026-07-04,2026-05-06,TDBK,SWISS LIFE AG,2026-07-01,Repo,B195,2026-11-19,REPO,FIN,CALYPSOIFI,Rev_Repo,,2026-07-01
98807668,,2026-02-18,2026-08-09,2026-05-10,TDBK,DEUTSCHE BANK A.G.,2026-07-01,Repo,B589,2026-08-26,REPO,FIN,CALYPSOIFI,Rev_Repo,,2026-06-17
98582860,,2026-01-06,2026-08-18,2026-07-05,TDBK,CENTRAL 1 CREDIT UNION,2026-07-01,Repo,B455,2026-08-27,REPO,FIN,CALYPSOIFI,Rev_Repo,,2026-06-24
95455235,,2025-08-17,2026-04-13,2026-02-09,TDBK,MORGAN STANLEY INTL,2026-07-01,Repo,B585,2026-11-24,REPO,FIN,CALYPSOIFI,Repo,,2026-06-17
99545851,,2025-11-11,2026-07-04,2026-01-09,TDBK,WELLINGTON GLOBAL EQUITY FUND 28R5,2026-07-01,Repo,B995,2026-11-05,REPO,FIN,CALYPSOIFI,Rev_Repo,,2026-06-03
99487432,,2025-01-01,2026-07-27,2026-04-13,TDBK,CENTRAL 1 CREDIT UNION,2026-07-01,,B204,2026-11-27,REPO,FIN,CALYPSOIFI,Rev_Repo,,2026-06-03
90176334,,2026-01-02,2026-08-28,,TDBK,CITIBANK NA,2026-07-01,Repo,B642,2026-07-13,REPO,FIN,CALYPSOIFI,Rev_Repo,,2026-06-24
94975953,,2025-05-24,2026-09-21,2026-04-15,TDBK,CENTRAL 1 CREDIT UNION,2026-07-01,Repo,B871,2026-12-08,REPO,FIN,CALYPSOIFI,Rev_Repo,,2026-06-03
93187170,,2025-10-19,2026-09-26,2026-01-24,TDBK,DEUTSCHE BANK A.G.,2026-07-01,Repo,B969,2026-03-16,REPO,FIN,CALYPSOIFI,Rev_Repo,,2026-06-10
96973279,,2026-12-02,2026-06-12,2026-10-19,TDBK,BIMCOR INC,2026-07-01,Repo,B234,2026-04-02,REPO,FIN,CALYPSOIFI,Repo,,2026-06-24
98251847,,2025-12-09,2026-08-09,,TDBK,CENTRAL 1 CREDIT UNION,2026-07-01,Repo,B225,2026-02-23,REPO,FIN,CALYPSOIFI,Rev_Repo,,2026-06-17
91326183,,2025-02-23,2026-04-01,2026-02-24,TDBK,BIMCOR INC,2026-07-01,Repo,B679,2026-10-21,REPO,FIN,CALYPSOIFI,Repo,,2026-06-03
96891894,,2025-12-10,2026-02-13,2026-05-03,TDBK,BANK OF NOVA SCOTIA,2026-07-01,Repo,B683,2026-01-21,REPO,FIN,CALYPSOIFI,Rev_Repo,,2026-07-01
94097789,,2026-08-09,2026-12-18,2026-04-12,TDBK,BANCO HABITAT,2026-07-01,Repo,B822,2026-01-18,REPO,FIN,CALYPSOIFI,Repo,,2026-06-03
90093542,,2025-07-18,2026-03-19,2026-02-05,TDBK,CITIBANK NA,2026-07-01,Repo,B184,2026-10-12,REPO,,CALYPSOIFI,Rev_Repo,,2026-06-10
97695284,,2026-08-11,2026-06-09,2026-04-09,TDBK,,2026-07-01,,B123,2026-11-08,REPO,FIN,CALYPSOIFI,Repo,,2026-06-10
92779246,,2025-10-21,2026-06-15,2026-01-04,TDBK,WELLINGTON GLOBAL EQUITY FUND 28R5,2026-07-01,Repo,B768,2026-05-10,REPO,FIN,CALYPSOIFI,Repo,,2026-06-17
93546948,,2025-10-02,2026-11-24,2026-08-15,TDBK,INVESTEC BANK LIMITED,2026-07-01,Repo,B936,2026-03-08,REPO,FIN,CALYPSOIFI,Rev_Repo,,2026-07-01
92127203,,2025-10-19,2026-12-18,2026-01-11,TDBK,DEUTSCHE BANK A.G.,2026-07-01,Repo,B617,2026-12-27,REPO,FIN,CALYPSOIFI,Repo,,2026-07-01
96492270,,2025-06-20,2026-04-15,2026-03-19,TDBK,DEUTSCHE BANK A.G.,2026-07-01,Repo,B894,2026-09-02,REPO,FIN,CALYPSOIFI,Rev_Repo,,2026-06-24
98656662,,2026-12-25,2026-07-24,2026-06-15,TDBK,CENTRAL 1 CREDIT UNION,2026-07-01,Repo,B879,2026-06-08,REPO,FIN,CALYPSOIFI,Repo,,2026-07-01
95004642,,2026-02-13,2026-06-07,2026-08-05,TDBK,CITIBANK NA,2026-07-01,,B406,2026-08-16,REPO,FIN,CALYPSOIFI,Repo,,2026-06-24
91127242,,2025-06-03,2026-10-04,2026-06-27,TDBK,BANCO HABITAT,2026-07-01,,B900,2026-11-18,REPO,FIN,CALYPSOIFI,Rev_Repo,,2026-07-01
96470995,,2026-11-15,2026-11-21,2026-12-27,TDBK,CITIBANK NA,2026-07-01,Repo,B413,2026-06-06,REPO,FIN,CALYPSOIFI,Repo,,2026-06-24
95191968,,2026-03-24,2026-05-13,2026-10-24,TDBK,,2026-07-01,Repo,B999,2026-03-28,REPO,FIN,CALYPSOIFI,Repo,,2026-07-01
99461464,,2025-08-11,2026-06-01,2026-02-24,TDBK,SWISS LIFE AG,2026-07-01,Repo,B825,2026-01-12,REPO,FIN,CALYPSOIFI,Rev_Repo,,2026-06-03
91194303,,2025-10-22,2026-03-08,2026-02-19,TDBK,SWISS LIFE AG,2026-07-01,Repo,B149,2026-11-26,REPO,FIN,CALYPSOIFI,Repo,,2026-06-24
92133200,,2025-04-25,2026-03-17,2026-07-17,TDBK,INVESTEC BANK LIMITED,2026-07-01,Repo,B815,2026-01-05,REPO,FIN,CALYPSOIFI,Repo,,2026-06-03
97830423,,2026-04-18,2026-08-04,2026-08-07,TDBK,BIMCOR INC,2026-07-01,Repo,B630,2026-05-24,REPO,FIN,CALYPSOIFI,Repo,,2026-07-01
93906877,,2026-05-05,2026-11-26,2026-04-03,TDBK,CENTRAL 1 CREDIT UNION,2026-07-01,Repo,B424,2026-08-26,REPO,FIN,CALYPSOIFI,Repo,,2026-07-01
91210959,,2025-09-07,2026-09-17,2026-06-06,TDBK,SWISS LIFE AG,2026-07-01,Repo,B308,2026-06-22,REPO,FIN,CALYPSOIFI,Rev_Repo,,2026-06-24
98651992,,2025-09-18,2026-07-05,2026-06-24,TDBK,MORGAN STANLEY INTL,2026-07-01,Repo,B705,2026-04-20,REPO,FIN,CALYPSOIFI,Rev_Repo,,2026-06-24
98252966,,2026-05-07,2026-01-26,2026-08-06,TDBK,,2026-07-01,Repo,B941,2026-04-20,REPO,FIN,CALYPSOIFI,Repo,,2026-06-17
91977180,,2025-12-07,2026-01-17,2026-08-20,TDBK,INVESTEC BANK LIMITED,2026-07-01,Repo,B676,2026-07-21,REPO,FIN,CALYPSOIFI,Rev_Repo,,2026-06-10
90169226,,2025-12-10,2026-06-01,2026-03-08,TDBK,WELLINGTON GLOBAL EQUITY FUND 28R5,2026-07-01,Repo,B808,2026-02-25,REPO,FIN,CALYPSOIFI,Rev_Repo,,2026-06-17
96427206,,2026-03-20,2026-06-25,2026-06-28,TDBK,MORGAN STANLEY INTL,2026-07-01,Repo,B690,2026-02-21,REPO,,CALYPSOIFI,Rev_Repo,,2026-06-03
96371820,,2026-12-20,2026-10-06,2026-03-10,TDBK,SWISS LIFE AG,2026-07-01,Repo,B559,2026-05-08,REPO,FIN,CALYPSOIFI,Repo,,2026-07-01
94716618,,2025-11-27,2026-11-20,2026-08-19,TDBK,DEUTSCHE BANK A.G.,2026-07-01,Repo,B444,2026-01-14,REPO,FIN,CALYPSOIFI,Rev_Repo,,2026-07-01
99242102,,2025-03-02,2026-06-11,2026-06-11,TDBK,SWISS LIFE AG,2026-07-01,Repo,B562,2026-01-17,REPO,FIN,CALYPSOIFI,Rev_Repo,,2026-06-10
98865442,,2025-01-19,2026-02-26,2026-10-13,TDBK,SWISS LIFE AG,2026-07-01,Repo,B334,2026-11-18,REPO,FIN,CALYPSOIFI,Repo,,2026-06-17
90820351,,2026-12-27,2026-12-14,2026-11-28,TDBK,BANCO HABITAT,2026-07-01,Repo,B493,2026-08-22,REPO,FIN,CALYPSOIFI,Rev_Repo,,2026-06-17
98254101,,2025-01-15,2026-06-01,2026-06-08,TDBK,BANCO HABITAT,2026-07-01,Repo,B227,2026-11-05,REPO,FIN,CALYPSOIFI,Rev_Repo,,2026-06-24
92999415,,2026-06-23,2026-08-09,2026-04-27,TDBK,CITIBANK NA,2026-07-01,Repo,B122,2026-03-02,REPO,FIN,CALYPSOIFI,Repo,,2026-06-10
90288121,,2025-04-04,2026-12-18,2026-07-09,TDBK,BANK OF NOVA SCOTIA,2026-07-01,Repo,B421,2026-03-11,REPO,FIN,CALYPSOIFI,Rev_Repo,,2026-06-03
97260072,,2026-02-08,2026-08-28,2026-09-13,TDBK,BIMCOR INC,2026-07-01,,B235,2026-08-18,REPO,FIN,CALYPSOIFI,Repo,,2026-06-24
93690910,,2026-03-15,2026-12-25,2026-07-22,TDBK,MORGAN STANLEY INTL,2026-07-01,Repo,B561,2026-04-12,REPO,FIN,CALYPSOIFI,Repo,,2026-07-01
90249153,,2025-04-18,2026-06-28,2026-03-11,TDBK,,2026-07-01,Repo,B432,2026-02-05,REPO,FIN,CALYPSOIFI,Repo,,2026-06-03
98180191,,2025-07-05,2026-11-19,2026-09-11,TDBK,CITIBANK NA,2026-07-01,Repo,B836,2026-07-02,REPO,FIN,CALYPSOIFI,Repo,,2026-07-01
94865192,,2025-06-16,2026-11-11,2026-12-06,TDBK,CITIBANK NA,2026-07-01,Repo,B928,2026-11-19,REPO,FIN,CALYPSOIFI,Rev_Repo,,2026-06-03
91644391,,2026-05-09,2026-09-23,2026-01-16,TDBK,WELLINGTON GLOBAL EQUITY FUND 28R5,2026-07-01,Repo,B649,2026-10-14,REPO,FIN,CALYPSOIFI,Repo,,2026-07-01
92714180,,2025-01-25,2026-08-20,2026-04-14,TDBK,DEUTSCHE BANK A.G.,2026-07-01,Repo,B624,2026-05-22,REPO,FIN,CALYPSOIFI,Rev_Repo,,2026-06-17
90628831,,2025-09-27,2026-04-25,2026-03-21,TDBK,MORGAN STANLEY INTL,2026-07-01,Repo,B169,2026-03-21,REPO,,CALYPSOIFI,Repo,,2026-06-03
94749070,,2025-05-26,2026-06-19,2026-08-13,TDBK,INVESTEC BANK LIMITED,2026-07-01,Repo,B883,2026-04-20,REPO,FIN,CALYPSOIFI,Rev_Repo,,2026-06-03
92868672,,2026-01-04,2026-12-16,2026-09-07,TDBK,BANK OF NOVA SCOTIA,2026-07-01,Repo,B657,2026-09-25,REPO,FIN,CALYPSOIFI,Rev_Repo,,2026-06-10
93928199,,2025-06-25,2026-07-05,2026-02-05,TDBK,BANCO HABITAT,2026-07-01,Repo,B769,2026-08-20,REPO,FIN,CALYPSOIFI,Repo,,2026-06-03
96256733,,2025-01-07,2026-06-25,2026-05-12,TDBK,BANCO HABITAT,2026-07-01,Repo,B485,2026-02-16,REPO,FIN,CALYPSOIFI,Repo,,2026-07-01
93749879,,2025-12-21,2026-07-02,,TDBK,CITIBANK NA,2026-07-01,Repo,B370,2026-05-20,,FIN,CALYPSOIFI,Repo,,2026-06-24
95919105,,2026-08-18,2026-07-02,2026-10-16,TDBK,BANK OF NOVA SCOTIA,2026-07-01,,B423,2026-07-02,REPO,FIN,CALYPSOIFI,Rev_Repo,,2026-06-17
98425790,,2026-10-05,2026-07-26,2026-04-28,TDBK,MORGAN STANLEY INTL,2026-07-01,,B908,2026-11-11,REPO,FIN,CALYPSOIFI,Rev_Repo,,2026-06-03
98284013,,2026-11-28,2026-11-03,,TDBK,,2026-07-01,Repo,B439,2026-09-25,REPO,FIN,CALYPSOIFI,Rev_Repo,,2026-06-10
96010640,,2026-05-14,2026-01-13,2026-02-02,TDBK,CITIBANK NA,2026-07-01,Repo,B755,2026-03-26,REPO,FIN,CALYPSOIFI,Rev_Repo,,2026-07-01
94590415,,2025-04-20,2026-12-07,2026-10-04,TDBK,DEUTSCHE BANK A.G.,2026-07-01,Repo,B631,2026-09-11,REPO,FIN,CALYPSOIFI,Repo,,2026-06-17
95552730,,2026-04-28,2026-08-12,2026-04-03,TDBK,DEUTSCHE BANK A.G.,2026-07-01,Repo,B736,2026-09-06,REPO,FIN,CALYPSOIFI,Repo,,2026-06-03
98359521,,2026-02-24,2026-11-21,,TDBK,BANK OF NOVA SCOTIA,2026-07-01,Repo,B166,2026-03-18,REPO,FIN,CALYPSOIFI,Rev_Repo,,2026-06-17
94708505,,2026-09-03,2026-03-23,2026-12-26,TDBK,CENTRAL 1 CREDIT UNION,2026-07-01,Repo,B233,2026-05-23,,FIN,CALYPSOIFI,Rev_Repo,,2026-06-03
93548726,,2025-09-02,2026-11-15,2026-07-20,TDBK,MORGAN STANLEY INTL,2026-07-01,Repo,B592,2026-02-27,REPO,FIN,CALYPSOIFI,Repo,,2026-06-03
93578042,,2025-03-05,2026-12-06,2026-09-25,TDBK,DEUTSCHE BANK A.G.,2026-07-01,,B173,2026-06-18,,,CALYPSOIFI,Rev_Repo,,2026-06-24
98252536,,2025-03-10,2026-01-04,2026-02-10,TDBK,INVESTEC BANK LIMITED,2026-07-01,Repo,B662,2026-05-27,REPO,FIN,CALYPSOIFI,Rev_Repo,,2026-06-17
92313784,,2025-10-23,2026-05-11,2026-02-07,TDBK,BANCO HABITAT,2026-07-01,Repo,B598,2026-01-27,REPO,FIN,CALYPSOIFI,Rev_Repo,,2026-06-24
93856195,,2025-01-24,2026-10-24,2026-01-16,TDBK,DEUTSCHE BANK A.G.,2026-07-01,Repo,B253,2026-05-26,REPO,FIN,CALYPSOIFI,Rev_Repo,,2026-06-24
91699381,,2026-10-13,2026-06-23,2026-04-21,TDBK,CITIBANK NA,2026-07-01,Repo,B331,2026-10-27,REPO,,CALYPSOIFI,Rev_Repo,,2026-06-17
91298387,,2025-02-23,2026-04-21,2026-10-14,TDBK,DEUTSCHE BANK A.G.,2026-07-01,Repo,B661,2026-10-03,,FIN,CALYPSOIFI,Repo,,2026-06-03
93527979,,2025-07-10,2026-07-08,2026-09-07,TDBK,BIMCOR INC,2026-07-01,Repo,B590,2026-04-26,REPO,FIN,CALYPSOIFI,Rev_Repo,,2026-06-24
98471565,,2026-12-13,2026-02-19,2026-12-27,TDBK,SWISS LIFE AG,2026-07-01,Repo,B883,2026-06-13,REPO,FIN,CALYPSOIFI,Repo,,2026-06-24
94785911,,2026-07-02,2026-01-05,2026-07-03,TDBK,MORGAN STANLEY INTL,2026-07-01,Repo,B590,2026-05-06,REPO,FIN,CALYPSOIFI,Repo,,2026-06-03
95533094,,2026-06-12,2026-02-02,2026-10-10,TDBK,BIMCOR INC,2026-07-01,Repo,B517,2026-03-09,REPO,FIN,CALYPSOIFI,Rev_Repo,,2026-06-10
90496413,,2026-09-07,2026-06-15,2026-05-16,TDBK,BANCO HABITAT,2026-07-01,Repo,B527,2026-11-17,REPO,FIN,CALYPSOIFI,Rev_Repo,,2026-06-24
95627035,,2026-05-11,2026-01-01,2026-07-08,TDBK,WELLINGTON GLOBAL EQUITY FUND 28R5,2026-07-01,Repo,B733,2026-03-13,REPO,FIN,CALYPSOIFI,Repo,,2026-06-24
93986577,,2025-11-25,2026-09-03,2026-05-04,TDBK,BANCO HABITAT,2026-07-01,Repo,B607,2026-10-06,REPO,FIN,CALYPSOIFI,Repo,,2026-06-17
99575488,,2025-05-12,2026-02-08,2026-06-14,TDBK,WELLINGTON GLOBAL EQUITY FUND 28R5,2026-07-01,Repo,B930,2026-11-26,REPO,FIN,CALYPSOIFI,Rev_Repo,,2026-07-01
99595775,,2026-04-23,2026-11-20,2026-03-22,TDBK,BIMCOR INC,2026-07-01,Repo,B110,2026-02-07,REPO,FIN,CALYPSOIFI,Rev_Repo,,2026-06-03
97008897,,2026-08-02,2026-01-19,2026-02-03,TDBK,WELLINGTON GLOBAL EQUITY FUND 28R5,2026-07-01,Repo,B232,2026-06-18,,FIN,CALYPSOIFI,Repo,,2026-06-10
90819037,,2025-12-03,2026-03-05,2026-12-18,TDBK,DEUTSCHE BANK A.G.,2026-07-01,Repo,B327,2026-01-04,REPO,,CALYPSOIFI,Rev_Repo,,2026-06-17
92162650,,2025-03-12,2026-07-19,2026-12-05,TDBK,,2026-07-01,Repo,B104,2026-02-16,REPO,FIN,CALYPSOIFI,Rev_Repo,,2026-06-17
94416653,,2026-09-16,2026-07-15,2026-05-13,TDBK,BANCO HABITAT,2026-07-01,Repo,B935,2026-01-13,REPO,FIN,CALYPSOIFI,Rev_Repo,,2026-07-01
98747275,,2026-04-06,2026-02-24,2026-04-16,TDBK,BANCO HABITAT,2026-07-01,Repo,B785,2026-02-15,REPO,FIN,CALYPSOIFI,Rev_Repo,,2026-06-10
92677600,,2025-03-16,2026-12-13,2026-06-07,TDBK,BIMCOR INC,2026-07-01,Repo,B559,2026-12-26,REPO,FIN,CALYPSOIFI,Rev_Repo,,2026-06-10
97417215,,2025-07-13,2026-03-17,2026-04-24,TDBK,WELLINGTON GLOBAL EQUITY FUND 28R5,2026-07-01,Repo,B575,2026-12-23,REPO,FIN,CALYPSOIFI,Repo,,2026-06-03
97387024,,2026-12-02,2026-01-21,2026-08-10,TDBK,WELLINGTON GLOBAL EQUITY FUND 28R5,2026-07-01,Repo,B698,2026-01-22,REPO,FIN,CALYPSOIFI,Repo,,2026-07-01
92841475,,2025-10-28,2026-07-10,2026-08-12,TDBK,WELLINGTON GLOBAL EQUITY FUND 28R5,2026-07-01,Repo,B776,2026-11-26,REPO,FIN,CALYPSOIFI,Repo,,2026-06-10
92643053,,2025-05-13,2026-02-21,2026-09-22,TDBK,DEUTSCHE BANK A.G.,2026-07-01,Repo,B145,2026-11-28,REPO,FIN,CALYPSOIFI,Repo,,2026-07-01
93541325,,2025-07-04,2026-10-12,2026-12-22,TDBK,BIMCOR INC,2026-07-01,Repo,B849,2026-06-02,REPO,FIN,CALYPSOIFI,Rev_Repo,,2026-06-17
96417189,,2026-05-13,2026-08-24,2026-02-03,TDBK,CENTRAL 1 CREDIT UNION,2026-07-01,Repo,B672,2026-12-14,REPO,FIN,CALYPSOIFI,Rev_Repo,,2026-07-01
94685450,,2025-11-21,2026-11-16,2026-02-26,TDBK,SWISS LIFE AG,2026-07-01,Repo,B547,2026-06-07,REPO,FIN,CALYPSOIFI,Rev_Repo,,2026-06-24
93121923,,2025-08-21,2026-05-06,2026-07-08,TDBK,BANCO HABITAT,2026-07-01,,B725,2026-01-25,REPO,FIN,CALYPSOIFI,Repo,,2026-06-10
96613290,,2026-01-22,2026-05-19,2026-02-26,TDBK,BANCO HABITAT,2026-07-01,Repo,B520,2026-02-24,REPO,,CALYPSOIFI,Repo,,2026-06-24
92210128,,2025-02-17,2026-04-04,,TDBK,DEUTSCHE BANK A.G.,2026-07-01,Repo,B707,2026-03-26,REPO,FIN,CALYPSOIFI,Repo,,2026-06-17
90966494,,2025-12-22,2026-10-10,2026-09-08,TDBK,DEUTSCHE BANK A.G.,2026-07-01,Repo,B685,2026-01-08,REPO,FIN,CALYPSOIFI,Rev_Repo,,2026-06-03
93995239,,2025-03-05,2026-09-12,2026-09-09,TDBK,DEUTSCHE BANK A.G.,2026-07-01,Repo,B795,2026-08-20,REPO,FIN,CALYPSOIFI,Repo,,2026-06-24
92551871,,2025-07-07,2026-06-27,2026-11-13,TDBK,BANCO HABITAT,2026-07-01,Repo,B939,2026-07-06,REPO,FIN,CALYPSOIFI,Rev_Repo,,2026-07-01
97688013,,2025-12-20,2026-10-18,2026-12-04,TDBK,CENTRAL 1 CREDIT UNION,2026-07-01,Repo,B995,2026-05-27,REPO,FIN,CALYPSOIFI,Rev_Repo,,2026-06-17
93533667,,2026-06-03,2026-08-11,2026-05-06,TDBK,WELLINGTON GLOBAL EQUITY FUND 28R5,2026-07-01,Repo,B983,2026-02-28,REPO,FIN,CALYPSOIFI,Repo,,2026-06-17
93580862,,2025-03-01,2026-06-06,2026-11-12,TDBK,INVESTEC BANK LIMITED,2026-07-01,Repo,B178,2026-02-02,,FIN,CALYPSOIFI,Repo,,2026-07-01
98289335,,2026-03-17,2026-05-14,2026-01-14,TDBK,INVESTEC BANK LIMITED,2026-07-01,Repo,B135,2026-12-02,REPO,FIN,CALYPSOIFI,Repo,,2026-06-17
95111968,,2026-06-26,2026-01-12,2026-10-27,TDBK,BANK OF NOVA SCOTIA,2026-07-01,Repo,B625,2026-05-03,REPO,,CALYPSOIFI,Repo,,2026-06-10
96607106,,2026-06-27,2026-10-27,2026-09-28,TDBK,WELLINGTON GLOBAL EQUITY FUND 28R5,2026-07-01,Repo,B905,2026-01-10,REPO,FIN,CALYPSOIFI,Rev_Repo,,2026-07-01
96836101,,2025-12-14,2026-08-24,2026-08-13,TDBK,MORGAN STANLEY INTL,2026-07-01,Repo,B161,2026-05-06,REPO,FIN,CALYPSOIFI,Repo,,2026-06-17
94407852,,2026-04-21,2026-07-06,2026-04-19,TDBK,WELLINGTON GLOBAL EQUITY FUND 28R5,2026-07-01,Repo,B307,2026-08-28,REPO,FIN,CALYPSOIFI,Rev_Repo,,2026-07-01
95449684,,2025-09-03,2026-12-11,2026-07-15,TDBK,INVESTEC BANK LIMITED,2026-07-01,,B560,2026-05-18,REPO,FIN,CALYPSOIFI,Rev_Repo,,2026-06-10
95072076,,2026-04-25,2026-02-11,2026-09-03,TDBK,SWISS LIFE AG,2026-07-01,Repo,B424,2026-07-19,,FIN,CALYPSOIFI,Repo,,2026-06-10
96961274,,2026-02-22,2026-04-20,2026-07-09,TDBK,WELLINGTON GLOBAL EQUITY FUND 28R5,2026-07-01,Repo,B764,2026-10-21,REPO,FIN,CALYPSOIFI,Repo,,2026-06-03
95788580,,2026-07-13,2026-04-17,2026-10-21,TDBK,BANK OF NOVA SCOTIA,2026-07-01,Repo,B842,2026-01-28,REPO,FIN,CALYPSOIFI,Rev_Repo,,2026-06-24
98540557,,2025-05-28,2026-09-02,2026-05-28,TDBK,BANK OF NOVA SCOTIA,2026-07-01,Repo,B591,2026-07-19,REPO,FIN,CALYPSOIFI,Rev_Repo,,2026-07-01
95984766,,2026-05-19,2026-11-09,2026-08-15,TDBK,DEUTSCHE BANK A.G.,2026-07-01,Repo,B282,2026-03-05,REPO,FIN,CALYPSOIFI,Rev_Repo,,2026-07-01
94927755,,2026-03-01,2026-12-18,2026-07-18,TDBK,MORGAN STANLEY INTL,2026-07-01,Repo,B882,2026-06-10,REPO,FIN,CALYPSOIFI,Repo,,2026-07-01
98469766,,2025-07-27,2026-10-21,2026-06-11,TDBK,INVESTEC BANK LIMITED,2026-07-01,Repo,B205,2026-12-16,,FIN,CALYPSOIFI,Repo,,2026-06-17
91493338,,2025-05-07,2026-11-04,2026-10-12,TDBK,,2026-07-01,Repo,B710,2026-06-08,REPO,,CALYPSOIFI,Rev_Repo,,2026-06-24
91645172,,2025-10-28,2026-12-15,2026-09-14,TDBK,WELLINGTON GLOBAL EQUITY FUND 28R5,2026-07-01,Repo,B571,2026-07-13,REPO,FIN,CALYPSOIFI,Repo,,2026-07-01
90314480,,2025-12-15,2026-03-12,2026-09-08,TDBK,,2026-07-01,Repo,B806,2026-01-17,REPO,FIN,CALYPSOIFI,Repo,,2026-06-10
97982847,,2025-11-06,2026-06-16,2026-09-25,TDBK,INVESTEC BANK LIMITED,2026-07-01,Repo,B583,2026-10-12,REPO,FIN,CALYPSOIFI,Rev_Repo,,2026-06-24
97311081,,2026-12-10,2026-02-14,2026-03-02,TDBK,BANCO HABITAT,2026-07-01,Repo,B391,2026-05-28,REPO,FIN,CALYPSOIFI,Repo,,2026-06-03
95875712,,2025-11-12,2026-09-22,2026-07-27,TDBK,MORGAN STANLEY INTL,2026-07-01,Repo,B744,2026-06-20,REPO,,CALYPSOIFI,Repo,,2026-06-17
91216071,,2025-10-15,2026-08-02,2026-12-22,TDBK,BANCO HABITAT,2026-07-01,Repo,B513,2026-04-15,REPO,FIN,CALYPSOIFI,Rev_Repo,,2026-07-01
96029607,,2026-06-17,2026-08-27,2026-02-26,TDBK,WELLINGTON GLOBAL EQUITY FUND 28R5,2026-07-01,Repo,B562,2026-10-12,,FIN,CALYPSOIFI,Rev_Repo,,2026-06-10
91835020,,2025-02-13,2026-10-28,2026-04-21,TDBK,SWISS LIFE AG,2026-07-01,Repo,B439,2026-01-07,REPO,FIN,CALYPSOIFI,Repo,,2026-06-10
90281525,,2026-10-13,2026-01-24,2026-04-20,TDBK,DEUTSCHE BANK A.G.,2026-07-01,Repo,B900,2026-12-09,REPO,FIN,CALYPSOIFI,Rev_Repo,,2026-06-03
96383473,,2026-06-24,2026-06-24,2026-01-11,TDBK,WELLINGTON GLOBAL EQUITY FUND 28R5,2026-07-01,Repo,B760,2026-02-18,REPO,FIN,CALYPSOIFI,Repo,,2026-06-03
91583837,,2025-10-13,2026-02-10,2026-08-26,TDBK,BANCO HABITAT,2026-07-01,Repo,B790,2026-03-06,REPO,FIN,CALYPSOIFI,Rev_Repo,,2026-07-01
99758889,,2025-02-05,2026-02-26,2026-05-19,TDBK,INVESTEC BANK LIMITED,2026-07-01,Repo,B800,2026-07-24,REPO,FIN,CALYPSOIFI,Repo,,2026-07-01
98107046,,2026-02-09,2026-02-12,2026-01-18,TDBK,BANCO HABITAT,2026-07-01,,B952,2026-04-05,REPO,FIN,CALYPSOIFI,Rev_Repo,,2026-06-24
95506235,,2026-12-27,2026-03-13,2026-04-22,TDBK,SWISS LIFE AG,2026-07-01,Repo,B118,2026-02-08,REPO,FIN,CALYPSOIFI,Rev_Repo,,2026-06-10
98425274,,2026-03-25,2026-09-18,2026-02-20,TDBK,CITIBANK NA,2026-07-01,Repo,B424,2026-06-16,REPO,FIN,CALYPSOIFI,Rev_Repo,,2026-06-24
92279843,,2026-10-14,2026-02-13,2026-10-18,TDBK,DEUTSCHE BANK A.G.,2026-07-01,Repo,B608,2026-05-17,REPO,FIN,CALYPSOIFI,Rev_Repo,,2026-06-10
99537673,,2025-10-13,2026-06-06,2026-03-21,TDBK,MORGAN STANLEY INTL,2026-07-01,Repo,B812,2026-06-10,REPO,,CALYPSOIFI,Rev_Repo,,2026-06-17
94662738,,2025-09-01,2026-09-18,2026-03-16,TDBK,SWISS LIFE AG,2026-07-01,Repo,B767,2026-09-11,REPO,FIN,CALYPSOIFI,Repo,,2026-06-17
96942393,,2026-03-03,2026-06-18,2026-12-26,TDBK,BANCO HABITAT,2026-07-01,Repo,B729,2026-10-11,REPO,FIN,CALYPSOIFI,Rev_Repo,,2026-06-03
96832883,,2026-10-25,2026-03-16,2026-12-21,TDBK,WELLINGTON GLOBAL EQUITY FUND 28R5,2026-07-01,,B942,2026-03-06,REPO,,CALYPSOIFI,Repo,,2026-06-24
99109966,,2025-07-24,2026-09-06,2026-10-05,TDBK,BANK OF NOVA SCOTIA,2026-07-01,Repo,B518,2026-06-16,REPO,FIN,CALYPSOIFI,Rev_Repo,,2026-06-10
98225581,,2026-03-26,2026-05-22,2026-12-01,TDBK,MORGAN STANLEY INTL,2026-07-01,Repo,B384,2026-09-19,REPO,FIN,CALYPSOIFI,Rev_Repo,,2026-07-01
99299509,,2026-08-13,2026-03-19,2026-10-01,TDBK,SWISS LIFE AG,2026-07-01,Repo,B196,2026-03-13,REPO,,CALYPSOIFI,Repo,,2026-07-01
95121837,,2026-12-11,2026-09-08,2026-10-10,TDBK,BANK OF NOVA SCOTIA,2026-07-01,Repo,B735,2026-04-11,REPO,FIN,CALYPSOIFI,Rev_Repo,,2026-06-03
97236033,,2026-07-22,2026-03-01,2026-11-18,TDBK,BIMCOR INC,2026-07-01,Repo,B647,2026-08-22,REPO,FIN,CALYPSOIFI,Rev_Repo,,2026-06-10
92531270,,2026-01-07,2026-12-15,2026-06-24,TDBK,BANCO HABITAT,2026-07-01,Repo,B243,2026-08-13,REPO,FIN,CALYPSOIFI,Rev_Repo,,2026-06-03
98403346,,2026-01-22,2026-03-19,2026-11-07,TDBK,DEUTSCHE BANK A.G.,2026-07-01,Repo,B647,2026-05-21,REPO,FIN,CALYPSOIFI,Rev_Repo,,2026-06-17
96082071,,2025-05-14,2026-09-05,2026-12-27,TDBK,CITIBANK NA,2026-07-01,Repo,B420,2026-11-06,REPO,FIN,CALYPSOIFI,Repo,,2026-06-03
95455447,,2026-03-23,2026-06-01,2026-03-08,TDBK,INVESTEC BANK LIMITED,2026-07-01,Repo,B327,2026-05-08,REPO,FIN,CALYPSOIFI,Repo,,2026-06-10
99480460,,2025-05-09,2026-11-05,2026-05-03,TDBK,BANK OF NOVA SCOTIA,2026-07-01,,B352,2026-10-27,REPO,FIN,CALYPSOIFI,Rev_Repo,,2026-06-03
96772866,,2025-06-22,2026-09-05,2026-08-07,TDBK,BANK OF NOVA SCOTIA,2026-07-01,,B859,2026-11-01,REPO,FIN,CALYPSOIFI,Repo,,2026-06-03
90081711,,2025-04-15,2026-06-10,2026-04-06,TDBK,INVESTEC BANK LIMITED,2026-07-01,Repo,B963,2026-04-05,REPO,FIN,CALYPSOIFI,Rev_Repo,,2026-07-01
99522269,,2025-08-10,2026-07-05,2026-09-25,TDBK,CENTRAL 1 CREDIT UNION,2026-07-01,Repo,B376,2026-09-22,REPO,FIN,CALYPSOIFI,Rev_Repo,,2026-06-24
90985298,,2025-05-02,2026-03-09,2026-04-21,TDBK,SWISS LIFE AG,2026-07-01,,B557,2026-11-11,REPO,FIN,CALYPSOIFI,Rev_Repo,,2026-06-17
95434797,,2025-12-27,2026-04-25,2026-07-21,TDBK,CENTRAL 1 CREDIT UNION,2026-07-01,Repo,B757,2026-08-15,REPO,FIN,CALYPSOIFI,Rev_Repo,,2026-06-17
91583203,,2026-08-10,2026-05-16,2026-01-06,TDBK,SWISS LIFE AG,2026-07-01,,B697,2026-10-13,,FIN,CALYPSOIFI,Repo,,2026-06-24
98628306,,2026-04-11,2026-09-18,2026-12-05,TDBK,BANCO HABITAT,2026-07-01,Repo,B707,2026-09-09,REPO,FIN,CALYPSOIFI,Repo,,2026-06-17
99931653,,2026-07-12,2026-03-21,2026-05-05,TDBK,CITIBANK NA,2026-07-01,Repo,B642,2026-11-21,REPO,FIN,CALYPSOIFI,Repo,,2026-06-03
94151013,,2025-01-07,2026-08-21,2026-09-28,TDBK,CITIBANK NA,2026-07-01,Repo,B451,2026-02-27,REPO,FIN,CALYPSOIFI,Repo,,2026-06-03
90139435,,2025-02-07,2026-12-03,2026-09-10,TDBK,DEUTSCHE BANK A.G.,2026-07-01,Repo,B640,2026-10-22,REPO,FIN,CALYPSOIFI,Repo,,2026-07-01
90908974,,2026-07-16,2026-02-28,2026-01-06,TDBK,WELLINGTON GLOBAL EQUITY FUND 28R5,2026-07-01,Repo,B472,2026-06-27,REPO,FIN,CALYPSOIFI,Repo,,2026-06-24
98719710,,2026-03-24,2026-02-23,2026-06-26,TDBK,BIMCOR INC,2026-07-01,Repo,B424,2026-05-13,REPO,FIN,CALYPSOIFI,Rev_Repo,,2026-07-01
90858208,,2025-03-28,2026-06-28,2026-09-01,TDBK,BANCO HABITAT,2026-07-01,Repo,B128,2026-05-17,,FIN,CALYPSOIFI,Repo,,2026-06-17
91038799,,2026-09-17,2026-11-07,2026-08-09,TDBK,BIMCOR INC,2026-07-01,Repo,B528,2026-01-20,REPO,FIN,CALYPSOIFI,Rev_Repo,,2026-06-03
91359302,,2026-04-05,2026-11-13,2026-03-13,TDBK,SWISS LIFE AG,2026-07-01,Repo,B665,2026-08-10,REPO,FIN,CALYPSOIFI,Repo,,2026-06-17
91536466,,2025-01-12,2026-01-27,2026-10-10,TDBK,BANK OF NOVA SCOTIA,2026-07-01,Repo,B748,2026-05-10,REPO,FIN,CALYPSOIFI,Rev_Repo,,2026-06-10
97352372,,2026-10-11,2026-09-04,2026-04-25,TDBK,BIMCOR INC,2026-07-01,Repo,B570,2026-03-21,REPO,FIN,CALYPSOIFI,Rev_Repo,,2026-06-24
95283291,,2026-06-08,2026-04-26,2026-07-28,TDBK,INVESTEC BANK LIMITED,2026-07-01,Repo,B526,2026-06-16,REPO,FIN,CALYPSOIFI,Repo,,2026-06-17
94640219,,2026-05-21,2026-04-06,2026-09-14,TDBK,SWISS LIFE AG,2026-07-01,Repo,B961,2026-11-11,REPO,FIN,CALYPSOIFI,Repo,,2026-07-01
93855231,,2026-05-10,2026-02-23,2026-10-08,TDBK,CENTRAL 1 CREDIT UNION,2026-07-01,Repo,B401,2026-10-17,REPO,FIN,CALYPSOIFI,Rev_Repo,,2026-06-17
94756580,,2025-03-02,2026-11-11,2026-12-01,TDBK,INVESTEC BANK LIMITED,2026-07-01,Repo,B225,2026-08-09,REPO,FIN,CALYPSOIFI,Rev_Repo,,2026-07-01
94992094,,2025-05-23,2026-07-25,2026-12-19,TDBK,INVESTEC BANK LIMITED,2026-07-01,Repo,B485,2026-10-24,,FIN,CALYPSOIFI,Repo,,2026-06-10
99825237,,2026-06-03,2026-05-04,2026-02-08,TDBK,,2026-07-01,Repo,B889,2026-01-24,REPO,FIN,CALYPSOIFI,Repo,,2026-06-03
99949609,,2026-12-10,2026-09-19,2026-03-24,TDBK,DEUTSCHE BANK A.G.,2026-07-01,Repo,B222,2026-09-19,REPO,FIN,CALYPSOIFI,Rev_Repo,,2026-07-01
98177112,,2026-11-21,2026-02-02,2026-05-12,TDBK,MORGAN STANLEY INTL,2026-07-01,Repo,B360,2026-01-25,REPO,FIN,CALYPSOIFI,Repo,,2026-06-24
95094488,,2026-09-04,2026-04-11,2026-11-16,TDBK,BANK OF NOVA SCOTIA,2026-07-01,,B703,2026-10-04,REPO,FIN,CALYPSOIFI,Repo,,2026-06-24
94942691,,2026-12-17,2026-06-04,2026-07-08,TDBK,BANK OF NOVA SCOTIA,2026-07-01,Repo,B437,2026-02-04,REPO,FIN,CALYPSOIFI,Repo,,2026-06-24
97854345,,2026-10-21,2026-10-07,2026-12-21,TDBK,,2026-07-01,Repo,B804,2026-05-07,REPO,FIN,CALYPSOIFI,Rev_Repo,,2026-06-03
92012414,,2026-05-20,2026-09-08,2026-05-20,TDBK,WELLINGTON GLOBAL EQUITY FUND 28R5,2026-07-01,Repo,B269,2026-08-03,REPO,FIN,CALYPSOIFI,Rev_Repo,,2026-06-24
92801271,,2025-06-08,2026-09-05,2026-04-10,TDBK,CENTRAL 1 CREDIT UNION,2026-07-01,Repo,B536,2026-01-08,REPO,FIN,CALYPSOIFI,Repo,,2026-07-01
95281545,,2025-01-03,2026-02-13,2026-11-23,TDBK,SWISS LIFE AG,2026-07-01,Repo,B985,2026-03-24,REPO,FIN,CALYPSOIFI,Repo,,2026-06-24
99508309,,2026-10-17,2026-05-16,2026-05-17,TDBK,CITIBANK NA,2026-07-01,Repo,B729,2026-09-28,,FIN,CALYPSOIFI,Rev_Repo,,2026-06-17
95003373,,2025-02-18,2026-03-27,2026-05-08,TDBK,CENTRAL 1 CREDIT UNION,2026-07-01,Repo,B973,2026-06-26,REPO,FIN,CALYPSOIFI,Rev_Repo,,2026-06-10
96945233,,2026-07-15,2026-01-11,2026-07-18,TDBK,CITIBANK NA,2026-07-01,,B267,2026-04-25,REPO,FIN,CALYPSOIFI,Repo,,2026-06-10
99998439,,2025-02-20,2026-08-23,2026-09-14,TDBK,CENTRAL 1 CREDIT UNION,2026-07-01,Repo,B544,2026-02-20,REPO,FIN,CALYPSOIFI,Rev_Repo,,2026-06-10
92184375,,2026-10-08,2026-06-05,2026-01-10,TDBK,CENTRAL 1 CREDIT UNION,2026-07-01,Repo,B500,2026-05-26,REPO,FIN,CALYPSOIFI,Repo,,2026-06-24
98574858,,2026-10-03,2026-09-21,,TDBK,SWISS LIFE AG,2026-07-01,Repo,B468,2026-01-20,REPO,FIN,CALYPSOIFI,Rev_Repo,,2026-07-01
96098771,,2026-08-06,2026-09-12,2026-09-14,TDBK,CITIBANK NA,2026-07-01,,B269,2026-03-05,REPO,FIN,CALYPSOIFI,Repo,,2026-06-10
93760128,,2025-03-22,2026-07-10,2026-11-16,TDBK,CITIBANK NA,2026-07-01,Repo,B354,2026-02-10,REPO,FIN,CALYPSOIFI,Rev_Repo,,2026-07-01
90100584,,2025-02-12,2026-01-06,2026-08-18,TDBK,BANCO HABITAT,2026-07-01,Repo,B760,2026-04-25,REPO,FIN,CALYPSOIFI,Rev_Repo,,2026-06-03
96094452,,2025-09-07,2026-08-05,2026-04-22,TDBK,,2026-07-01,Repo,B230,2026-05-12,REPO,FIN,CALYPSOIFI,Repo,,2026-06-03
91049467,,2025-06-24,2026-04-04,2026-10-15,TDBK,BIMCOR INC,2026-07-01,Repo,B791,2026-02-03,REPO,FIN,CALYPSOIFI,Rev_Repo,,2026-07-01
95026506,,2026-03-26,2026-10-12,2026-09-24,TDBK,INVESTEC BANK LIMITED,2026-07-01,Repo,B301,2026-08-02,REPO,FIN,CALYPSOIFI,Repo,,2026-07-01
98673831,,2026-03-23,2026-06-14,2026-09-28,TDBK,DEUTSCHE BANK A.G.,2026-07-01,Repo,B195,2026-01-03,REPO,FIN,CALYPSOIFI,Repo,,2026-06-10
93193577,,2025-12-27,2026-01-04,2026-12-05,TDBK,SWISS LIFE AG,2026-07-01,Repo,B266,2026-02-02,REPO,,CALYPSOIFI,Repo,,2026-06-17
94468377,,2026-07-10,2026-12-07,2026-03-02,TDBK,DEUTSCHE BANK A.G.,2026-07-01,Repo,B294,2026-06-22,REPO,FIN,CALYPSOIFI,Repo,,2026-06-17
93747128,,2025-08-02,2026-08-27,,TDBK,MORGAN STANLEY INTL,2026-07-01,Repo,B762,2026-04-12,REPO,FIN,CALYPSOIFI,Repo,,2026-06-24
95027516,,2025-08-04,2026-01-15,2026-08-18,TDBK,BANK OF NOVA SCOTIA,2026-07-01,Repo,B620,2026-04-28,REPO,,CALYPSOIFI,Rev_Repo,,2026-06-17
90007313,,2025-01-19,2026-09-28,2026-09-14,TDBK,BIMCOR INC,2026-07-01,Repo,B217,2026-05-01,REPO,FIN,CALYPSOIFI,Repo,,2026-07-01
91475329,,2025-10-24,2026-10-11,2026-05-16,TDBK,,2026-07-01,Repo,B373,2026-04-28,REPO,FIN,CALYPSOIFI,Repo,,2026-06-17
90427143,,2026-08-06,2026-02-04,2026-07-13,TDBK,CENTRAL 1 CREDIT UNION,2026-07-01,Repo,B859,2026-08-23,REPO,FIN,CALYPSOIFI,Repo,,2026-06-10
94043704,,2025-05-02,2026-06-06,2026-11-11,TDBK,BANK OF NOVA SCOTIA,2026-07-01,Repo,B529,2026-11-06,REPO,FIN,CALYPSOIFI,Rev_Repo,,2026-06-10
94089848,,2025-12-01,2026-10-27,2026-11-01,TDBK,BIMCOR INC,2026-07-01,Repo,B345,2026-07-28,REPO,FIN,CALYPSOIFI,Repo,,2026-06-17
97441897,,2025-05-26,2026-04-05,2026-03-20,TDBK,DEUTSCHE BANK A.G.,2026-07-01,Repo,B250,2026-06-06,REPO,FIN,CALYPSOIFI,Repo,,2026-07-01
90755958,,2025-11-27,2026-05-22,2026-10-01,TDBK,WELLINGTON GLOBAL EQUITY FUND 28R5,2026-07-01,Repo,B557,2026-03-23,REPO,FIN,CALYPSOIFI,Repo,,2026-06-24
90901014,,2026-03-14,2026-12-11,2026-12-28,TDBK,SWISS LIFE AG,2026-07-01,Repo,B899,2026-11-25,REPO,FIN,CALYPSOIFI,Repo,,2026-06-10
90312799,,2025-03-04,2026-11-02,2026-03-28,TDBK,MORGAN STANLEY INTL,2026-07-01,Repo,B250,2026-12-10,,FIN,CALYPSOIFI,Repo,,2026-06-24
97143757,,2025-11-19,2026-08-19,,TDBK,BANK OF NOVA SCOTIA,2026-07-01,Repo,B991,2026-07-17,REPO,FIN,CALYPSOIFI,Rev_Repo,,2026-06-24
99704584,,2025-08-17,2026-12-26,2026-09-03,TDBK,BANK OF NOVA SCOTIA,2026-07-01,Repo,B268,2026-07-28,REPO,FIN,CALYPSOIFI,Rev_Repo,,2026-06-24
92947882,,2025-08-12,2026-03-02,2026-12-10,TDBK,DEUTSCHE BANK A.G.,2026-07-01,Repo,B844,2026-02-28,REPO,FIN,CALYPSOIFI,Rev_Repo,,2026-06-17
99999945,,2025-08-01,2026-08-18,2026-12-08,TDBK,BANK OF NOVA SCOTIA,2026-07-01,Repo,B687,2026-11-22,REPO,FIN,CALYPSOIFI,Rev_Repo,,2026-06-10
90807224,,2025-07-18,2026-02-21,2026-08-18,TDBK,BIMCOR INC,2026-07-01,Repo,B692,2026-01-26,REPO,FIN,CALYPSOIFI,Repo,,2026-06-03
93198017,,2025-08-05,2026-01-22,2026-07-12,TDBK,BANCO HABITAT,2026-07-01,Repo,B973,2026-09-19,REPO,FIN,CALYPSOIFI,Rev_Repo,,2026-06-03
97197580,,2025-12-05,2026-06-22,2026-05-01,TDBK,SWISS LIFE AG,2026-07-01,Repo,B433,2026-03-14,REPO,FIN,CALYPSOIFI,Rev_Repo,,2026-07-01
98509258,,2025-04-26,2026-10-03,2026-05-12,TDBK,CENTRAL 1 CREDIT UNION,2026-07-01,Repo,B969,2026-11-01,REPO,FIN,CALYPSOIFI,Rev_Repo,,2026-06-17
97908587,,2026-01-21,2026-05-06,2026-02-25,TDBK,WELLINGTON GLOBAL EQUITY FUND 28R5,2026-07-01,Repo,B205,2026-07-08,REPO,FIN,CALYPSOIFI,Rev_Repo,,2026-06-17
98732173,,2026-04-08,2026-02-06,2026-06-24,TDBK,WELLINGTON GLOBAL EQUITY FUND 28R5,2026-07-01,Repo,B554,2026-05-22,REPO,FIN,CALYPSOIFI,Repo,,2026-06-17
93702471,,2026-02-03,2026-10-13,2026-02-17,TDBK,SWISS LIFE AG,2026-07-01,Repo,B308,2026-03-11,REPO,FIN,CALYPSOIFI,Repo,,2026-06-24
93592959,,2025-11-25,2026-05-25,,TDBK,BIMCOR INC,2026-07-01,Repo,B442,2026-07-02,REPO,FIN,CALYPSOIFI,Repo,,2026-07-01
94375277,,2026-04-07,2026-07-12,2026-11-04,TDBK,MORGAN STANLEY INTL,2026-07-01,Repo,B937,2026-07-15,REPO,FIN,CALYPSOIFI,Repo,,2026-06-10
95812769,,2025-05-09,2026-03-11,,TDBK,DEUTSCHE BANK A.G.,2026-07-01,Repo,B307,2026-11-16,REPO,FIN,CALYPSOIFI,Rev_Repo,,2026-06-03
91900286,,2026-07-06,2026-06-20,,TDBK,BANCO HABITAT,2026-07-01,Repo,B117,2026-10-23,REPO,FIN,CALYPSOIFI,Repo,,2026-07-01
97573373,,2025-05-23,2026-09-28,2026-06-06,TDBK,DEUTSCHE BANK A.G.,2026-07-01,Repo,B205,2026-05-10,REPO,FIN,CALYPSOIFI,Rev_Repo,,2026-06-10
93119184,,2025-06-05,2026-11-27,2026-11-09,TDBK,CITIBANK NA,2026-07-01,Repo,B630,2026-03-23,REPO,FIN,CALYPSOIFI,Rev_Repo,,2026-07-01
94952786,,2025-10-22,2026-06-21,,TDBK,,2026-07-01,Repo,B733,2026-04-26,REPO,FIN,CALYPSOIFI,Rev_Repo,,2026-06-17
92309119,,2025-08-21,2026-01-23,2026-11-22,TDBK,SWISS LIFE AG,2026-07-01,Repo,B658,2026-05-15,REPO,FIN,CALYPSOIFI,Repo,,2026-06-17
92324874,,2025-09-16,2026-10-28,2026-12-27,TDBK,DEUTSCHE BANK A.G.,2026-07-01,Repo,B208,2026-12-24,REPO,,CALYPSOIFI,Rev_Repo,,2026-06-03
94185182,,2026-02-04,2026-05-17,2026-10-15,TDBK,CITIBANK NA,2026-07-01,Repo,B669,2026-01-14,,,CALYPSOIFI,Rev_Repo,,2026-06-03
98218840,,2026-01-08,2026-04-06,,TDBK,BANCO HABITAT,2026-07-01,Repo,B643,2026-02-02,REPO,FIN,CALYPSOIFI,Repo,,2026-06-03
93035066,,2025-08-15,2026-04-20,2026-11-12,TDBK,BANK OF NOVA SCOTIA,2026-07-01,Repo,B855,2026-05-05,REPO,FIN,CALYPSOIFI,Rev_Repo,,2026-06-03
94716987,,2025-08-18,2026-02-03,,TDBK,BIMCOR INC,2026-07-01,Repo,B167,2026-09-15,REPO,,CALYPSOIFI,Rev_Repo,,2026-06-03
97523764,,2025-11-01,2026-10-25,2026-05-18,TDBK,BIMCOR INC,2026-07-01,Repo,B287,2026-04-11,REPO,,CALYPSOIFI,Repo,,2026-06-10
94092585,,2026-09-16,2026-01-06,2026-03-03,TDBK,CENTRAL 1 CREDIT UNION,2026-07-01,Repo,B546,2026-04-21,REPO,FIN,CALYPSOIFI,Rev_Repo,,2026-06-17
98117764,,2026-09-01,2026-11-10,2026-01-10,TDBK,INVESTEC BANK LIMITED,2026-07-01,Repo,B785,2026-08-25,,FIN,CALYPSOIFI,Rev_Repo,,2026-06-10
93380210,,2025-10-19,2026-08-02,2026-12-10,TDBK,CENTRAL 1 CREDIT UNION,2026-07-01,Repo,B196,2026-01-14,REPO,FIN,CALYPSOIFI,Repo,,2026-06-03
97367445,,2026-06-07,2026-04-13,2026-08-13,TDBK,CENTRAL 1 CREDIT UNION,2026-07-01,Repo,B942,2026-06-22,,FIN,CALYPSOIFI,Repo,,2026-06-24
92518487,,2026-05-25,2026-06-10,2026-04-21,TDBK,BANK OF NOVA SCOTIA,2026-07-01,,B472,2026-07-13,REPO,FIN,CALYPSOIFI,Repo,,2026-06-03
98006679,,2026-02-04,2026-10-20,2026-06-22,TDBK,MORGAN STANLEY INTL,2026-07-01,Repo,B251,2026-10-28,REPO,FIN,CALYPSOIFI,Rev_Repo,,2026-06-03
99187235,,2025-08-24,2026-10-26,2026-03-27,TDBK,WELLINGTON GLOBAL EQUITY FUND 28R5,2026-07-01,Repo,B987,2026-02-25,REPO,FIN,CALYPSOIFI,Repo,,2026-06-24
91757768,,2026-06-09,2026-11-22,2026-01-27,TDBK,CITIBANK NA,2026-07-01,Repo,B897,2026-09-02,REPO,FIN,CALYPSOIFI,Repo,,2026-06-17
92305369,,2025-09-08,2026-05-08,,TDBK,MORGAN STANLEY INTL,2026-07-01,Repo,B462,2026-02-17,REPO,FIN,CALYPSOIFI,Rev_Repo,,2026-06-03
92157934,,2025-06-20,2026-11-24,2026-04-06,TDBK,WELLINGTON GLOBAL EQUITY FUND 28R5,2026-07-01,Repo,B123,2026-12-10,REPO,FIN,CALYPSOIFI,Repo,,2026-07-01
98319794,,2025-10-24,2026-12-06,2026-09-06,TDBK,BIMCOR INC,2026-07-01,Repo,B223,2026-02-20,REPO,FIN,CALYPSOIFI,Repo,,2026-06-24
93903015,,2025-04-08,2026-12-28,2026-09-22,TDBK,BIMCOR INC,2026-07-01,Repo,B287,2026-08-27,REPO,FIN,CALYPSOIFI,Repo,,2026-07-01
91305693,,2026-08-13,2026-02-26,2026-12-05,TDBK,WELLINGTON GLOBAL EQUITY FUND 28R5,2026-07-01,Repo,B609,2026-09-27,REPO,FIN,CALYPSOIFI,Repo,,2026-06-24
90877120,,2025-04-18,2026-09-17,2026-11-06,TDBK,BANK OF NOVA SCOTIA,2026-07-01,Repo,B591,2026-05-07,,,CALYPSOIFI,Rev_Repo,,2026-06-24
92538159,,2026-01-08,2026-03-04,2026-08-20,TDBK,WELLINGTON GLOBAL EQUITY FUND 28R5,2026-07-01,Repo,B781,2026-08-05,REPO,FIN,CALYPSOIFI,Repo,,2026-06-03
94488225,,2025-04-04,2026-10-02,2026-12-28,TDBK,CITIBANK NA,2026-07-01,Repo,B763,2026-10-23,REPO,FIN,CALYPSOIFI,Repo,,2026-06-17
90142010,,2026-04-22,2026-11-05,,TDBK,MORGAN STANLEY INTL,2026-07-01,Repo,B187,2026-11-16,REPO,FIN,CALYPSOIFI,Rev_Repo,,2026-06-03
91961965,,2026-01-24,2026-08-23,,TDBK,WELLINGTON GLOBAL EQUITY FUND 28R5,2026-07-01,Repo,B473,2026-07-09,REPO,,CALYPSOIFI,Rev_Repo,,2026-06-03
90586991,,2025-09-01,2026-08-22,2026-09-21,TDBK,CITIBANK NA,2026-07-01,Repo,B336,2026-02-26,REPO,FIN,CALYPSOIFI,Rev_Repo,,2026-06-17
93434331,,2025-01-28,2026-09-08,2026-05-10,TDBK,MORGAN STANLEY INTL,2026-07-01,Repo,B455,2026-02-22,REPO,FIN,CALYPSOIFI,Repo,,2026-06-24
97695593,,2025-09-21,2026-06-10,2026-03-15,TDBK,BIMCOR INC,2026-07-01,Repo,B757,2026-01-12,REPO,FIN,CALYPSOIFI,Rev_Repo,,2026-06-17
99578340,,2026-09-25,2026-02-09,2026-10-24,TDBK,BIMCOR INC,2026-07-01,Repo,B709,2026-02-01,REPO,FIN,CALYPSOIFI,Rev_Repo,,2026-06-17
94833497,,2026-04-11,2026-02-25,2026-01-09,TDBK,WELLINGTON GLOBAL EQUITY FUND 28R5,2026-07-01,Repo,B940,2026-06-21,REPO,FIN,CALYPSOIFI,Repo,,2026-06-17
99468126,,2025-09-12,2026-10-10,2026-01-21,TDBK,CITIBANK NA,2026-07-01,Repo,B188,2026-10-08,REPO,FIN,CALYPSOIFI,Rev_Repo,,2026-06-10
92744028,,2025-02-05,2026-09-26,2026-02-18,TDBK,INVESTEC BANK LIMITED,2026-07-01,Repo,B649,2026-04-15,REPO,FIN,CALYPSOIFI,Repo,,2026-06-17
91519147,,2026-02-09,2026-09-02,2026-09-02,TDBK,BIMCOR INC,2026-07-01,Repo,B409,2026-03-04,REPO,FIN,CALYPSOIFI,Rev_Repo,,2026-07-01
94986881,,2025-12-06,2026-08-05,2026-07-20,TDBK,MORGAN STANLEY INTL,2026-07-01,Repo,B926,2026-01-11,REPO,FIN,CALYPSOIFI,Rev_Repo,,2026-07-01
96648240,,2026-10-19,2026-05-25,2026-08-03,TDBK,CITIBANK NA,2026-07-01,Repo,B604,2026-02-22,REPO,FIN,CALYPSOIFI,Rev_Repo,,2026-06-10
90890270,,2025-06-25,2026-07-06,2026-02-06,TDBK,CITIBANK NA,2026-07-01,Repo,B747,2026-09-07,REPO,FIN,CALYPSOIFI,Repo,,2026-07-01
91776538,,2026-10-07,2026-12-27,2026-03-09,TDBK,DEUTSCHE BANK A.G.,2026-07-01,Repo,B136,2026-01-27,REPO,FIN,CALYPSOIFI,Rev_Repo,,2026-06-03
92994291,,2026-12-10,2026-05-23,2026-12-18,TDBK,WELLINGTON GLOBAL EQUITY FUND 28R5,2026-07-01,Repo,B726,2026-03-14,REPO,FIN,CALYPSOIFI,Rev_Repo,,2026-06-10
93591664,,2025-10-27,2026-04-25,2026-05-18,TDBK,BANCO HABITAT,2026-07-01,Repo,B643,2026-01-15,REPO,FIN,CALYPSOIFI,Repo,,2026-07-01
92709859,,2026-05-13,2026-02-09,2026-06-25,TDBK,,2026-07-01,Repo,B799,2026-09-23,REPO,FIN,CALYPSOIFI,Rev_Repo,,2026-06-17
98873678,,2026-12-01,2026-11-22,2026-02-24,TDBK,CENTRAL 1 CREDIT UNION,2026-07-01,Repo,B518,2026-09-19,REPO,FIN,CALYPSOIFI,Repo,,2026-06-10
99481341,,2025-05-17,2026-10-04,2026-04-22,TDBK,BIMCOR INC,2026-07-01,Repo,B763,2026-05-19,REPO,FIN,CALYPSOIFI,Rev_Repo,,2026-06-10
99157173,,2026-05-27,2026-09-14,2026-12-01,TDBK,BANCO HABITAT,2026-07-01,Repo,B241,2026-01-01,,FIN,CALYPSOIFI,Repo,,2026-06-03
94490855,,2025-11-14,2026-07-19,2026-04-28,TDBK,,2026-07-01,Repo,B885,2026-03-03,REPO,FIN,CALYPSOIFI,Rev_Repo,,2026-06-10
99394992,,2025-11-19,2026-06-04,2026-05-12,TDBK,MORGAN STANLEY INTL,2026-07-01,Repo,B823,2026-06-11,REPO,FIN,CALYPSOIFI,Repo,,2026-06-17
96288934,,2026-06-11,2026-05-01,2026-06-08,TDBK,,2026-07-01,Repo,B870,2026-03-20,REPO,FIN,CALYPSOIFI,Repo,,2026-06-24
97053612,,2025-10-12,2026-04-21,,TDBK,SWISS LIFE AG,2026-07-01,Repo,B992,2026-11-11,REPO,FIN,CALYPSOIFI,Repo,,2026-07-01
90976056,,2026-02-24,2026-05-21,2026-09-11,TDBK,INVESTEC BANK LIMITED,2026-07-01,Repo,B834,2026-04-21,,FIN,CALYPSOIFI,Repo,,2026-06-10
95425616,,2025-06-25,2026-02-23,2026-05-07,TDBK,WELLINGTON GLOBAL EQUITY FUND 28R5,2026-07-01,Repo,B435,2026-06-09,REPO,FIN,CALYPSOIFI,Repo,,2026-07-01
99069051,,2026-03-10,2026-02-22,2026-06-04,TDBK,MORGAN STANLEY INTL,2026-07-01,Repo,B530,2026-10-25,REPO,FIN,CALYPSOIFI,Repo,,2026-06-24
91770937,,2026-07-16,2026-05-19,2026-10-26,TDBK,BIMCOR INC,2026-07-01,Repo,B756,2026-05-04,REPO,FIN,CALYPSOIFI,Repo,,2026-07-01
91837111,,2026-05-10,2026-08-14,2026-12-16,TDBK,DEUTSCHE BANK A.G.,2026-07-01,Repo,B459,2026-02-06,REPO,FIN,CALYPSOIFI,Repo,,2026-07-01
90334985,,2025-12-09,2026-07-23,2026-04-14,TDBK,BANCO HABITAT,2026-07-01,,B332,2026-04-19,REPO,,CALYPSOIFI,Rev_Repo,,2026-06-17
94291440,,2025-07-15,2026-01-07,2026-12-06,TDBK,DEUTSCHE BANK A.G.,2026-07-01,Repo,B712,2026-12-17,REPO,FIN,CALYPSOIFI,Repo,,2026-06-10
92988036,,2025-04-14,2026-05-28,2026-12-24,TDBK,DEUTSCHE BANK A.G.,2026-07-01,Repo,B211,2026-06-07,REPO,FIN,CALYPSOIFI,Rev_Repo,,2026-06-10
95926757,,2026-07-22,2026-10-02,2026-02-15,TDBK,INVESTEC BANK LIMITED,2026-07-01,Repo,B508,2026-01-07,REPO,FIN,CALYPSOIFI,Repo,,2026-07-01
92699769,,2025-12-16,2026-06-19,2026-02-25,TDBK,CITIBANK NA,2026-07-01,Repo,B418,2026-02-15,REPO,FIN,CALYPSOIFI,Repo,,2026-06-03
97233563,,2026-03-11,2026-03-09,,TDBK,SWISS LIFE AG,2026-07-01,Repo,B484,2026-12-02,,FIN,CALYPSOIFI,Repo,,2026-06-24
90655635,,2026-07-07,2026-04-16,,TDBK,BANCO HABITAT,2026-07-01,Repo,B439,2026-08-22,REPO,FIN,CALYPSOIFI,Repo,,2026-06-03
98258908,,2026-06-07,2026-02-02,2026-10-18,TDBK,SWISS LIFE AG,2026-07-01,Repo,B282,2026-01-20,REPO,FIN,CALYPSOIFI,Repo,,2026-06-24
93006590,,2026-07-01,2026-04-03,2026-10-05,TDBK,SWISS LIFE AG,2026-07-01,Repo,B567,2026-04-03,REPO,FIN,CALYPSOIFI,Rev_Repo,,2026-06-24
98058034,,2026-11-04,2026-10-17,,TDBK,BIMCOR INC,2026-07-01,Repo,B964,2026-11-01,REPO,FIN,CALYPSOIFI,Repo,,2026-06-24
92587284,,2025-11-10,2026-08-06,2026-01-01,TDBK,CENTRAL 1 CREDIT UNION,2026-07-01,Repo,B418,2026-10-25,REPO,FIN,CALYPSOIFI,Repo,,2026-06-10
98275829,,2025-04-04,2026-09-12,2026-09-07,TDBK,SWISS LIFE AG,2026-07-01,Repo,B530,2026-06-02,REPO,FIN,CALYPSOIFI,Repo,,2026-06-17
97818292,,2026-03-10,2026-11-22,2026-09-06,TDBK,CITIBANK NA,2026-07-01,Repo,B374,2026-01-19,REPO,FIN,CALYPSOIFI,Rev_Repo,,2026-06-10
93238568,,2025-06-07,2026-01-06,,TDBK,,2026-07-01,Repo,B850,2026-06-13,REPO,FIN,CALYPSOIFI,Repo,,2026-06-24
94894161,,2025-01-15,2026-03-27,2026-04-20,TDBK,BIMCOR INC,2026-07-01,Repo,B335,2026-10-11,REPO,FIN,CALYPSOIFI,Rev_Repo,,2026-06-17
91393869,,2025-04-08,2026-09-16,2026-12-10,TDBK,BANK OF NOVA SCOTIA,2026-07-01,Repo,B666,2026-08-12,,FIN,CALYPSOIFI,Repo,,2026-06-10
92446874,,2026-07-17,2026-01-14,2026-04-17,TDBK,BIMCOR INC,2026-07-01,Repo,B584,2026-12-03,REPO,FIN,CALYPSOIFI,Repo,,2026-06-10
97050755,,2026-05-14,2026-06-28,2026-04-13,TDBK,,2026-07-01,Repo,B729,2026-04-25,REPO,FIN,CALYPSOIFI,Rev_Repo,,2026-06-17
90487792,,2026-03-15,2026-07-16,,TDBK,CITIBANK NA,2026-07-01,Repo,B399,2026-12-26,REPO,FIN,CALYPSOIFI,Rev_Repo,,2026-07-01
94564505,,2026-02-09,2026-03-03,2026-04-06,TDBK,INVESTEC BANK LIMITED,2026-07-01,Repo,B395,2026-06-02,REPO,FIN,CALYPSOIFI,Repo,,2026-07-01
98226259,,2026-04-10,2026-04-05,2026-11-12,TDBK,INVESTEC BANK LIMITED,2026-07-01,Repo,B515,2026-11-22,REPO,FIN,CALYPSOIFI,Repo,,2026-06-17
97128590,,2025-01-09,2026-08-02,2026-12-14,TDBK,DEUTSCHE BANK A.G.,2026-07-01,Repo,B875,2026-10-06,REPO,FIN,CALYPSOIFI,Repo,,2026-06-10
95901768,,2025-03-05,2026-08-13,2026-12-13,TDBK,MORGAN STANLEY INTL,2026-07-01,Repo,B429,2026-07-24,REPO,FIN,CALYPSOIFI,Rev_Repo,,2026-06-10
96759618,,2025-02-24,2026-03-05,,TDBK,BANCO HABITAT,2026-07-01,Repo,B245,2026-10-21,REPO,FIN,CALYPSOIFI,Rev_Repo,,2026-07-01
91411393,,2025-01-28,2026-07-07,2026-05-15,TDBK,DEUTSCHE BANK A.G.,2026-07-01,Repo,B591,2026-02-14,REPO,FIN,CALYPSOIFI,Repo,,2026-06-03
97575478,,2025-10-09,2026-04-20,2026-01-06,TDBK,INVESTEC BANK LIMITED,2026-07-01,Repo,B791,2026-06-22,REPO,FIN,CALYPSOIFI,Rev_Repo,,2026-06-10
94741102,,2026-09-20,2026-03-23,2026-12-13,TDBK,WELLINGTON GLOBAL EQUITY FUND 28R5,2026-07-01,Repo,B705,2026-09-14,REPO,FIN,CALYPSOIFI,Repo,,2026-07-01
99030789,,2026-12-16,2026-03-21,2026-04-03,TDBK,BANCO HABITAT,2026-07-01,Repo,B296,2026-06-14,REPO,,CALYPSOIFI,Repo,,2026-07-01
91960646,,2025-02-18,2026-12-15,2026-02-19,TDBK,BANCO HABITAT,2026-07-01,Repo,B652,2026-10-07,REPO,FIN,CALYPSOIFI,Rev_Repo,,2026-06-17
90558113,,2025-06-09,2026-12-23,2026-02-10,TDBK,BANK OF NOVA SCOTIA,2026-07-01,Repo,B970,2026-10-26,REPO,FIN,CALYPSOIFI,Rev_Repo,,2026-06-03
92943592,,2026-07-05,2026-04-03,2026-11-21,TDBK,WELLINGTON GLOBAL EQUITY FUND 28R5,2026-07-01,Repo,B939,2026-09-03,REPO,FIN,CALYPSOIFI,Repo,,2026-06-17
95279259,,2026-10-16,2026-04-11,2026-04-28,TDBK,WELLINGTON GLOBAL EQUITY FUND 28R5,2026-07-01,Repo,B584,2026-04-05,REPO,FIN,CALYPSOIFI,Rev_Repo,,2026-07-01
91742102,,2026-08-18,2026-10-15,2026-11-19,TDBK,BIMCOR INC,2026-07-01,,B186,2026-03-14,,FIN,CALYPSOIFI,Repo,,2026-06-24
99513874,,2025-07-06,2026-12-17,2026-04-11,TDBK,BIMCOR INC,2026-07-01,Repo,B767,2026-02-04,REPO,FIN,CALYPSOIFI,Rev_Repo,,2026-06-17
92903516,,2026-12-22,2026-09-03,2026-08-06,TDBK,CENTRAL 1 CREDIT UNION,2026-07-01,Repo,B370,2026-04-22,REPO,FIN,CALYPSOIFI,Rev_Repo,,2026-06-03
93990919,,2026-09-10,2026-12-05,2026-03-18,TDBK,CENTRAL 1 CREDIT UNION,2026-07-01,Repo,B443,2026-12-13,REPO,,CALYPSOIFI,Repo,,2026-06-17
93098520,,2025-02-10,2026-07-23,2026-06-23,TDBK,,2026-07-01,Repo,B911,2026-12-04,REPO,FIN,CALYPSOIFI,Rev_Repo,,2026-06-17
90196911,,2025-04-28,2026-10-27,,TDBK,BANCO HABITAT,2026-07-01,,B244,2026-04-04,REPO,FIN,CALYPSOIFI,Rev_Repo,,2026-06-03
97372298,,2025-05-06,2026-11-14,2026-04-19,TDBK,BANK OF NOVA SCOTIA,2026-07-01,Repo,B780,2026-11-03,REPO,FIN,CALYPSOIFI,Rev_Repo,,2026-06-17
98512076,,2026-08-22,2026-07-03,2026-03-17,TDBK,CITIBANK NA,2026-07-01,Repo,B369,2026-11-24,REPO,,CALYPSOIFI,Rev_Repo,,2026-06-03
92375896,,2026-01-12,2026-04-04,,TDBK,INVESTEC BANK LIMITED,2026-07-01,Repo,B301,2026-07-01,REPO,FIN,CALYPSOIFI,Repo,,2026-06-24
94070509,,2025-08-13,2026-10-17,2026-02-01,TDBK,SWISS LIFE AG,2026-07-01,Repo,B752,2026-05-16,REPO,FIN,CALYPSOIFI,Rev_Repo,,2026-07-01
90275252,,2025-09-05,2026-06-22,2026-12-08,TDBK,BIMCOR INC,2026-07-01,,B538,2026-01-14,,FIN,CALYPSOIFI,Repo,,2026-06-03
99542852,,2026-02-26,2026-02-03,2026-05-15,TDBK,BIMCOR INC,2026-07-01,Repo,B477,2026-05-04,REPO,FIN,CALYPSOIFI,Repo,,2026-06-10
98830053,,2026-08-21,2026-04-22,2026-12-09,TDBK,INVESTEC BANK LIMITED,2026-07-01,Repo,B877,2026-01-16,REPO,FIN,CALYPSOIFI,Rev_Repo,,2026-06-17
90668205,,2025-07-14,2026-05-15,2026-07-06,TDBK,DEUTSCHE BANK A.G.,2026-07-01,Repo,B165,2026-05-16,,FIN,CALYPSOIFI,Rev_Repo,,2026-06-17
97466140,,2025-06-07,2026-03-03,2026-04-24,TDBK,DEUTSCHE BANK A.G.,2026-07-01,Repo,B893,2026-01-21,REPO,FIN,CALYPSOIFI,Repo,,2026-07-01
91649971,,2026-12-05,2026-08-24,2026-07-09,TDBK,DEUTSCHE BANK A.G.,2026-07-01,Repo,B170,2026-07-12,REPO,FIN,CALYPSOIFI,Repo,,2026-06-03
98129052,,2026-11-18,2026-09-25,2026-02-22,TDBK,BANK OF NOVA SCOTIA,2026-07-01,Repo,B220,2026-02-14,,FIN,CALYPSOIFI,Rev_Repo,,2026-06-03
94617108,,2025-11-27,2026-10-21,2026-02-06,TDBK,INVESTEC BANK LIMITED,2026-07-01,Repo,B698,2026-07-07,,FIN,CALYPSOIFI,Rev_Repo,,2026-06-17
92109179,,2025-05-12,2026-04-11,,TDBK,,2026-07-01,Repo,B838,2026-07-23,REPO,FIN,CALYPSOIFI,Repo,,2026-06-10
98378068,,2025-12-09,2026-08-19,,TDBK,BANK OF NOVA SCOTIA,2026-07-01,Repo,B150,2026-12-25,REPO,FIN,CALYPSOIFI,Repo,,2026-06-10
98585570,,2026-04-18,2026-06-23,,TDBK,BANK OF NOVA SCOTIA,2026-07-01,Repo,B594,2026-05-26,REPO,FIN,CALYPSOIFI,Rev_Repo,,2026-06-17
99507240,,2025-02-19,2026-10-22,2026-03-21,TDBK,,2026-07-01,Repo,B683,2026-10-18,REPO,FIN,CALYPSOIFI,Repo,,2026-06-17
97126745,,2025-04-15,2026-03-16,,TDBK,WELLINGTON GLOBAL EQUITY FUND 28R5,2026-07-01,Repo,B949,2026-10-17,,FIN,CALYPSOIFI,Repo,,2026-06-10
98697541,,2026-11-18,2026-04-15,2026-01-05,TDBK,DEUTSCHE BANK A.G.,2026-07-01,Repo,B128,2026-02-11,,FIN,CALYPSOIFI,Repo,,2026-07-01
94652001,,2026-06-23,2026-09-04,2026-08-03,TDBK,MORGAN STANLEY INTL,2026-07-01,Repo,B255,2026-02-22,REPO,FIN,CALYPSOIFI,Repo,,2026-06-17
99197710,,2025-12-22,2026-09-14,2026-03-10,TDBK,INVESTEC BANK LIMITED,2026-07-01,Repo,B571,2026-12-10,REPO,FIN,CALYPSOIFI,Repo,,2026-06-03
92423418,,2026-03-02,2026-06-20,2026-10-07,TDBK,CITIBANK NA,2026-07-01,Repo,B286,2026-12-04,REPO,FIN,CALYPSOIFI,Rev_Repo,,2026-06-03
94706797,,2025-03-12,2026-12-12,,TDBK,BANK OF NOVA SCOTIA,2026-07-01,Repo,B710,2026-10-19,REPO,FIN,CALYPSOIFI,Repo,,2026-06-24
99791577,,2025-09-20,2026-04-10,2026-12-17,TDBK,CENTRAL 1 CREDIT UNION,2026-07-01,Repo,B440,2026-08-10,REPO,FIN,CALYPSOIFI,Rev_Repo,,2026-06-17
98692174,,2025-01-23,2026-10-01,2026-06-15,TDBK,MORGAN STANLEY INTL,2026-07-01,Repo,B393,2026-07-16,REPO,FIN,CALYPSOIFI,Rev_Repo,,2026-06-03
93066056,,2025-09-21,2026-07-07,2026-02-21,TDBK,DEUTSCHE BANK A.G.,2026-07-01,Repo,B925,2026-01-27,REPO,FIN,CALYPSOIFI,Rev_Repo,,2026-07-01
99293394,,2026-04-05,2026-12-11,2026-04-09,TDBK,DEUTSCHE BANK A.G.,2026-07-01,Repo,B531,2026-11-26,REPO,FIN,CALYPSOIFI,Repo,,2026-06-17
97999806,,2026-02-20,2026-05-25,2026-05-05,TDBK,CENTRAL 1 CREDIT UNION,2026-07-01,Repo,B904,2026-03-13,REPO,FIN,CALYPSOIFI,Repo,,2026-06-17
97106697,,2025-05-10,2026-05-12,2026-01-07,TDBK,MORGAN STANLEY INTL,2026-07-01,Repo,B186,2026-09-28,REPO,FIN,CALYPSOIFI,Rev_Repo,,2026-06-24
95555879,,2026-04-05,2026-01-20,2026-11-10,TDBK,INVESTEC BANK LIMITED,2026-07-01,Repo,B350,2026-10-21,REPO,FIN,CALYPSOIFI,Rev_Repo,,2026-06-24
93157883,,2026-07-15,2026-09-14,2026-12-10,TDBK,CENTRAL 1 CREDIT UNION,2026-07-01,Repo,B871,2026-07-26,REPO,FIN,CALYPSOIFI,Repo,,2026-06-17
94647714,,2026-08-02,2026-05-24,2026-08-11,TDBK,MORGAN STANLEY INTL,2026-07-01,Repo,B105,2026-12-12,REPO,FIN,CALYPSOIFI,Rev_Repo,,2026-06-03
91262301,,2026-05-16,2026-03-06,2026-06-05,TDBK,WELLINGTON GLOBAL EQUITY FUND 28R5,2026-07-01,Repo,B311,2026-08-03,,FIN,CALYPSOIFI,Rev_Repo,,2026-06-24
93238790,,2026-12-11,2026-05-26,2026-07-12,TDBK,CITIBANK NA,2026-07-01,Repo,B645,2026-02-16,REPO,FIN,CALYPSOIFI,Repo,,2026-06-24
91012336,,2026-08-22,2026-03-11,2026-12-18,TDBK,DEUTSCHE BANK A.G.,2026-07-01,Repo,B718,2026-12-09,REPO,FIN,CALYPSOIFI,Repo,,2026-06-17
92544731,,2026-08-11,2026-05-12,2026-07-09,TDBK,BANK OF NOVA SCOTIA,2026-07-01,Repo,B224,2026-05-27,REPO,FIN,CALYPSOIFI,Rev_Repo,,2026-06-10
94262499,,2025-05-26,2026-11-22,2026-11-16,TDBK,CITIBANK NA,2026-07-01,Repo,B311,2026-10-21,REPO,FIN,CALYPSOIFI,Rev_Repo,,2026-07-01
96251017,,2025-11-05,2026-09-25,2026-08-12,TDBK,SWISS LIFE AG,2026-07-01,Repo,B857,2026-05-23,,FIN,CALYPSOIFI,Repo,,2026-06-24
98614671,,2025-02-04,2026-12-18,2026-07-06,TDBK,SWISS LIFE AG,2026-07-01,Repo,B234,2026-02-10,REPO,FIN,CALYPSOIFI,Rev_Repo,,2026-07-01
93525746,,2025-11-11,2026-04-07,2026-02-18,TDBK,MORGAN STANLEY INTL,2026-07-01,Repo,B983,2026-12-21,REPO,FIN,CALYPSOIFI,Repo,,2026-06-03
96723389,,2025-07-05,2026-03-05,2026-06-09,TDBK,MORGAN STANLEY INTL,2026-07-01,Repo,B722,2026-07-04,REPO,FIN,CALYPSOIFI,Repo,,2026-06-24
91648233,,2025-06-20,2026-12-04,2026-09-10,TDBK,SWISS LIFE AG,2026-07-01,Repo,B398,2026-05-10,REPO,FIN,CALYPSOIFI,Repo,,2026-06-24
91999233,,2026-09-06,2026-11-28,2026-01-07,TDBK,DEUTSCHE BANK A.G.,2026-07-01,Repo,B168,2026-06-25,REPO,,CALYPSOIFI,Rev_Repo,,2026-06-17
90008120,,2025-09-07,2026-04-15,2026-04-18,TDBK,SWISS LIFE AG,2026-07-01,Repo,B174,2026-12-24,REPO,,CALYPSOIFI,Repo,,2026-06-10
97026799,,2026-08-17,2026-10-06,2026-12-10,TDBK,DEUTSCHE BANK A.G.,2026-07-01,Repo,B119,2026-05-02,REPO,FIN,CALYPSOIFI,Repo,,2026-06-10
96094484,,2026-01-27,2026-03-09,2026-01-19,TDBK,SWISS LIFE AG,2026-07-01,Repo,B266,2026-02-28,REPO,FIN,CALYPSOIFI,Repo,,2026-06-24
96291133,,2025-08-24,2026-02-09,2026-11-07,TDBK,BIMCOR INC,2026-07-01,Repo,B507,2026-07-01,REPO,FIN,CALYPSOIFI,Rev_Repo,,2026-06-03
97341797,,2026-08-18,2026-03-25,2026-10-09,TDBK,CITIBANK NA,2026-07-01,Repo,B420,2026-01-11,REPO,FIN,CALYPSOIFI,Repo,,2026-07-01
92943466,,2025-07-01,2026-07-13,2026-04-05,TDBK,BIMCOR INC,2026-07-01,Repo,B561,2026-05-11,REPO,,CALYPSOIFI,Rev_Repo,,2026-06-24
99611624,,2025-02-09,2026-05-12,2026-10-03,TDBK,CITIBANK NA,2026-07-01,Repo,B987,2026-03-24,REPO,FIN,CALYPSOIFI,Rev_Repo,,2026-06-24
97355785,,2025-04-22,2026-12-05,2026-02-02,TDBK,INVESTEC BANK LIMITED,2026-07-01,Repo,B880,2026-11-08,REPO,FIN,CALYPSOIFI,Rev_Repo,,2026-06-17
90794630,,2025-08-01,2026-08-27,2026-07-17,TDBK,CITIBANK NA,2026-07-01,Repo,B694,2026-03-13,REPO,FIN,CALYPSOIFI,Repo,,2026-06-03
95807731,,2026-12-22,2026-01-03,2026-06-13,TDBK,CITIBANK NA,2026-07-01,Repo,B460,2026-12-10,,FIN,CALYPSOIFI,Rev_Repo,,2026-07-01
92617754,,2026-09-21,2026-06-26,2026-08-02,TDBK,MORGAN STANLEY INTL,2026-07-01,Repo,B425,2026-04-10,REPO,FIN,CALYPSOIFI,Rev_Repo,,2026-06-17
93786855,,2026-12-18,2026-04-06,2026-02-16,TDBK,CITIBANK NA,2026-07-01,Repo,B846,2026-01-20,REPO,FIN,CALYPSOIFI,Repo,,2026-06-17
93193100,,2025-02-14,2026-06-28,2026-07-21,TDBK,CENTRAL 1 CREDIT UNION,2026-07-01,Repo,B903,2026-09-04,REPO,FIN,CALYPSOIFI,Rev_Repo,,2026-06-24
93996671,,2025-12-10,2026-06-23,2026-11-18,TDBK,BANK OF NOVA SCOTIA,2026-07-01,Repo,B437,2026-07-17,,FIN,CALYPSOIFI,Repo,,2026-06-17
96317140,,2025-06-11,2026-11-20,2026-05-02,TDBK,DEUTSCHE BANK A.G.,2026-07-01,Repo,B972,2026-09-18,REPO,FIN,CALYPSOIFI,Repo,,2026-07-01
94891679,,2025-09-01,2026-12-06,,TDBK,BIMCOR INC,2026-07-01,,B178,2026-02-02,REPO,FIN,CALYPSOIFI,Rev_Repo,,2026-06-24
94739974,,2025-01-03,2026-12-02,,TDBK,CENTRAL 1 CREDIT UNION,2026-07-01,Repo,B437,2026-10-14,REPO,FIN,CALYPSOIFI,Rev_Repo,,2026-06-10
96233028,,2026-11-25,2026-10-12,,TDBK,INVESTEC BANK LIMITED,2026-07-01,Repo,B744,2026-11-10,REPO,FIN,CALYPSOIFI,Repo,,2026-06-24
96703364,,2025-11-22,2026-05-05,2026-12-22,TDBK,DEUTSCHE BANK A.G.,2026-07-01,Repo,B994,2026-07-14,REPO,FIN,CALYPSOIFI,Rev_Repo,,2026-06-10
94845747,,2025-07-01,2026-09-22,2026-12-08,TDBK,INVESTEC BANK LIMITED,2026-07-01,Repo,B237,2026-11-15,REPO,FIN,CALYPSOIFI,Repo,,2026-07-01
99010942,,2025-09-23,2026-04-07,,TDBK,,2026-07-01,Repo,B172,2026-08-25,REPO,FIN,CALYPSOIFI,Rev_Repo,,2026-06-24
92452654,,2026-08-17,2026-02-08,2026-04-13,TDBK,BANK OF NOVA SCOTIA,2026-07-01,Repo,B362,2026-01-01,REPO,FIN,CALYPSOIFI,Repo,,2026-06-03
94326642,,2025-11-05,2026-10-07,2026-03-06,TDBK,BANK OF NOVA SCOTIA,2026-07-01,Repo,B991,2026-04-28,REPO,FIN,CALYPSOIFI,Repo,,2026-06-17
94768311,,2025-03-06,2026-09-07,2026-01-16,TDBK,INVESTEC BANK LIMITED,2026-07-01,Repo,B650,2026-03-26,REPO,FIN,CALYPSOIFI,Rev_Repo,,2026-06-17
90823147,,2025-04-06,2026-01-17,2026-01-11,TDBK,INVESTEC BANK LIMITED,2026-07-01,Repo,B735,2026-04-02,REPO,FIN,CALYPSOIFI,Repo,,2026-06-24
92964909,,2026-12-01,2026-08-24,2026-03-14,TDBK,DEUTSCHE BANK A.G.,2026-07-01,Repo,B129,2026-01-03,REPO,FIN,CALYPSOIFI,Repo,,2026-06-17
96829199,,2026-03-13,2026-07-18,2026-05-07,TDBK,SWISS LIFE AG,2026-07-01,Repo,B204,2026-12-02,REPO,FIN,CALYPSOIFI,Repo,,2026-06-24
92521795,,2025-07-04,2026-03-08,2026-07-22,TDBK,CENTRAL 1 CREDIT UNION,2026-07-01,Repo,B230,2026-12-10,REPO,FIN,CALYPSOIFI,Repo,,2026-06-10
93244636,,2025-06-12,2026-07-09,2026-06-04,TDBK,SWISS LIFE AG,2026-07-01,Repo,B721,2026-03-15,REPO,FIN,CALYPSOIFI,Repo,,2026-07-01
93853659,,2025-10-07,2026-12-21,2026-12-18,TDBK,BANK OF NOVA SCOTIA,2026-07-01,Repo,B498,2026-07-25,REPO,FIN,CALYPSOIFI,Repo,,2026-06-10
92199806,,2025-05-03,2026-05-04,2026-02-08,TDBK,SWISS LIFE AG,2026-07-01,Repo,B522,2026-08-13,REPO,FIN,CALYPSOIFI,Rev_Repo,,2026-06-24
98015489,,2026-05-07,2026-09-22,2026-01-02,TDBK,SWISS LIFE AG,2026-07-01,Repo,B859,2026-06-22,REPO,,CALYPSOIFI,Rev_Repo,,2026-07-01
91966768,,2026-06-11,2026-02-01,2026-03-26,TDBK,CITIBANK NA,2026-07-01,Repo,B607,2026-01-21,REPO,FIN,CALYPSOIFI,Repo,,2026-06-17
97530799,,2026-07-21,2026-01-21,2026-11-08,TDBK,CENTRAL 1 CREDIT UNION,2026-07-01,Repo,B224,2026-09-24,REPO,FIN,CALYPSOIFI,Repo,,2026-06-10
93463648,,2026-08-24,2026-04-20,2026-03-02,TDBK,INVESTEC BANK LIMITED,2026-07-01,Repo,B725,2026-02-06,REPO,FIN,CALYPSOIFI,Repo,,2026-06-24
97936006,,2025-08-12,2026-01-22,2026-05-10,TDBK,CENTRAL 1 CREDIT UNION,2026-07-01,Repo,B356,2026-06-03,REPO,FIN,CALYPSOIFI,Repo,,2026-06-10
96065089,,2025-10-24,2026-03-04,2026-08-12,TDBK,INVESTEC BANK LIMITED,2026-07-01,Repo,B777,2026-12-16,REPO,FIN,CALYPSOIFI,Repo,,2026-06-17
95858297,,2026-04-18,2026-10-13,,TDBK,INVESTEC BANK LIMITED,2026-07-01,Repo,B840,2026-02-07,REPO,FIN,CALYPSOIFI,Rev_Repo,,2026-07-01
94435793,,2025-03-10,2026-06-11,2026-08-08,TDBK,CITIBANK NA,2026-07-01,Repo,B949,2026-05-08,REPO,FIN,CALYPSOIFI,Repo,,2026-06-10
98940408,,2026-07-18,2026-03-15,2026-03-24,TDBK,CENTRAL 1 CREDIT UNION,2026-07-01,Repo,B901,2026-11-06,REPO,FIN,CALYPSOIFI,Rev_Repo,,2026-06-24
91538706,,2026-05-24,2026-03-23,2026-12-13,TDBK,DEUTSCHE BANK A.G.,2026-07-01,Repo,B181,2026-12-28,REPO,FIN,CALYPSOIFI,Rev_Repo,,2026-06-10
98748098,,2026-11-09,2026-08-14,2026-01-10,TDBK,,2026-07-01,Repo,B268,2026-02-25,REPO,FIN,CALYPSOIFI,Rev_Repo,,2026-06-24
91458526,,2026-03-11,2026-08-05,2026-08-26,TDBK,MORGAN STANLEY INTL,2026-07-01,Repo,B731,2026-04-09,REPO,,CALYPSOIFI,Rev_Repo,,2026-06-17
99890340,,2025-05-26,2026-10-06,2026-12-26,TDBK,BANK OF NOVA SCOTIA,2026-07-01,Repo,B358,2026-04-23,REPO,FIN,CALYPSOIFI,Rev_Repo,,2026-07-01
98250329,,2025-06-18,2026-01-04,2026-12-16,TDBK,DEUTSCHE BANK A.G.,2026-07-01,Repo,B536,2026-03-10,REPO,FIN,CALYPSOIFI,Repo,,2026-06-03
97221582,,2025-06-28,2026-08-08,2026-10-26,TDBK,SWISS LIFE AG,2026-07-01,Repo,B999,2026-12-21,REPO,FIN,CALYPSOIFI,Rev_Repo,,2026-06-10
99695155,,2026-02-09,2026-01-19,2026-01-27,TDBK,BANCO HABITAT,2026-07-01,Repo,B843,2026-10-19,REPO,,CALYPSOIFI,Repo,,2026-06-10
91581838,,2025-06-02,2026-05-23,2026-05-09,TDBK,DEUTSCHE BANK A.G.,2026-07-01,Repo,B461,2026-04-24,,FIN,CALYPSOIFI,Rev_Repo,,2026-07-01
99137543,,2026-10-02,2026-03-27,2026-01-19,TDBK,DEUTSCHE BANK A.G.,2026-07-01,,B290,2026-06-27,REPO,FIN,CALYPSOIFI,Rev_Repo,,2026-06-10
92943073,,2025-05-27,2026-06-07,,TDBK,BANCO HABITAT,2026-07-01,Repo,B454,2026-07-15,,FIN,CALYPSOIFI,Rev_Repo,,2026-06-03
94029082,,2026-09-17,2026-01-15,2026-11-06,TDBK,WELLINGTON GLOBAL EQUITY FUND 28R5,2026-07-01,Repo,B641,2026-09-08,REPO,FIN,CALYPSOIFI,Rev_Repo,,2026-06-10
95685122,,2026-06-09,2026-06-17,2026-08-09,TDBK,BANCO HABITAT,2026-07-01,Repo,B725,2026-06-02,REPO,,CALYPSOIFI,Repo,,2026-06-10
99368302,,2026-03-07,2026-11-06,2026-12-09,TDBK,CITIBANK NA,2026-07-01,Repo,B523,2026-01-15,REPO,FIN,CALYPSOIFI,Rev_Repo,,2026-07-01
97576396,,2025-08-11,2026-06-18,2026-09-21,TDBK,DEUTSCHE BANK A.G.,2026-07-01,Repo,B787,2026-02-09,REPO,,CALYPSOIFI,Rev_Repo,,2026-06-10
99391445,,2025-03-05,2026-12-24,2026-08-26,TDBK,MORGAN STANLEY INTL,2026-07-01,Repo,B362,2026-02-19,REPO,FIN,CALYPSOIFI,Repo,,2026-07-01
95627241,,2026-08-02,2026-05-17,2026-10-11,TDBK,,2026-07-01,Repo,B703,2026-01-27,REPO,FIN,CALYPSOIFI,Repo,,2026-07-01
90809489,,2025-10-28,2026-01-28,2026-01-02,TDBK,INVESTEC BANK LIMITED,2026-07-01,,B278,2026-11-06,REPO,FIN,CALYPSOIFI,Repo,,2026-06-03
93405374,,2026-04-24,2026-02-23,2026-04-20,TDBK,CITIBANK NA,2026-07-01,Repo,B908,2026-12-04,REPO,FIN,CALYPSOIFI,Rev_Repo,,2026-06-17
96905668,,2025-12-13,2026-01-07,2026-04-19,TDBK,BANK OF NOVA SCOTIA,2026-07-01,Repo,B765,2026-06-17,REPO,FIN,CALYPSOIFI,Rev_Repo,,2026-06-24
96702172,,2025-12-12,2026-08-16,2026-04-02,TDBK,BIMCOR INC,2026-07-01,Repo,B812,2026-08-26,REPO,FIN,CALYPSOIFI,Rev_Repo,,2026-07-01
94513531,,2026-11-16,2026-11-23,2026-11-21,TDBK,MORGAN STANLEY INTL,2026-07-01,Repo,B184,2026-10-26,REPO,FIN,CALYPSOIFI,Repo,,2026-06-24
96707333,,2025-09-11,2026-09-13,2026-12-22,TDBK,INVESTEC BANK LIMITED,2026-07-01,Repo,B930,2026-07-21,REPO,FIN,CALYPSOIFI,Rev_Repo,,2026-06-17
99237944,,2025-05-03,2026-03-11,2026-03-16,TDBK,DEUTSCHE BANK A.G.,2026-07-01,Repo,B469,2026-10-10,REPO,FIN,CALYPSOIFI,Rev_Repo,,2026-06-10
93614410,,2026-11-27,2026-01-05,,TDBK,CENTRAL 1 CREDIT UNION,2026-07-01,Repo,B461,2026-01-12,REPO,FIN,CALYPSOIFI,Rev_Repo,,2026-06-10
93969877,,2025-01-27,2026-10-12,2026-12-03,TDBK,DEUTSCHE BANK A.G.,2026-07-01,Repo,B690,2026-12-25,REPO,FIN,CALYPSOIFI,Rev_Repo,,2026-06-03
93065528,,2026-10-13,2026-07-17,2026-04-21,TDBK,WELLINGTON GLOBAL EQUITY FUND 28R5,2026-07-01,Repo,B680,2026-10-06,REPO,FIN,CALYPSOIFI,Repo,,2026-07-01
97689738,,2026-07-17,2026-04-11,2026-06-21,TDBK,CITIBANK NA,2026-07-01,Repo,B947,2026-10-16,REPO,FIN,CALYPSOIFI,Repo,,2026-06-03
91264059,,2025-11-10,2026-06-14,2026-12-02,TDBK,DEUTSCHE BANK A.G.,2026-07-01,Repo,B133,2026-04-23,REPO,FIN,CALYPSOIFI,Rev_Repo,,2026-06-17
99313675,,2025-03-22,2026-01-14,2026-10-02,TDBK,BIMCOR INC,2026-07-01,Repo,B255,2026-04-12,REPO,FIN,CALYPSOIFI,Rev_Repo,,2026-07-01
93052141,,2025-05-02,2026-05-19,2026-02-16,TDBK,BANCO HABITAT,2026-07-01,Repo,B403,2026-05-18,REPO,FIN,CALYPSOIFI,Rev_Repo,,2026-06-10
95868032,,2026-02-24,2026-08-27,2026-02-09,TDBK,INVESTEC BANK LIMITED,2026-07-01,Repo,B877,2026-05-21,,FIN,CALYPSOIFI,Repo,,2026-06-03
92257725,,2026-06-13,2026-03-14,2026-05-03,TDBK,BANCO HABITAT,2026-07-01,Repo,B967,2026-11-07,REPO,FIN,CALYPSOIFI,Repo,,2026-06-03
94376115,,2026-10-02,2026-02-09,2026-08-01,TDBK,WELLINGTON GLOBAL EQUITY FUND 28R5,2026-07-01,Repo,B741,2026-02-11,REPO,FIN,CALYPSOIFI,Rev_Repo,,2026-06-24
99483704,,2025-11-27,2026-06-21,2026-08-01,TDBK,SWISS LIFE AG,2026-07-01,Repo,B893,2026-02-11,REPO,FIN,CALYPSOIFI,Repo,,2026-07-01
97361921,,2025-01-22,2026-05-06,2026-02-06,TDBK,DEUTSCHE BANK A.G.,2026-07-01,Repo,B124,2026-04-22,REPO,,CALYPSOIFI,Rev_Repo,,2026-07-01
91449370,,2025-11-17,2026-05-09,,TDBK,WELLINGTON GLOBAL EQUITY FUND 28R5,2026-07-01,Repo,B293,2026-10-23,REPO,FIN,CALYPSOIFI,Repo,,2026-06-03
91046648,,2025-02-28,2026-11-08,2026-07-11,TDBK,MORGAN STANLEY INTL,2026-07-01,Repo,B302,2026-04-15,REPO,FIN,CALYPSOIFI,Rev_Repo,,2026-07-01
91955224,,2025-10-05,2026-07-02,2026-09-19,TDBK,CITIBANK NA,2026-07-01,Repo,B560,2026-12-20,,FIN,CALYPSOIFI,Rev_Repo,,2026-06-10
91612782,,2025-01-22,2026-06-09,2026-11-28,TDBK,CENTRAL 1 CREDIT UNION,2026-07-01,Repo,B969,2026-01-25,REPO,FIN,CALYPSOIFI,Repo,,2026-06-24
95073429,,2026-09-18,2026-05-04,2026-04-22,TDBK,MORGAN STANLEY INTL,2026-07-01,,B968,2026-11-02,REPO,FIN,CALYPSOIFI,Rev_Repo,,2026-06-17
92196311,,2026-01-15,2026-10-12,,TDBK,INVESTEC BANK LIMITED,2026-07-01,,B401,2026-04-27,REPO,FIN,CALYPSOIFI,Rev_Repo,,2026-07-01
91714195,,2025-08-04,2026-09-23,,TDBK,,2026-07-01,Repo,B594,2026-09-08,REPO,FIN,CALYPSOIFI,Rev_Repo,,2026-06-10
93436679,,2026-08-05,2026-11-18,2026-03-15,TDBK,MORGAN STANLEY INTL,2026-07-01,Repo,B606,2026-06-14,REPO,FIN,CALYPSOIFI,Rev_Repo,,2026-06-24
99142295,,2026-10-24,2026-03-15,2026-05-25,TDBK,BANCO HABITAT,2026-07-01,Repo,B364,2026-01-17,REPO,FIN,CALYPSOIFI,Rev_Repo,,2026-06-03
90779316,,2025-02-03,2026-12-27,2026-08-17,TDBK,INVESTEC BANK LIMITED,2026-07-01,Repo,B179,2026-12-16,REPO,FIN,CALYPSOIFI,Repo,,2026-07-01
94470483,,2025-07-21,2026-10-12,2026-11-28,TDBK,BANK OF NOVA SCOTIA,2026-07-01,Repo,B769,2026-03-08,REPO,FIN,CALYPSOIFI,Repo,,2026-07-01
93589827,,2025-07-26,2026-08-07,2026-09-23,TDBK,WELLINGTON GLOBAL EQUITY FUND 28R5,2026-07-01,Repo,B894,2026-10-24,REPO,FIN,CALYPSOIFI,Repo,,2026-06-24
97873428,,2025-12-11,2026-03-27,2026-12-24,TDBK,SWISS LIFE AG,2026-07-01,Repo,B307,2026-01-15,REPO,,CALYPSOIFI,Repo,,2026-06-17
94314134,,2026-09-17,2026-07-02,2026-12-15,TDBK,CITIBANK NA,2026-07-01,Repo,B583,2026-06-23,REPO,FIN,CALYPSOIFI,Rev_Repo,,2026-06-03
99406072,,2026-06-17,2026-12-07,2026-04-04,TDBK,SWISS LIFE AG,2026-07-01,Repo,B380,2026-03-04,REPO,FIN,CALYPSOIFI,Rev_Repo,,2026-06-10
91573936,,2026-02-12,2026-04-27,2026-01-09,TDBK,CENTRAL 1 CREDIT UNION,2026-07-01,Repo,B473,2026-07-28,REPO,FIN,CALYPSOIFI,Repo,,2026-06-10
99124096,,2026-03-25,2026-01-12,2026-11-21,TDBK,BANCO HABITAT,2026-07-01,Repo,B607,2026-07-01,REPO,FIN,CALYPSOIFI,Rev_Repo,,2026-06-03
91683927,,2026-10-25,2026-02-01,2026-09-18,TDBK,,2026-07-01,Repo,B809,2026-07-01,REPO,FIN,CALYPSOIFI,Repo,,2026-07-01
94932124,,2025-03-02,2026-02-11,2026-02-11,TDBK,,2026-07-01,Repo,B245,2026-07-27,REPO,FIN,CALYPSOIFI,Rev_Repo,,2026-06-03
91592975,,2025-03-12,2026-12-11,2026-09-13,TDBK,WELLINGTON GLOBAL EQUITY FUND 28R5,2026-07-01,,B411,2026-08-08,,FIN,CALYPSOIFI,Repo,,2026-06-03
94861729,,2026-04-28,2026-12-23,2026-09-13,TDBK,WELLINGTON GLOBAL EQUITY FUND 28R5,2026-07-01,Repo,B105,2026-01-27,REPO,FIN,CALYPSOIFI,Rev_Repo,,2026-06-17
91907244,,2026-06-18,2026-09-26,2026-04-11,TDBK,MORGAN STANLEY INTL,2026-07-01,Repo,B318,2026-06-08,REPO,FIN,CALYPSOIFI,Rev_Repo,,2026-07-01
91174318,,2025-03-05,2026-12-06,2026-12-12,TDBK,,2026-07-01,Repo,B275,2026-08-01,REPO,FIN,CALYPSOIFI,Repo,,2026-07-01
91382467,,2026-04-09,2026-07-09,2026-04-14,TDBK,MORGAN STANLEY INTL,2026-07-01,Repo,B381,2026-10-07,REPO,FIN,CALYPSOIFI,Rev_Repo,,2026-06-17
96050668,,2025-05-13,2026-11-03,2026-12-07,TDBK,SWISS LIFE AG,2026-07-01,Repo,B395,2026-09-07,REPO,FIN,CALYPSOIFI,Repo,,2026-06-10
93269991,,2025-05-25,2026-04-08,2026-07-07,TDBK,BANK OF NOVA SCOTIA,2026-07-01,,B165,2026-11-21,REPO,FIN,CALYPSOIFI,Repo,,2026-06-24
91794996,,2025-09-18,2026-08-08,2026-04-19,TDBK,DEUTSCHE BANK A.G.,2026-07-01,Repo,B666,2026-02-22,REPO,FIN,CALYPSOIFI,Repo,,2026-06-17
97177321,,2025-07-01,2026-07-02,2026-12-06,TDBK,BANK OF NOVA SCOTIA,2026-07-01,Repo,B244,2026-01-05,REPO,FIN,CALYPSOIFI,Rev_Repo,,2026-07-01
96115135,,2025-02-17,2026-10-06,2026-05-03,TDBK,BANK OF NOVA SCOTIA,2026-07-01,,B742,2026-09-06,REPO,FIN,CALYPSOIFI,Rev_Repo,,2026-07-01
91278798,,2025-09-17,2026-01-11,2026-10-01,TDBK,WELLINGTON GLOBAL EQUITY FUND 28R5,2026-07-01,Repo,B353,2026-09-01,REPO,FIN,CALYPSOIFI,Rev_Repo,,2026-06-10
93110155,,2026-11-10,2026-06-13,2026-07-11,TDBK,BANK OF NOVA SCOTIA,2026-07-01,Repo,B378,2026-05-02,REPO,FIN,CALYPSOIFI,Rev_Repo,,2026-06-17
97343501,,2026-03-24,2026-08-09,2026-02-11,TDBK,SWISS LIFE AG,2026-07-01,,B788,2026-02-27,REPO,FIN,CALYPSOIFI,Rev_Repo,,2026-06-03
95576270,,2025-02-25,2026-11-02,2026-10-01,TDBK,WELLINGTON GLOBAL EQUITY FUND 28R5,2026-07-01,Repo,B501,2026-12-20,REPO,FIN,CALYPSOIFI,Rev_Repo,,2026-06-10
98390356,,2025-04-19,2026-10-18,2026-10-19,TDBK,BIMCOR INC,2026-07-01,,B707,2026-09-17,REPO,FIN,CALYPSOIFI,Repo,,2026-07-01
92235899,,2026-02-22,2026-08-13,2026-09-08,TDBK,DEUTSCHE BANK A.G.,2026-07-01,Repo,B261,2026-04-28,REPO,FIN,CALYPSOIFI,Repo,,2026-06-03
93665762,,2025-09-26,2026-02-12,2026-11-23,TDBK,MORGAN STANLEY INTL,2026-07-01,Repo,B555,2026-01-08,REPO,FIN,CALYPSOIFI,Repo,,2026-06-03
94119511,,2026-11-25,2026-08-12,2026-09-12,TDBK,BANK OF NOVA SCOTIA,2026-07-01,,B709,2026-08-25,REPO,FIN,CALYPSOIFI,Repo,,2026-06-03
95685778,,2026-12-01,2026-02-28,2026-02-20,TDBK,BANCO HABITAT,2026-07-01,Repo,B949,2026-11-23,REPO,FIN,CALYPSOIFI,Rev_Repo,,2026-06-24
90019703,,2025-01-14,2026-02-25,2026-05-19,TDBK,BIMCOR INC,2026-07-01,Repo,B209,2026-10-22,REPO,FIN,CALYPSOIFI,Repo,,2026-07-01
97725516,,2026-10-25,2026-10-17,2026-02-25,TDBK,CENTRAL 1 CREDIT UNION,2026-07-01,Repo,B723,2026-11-03,REPO,FIN,CALYPSOIFI,Rev_Repo,,2026-07-01
99750456,,2026-03-03,2026-09-15,2026-06-13,TDBK,DEUTSCHE BANK A.G.,2026-07-01,Repo,B204,2026-07-24,REPO,FIN,CALYPSOIFI,Repo,,2026-06-24
96208847,,2025-10-17,2026-06-25,2026-09-07,TDBK,BANCO HABITAT,2026-07-01,Repo,B901,2026-01-26,REPO,FIN,CALYPSOIFI,Repo,,2026-06-17
93575427,,2026-06-06,2026-10-17,2026-04-26,TDBK,BANK OF NOVA SCOTIA,2026-07-01,Repo,B161,2026-05-23,REPO,,CALYPSOIFI,Repo,,2026-07-01
99292587,,2025-11-16,2026-07-10,,TDBK,WELLINGTON GLOBAL EQUITY FUND 28R5,2026-07-01,Repo,B368,2026-12-04,REPO,FIN,CALYPSOIFI,Repo,,2026-06-03
96117947,,2026-08-24,2026-09-17,2026-10-12,TDBK,INVESTEC BANK LIMITED,2026-07-01,,B132,2026-09-21,REPO,FIN,CALYPSOIFI,Rev_Repo,,2026-06-17
93737943,,2026-02-14,2026-02-25,2026-05-11,TDBK,SWISS LIFE AG,2026-07-01,Repo,B937,2026-10-22,REPO,FIN,CALYPSOIFI,Rev_Repo,,2026-06-10
96380105,,2026-05-22,2026-12-26,2026-07-02,TDBK,BANCO HABITAT,2026-07-01,Repo,B268,2026-05-08,REPO,FIN,CALYPSOIFI,Rev_Repo,,2026-06-24
95535596,,2026-06-26,2026-11-21,2026-10-23,TDBK,MORGAN STANLEY INTL,2026-07-01,Repo,B747,2026-03-16,REPO,FIN,CALYPSOIFI,Rev_Repo,,2026-06-03
93558409,,2025-02-03,2026-11-23,2026-09-22,TDBK,MORGAN STANLEY INTL,2026-07-01,Repo,B784,2026-03-28,REPO,FIN,CALYPSOIFI,Rev_Repo,,2026-06-24
90415625,,2026-03-04,2026-05-15,2026-08-10,TDBK,BIMCOR INC,2026-07-01,Repo,B107,2026-12-06,REPO,FIN,CALYPSOIFI,Repo,,2026-06-03
90597368,,2025-04-25,2026-06-19,2026-04-13,TDBK,SWISS LIFE AG,2026-07-01,Repo,B265,2026-01-24,REPO,FIN,CALYPSOIFI,Rev_Repo,,2026-06-24
91732357,,2026-06-23,2026-01-14,2026-12-22,TDBK,MORGAN STANLEY INTL,2026-07-01,Repo,B240,2026-08-12,REPO,FIN,CALYPSOIFI,Repo,,2026-06-10
90590771,,2026-09-22,2026-05-26,2026-07-10,TDBK,DEUTSCHE BANK A.G.,2026-07-01,Repo,B349,2026-12-03,REPO,FIN,CALYPSOIFI,Repo,,2026-06-10
91635154,,2025-07-22,2026-01-01,2026-05-25,TDBK,BIMCOR INC,2026-07-01,Repo,B508,2026-12-11,REPO,FIN,CALYPSOIFI,Repo,,2026-06-03
95477907,,2025-05-10,2026-11-21,2026-11-20,TDBK,INVESTEC BANK LIMITED,2026-07-01,Repo,B890,2026-01-17,,FIN,CALYPSOIFI,Rev_Repo,,2026-06-24
92396768,,2025-03-05,2026-12-06,2026-10-27,TDBK,WELLINGTON GLOBAL EQUITY FUND 28R5,2026-07-01,Repo,B595,2026-07-28,REPO,FIN,CALYPSOIFI,Rev_Repo,,2026-06-24
98194085,,2026-07-08,2026-07-28,2026-02-23,TDBK,BANCO HABITAT,2026-07-01,Repo,B819,2026-09-13,REPO,,CALYPSOIFI,Rev_Repo,,2026-06-17
96529281,,2026-01-26,2026-02-08,2026-04-21,TDBK,DEUTSCHE BANK A.G.,2026-07-01,Repo,B994,2026-05-19,REPO,FIN,CALYPSOIFI,Repo,,2026-06-03
99879544,,2025-04-05,2026-12-24,2026-09-12,TDBK,CENTRAL 1 CREDIT UNION,2026-07-01,Repo,B194,2026-02-05,REPO,,CALYPSOIFI,Rev_Repo,,2026-07-01
92250660,,2026-03-16,2026-09-12,,TDBK,INVESTEC BANK LIMITED,2026-07-01,Repo,B684,2026-10-13,REPO,FIN,CALYPSOIFI,Repo,,2026-06-10
93882411,,2025-11-22,2026-03-05,2026-10-11,TDBK,SWISS LIFE AG,2026-07-01,Repo,B371,2026-05-06,REPO,FIN,CALYPSOIFI,Repo,,2026-06-17
96640368,,2025-05-12,2026-11-23,2026-10-15,TDBK,INVESTEC BANK LIMITED,2026-07-01,Repo,B415,2026-06-25,REPO,FIN,CALYPSOIFI,Rev_Repo,,2026-06-17
90533028,,2025-05-14,2026-06-05,2026-06-07,TDBK,,2026-07-01,Repo,B118,2026-12-13,REPO,FIN,CALYPSOIFI,Repo,,2026-07-01
90401219,,2025-03-14,2026-05-27,2026-09-02,TDBK,INVESTEC BANK LIMITED,2026-07-01,Repo,B194,2026-03-05,REPO,FIN,CALYPSOIFI,Repo,,2026-07-01
95329665,,2025-12-19,2026-09-04,2026-03-01,TDBK,INVESTEC BANK LIMITED,2026-07-01,Repo,B688,2026-05-22,REPO,,CALYPSOIFI,Repo,,2026-07-01
90157633,,2025-12-12,2026-01-23,2026-03-10,TDBK,,2026-07-01,Repo,B232,2026-12-05,,FIN,CALYPSOIFI,Rev_Repo,,2026-06-10
99523033,,2026-03-27,2026-02-28,2026-03-17,TDBK,BIMCOR INC,2026-07-01,Repo,B667,2026-04-12,REPO,FIN,CALYPSOIFI,Repo,,2026-07-01
95637044,,2025-04-24,2026-12-28,2026-10-22,TDBK,BIMCOR INC,2026-07-01,,B818,2026-05-12,REPO,FIN,CALYPSOIFI,Rev_Repo,,2026-06-10
95278960,,2025-12-07,2026-12-23,2026-04-14,TDBK,WELLINGTON GLOBAL EQUITY FUND 28R5,2026-07-01,Repo,B811,2026-03-14,REPO,FIN,CALYPSOIFI,Repo,,2026-06-10
95169828,,2025-10-27,2026-10-28,2026-08-12,TDBK,BANCO HABITAT,2026-07-01,Repo,B200,2026-10-28,REPO,FIN,CALYPSOIFI,Rev_Repo,,2026-06-24
92427664,,2026-12-23,2026-07-25,2026-01-02,TDBK,WELLINGTON GLOBAL EQUITY FUND 28R5,2026-07-01,Repo,B726,2026-03-13,REPO,FIN,CALYPSOIFI,Repo,,2026-07-01
96861972,,2026-05-26,2026-08-24,2026-02-03,TDBK,BIMCOR INC,2026-07-01,Repo,B225,2026-10-03,REPO,FIN,CALYPSOIFI,Repo,,2026-06-03
94606819,,2025-03-01,2026-01-04,2026-10-10,TDBK,INVESTEC BANK LIMITED,2026-07-01,Repo,B745,2026-12-24,,FIN,CALYPSOIFI,Rev_Repo,,2026-06-17
99600437,,2025-10-24,2026-02-01,2026-01-23,TDBK,INVESTEC BANK LIMITED,2026-07-01,Repo,B235,2026-04-03,REPO,FIN,CALYPSOIFI,Repo,,2026-06-10
90146954,,2025-03-15,2026-02-18,2026-08-12,TDBK,CITIBANK NA,2026-07-01,Repo,B115,2026-07-25,REPO,FIN,CALYPSOIFI,Rev_Repo,,2026-06-10
98843066,,2025-11-27,2026-08-20,2026-05-20,TDBK,BANCO HABITAT,2026-07-01,Repo,B816,2026-05-07,REPO,FIN,CALYPSOIFI,Repo,,2026-06-03
92176508,,2026-10-21,2026-12-16,2026-09-24,TDBK,MORGAN STANLEY INTL,2026-07-01,Repo,B912,2026-11-05,REPO,,CALYPSOIFI,Repo,,2026-06-10
91085807,,2026-12-07,2026-05-27,2026-09-15,TDBK,BANK OF NOVA SCOTIA,2026-07-01,Repo,B699,2026-08-13,,FIN,CALYPSOIFI,Rev_Repo,,2026-06-24
96952249,,2026-02-24,2026-05-03,2026-06-16,TDBK,SWISS LIFE AG,2026-07-01,Repo,B327,2026-07-14,REPO,FIN,CALYPSOIFI,Rev_Repo,,2026-07-01
93100099,,2026-07-03,2026-05-19,2026-12-14,TDBK,MORGAN STANLEY INTL,2026-07-01,Repo,B338,2026-06-09,REPO,FIN,CALYPSOIFI,Repo,,2026-06-17
95798417,,2025-06-24,2026-07-04,2026-10-04,TDBK,WELLINGTON GLOBAL EQUITY FUND 28R5,2026-07-01,Repo,B939,2026-10-28,REPO,FIN,CALYPSOIFI,Rev_Repo,,2026-06-17
93372418,,2025-08-24,2026-02-05,2026-07-15,TDBK,BANCO HABITAT,2026-07-01,Repo,B318,2026-05-13,,FIN,CALYPSOIFI,Repo,,2026-06-10
90195027,,2025-05-07,2026-01-27,,TDBK,CITIBANK NA,2026-07-01,Repo,B667,2026-03-09,REPO,FIN,CALYPSOIFI,Rev_Repo,,2026-07-01
93290154,,2025-05-15,2026-08-18,2026-07-16,TDBK,SWISS LIFE AG,2026-07-01,Repo,B758,2026-02-21,REPO,FIN,CALYPSOIFI,Repo,,2026-07-01
97958616,,2025-08-08,2026-04-17,2026-01-11,TDBK,CITIBANK NA,2026-07-01,,B394,2026-06-18,,FIN,CALYPSOIFI,Repo,,2026-06-24
90558641,,2026-05-21,2026-03-03,2026-09-08,TDBK,CITIBANK NA,2026-07-01,Repo,B114,2026-10-15,REPO,FIN,CALYPSOIFI,Repo,,2026-06-10
95630242,,2025-01-06,2026-02-20,2026-06-05,TDBK,BANCO HABITAT,2026-07-01,Repo,B801,2026-07-22,REPO,FIN,CALYPSOIFI,Repo,,2026-06-03
91698544,,2026-08-16,2026-09-17,2026-11-12,TDBK,BANCO HABITAT,2026-07-01,Repo,B914,2026-05-04,REPO,FIN,CALYPSOIFI,Repo,,2026-06-17
97250413,,2026-07-05,2026-02-01,2026-02-20,TDBK,BIMCOR INC,2026-07-01,Repo,B279,2026-06-25,REPO,FIN,CALYPSOIFI,Repo,,2026-06-17
96552110,,2025-12-25,2026-05-15,2026-08-13,TDBK,DEUTSCHE BANK A.G.,2026-07-01,Repo,B643,2026-08-11,REPO,FIN,CALYPSOIFI,Repo,,2026-06-24
96629677,,2026-05-22,2026-08-08,2026-09-07,TDBK,,2026-07-01,Repo,B986,2026-01-06,REPO,FIN,CALYPSOIFI,Rev_Repo,,2026-06-10
90128331,,2025-08-20,2026-01-01,2026-07-01,TDBK,SWISS LIFE AG,2026-07-01,Repo,B121,2026-06-12,REPO,FIN,CALYPSOIFI,Rev_Repo,,2026-07-01
91662292,,2025-04-22,2026-09-21,2026-01-03,TDBK,,2026-07-01,Repo,B817,2026-10-06,REPO,FIN,CALYPSOIFI,Repo,,2026-07-01
97273277,,2025-01-22,2026-03-19,2026-01-23,TDBK,WELLINGTON GLOBAL EQUITY FUND 28R5,2026-07-01,Repo,B706,2026-09-24,REPO,FIN,CALYPSOIFI,Rev_Repo,,2026-06-24
94808180,,2026-01-14,2026-10-26,2026-04-12,TDBK,BIMCOR INC,2026-07-01,Repo,B258,2026-05-01,REPO,FIN,CALYPSOIFI,Repo,,2026-07-01
95653008,,2026-07-24,2026-01-21,2026-02-12,TDBK,BIMCOR INC,2026-07-01,Repo,B378,2026-09-04,REPO,FIN,CALYPSOIFI,Repo,,2026-07-01
91087570,,2026-08-08,2026-11-24,2026-11-25,TDBK,BIMCOR INC,2026-07-01,Repo,B965,2026-10-14,REPO,FIN,CALYPSOIFI,Repo,,2026-07-01
93959154,,2025-12-13,2026-03-23,2026-11-12,TDBK,CENTRAL 1 CREDIT UNION,2026-07-01,,B815,2026-06-16,REPO,FIN,CALYPSOIFI,Rev_Repo,,2026-06-03
92116060,,2025-10-11,2026-03-09,2026-08-10,TDBK,SWISS LIFE AG,2026-07-01,Repo,B147,2026-01-20,REPO,FIN,CALYPSOIFI,Rev_Repo,,2026-06-03
97226340,,2025-12-08,2026-09-08,2026-10-05,TDBK,INVESTEC BANK LIMITED,2026-07-01,Repo,B822,2026-11-07,REPO,,CALYPSOIFI,Repo,,2026-06-24
90388215,,2026-07-20,2026-10-23,2026-09-13,TDBK,DEUTSCHE BANK A.G.,2026-07-01,Repo,B188,2026-12-11,REPO,FIN,CALYPSOIFI,Rev_Repo,,2026-06-17
99001596,,2026-11-25,2026-03-28,2026-10-13,TDBK,CITIBANK NA,2026-07-01,Repo,B167,2026-09-02,REPO,FIN,CALYPSOIFI,Rev_Repo,,2026-07-01
92754268,,2025-10-28,2026-04-19,2026-11-20,TDBK,DEUTSCHE BANK A.G.,2026-07-01,Repo,B690,2026-06-11,REPO,FIN,CALYPSOIFI,Rev_Repo,,2026-06-03
92688172,,2025-04-20,2026-10-21,,TDBK,SWISS LIFE AG,2026-07-01,Repo,B160,2026-06-04,REPO,FIN,CALYPSOIFI,Rev_Repo,,2026-06-03
90431396,,2026-12-14,2026-09-04,2026-11-26,TDBK,DEUTSCHE BANK A.G.,2026-07-01,Repo,B380,2026-10-10,REPO,FIN,CALYPSOIFI,Rev_Repo,,2026-06-10
98804336,,2025-04-25,2026-09-02,2026-04-18,TDBK,CENTRAL 1 CREDIT UNION,2026-07-01,Repo,B643,2026-09-03,REPO,FIN,CALYPSOIFI,Repo,,2026-06-03
90271549,,2026-10-03,2026-04-12,2026-10-05,TDBK,BANK OF NOVA SCOTIA,2026-07-01,Repo,B558,2026-01-10,REPO,FIN,CALYPSOIFI,Repo,,2026-06-10
98118269,,2026-04-17,2026-11-11,2026-01-24,TDBK,BANCO HABITAT,2026-07-01,Repo,B578,2026-04-23,REPO,FIN,CALYPSOIFI,Rev_Repo,,2026-07-01
94612440,,2026-09-22,2026-09-19,,TDBK,SWISS LIFE AG,2026-07-01,Repo,B342,2026-07-05,REPO,,CALYPSOIFI,Rev_Repo,,2026-07-01
96995649,,2025-05-16,2026-01-15,,TDBK,DEUTSCHE BANK A.G.,2026-07-01,Repo,B406,2026-05-02,REPO,FIN,CALYPSOIFI,Rev_Repo,,2026-06-10
96205863,,2026-07-22,2026-12-06,2026-05-05,TDBK,BIMCOR INC,2026-07-01,Repo,B959,2026-08-11,REPO,FIN,CALYPSOIFI,Repo,,2026-06-24
96666766,,2026-09-20,2026-01-23,2026-07-22,TDBK,CENTRAL 1 CREDIT UNION,2026-07-01,Repo,B754,2026-03-13,REPO,FIN,CALYPSOIFI,Repo,,2026-06-03
94468919,,2025-04-12,2026-02-12,2026-04-07,TDBK,INVESTEC BANK LIMITED,2026-07-01,,B742,2026-12-01,,FIN,CALYPSOIFI,Rev_Repo,,2026-06-03
95290899,,2026-05-25,2026-09-15,2026-07-06,TDBK,WELLINGTON GLOBAL EQUITY FUND 28R5,2026-07-01,,B620,2026-11-16,REPO,FIN,CALYPSOIFI,Repo,,2026-06-10
91777043,,2026-09-18,2026-07-19,2026-04-15,TDBK,DEUTSCHE BANK A.G.,2026-07-01,Repo,B529,2026-06-22,REPO,FIN,CALYPSOIFI,Rev_Repo,,2026-06-17
94559183,,2026-05-06,2026-03-26,2026-10-13,TDBK,MORGAN STANLEY INTL,2026-07-01,Repo,B305,2026-10-22,REPO,FIN,CALYPSOIFI,Rev_Repo,,2026-06-03
96233911,,2026-02-19,2026-07-12,2026-12-22,TDBK,BANCO HABITAT,2026-07-01,Repo,B202,2026-11-20,REPO,FIN,CALYPSOIFI,Repo,,2026-07-01
99471062,,2026-09-12,2026-01-27,2026-04-27,TDBK,WELLINGTON GLOBAL EQUITY FUND 28R5,2026-07-01,Repo,B965,2026-09-28,REPO,FIN,CALYPSOIFI,Repo,,2026-06-24
90395489,,2026-06-15,2026-02-23,,TDBK,CITIBANK NA,2026-07-01,Repo,B234,2026-03-18,REPO,FIN,CALYPSOIFI,Rev_Repo,,2026-06-17
90752797,,2025-08-03,2026-04-27,2026-12-17,TDBK,SWISS LIFE AG,2026-07-01,Repo,B263,2026-06-03,REPO,FIN,CALYPSOIFI,Rev_Repo,,2026-06-03
93004064,,2025-09-27,2026-11-20,2026-07-17,TDBK,MORGAN STANLEY INTL,2026-07-01,Repo,B329,2026-01-26,REPO,FIN,CALYPSOIFI,Rev_Repo,,2026-06-17
90501663,,2025-08-22,2026-12-13,2026-11-15,TDBK,CENTRAL 1 CREDIT UNION,2026-07-01,Repo,B463,2026-03-21,REPO,FIN,CALYPSOIFI,Repo,,2026-06-17
95846439,,2025-02-28,2026-07-10,2026-09-09,TDBK,SWISS LIFE AG,2026-07-01,Repo,B114,2026-11-16,REPO,FIN,CALYPSOIFI,Rev_Repo,,2026-06-10
96368843,,2026-06-08,2026-01-22,2026-06-27,TDBK,BIMCOR INC,2026-07-01,Repo,B933,2026-03-06,REPO,,CALYPSOIFI,Repo,,2026-06-24
95823135,,2025-11-06,2026-01-24,2026-01-25,TDBK,INVESTEC BANK LIMITED,2026-07-01,Repo,B128,2026-10-10,REPO,FIN,CALYPSOIFI,Repo,,2026-06-17
95432284,,2026-03-09,2026-04-01,2026-10-22,TDBK,CENTRAL 1 CREDIT UNION,2026-07-01,Repo,B520,2026-07-14,REPO,FIN,CALYPSOIFI,Rev_Repo,,2026-06-24
93055233,,2025-08-10,2026-04-23,2026-10-28,TDBK,CENTRAL 1 CREDIT UNION,2026-07-01,Repo,B771,2026-09-05,REPO,FIN,CALYPSOIFI,Rev_Repo,,2026-06-10
91972697,,2025-09-01,2026-10-10,2026-08-25,TDBK,MORGAN STANLEY INTL,2026-07-01,,B517,2026-06-02,,FIN,CALYPSOIFI,Repo,,2026-06-24
94895707,,2026-02-02,2026-10-16,2026-06-18,TDBK,BIMCOR INC,2026-07-01,Repo,B804,2026-02-08,REPO,FIN,CALYPSOIFI,Rev_Repo,,2026-06-24
92910803,,2025-03-19,2026-04-10,,TDBK,SWISS LIFE AG,2026-07-01,Repo,B280,2026-11-11,REPO,,CALYPSOIFI,Rev_Repo,,2026-06-03
93610323,,2026-05-04,2026-10-10,2026-09-27,TDBK,CENTRAL 1 CREDIT UNION,2026-07-01,Repo,B533,2026-04-20,REPO,FIN,CALYPSOIFI,Repo,,2026-06-10
97838336,,2026-11-11,2026-10-14,2026-08-18,TDBK,SWISS LIFE AG,2026-07-01,,B794,2026-12-12,REPO,FIN,CALYPSOIFI,Rev_Repo,,2026-07-01
97589876,,2026-08-13,2026-02-27,2026-12-01,TDBK,MORGAN STANLEY INTL,2026-07-01,Repo,B112,2026-11-12,REPO,FIN,CALYPSOIFI,Repo,,2026-06-03
91298328,,2026-10-04,2026-04-06,,TDBK,BIMCOR INC,2026-07-01,Repo,B744,2026-09-21,REPO,FIN,CALYPSOIFI,Repo,,2026-06-17
95879368,,2026-11-04,2026-04-25,2026-07-13,TDBK,CENTRAL 1 CREDIT UNION,2026-07-01,Repo,B185,2026-10-06,REPO,FIN,CALYPSOIFI,Rev_Repo,,2026-06-17
95424463,,2025-04-07,2026-05-22,2026-09-06,TDBK,CENTRAL 1 CREDIT UNION,2026-07-01,Repo,B810,2026-01-04,REPO,FIN,CALYPSOIFI,Repo,,2026-06-10
99960376,,2025-03-17,2026-11-01,2026-02-17,TDBK,MORGAN STANLEY INTL,2026-07-01,Repo,B368,2026-07-04,REPO,FIN,CALYPSOIFI,Repo,,2026-06-17
93343719,,2025-04-15,2026-09-26,2026-03-09,TDBK,CITIBANK NA,2026-07-01,Repo,B542,2026-07-10,REPO,FIN,CALYPSOIFI,Repo,,2026-06-10
96685526,,2025-06-16,2026-03-17,2026-09-26,TDBK,CENTRAL 1 CREDIT UNION,2026-07-01,Repo,B960,2026-04-21,REPO,FIN,CALYPSOIFI,Rev_Repo,,2026-07-01
90375090,,2026-04-22,2026-12-17,2026-03-08,TDBK,BANCO HABITAT,2026-07-01,Repo,B408,2026-03-22,REPO,FIN,CALYPSOIFI,Repo,,2026-07-01
90084187,,2026-08-25,2026-04-16,2026-03-05,TDBK,INVESTEC BANK LIMITED,2026-07-01,,B733,2026-06-20,REPO,FIN,CALYPSOIFI,Repo,,2026-06-17
98021621,,2025-06-12,2026-06-16,2026-02-15,TDBK,BIMCOR INC,2026-07-01,Repo,B815,2026-09-10,REPO,FIN,CALYPSOIFI,Rev_Repo,,2026-07-01
90551151,,2025-08-07,2026-10-21,2026-01-17,TDBK,WELLINGTON GLOBAL EQUITY FUND 28R5,2026-07-01,Repo,B564,2026-09-05,REPO,FIN,CALYPSOIFI,Repo,,2026-07-01
91285634,,2026-06-24,2026-11-19,2026-05-14,TDBK,WELLINGTON GLOBAL EQUITY FUND 28R5,2026-07-01,Repo,B940,2026-08-09,,FIN,CALYPSOIFI,Repo,,2026-06-10
97856752,,2025-09-23,2026-04-06,2026-03-21,TDBK,DEUTSCHE BANK A.G.,2026-07-01,Repo,B941,2026-12-28,REPO,FIN,CALYPSOIFI,Rev_Repo,,2026-06-03
93894991,,2025-08-15,2026-07-26,2026-09-28,TDBK,INVESTEC BANK LIMITED,2026-07-01,Repo,B557,2026-10-14,,FIN,CALYPSOIFI,Rev_Repo,,2026-07-01
90068557,,2026-08-24,2026-12-23,,TDBK,WELLINGTON GLOBAL EQUITY FUND 28R5,2026-07-01,Repo,B228,2026-05-21,REPO,FIN,CALYPSOIFI,Rev_Repo,,2026-06-17
99419584,,2026-09-05,2026-10-12,2026-06-15,TDBK,INVESTEC BANK LIMITED,2026-07-01,Repo,B361,2026-06-01,REPO,FIN,CALYPSOIFI,Repo,,2026-06-17
97670666,,2026-04-06,2026-04-13,2026-07-26,TDBK,MORGAN STANLEY INTL,2026-07-01,Repo,B200,2026-04-05,,FIN,CALYPSOIFI,Rev_Repo,,2026-06-17
92186753,,2026-06-12,2026-12-11,2026-09-15,TDBK,BANCO HABITAT,2026-07-01,Repo,B757,2026-05-15,REPO,FIN,CALYPSOIFI,Repo,,2026-07-01
92067878,,2026-01-28,2026-09-13,2026-08-21,TDBK,INVESTEC BANK LIMITED,2026-07-01,Repo,B969,2026-01-15,REPO,FIN,CALYPSOIFI,Rev_Repo,,2026-06-10
93222854,,2026-02-13,2026-11-28,2026-04-09,TDBK,DEUTSCHE BANK A.G.,2026-07-01,Repo,B673,2026-09-09,REPO,FIN,CALYPSOIFI,Rev_Repo,,2026-06-17
95912161,,2025-08-06,2026-02-25,2026-10-27,TDBK,DEUTSCHE BANK A.G.,2026-07-01,Repo,B498,2026-08-26,REPO,FIN,CALYPSOIFI,Rev_Repo,,2026-07-01
92246984,,2026-11-09,2026-04-15,2026-09-06,TDBK,WELLINGTON GLOBAL EQUITY FUND 28R5,2026-07-01,Repo,B659,2026-08-16,REPO,FIN,CALYPSOIFI,Rev_Repo,,2026-06-24
90214770,,2025-10-20,2026-04-10,2026-09-22,TDBK,SWISS LIFE AG,2026-07-01,,B547,2026-05-21,,FIN,CALYPSOIFI,Repo,,2026-07-01
97021858,,2026-05-05,2026-12-25,2026-01-24,TDBK,CENTRAL 1 CREDIT UNION,2026-07-01,Repo,B251,2026-02-03,REPO,FIN,CALYPSOIFI,Rev_Repo,,2026-06-10
94589588,,2025-09-19,2026-06-02,,TDBK,BANCO HABITAT,2026-07-01,Repo,B844,2026-03-02,REPO,FIN,CALYPSOIFI,Rev_Repo,,2026-07-01
90519672,,2026-02-22,2026-10-22,2026-10-15,TDBK,SWISS LIFE AG,2026-07-01,,B664,2026-09-05,,FIN,CALYPSOIFI,Rev_Repo,,2026-06-24
92385074,,2026-06-11,2026-12-27,2026-07-15,TDBK,BIMCOR INC,2026-07-01,,B851,2026-06-24,REPO,FIN,CALYPSOIFI,Repo,,2026-07-01
98717222,,2026-09-23,2026-01-17,2026-12-06,TDBK,CENTRAL 1 CREDIT UNION,2026-07-01,Repo,B178,2026-02-26,REPO,FIN,CALYPSOIFI,Rev_Repo,,2026-07-01
91247986,,2025-08-25,2026-02-25,2026-10-04,TDBK,BANCO HABITAT,2026-07-01,Repo,B164,2026-06-21,REPO,FIN,CALYPSOIFI,Repo,,2026-07-01
96539831,,2025-02-16,2026-08-06,2026-06-27,TDBK,BANK OF NOVA SCOTIA,2026-07-01,Repo,B217,2026-07-17,REPO,FIN,CALYPSOIFI,Rev_Repo,,2026-06-10
98047999,,2026-05-06,2026-03-16,2026-07-24,TDBK,MORGAN STANLEY INTL,2026-07-01,Repo,B361,2026-11-07,REPO,FIN,CALYPSOIFI,Rev_Repo,,2026-06-10
94551476,,2025-07-22,2026-06-12,2026-01-01,TDBK,,2026-07-01,Repo,B586,2026-11-10,REPO,FIN,CALYPSOIFI,Repo,,2026-07-01
90746969,,2026-09-28,2026-09-17,2026-11-25,TDBK,CENTRAL 1 CREDIT UNION,2026-07-01,Repo,B161,2026-05-22,REPO,FIN,CALYPSOIFI,Repo,,2026-06-10
91036126,,2025-11-27,2026-05-13,2026-03-19,TDBK,WELLINGTON GLOBAL EQUITY FUND 28R5,2026-07-01,Repo,B208,2026-12-21,REPO,FIN,CALYPSOIFI,Rev_Repo,,2026-06-17
94456765,,2025-07-06,2026-10-03,2026-07-24,TDBK,,2026-07-01,Repo,B805,2026-06-18,REPO,FIN,CALYPSOIFI,Rev_Repo,,2026-06-10
96032017,,2025-10-11,2026-06-10,2026-02-17,TDBK,BANCO HABITAT,2026-07-01,Repo,B547,2026-09-23,REPO,FIN,CALYPSOIFI,Rev_Repo,,2026-07-01
98986154,,2026-02-19,2026-10-15,2026-05-20,TDBK,BANCO HABITAT,2026-07-01,Repo,B595,2026-12-05,REPO,FIN,CALYPSOIFI,Repo,,2026-06-17
97779220,,2026-08-12,2026-02-17,2026-10-15,TDBK,WELLINGTON GLOBAL EQUITY FUND 28R5,2026-07-01,,B756,2026-07-19,REPO,FIN,CALYPSOIFI,Repo,,2026-07-01
97400864,,2025-05-10,2026-12-21,2026-11-18,TDBK,CITIBANK NA,2026-07-01,Repo,B280,2026-11-25,REPO,FIN,CALYPSOIFI,Rev_Repo,,2026-06-03
98958635,,2025-02-23,2026-09-02,2026-04-22,TDBK,BIMCOR INC,2026-07-01,Repo,B977,2026-09-14,REPO,FIN,CALYPSOIFI,Rev_Repo,,2026-07-01
93335366,,2026-02-28,2026-10-10,2026-04-25,TDBK,INVESTEC BANK LIMITED,2026-07-01,Repo,B109,2026-10-12,REPO,FIN,CALYPSOIFI,Repo,,2026-06-10
99433660,,2025-09-16,2026-12-12,,TDBK,BANCO HABITAT,2026-07-01,Repo,B827,2026-07-19,REPO,FIN,CALYPSOIFI,Rev_Repo,,2026-06-03
92464026,,2025-11-28,2026-06-01,2026-08-09,TDBK,BANCO HABITAT,2026-07-01,,B546,2026-04-28,REPO,FIN,CALYPSOIFI,Repo,,2026-06-10
99052580,,2026-08-10,2026-08-26,2026-03-03,TDBK,DEUTSCHE BANK A.G.,2026-07-01,Repo,B755,2026-02-13,REPO,FIN,CALYPSOIFI,Rev_Repo,,2026-06-03
91732919,,2026-02-27,2026-02-06,2026-08-25,TDBK,,2026-07-01,Repo,B352,2026-04-02,REPO,FIN,CALYPSOIFI,Repo,,2026-06-17
90296919,,2025-07-23,2026-08-10,,TDBK,,2026-07-01,Repo,B833,2026-06-01,REPO,FIN,CALYPSOIFI,Rev_Repo,,2026-06-03
95576093,,2026-09-04,2026-01-06,2026-09-20,TDBK,BIMCOR INC,2026-07-01,Repo,B330,2026-12-22,REPO,,CALYPSOIFI,Repo,,2026-06-10
94279438,,2026-08-11,2026-09-22,2026-07-25,TDBK,BIMCOR INC,2026-07-01,Repo,B622,2026-06-03,REPO,FIN,CALYPSOIFI,Rev_Repo,,2026-06-24
99554308,,2025-05-17,2026-02-06,2026-11-23,TDBK,INVESTEC BANK LIMITED,2026-07-01,Repo,B246,2026-01-01,REPO,FIN,CALYPSOIFI,Rev_Repo,,2026-06-03
94359552,,2025-12-16,2026-05-06,2026-01-25,TDBK,CENTRAL 1 CREDIT UNION,2026-07-01,Repo,B712,2026-10-13,REPO,,CALYPSOIFI,Rev_Repo,,2026-06-24
98788559,,2026-06-05,2026-08-21,2026-04-03,TDBK,SWISS LIFE AG,2026-07-01,Repo,B919,2026-08-24,REPO,FIN,CALYPSOIFI,Repo,,2026-06-03
90988457,,2026-07-22,2026-12-26,2026-09-18,TDBK,MORGAN STANLEY INTL,2026-07-01,Repo,B714,2026-05-04,,,CALYPSOIFI,Repo,,2026-07-01
94458295,,2026-06-08,2026-06-10,2026-10-22,TDBK,INVESTEC BANK LIMITED,2026-07-01,Repo,B843,2026-05-08,REPO,FIN,CALYPSOIFI,Repo,,2026-06-24
90163443,,2025-10-07,2026-09-15,2026-07-11,TDBK,WELLINGTON GLOBAL EQUITY FUND 28R5,2026-07-01,Repo,B881,2026-08-14,REPO,FIN,CALYPSOIFI,Rev_Repo,,2026-06-10
94533546,,2026-09-27,2026-09-21,,TDBK,CITIBANK NA,2026-07-01,Repo,B385,2026-07-12,,FIN,CALYPSOIFI,Repo,,2026-06-10
98862427,,2025-03-15,2026-08-07,2026-01-01,TDBK,INVESTEC BANK LIMITED,2026-07-01,Repo,B545,2026-02-22,REPO,FIN,CALYPSOIFI,Repo,,2026-06-03
92085639,,2025-10-12,2026-11-19,2026-04-12,TDBK,BIMCOR INC,2026-07-01,Repo,B526,2026-12-02,REPO,FIN,CALYPSOIFI,Rev_Repo,,2026-06-03
91314910,,2026-10-02,2026-11-02,,TDBK,DEUTSCHE BANK A.G.,2026-07-01,Repo,B324,2026-12-23,REPO,FIN,CALYPSOIFI,Repo,,2026-07-01
98695142,,2026-11-09,2026-12-21,2026-06-07,TDBK,BANK OF NOVA SCOTIA,2026-07-01,Repo,B749,2026-05-11,REPO,FIN,CALYPSOIFI,Repo,,2026-06-24
96320168,,2026-04-26,2026-10-19,2026-06-08,TDBK,BIMCOR INC,2026-07-01,Repo,B476,2026-04-09,REPO,FIN,CALYPSOIFI,Rev_Repo,,2026-07-01
96924135,,2026-03-03,2026-05-05,2026-11-22,TDBK,DEUTSCHE BANK A.G.,2026-07-01,Repo,B199,2026-06-24,REPO,FIN,CALYPSOIFI,Repo,,2026-06-10
96020193,,2025-04-20,2026-12-04,2026-09-12,TDBK,BANCO HABITAT,2026-07-01,Repo,B650,2026-12-09,REPO,,CALYPSOIFI,Rev_Repo,,2026-06-24
99421836,,2026-03-11,2026-03-09,2026-02-21,TDBK,BANK OF NOVA SCOTIA,2026-07-01,Repo,B636,2026-12-03,REPO,FIN,CALYPSOIFI,Repo,,2026-06-24
90761897,,2026-02-18,2026-10-20,2026-04-14,TDBK,CENTRAL 1 CREDIT UNION,2026-07-01,,B472,2026-02-10,REPO,FIN,CALYPSOIFI,Repo,,2026-06-17
91679620,,2025-06-13,2026-01-10,2026-09-08,TDBK,DEUTSCHE BANK A.G.,2026-07-01,Repo,B820,2026-05-13,REPO,FIN,CALYPSOIFI,Repo,,2026-06-24
92205894,,2025-11-06,2026-01-12,2026-06-12,TDBK,DEUTSCHE BANK A.G.,2026-07-01,Repo,B585,2026-12-27,,FIN,CALYPSOIFI,Rev_Repo,,2026-06-10
97870890,,2026-07-20,2026-09-19,2026-05-21,TDBK,BIMCOR INC,2026-07-01,Repo,B556,2026-01-22,REPO,FIN,CALYPSOIFI,Repo,,2026-06-17
92634581,,2026-02-13,2026-08-24,2026-09-13,TDBK,MORGAN STANLEY INTL,2026-07-01,Repo,B162,2026-09-25,REPO,FIN,CALYPSOIFI,Rev_Repo,,2026-07-01
96499447,,2025-04-21,2026-11-20,2026-10-11,TDBK,BIMCOR INC,2026-07-01,Repo,B223,2026-06-20,REPO,FIN,CALYPSOIFI,Rev_Repo,,2026-07-01
93372815,,2025-11-05,2026-11-23,2026-06-01,TDBK,WELLINGTON GLOBAL EQUITY FUND 28R5,2026-07-01,Repo,B537,2026-10-13,REPO,FIN,CALYPSOIFI,Repo,,2026-06-24
92721760,,2026-10-21,2026-01-07,2026-01-16,TDBK,WELLINGTON GLOBAL EQUITY FUND 28R5,2026-07-01,Repo,B642,2026-04-09,REPO,FIN,CALYPSOIFI,Rev_Repo,,2026-06-03
97323146,,2025-04-08,2026-04-28,2026-09-09,TDBK,,2026-07-01,,B808,2026-10-11,REPO,FIN,CALYPSOIFI,Rev_Repo,,2026-06-10
91927737,,2025-10-02,2026-06-04,2026-03-20,TDBK,CITIBANK NA,2026-07-01,Repo,B411,2026-06-16,REPO,FIN,CALYPSOIFI,Rev_Repo,,2026-06-03
92781485,,2026-03-15,2026-03-25,2026-12-08,TDBK,BIMCOR INC,2026-07-01,Repo,B635,2026-12-28,REPO,FIN,CALYPSOIFI,Rev_Repo,,2026-06-17
92813772,,2026-09-17,2026-09-27,2026-03-25,TDBK,,2026-07-01,Repo,B897,2026-06-22,REPO,FIN,CALYPSOIFI,Rev_Repo,,2026-06-17
91430879,,2026-06-03,2026-12-21,,TDBK,BANCO HABITAT,2026-07-01,,B299,2026-07-20,REPO,FIN,CALYPSOIFI,Rev_Repo,,2026-07-01
90384492,,2025-01-13,2026-06-26,2026-07-08,TDBK,INVESTEC BANK LIMITED,2026-07-01,Repo,B573,2026-08-05,REPO,,CALYPSOIFI,Repo,,2026-06-03
93277790,,2026-11-18,2026-10-24,2026-04-13,TDBK,SWISS LIFE AG,2026-07-01,Repo,B361,2026-03-28,REPO,FIN,CALYPSOIFI,Repo,,2026-06-03
98081748,,2026-04-11,2026-06-23,2026-02-05,TDBK,BANK OF NOVA SCOTIA,2026-07-01,Repo,B156,2026-10-19,REPO,FIN,CALYPSOIFI,Rev_Repo,,2026-07-01
91169647,,2025-08-20,2026-06-13,2026-04-21,TDBK,SWISS LIFE AG,2026-07-01,Repo,B512,2026-01-19,REPO,FIN,CALYPSOIFI,Rev_Repo,,2026-06-03
92914182,,2026-05-23,2026-04-10,2026-04-03,TDBK,BANK OF NOVA SCOTIA,2026-07-01,Repo,B526,2026-09-01,,FIN,CALYPSOIFI,Rev_Repo,,2026-06-03
92352083,,2026-12-10,2026-10-13,2026-04-28,TDBK,CENTRAL 1 CREDIT UNION,2026-07-01,,B861,2026-07-06,REPO,FIN,CALYPSOIFI,Repo,,2026-06-03
95419364,,2025-07-28,2026-06-06,2026-08-22,TDBK,BANK OF NOVA SCOTIA,2026-07-01,Repo,B337,2026-05-05,REPO,,CALYPSOIFI,Repo,,2026-06-03
91690678,,2025-08-19,2026-10-26,2026-08-10,TDBK,BANK OF NOVA SCOTIA,2026-07-01,Repo,B949,2026-04-06,REPO,FIN,CALYPSOIFI,Rev_Repo,,2026-06-17
90396571,,2026-10-23,2026-06-19,2026-03-17,TDBK,INVESTEC BANK LIMITED,2026-07-01,Repo,B709,2026-06-01,,FIN,CALYPSOIFI,Rev_Repo,,2026-06-03
90119141,,2025-12-12,2026-10-12,2026-12-25,TDBK,SWISS LIFE AG,2026-07-01,Repo,B784,2026-02-12,REPO,FIN,CALYPSOIFI,Repo,,2026-06-10
92310669,,2026-07-23,2026-06-03,2026-11-19,TDBK,DEUTSCHE BANK A.G.,2026-07-01,Repo,B439,2026-06-04,REPO,FIN,CALYPSOIFI,Rev_Repo,,2026-06-17
91214278,,2025-07-14,2026-03-28,2026-04-26,TDBK,,2026-07-01,Repo,B364,2026-01-22,,FIN,CALYPSOIFI,Repo,,2026-07-01
94549898,,2025-08-25,2026-02-23,,TDBK,MORGAN STANLEY INTL,2026-07-01,Repo,B207,2026-07-19,REPO,,CALYPSOIFI,Repo,,2026-06-03
94309261,,2026-09-09,2026-09-16,2026-03-25,TDBK,INVESTEC BANK LIMITED,2026-07-01,Repo,B425,2026-07-03,REPO,FIN,CALYPSOIFI,Rev_Repo,,2026-06-10
94789737,,2026-10-07,2026-05-21,2026-10-14,TDBK,,2026-07-01,Repo,B921,2026-06-27,REPO,,CALYPSOIFI,Repo,,2026-06-17
99430991,,2026-01-16,2026-11-13,2026-07-04,TDBK,DEUTSCHE BANK A.G.,2026-07-01,Repo,B414,2026-02-07,REPO,FIN,CALYPSOIFI,Repo,,2026-06-17
99723196,,2025-04-21,2026-04-12,2026-05-01,TDBK,BANCO HABITAT,2026-07-01,Repo,B943,2026-03-21,,FIN,CALYPSOIFI,Repo,,2026-06-24
98597974,,2025-12-22,2026-01-10,2026-02-23,TDBK,BANCO HABITAT,2026-07-01,Repo,B767,2026-01-25,REPO,FIN,CALYPSOIFI,Rev_Repo,,2026-06-17
99540387,,2025-06-16,2026-02-13,2026-01-22,TDBK,CENTRAL 1 CREDIT UNION,2026-07-01,,B490,2026-03-19,REPO,FIN,CALYPSOIFI,Repo,,2026-06-24
91014464,,2026-06-19,2026-02-18,2026-08-02,TDBK,SWISS LIFE AG,2026-07-01,Repo,B982,2026-04-27,REPO,FIN,CALYPSOIFI,Repo,,2026-06-10
97561415,,2026-11-07,2026-05-11,2026-05-11,TDBK,INVESTEC BANK LIMITED,2026-07-01,Repo,B981,2026-10-24,REPO,FIN,CALYPSOIFI,Rev_Repo,,2026-07-01
98518769,,2026-09-24,2026-07-08,2026-05-16,TDBK,BANK OF NOVA SCOTIA,2026-07-01,Repo,B102,2026-08-08,REPO,FIN,CALYPSOIFI,Repo,,2026-06-24
92341891,,2026-09-14,2026-05-02,2026-02-16,TDBK,SWISS LIFE AG,2026-07-01,Repo,B340,2026-02-15,REPO,FIN,CALYPSOIFI,Repo,,2026-06-10
96383471,,2025-01-12,2026-08-05,,TDBK,BANK OF NOVA SCOTIA,2026-07-01,Repo,B205,2026-04-03,REPO,FIN,CALYPSOIFI,Rev_Repo,,2026-06-03
90642747,,2025-06-27,2026-12-01,2026-03-12,TDBK,WELLINGTON GLOBAL EQUITY FUND 28R5,2026-07-01,Repo,B932,2026-04-02,REPO,FIN,CALYPSOIFI,Repo,,2026-06-17
95788565,,2025-04-18,2026-05-03,2026-06-05,TDBK,DEUTSCHE BANK A.G.,2026-07-01,Repo,B212,2026-01-16,REPO,FIN,CALYPSOIFI,Repo,,2026-07-01
95988365,,2026-04-08,2026-09-14,2026-05-26,TDBK,SWISS LIFE AG,2026-07-01,Repo,B547,2026-05-23,REPO,FIN,CALYPSOIFI,Rev_Repo,,2026-07-01
94800375,,2025-05-08,2026-01-19,2026-02-06,TDBK,WELLINGTON GLOBAL EQUITY FUND 28R5,2026-07-01,Repo,B661,2026-02-06,REPO,FIN,CALYPSOIFI,Rev_Repo,,2026-07-01
90785200,,2026-07-10,2026-04-10,2026-12-16,TDBK,CENTRAL 1 CREDIT UNION,2026-07-01,Repo,B957,2026-08-08,REPO,FIN,CALYPSOIFI,Rev_Repo,,2026-07-01
91510020,,2025-12-22,2026-06-16,2026-02-07,TDBK,CENTRAL 1 CREDIT UNION,2026-07-01,Repo,B932,2026-06-16,REPO,,CALYPSOIFI,Rev_Repo,,2026-06-03
90066677,,2026-08-21,2026-09-13,2026-09-28,TDBK,BANK OF NOVA SCOTIA,2026-07-01,Repo,B377,2026-12-18,REPO,FIN,CALYPSOIFI,Repo,,2026-06-10
97638151,,2026-12-17,2026-01-28,2026-07-08,TDBK,SWISS LIFE AG,2026-07-01,Repo,B679,2026-02-28,REPO,FIN,CALYPSOIFI,Repo,,2026-06-03
98488558,,2026-07-15,2026-01-16,2026-10-24,TDBK,DEUTSCHE BANK A.G.,2026-07-01,Repo,B857,2026-08-16,REPO,FIN,CALYPSOIFI,Repo,,2026-06-10
92603666,,2025-09-27,2026-05-09,2026-04-26,TDBK,BANCO HABITAT,2026-07-01,Repo,B934,2026-07-22,REPO,FIN,CALYPSOIFI,Repo,,2026-07-01
96922836,,2026-03-10,2026-01-27,2026-08-05,TDBK,WELLINGTON GLOBAL EQUITY FUND 28R5,2026-07-01,Repo,B374,2026-05-25,REPO,FIN,CALYPSOIFI,Repo,,2026-06-24
93809538,,2025-03-07,2026-09-24,2026-11-09,TDBK,BIMCOR INC,2026-07-01,Repo,B372,2026-09-10,REPO,FIN,CALYPSOIFI,Rev_Repo,,2026-06-24
97731033,,2026-11-04,2026-05-07,2026-07-12,TDBK,BANCO HABITAT,2026-07-01,Repo,B944,2026-03-23,REPO,FIN,CALYPSOIFI,Repo,,2026-06-24
98126085,,2025-09-11,2026-11-05,2026-01-22,TDBK,SWISS LIFE AG,2026-07-01,Repo,B506,2026-03-19,REPO,FIN,CALYPSOIFI,Repo,,2026-06-17
96908551,,2025-06-08,2026-04-07,2026-08-05,TDBK,MORGAN STANLEY INTL,2026-07-01,Repo,B994,2026-06-12,REPO,FIN,CALYPSOIFI,Rev_Repo,,2026-06-03
91674216,,2026-03-22,2026-11-12,,TDBK,BIMCOR INC,2026-07-01,Repo,B308,2026-07-22,REPO,FIN,CALYPSOIFI,Rev_Repo,,2026-06-03
93023007,,2026-08-28,2026-12-16,2026-12-24,TDBK,WELLINGTON GLOBAL EQUITY FUND 28R5,2026-07-01,Repo,B709,2026-05-28,REPO,FIN,CALYPSOIFI,Repo,,2026-06-17
99961419,,2025-01-13,2026-08-28,2026-07-28,TDBK,,2026-07-01,Repo,B454,2026-08-26,REPO,FIN,CALYPSOIFI,Repo,,2026-06-17
97596610,,2025-01-23,2026-09-25,2026-10-08,TDBK,WELLINGTON GLOBAL EQUITY FUND 28R5,2026-07-01,Repo,B198,2026-09-05,REPO,FIN,CALYPSOIFI,Rev_Repo,,2026-06-03
93773224,,2026-07-22,2026-04-26,2026-06-25,TDBK,WELLINGTON GLOBAL EQUITY FUND 28R5,2026-07-01,Repo,B931,2026-11-15,REPO,FIN,CALYPSOIFI,Rev_Repo,,2026-07-01
95003724,,2026-02-12,2026-09-19,2026-03-13,TDBK,DEUTSCHE BANK A.G.,2026-07-01,Repo,B334,2026-08-25,,,CALYPSOIFI,Repo,,2026-06-03
96029908,,2025-08-05,2026-05-06,2026-08-12,TDBK,CENTRAL 1 CREDIT UNION,2026-07-01,Repo,B348,2026-07-06,REPO,FIN,CALYPSOIFI,Rev_Repo,,2026-06-17
91738343,,2026-08-22,2026-07-22,2026-07-11,TDBK,SWISS LIFE AG,2026-07-01,Repo,B421,2026-08-26,,FIN,CALYPSOIFI,Rev_Repo,,2026-06-24
91995690,,2025-03-16,2026-02-12,2026-11-10,TDBK,SWISS LIFE AG,2026-07-01,Repo,B632,2026-08-13,REPO,FIN,CALYPSOIFI,Rev_Repo,,2026-06-10
97495821,,2025-07-16,2026-02-24,2026-01-04,TDBK,DEUTSCHE BANK A.G.,2026-07-01,Repo,B518,2026-02-22,REPO,FIN,CALYPSOIFI,Rev_Repo,,2026-07-01
92433335,,2026-01-20,2026-10-22,2026-08-24,TDBK,BIMCOR INC,2026-07-01,Repo,B664,2026-11-26,REPO,FIN,CALYPSOIFI,Repo,,2026-06-24
91512041,,2026-10-13,2026-02-28,2026-10-03,TDBK,BANCO HABITAT,2026-07-01,Repo,B805,2026-03-05,REPO,FIN,CALYPSOIFI,Rev_Repo,,2026-06-24
92542417,,2025-03-20,2026-11-05,2026-12-18,TDBK,,2026-07-01,Repo,B984,2026-02-07,REPO,FIN,CALYPSOIFI,Rev_Repo,,2026-07-01
93634442,,2026-04-28,2026-09-03,2026-12-21,TDBK,INVESTEC BANK LIMITED,2026-07-01,Repo,B785,2026-08-03,REPO,FIN,CALYPSOIFI,Repo,,2026-06-17
92760818,,2026-10-22,2026-11-07,2026-08-16,TDBK,BANCO HABITAT,2026-07-01,Repo,B965,2026-06-14,REPO,FIN,CALYPSOIFI,Rev_Repo,,2026-06-10
92801903,,2026-08-03,2026-08-07,2026-02-11,TDBK,INVESTEC BANK LIMITED,2026-07-01,Repo,B593,2026-02-16,REPO,FIN,CALYPSOIFI,Rev_Repo,,2026-06-24
95987462,,2026-11-28,2026-04-20,2026-04-27,TDBK,INVESTEC BANK LIMITED,2026-07-01,,B594,2026-06-05,,FIN,CALYPSOIFI,Repo,,2026-06-10
99216003,,2026-08-07,2026-12-14,2026-04-04,TDBK,CENTRAL 1 CREDIT UNION,2026-07-01,Repo,B127,2026-01-25,REPO,FIN,CALYPSOIFI,Repo,,2026-07-01
94614088,,2026-12-26,2026-10-16,,TDBK,CENTRAL 1 CREDIT UNION,2026-07-01,Repo,B559,2026-11-07,REPO,FIN,CALYPSOIFI,Rev_Repo,,2026-06-17
97788265,,2026-01-07,2026-12-16,2026-12-24,TDBK,WELLINGTON GLOBAL EQUITY FUND 28R5,2026-07-01,Repo,B712,2026-02-02,REPO,FIN,CALYPSOIFI,Rev_Repo,,2026-06-17
91238157,,2025-05-20,2026-05-09,2026-12-24,TDBK,INVESTEC BANK LIMITED,2026-07-01,Repo,B187,2026-11-07,REPO,FIN,CALYPSOIFI,Rev_Repo,,2026-06-03
92870476,,2025-03-16,2026-06-16,2026-07-23,TDBK,INVESTEC BANK LIMITED,2026-07-01,Repo,B117,2026-05-11,REPO,FIN,CALYPSOIFI,Rev_Repo,,2026-06-17
94309105,,2026-02-07,2026-11-03,2026-07-24,TDBK,SWISS LIFE AG,2026-07-01,Repo,B962,2026-10-06,REPO,FIN,CALYPSOIFI,Rev_Repo,,2026-06-24
91072176,,2025-03-13,2026-07-08,2026-11-06,TDBK,CITIBANK NA,2026-07-01,Repo,B168,2026-05-25,REPO,FIN,CALYPSOIFI,Rev_Repo,,2026-06-03
96552725,,2026-08-17,2026-04-14,2026-01-08,TDBK,DEUTSCHE BANK A.G.,2026-07-01,Repo,B238,2026-02-27,REPO,FIN,CALYPSOIFI,Repo,,2026-06-03
91831514,,2025-02-16,2026-09-24,2026-12-08,TDBK,SWISS LIFE AG,2026-07-01,Repo,B592,2026-07-19,REPO,FIN,CALYPSOIFI,Repo,,2026-06-03
98866173,,2026-08-14,2026-12-04,2026-09-16,TDBK,MORGAN STANLEY INTL,2026-07-01,Repo,B164,2026-07-27,REPO,FIN,CALYPSOIFI,Repo,,2026-06-24
91142586,,2026-01-14,2026-09-27,2026-11-09,TDBK,INVESTEC BANK LIMITED,2026-07-01,Repo,B109,2026-01-27,REPO,FIN,CALYPSOIFI,Repo,,2026-06-24
97732037,,2025-06-13,2026-12-21,2026-06-19,TDBK,BANK OF NOVA SCOTIA,2026-07-01,Repo,B707,2026-07-09,REPO,FIN,CALYPSOIFI,Rev_Repo,,2026-06-17
96085862,,2026-09-23,2026-05-24,2026-12-08,TDBK,BIMCOR INC,2026-07-01,Repo,B399,2026-03-14,REPO,FIN,CALYPSOIFI,Rev_Repo,,2026-06-10
94285152,,2025-09-14,2026-09-18,,TDBK,DEUTSCHE BANK A.G.,2026-07-01,,B885,2026-10-14,REPO,FIN,CALYPSOIFI,Rev_Repo,,2026-06-03
91043274,,2025-03-26,2026-05-23,2026-01-03,TDBK,INVESTEC BANK LIMITED,2026-07-01,Repo,B486,2026-09-23,REPO,FIN,CALYPSOIFI,Rev_Repo,,2026-06-17
99697298,,2025-08-28,2026-10-10,2026-06-09,TDBK,BIMCOR INC,2026-07-01,Repo,B649,2026-10-11,REPO,FIN,CALYPSOIFI,Rev_Repo,,2026-06-24
90861373,,2026-11-28,2026-02-08,2026-07-25,TDBK,WELLINGTON GLOBAL EQUITY FUND 28R5,2026-07-01,Repo,B662,2026-08-03,REPO,FIN,CALYPSOIFI,Repo,,2026-06-24
96467272,,2026-11-10,2026-02-14,2026-09-17,TDBK,BIMCOR INC,2026-07-01,Repo,B624,2026-04-22,REPO,FIN,CALYPSOIFI,Rev_Repo,,2026-06-03
91618911,,2025-11-14,2026-08-11,2026-05-19,TDBK,DEUTSCHE BANK A.G.,2026-07-01,Repo,B199,2026-04-23,REPO,FIN,CALYPSOIFI,Repo,,2026-06-03
99401722,,2026-05-17,2026-02-14,2026-12-07,TDBK,SWISS LIFE AG,2026-07-01,Repo,B734,2026-03-07,REPO,FIN,CALYPSOIFI,Repo,,2026-07-01
99561903,,2025-09-11,2026-05-02,2026-08-11,TDBK,INVESTEC BANK LIMITED,2026-07-01,Repo,B413,2026-04-18,REPO,FIN,CALYPSOIFI,Rev_Repo,,2026-06-17
90894054,,2026-09-13,2026-07-09,2026-11-02,TDBK,SWISS LIFE AG,2026-07-01,Repo,B240,2026-05-22,REPO,FIN,CALYPSOIFI,Repo,,2026-06-10
97590330,,2026-05-12,2026-01-14,2026-11-12,TDBK,SWISS LIFE AG,2026-07-01,,B104,2026-04-16,REPO,FIN,CALYPSOIFI,Repo,,2026-06-10
92785508,,2025-02-19,2026-09-02,2026-06-12,TDBK,CENTRAL 1 CREDIT UNION,2026-07-01,Repo,B453,2026-03-16,REPO,FIN,CALYPSOIFI,Rev_Repo,,2026-07-01
96413118,,2025-01-08,2026-04-06,2026-04-25,TDBK,BANK OF NOVA SCOTIA,2026-07-01,,B310,2026-05-19,REPO,FIN,CALYPSOIFI,Rev_Repo,,2026-06-10
95837577,,2026-09-10,2026-04-04,2026-01-09,TDBK,CITIBANK NA,2026-07-01,Repo,B375,2026-02-04,REPO,FIN,CALYPSOIFI,Rev_Repo,,2026-06-10
94888097,,2026-10-13,2026-09-16,,TDBK,CITIBANK NA,2026-07-01,Repo,B794,2026-09-15,REPO,FIN,CALYPSOIFI,Repo,,2026-06-10
99052784,,2026-07-07,2026-03-15,2026-04-10,TDBK,WELLINGTON GLOBAL EQUITY FUND 28R5,2026-07-01,Repo,B182,2026-11-02,REPO,FIN,CALYPSOIFI,Repo,,2026-06-24
90419165,,2026-09-02,2026-07-18,2026-07-11,TDBK,INVESTEC BANK LIMITED,2026-07-01,,B404,2026-08-09,REPO,FIN,CALYPSOIFI,Repo,,2026-07-01
90748999,,2026-03-04,2026-11-06,2026-04-10,TDBK,BANK OF NOVA SCOTIA,2026-07-01,Repo,B490,2026-11-27,REPO,FIN,CALYPSOIFI,Rev_Repo,,2026-06-24
92175429,,2026-11-26,2026-04-07,2026-12-17,TDBK,CITIBANK NA,2026-07-01,Repo,B793,2026-12-24,REPO,FIN,CALYPSOIFI,Rev_Repo,,2026-06-10
93561229,,2025-09-28,2026-11-12,2026-10-08,TDBK,BANCO HABITAT,2026-07-01,Repo,B310,2026-03-28,REPO,FIN,CALYPSOIFI,Repo,,2026-06-10
90419384,,2025-09-03,2026-05-08,2026-02-23,TDBK,INVESTEC BANK LIMITED,2026-07-01,Repo,B507,2026-01-18,REPO,FIN,CALYPSOIFI,Rev_Repo,,2026-06-17
92488944,,2026-08-21,2026-08-15,2026-07-26,TDBK,BANCO HABITAT,2026-07-01,Repo,B555,2026-09-16,REPO,FIN,CALYPSOIFI,Repo,,2026-06-03
95304288,,2025-09-07,2026-06-08,2026-02-21,TDBK,BIMCOR INC,2026-07-01,,B554,2026-05-05,REPO,FIN,CALYPSOIFI,Rev_Repo,,2026-06-03
97534040,,2026-01-04,2026-08-25,2026-01-21,TDBK,DEUTSCHE BANK A.G.,2026-07-01,Repo,B748,2026-06-11,REPO,FIN,CALYPSOIFI,Rev_Repo,,2026-07-01
97292031,,2026-12-13,2026-11-01,2026-08-09,TDBK,WELLINGTON GLOBAL EQUITY FUND 28R5,2026-07-01,Repo,B326,2026-01-26,REPO,FIN,CALYPSOIFI,Rev_Repo,,2026-06-10
98357455,,2025-04-17,2026-02-19,2026-12-06,TDBK,BIMCOR INC,2026-07-01,Repo,B276,2026-04-21,,FIN,CALYPSOIFI,Repo,,2026-06-03
93080538,,2026-03-01,2026-11-14,2026-02-15,TDBK,BIMCOR INC,2026-07-01,Repo,B213,2026-01-17,REPO,FIN,CALYPSOIFI,Repo,,2026-07-01
97902662,,2026-01-01,2026-12-25,2026-09-06,TDBK,CITIBANK NA,2026-07-01,Repo,B210,2026-01-26,REPO,FIN,CALYPSOIFI,Repo,,2026-06-03
94001736,,2026-08-01,2026-08-20,2026-06-20,TDBK,CITIBANK NA,2026-07-01,Repo,B712,2026-02-04,REPO,FIN,CALYPSOIFI,Repo,,2026-06-10
93844772,,2025-08-18,2026-03-07,2026-03-10,TDBK,DEUTSCHE BANK A.G.,2026-07-01,Repo,B905,2026-12-20,REPO,FIN,CALYPSOIFI,Repo,,2026-06-17
94844770,,2025-03-14,2026-01-18,2026-06-18,TDBK,BANK OF NOVA SCOTIA,2026-07-01,,B428,2026-08-21,REPO,FIN,CALYPSOIFI,Rev_Repo,,2026-06-10
95436444,,2025-08-27,2026-10-24,2026-11-20,TDBK,DEUTSCHE BANK A.G.,2026-07-01,Repo,B845,2026-08-08,REPO,FIN,CALYPSOIFI,Repo,,2026-06-10
95019103,,2025-04-15,2026-12-02,2026-07-09,TDBK,MORGAN STANLEY INTL,2026-07-01,Repo,B831,2026-09-07,,FIN,CALYPSOIFI,Repo,,2026-06-10
93265570,,2025-05-21,2026-06-07,2026-11-22,TDBK,WELLINGTON GLOBAL EQUITY FUND 28R5,2026-07-01,Repo,B919,2026-07-13,REPO,FIN,CALYPSOIFI,Repo,,2026-06-10
91380368,,2025-10-12,2026-07-15,2026-02-28,TDBK,BANCO HABITAT,2026-07-01,Repo,B311,2026-06-06,REPO,FIN,CALYPSOIFI,Repo,,2026-07-01
95181071,,2026-05-26,2026-01-22,2026-02-06,TDBK,INVESTEC BANK LIMITED,2026-07-01,Repo,B966,2026-10-19,REPO,FIN,CALYPSOIFI,Repo,,2026-06-24
99588434,,2025-10-24,2026-05-26,2026-01-28,TDBK,MORGAN STANLEY INTL,2026-07-01,Repo,B384,2026-01-14,REPO,FIN,CALYPSOIFI,Rev_Repo,,2026-06-17
96127108,,2025-01-04,2026-04-12,2026-02-05,TDBK,CENTRAL 1 CREDIT UNION,2026-07-01,Repo,B490,2026-02-10,REPO,FIN,CALYPSOIFI,Repo,,2026-06-10
91163553,,2026-03-26,2026-11-19,2026-07-15,TDBK,INVESTEC BANK LIMITED,2026-07-01,Repo,B249,2026-05-02,REPO,FIN,CALYPSOIFI,Repo,,2026-06-10
93019119,,2026-11-09,2026-04-25,2026-05-07,TDBK,,2026-07-01,Repo,B135,2026-12-07,REPO,FIN,CALYPSOIFI,Repo,,2026-06-24
93316370,,2025-12-20,2026-03-04,2026-12-09,TDBK,WELLINGTON GLOBAL EQUITY FUND 28R5,2026-07-01,Repo,B534,2026-04-21,REPO,FIN,CALYPSOIFI,Rev_Repo,,2026-06-24
93283071,,2026-04-15,2026-01-25,2026-05-16,TDBK,SWISS LIFE AG,2026-07-01,Repo,B334,2026-04-13,REPO,FIN,CALYPSOIFI,Repo,,2026-06-10
98237514,,2025-01-24,2026-06-15,,TDBK,WELLINGTON GLOBAL EQUITY FUND 28R5,2026-07-01,Repo,B345,2026-11-03,REPO,FIN,CALYPSOIFI,Repo,,2026-06-03
92138191,,2026-09-07,2026-02-17,2026-04-17,TDBK,CENTRAL 1 CREDIT UNION,2026-07-01,Repo,B860,2026-05-19,REPO,FIN,CALYPSOIFI,Rev_Repo,,2026-06-24
96662068,,2025-03-02,2026-11-24,2026-05-24,TDBK,CENTRAL 1 CREDIT UNION,2026-07-01,,B994,2026-02-08,REPO,FIN,CALYPSOIFI,Repo,,2026-06-10
90229873,,2026-12-24,2026-05-22,2026-02-01,TDBK,BIMCOR INC,2026-07-01,Repo,B610,2026-10-02,REPO,FIN,CALYPSOIFI,Rev_Repo,,2026-06-24
91940391,,2025-01-14,2026-06-01,2026-12-02,TDBK,,2026-07-01,Repo,B968,2026-07-22,REPO,FIN,CALYPSOIFI,Repo,,2026-06-17
91700291,,2025-02-23,2026-10-23,2026-02-28,TDBK,CENTRAL 1 CREDIT UNION,2026-07-01,Repo,B573,2026-06-11,,FIN,CALYPSOIFI,Rev_Repo,,2026-06-24
93092723,,2025-02-22,2026-02-03,2026-10-24,TDBK,CITIBANK NA,2026-07-01,Repo,B822,2026-04-14,,FIN,CALYPSOIFI,Repo,,2026-06-10
94471265,,2025-07-05,2026-06-22,2026-03-04,TDBK,CENTRAL 1 CREDIT UNION,2026-07-01,Repo,B317,2026-04-21,REPO,FIN,CALYPSOIFI,Rev_Repo,,2026-06-03
99764731,,2025-08-17,2026-06-05,2026-03-02,TDBK,SWISS LIFE AG,2026-07-01,,B284,2026-02-08,REPO,FIN,CALYPSOIFI,Rev_Repo,,2026-06-24
97737558,,2026-05-10,2026-12-02,2026-08-21,TDBK,CENTRAL 1 CREDIT UNION,2026-07-01,Repo,B340,2026-11-01,REPO,FIN,CALYPSOIFI,Rev_Repo,,2026-06-03
99087521,,2026-05-04,2026-05-10,2026-06-14,TDBK,BANCO HABITAT,2026-07-01,Repo,B744,2026-12-28,REPO,FIN,CALYPSOIFI,Repo,,2026-06-10
94250493,,2025-05-11,2026-08-26,2026-12-08,TDBK,,2026-07-01,Repo,B667,2026-04-26,REPO,FIN,CALYPSOIFI,Rev_Repo,,2026-07-01
95864785,,2026-11-27,2026-03-10,2026-09-20,TDBK,CITIBANK NA,2026-07-01,Repo,B538,2026-05-11,REPO,FIN,CALYPSOIFI,Rev_Repo,,2026-06-03
95956929,,2026-07-27,2026-03-01,2026-03-16,TDBK,BANCO HABITAT,2026-07-01,,B372,2026-02-06,REPO,FIN,CALYPSOIFI,Repo,,2026-06-10
92884396,,2026-09-09,2026-05-03,2026-10-23,TDBK,DEUTSCHE BANK A.G.,2026-07-01,Repo,B897,2026-06-25,REPO,FIN,CALYPSOIFI,Rev_Repo,,2026-07-01
96291338,,2025-01-09,2026-04-22,2026-03-27,TDBK,INVESTEC BANK LIMITED,2026-07-01,Repo,B377,2026-07-15,REPO,FIN,CALYPSOIFI,Rev_Repo,,2026-06-10
96435509,,2025-05-18,2026-01-10,2026-04-01,TDBK,DEUTSCHE BANK A.G.,2026-07-01,Repo,B440,2026-04-19,REPO,FIN,CALYPSOIFI,Rev_Repo,,2026-06-10
98529728,,2026-11-03,2026-10-08,2026-08-02,TDBK,BIMCOR INC,2026-07-01,Repo,B533,2026-08-13,,FIN,CALYPSOIFI,Repo,,2026-07-01
92435339,,2026-08-21,2026-03-16,2026-05-26,TDBK,CENTRAL 1 CREDIT UNION,2026-07-01,Repo,B128,2026-10-20,REPO,FIN,CALYPSOIFI,Repo,,2026-07-01
92422074,,2025-01-11,2026-06-15,2026-09-02,TDBK,WELLINGTON GLOBAL EQUITY FUND 28R5,2026-07-01,Repo,B921,2026-07-26,REPO,,CALYPSOIFI,Repo,,2026-06-17
99879199,,2025-02-26,2026-03-04,2026-08-09,TDBK,,2026-07-01,Repo,B550,2026-01-06,REPO,FIN,CALYPSOIFI,Rev_Repo,,2026-07-01
92174521,,2026-03-22,2026-12-19,2026-03-21,TDBK,CITIBANK NA,2026-07-01,Repo,B598,2026-01-07,REPO,FIN,CALYPSOIFI,Repo,,2026-06-03
92165475,,2026-01-01,2026-04-09,2026-01-09,TDBK,CENTRAL 1 CREDIT UNION,2026-07-01,Repo,B620,2026-09-03,REPO,FIN,CALYPSOIFI,Repo,,2026-06-03
99815944,,2026-08-19,2026-04-12,2026-05-18,TDBK,SWISS LIFE AG,2026-07-01,Repo,B726,2026-12-28,REPO,FIN,CALYPSOIFI,Rev_Repo,,2026-06-03
91987335,,2025-06-25,2026-09-08,2026-08-21,TDBK,SWISS LIFE AG,2026-07-01,Repo,B709,2026-12-01,REPO,FIN,CALYPSOIFI,Rev_Repo,,2026-07-01
98822400,,2025-09-09,2026-10-22,2026-08-23,TDBK,BANK OF NOVA SCOTIA,2026-07-01,Repo,B170,2026-03-21,REPO,FIN,CALYPSOIFI,Repo,,2026-06-17
91456986,,2026-08-14,2026-03-22,2026-09-01,TDBK,WELLINGTON GLOBAL EQUITY FUND 28R5,2026-07-01,Repo,B396,2026-05-28,REPO,FIN,CALYPSOIFI,Repo,,2026-06-10
94274421,,2026-07-24,2026-12-21,2026-10-27,TDBK,WELLINGTON GLOBAL EQUITY FUND 28R5,2026-07-01,Repo,B213,2026-11-07,REPO,FIN,CALYPSOIFI,Repo,,2026-06-17
94083794,,2025-01-15,2026-12-20,2026-11-21,TDBK,BIMCOR INC,2026-07-01,Repo,B613,2026-02-24,REPO,FIN,CALYPSOIFI,Rev_Repo,,2026-06-03
93657857,,2025-03-17,2026-01-17,2026-10-23,TDBK,CENTRAL 1 CREDIT UNION,2026-07-01,Repo,B247,2026-03-11,REPO,FIN,CALYPSOIFI,Rev_Repo,,2026-07-01
98430094,,2026-08-09,2026-01-03,2026-06-07,TDBK,INVESTEC BANK LIMITED,2026-07-01,Repo,B705,2026-01-07,,FIN,CALYPSOIFI,Repo,,2026-07-01
95874629,,2025-03-05,2026-07-23,2026-01-19,TDBK,WELLINGTON GLOBAL EQUITY FUND 28R5,2026-07-01,Repo,B910,2026-06-24,REPO,FIN,CALYPSOIFI,Rev_Repo,,2026-06-24
92302250,,2026-05-12,2026-04-18,2026-03-28,TDBK,DEUTSCHE BANK A.G.,2026-07-01,Repo,B254,2026-02-02,REPO,FIN,CALYPSOIFI,Rev_Repo,,2026-07-01
96415083,,2026-07-23,2026-11-27,2026-02-25,TDBK,BANK OF NOVA SCOTIA,2026-07-01,Repo,B589,2026-02-13,REPO,FIN,CALYPSOIFI,Repo,,2026-06-24
97258862,,2025-03-26,2026-06-21,2026-10-04,TDBK,INVESTEC BANK LIMITED,2026-07-01,Repo,B651,2026-07-15,REPO,FIN,CALYPSOIFI,Repo,,2026-07-01
98258981,,2026-10-09,2026-10-10,2026-06-28,TDBK,WELLINGTON GLOBAL EQUITY FUND 28R5,2026-07-01,Repo,B930,2026-02-22,REPO,FIN,CALYPSOIFI,Repo,,2026-07-01
96070708,,2025-05-13,2026-11-12,,TDBK,MORGAN STANLEY INTL,2026-07-01,Repo,B449,2026-02-13,REPO,FIN,CALYPSOIFI,Repo,,2026-07-01
97028078,,2025-06-25,2026-11-16,2026-06-08,TDBK,CENTRAL 1 CREDIT UNION,2026-07-01,Repo,B487,2026-01-01,,FIN,CALYPSOIFI,Rev_Repo,,2026-06-24
95677865,,2026-06-15,2026-08-22,2026-05-03,TDBK,BANCO HABITAT,2026-07-01,Repo,B319,2026-01-22,REPO,,CALYPSOIFI,Rev_Repo,,2026-06-03
98815382,,2026-08-06,2026-04-11,2026-09-09,TDBK,,2026-07-01,Repo,B912,2026-08-03,REPO,FIN,CALYPSOIFI,Rev_Repo,,2026-06-03
93156335,,2025-07-21,2026-02-08,,TDBK,CITIBANK NA,2026-07-01,Repo,B399,2026-12-09,REPO,FIN,CALYPSOIFI,Rev_Repo,,2026-06-24
91967405,,2025-11-02,2026-09-14,2026-07-24,TDBK,BIMCOR INC,2026-07-01,Repo,B124,2026-10-14,REPO,FIN,CALYPSOIFI,Repo,,2026-06-17
99522546,,2026-11-17,2026-02-04,2026-11-28,TDBK,CITIBANK NA,2026-07-01,Repo,B591,2026-03-28,REPO,FIN,CALYPSOIFI,Rev_Repo,,2026-06-17
94553683,,2026-02-28,2026-12-23,2026-07-19,TDBK,MORGAN STANLEY INTL,2026-07-01,Repo,B970,2026-01-26,,FIN,CALYPSOIFI,Rev_Repo,,2026-06-24
93601846,,2025-05-24,2026-10-13,2026-08-28,TDBK,BIMCOR INC,2026-07-01,Repo,B485,2026-11-13,REPO,FIN,CALYPSOIFI,Repo,,2026-06-10
98669006,,2025-06-11,2026-10-10,2026-04-22,TDBK,BANCO HABITAT,2026-07-01,Repo,B439,2026-01-12,REPO,FIN,CALYPSOIFI,Repo,,2026-06-17
90461307,,2026-08-11,2026-12-12,2026-10-18,TDBK,SWISS LIFE AG,2026-07-01,Repo,B905,2026-07-15,REPO,FIN,CALYPSOIFI,Rev_Repo,,2026-07-01
94900359,,2026-09-07,2026-09-03,2026-12-10,TDBK,BANK OF NOVA SCOTIA,2026-07-01,Repo,B281,2026-07-18,REPO,FIN,CALYPSOIFI,Rev_Repo,,2026-06-03
91225623,,2025-04-19,2026-10-13,2026-09-10,TDBK,BANCO HABITAT,2026-07-01,Repo,B718,2026-03-03,REPO,FIN,CALYPSOIFI,Repo,,2026-06-10
92940356,,2025-05-09,2026-08-03,2026-05-21,TDBK,DEUTSCHE BANK A.G.,2026-07-01,Repo,B292,2026-11-21,REPO,,CALYPSOIFI,Rev_Repo,,2026-07-01
99776582,,2025-04-11,2026-07-25,2026-11-03,TDBK,,2026-07-01,Repo,B166,2026-10-02,REPO,FIN,CALYPSOIFI,Rev_Repo,,2026-06-17
90242050,,2025-07-28,2026-05-26,2026-07-06,TDBK,CITIBANK NA,2026-07-01,Repo,B390,2026-01-05,REPO,FIN,CALYPSOIFI,Repo,,2026-06-17
98903741,,2025-10-14,2026-12-09,2026-04-22,TDBK,BIMCOR INC,2026-07-01,Repo,B585,2026-08-24,REPO,FIN,CALYPSOIFI,Repo,,2026-06-03
99901214,,2025-09-05,2026-07-27,2026-06-02,TDBK,BIMCOR INC,2026-07-01,,B249,2026-08-08,REPO,FIN,CALYPSOIFI,Rev_Repo,,2026-06-03
90154824,,2026-01-26,2026-05-17,,TDBK,BIMCOR INC,2026-07-01,Repo,B271,2026-01-08,REPO,FIN,CALYPSOIFI,Repo,,2026-07-01
99616871,,2025-09-01,2026-03-22,2026-05-23,TDBK,WELLINGTON GLOBAL EQUITY FUND 28R5,2026-07-01,Repo,B192,2026-06-15,REPO,FIN,CALYPSOIFI,Rev_Repo,,2026-06-10
95863555,,2025-02-20,2026-01-12,2026-07-09,TDBK,MORGAN STANLEY INTL,2026-07-01,Repo,B151,2026-09-01,REPO,FIN,CALYPSOIFI,Repo,,2026-07-01
93166114,,2026-07-17,2026-05-11,2026-03-14,TDBK,MORGAN STANLEY INTL,2026-07-01,Repo,B798,2026-09-19,REPO,FIN,CALYPSOIFI,Repo,,2026-06-03
94842670,,2025-05-03,2026-09-16,2026-07-23,TDBK,MORGAN STANLEY INTL,2026-07-01,Repo,B575,2026-11-27,REPO,FIN,CALYPSOIFI,Repo,,2026-07-01
96483929,,2026-09-13,2026-09-08,2026-10-08,TDBK,SWISS LIFE AG,2026-07-01,Repo,B954,2026-02-21,REPO,FIN,CALYPSOIFI,Rev_Repo,,2026-06-03
90077337,,2025-01-02,2026-07-16,2026-09-23,TDBK,WELLINGTON GLOBAL EQUITY FUND 28R5,2026-07-01,Repo,B694,2026-06-13,REPO,FIN,CALYPSOIFI,Rev_Repo,,2026-06-03
99178709,,2025-04-28,2026-02-13,2026-08-02,TDBK,CENTRAL 1 CREDIT UNION,2026-07-01,,B290,2026-08-03,REPO,FIN,CALYPSOIFI,Rev_Repo,,2026-07-01
98794273,,2025-01-08,2026-10-03,2026-10-12,TDBK,BIMCOR INC,2026-07-01,Repo,B127,2026-02-04,REPO,FIN,CALYPSOIFI,Rev_Repo,,2026-06-10
91719442,,2026-10-09,2026-01-23,2026-05-26,TDBK,INVESTEC BANK LIMITED,2026-07-01,Repo,B974,2026-02-12,REPO,FIN,CALYPSOIFI,Rev_Repo,,2026-06-24
96668899,,2026-12-13,2026-02-14,2026-08-07,TDBK,,2026-07-01,Repo,B860,2026-05-11,,,CALYPSOIFI,Repo,,2026-07-01
95978155,,2025-01-22,2026-10-04,2026-09-13,TDBK,WELLINGTON GLOBAL EQUITY FUND 28R5,2026-07-01,Repo,B869,2026-09-14,,FIN,CALYPSOIFI,Rev_Repo,,2026-06-10
94105590,,2026-01-18,2026-02-18,2026-06-23,TDBK,BIMCOR INC,2026-07-01,Repo,B383,2026-10-03,REPO,,CALYPSOIFI,Rev_Repo,,2026-06-24
94170852,,2026-10-16,2026-04-11,2026-08-17,TDBK,BANK OF NOVA SCOTIA,2026-07-01,,B684,2026-12-06,REPO,FIN,CALYPSOIFI,Rev_Repo,,2026-07-01
96181962,,2026-06-22,2026-02-16,2026-01-28,TDBK,WELLINGTON GLOBAL EQUITY FUND 28R5,2026-07-01,,B685,2026-09-01,REPO,FIN,CALYPSOIFI,Rev_Repo,,2026-06-24
92381821,,2025-11-22,2026-07-09,2026-05-23,TDBK,CENTRAL 1 CREDIT UNION,2026-07-01,Repo,B178,2026-12-03,REPO,FIN,CALYPSOIFI,Repo,,2026-07-01
96957889,,2026-05-01,2026-12-02,2026-09-26,TDBK,BIMCOR INC,2026-07-01,Repo,B560,2026-01-04,REPO,FIN,CALYPSOIFI,Rev_Repo,,2026-07-01
92566299,,2026-04-10,2026-07-21,2026-11-15,TDBK,CITIBANK NA,2026-07-01,Repo,B931,2026-08-21,REPO,FIN,CALYPSOIFI,Repo,,2026-06-10
96019909,,2026-11-17,2026-04-21,2026-04-17,TDBK,MORGAN STANLEY INTL,2026-07-01,Repo,B698,2026-08-28,REPO,,CALYPSOIFI,Repo,,2026-06-10
93615360,,2026-12-09,2026-03-20,2026-08-03,TDBK,DEUTSCHE BANK A.G.,2026-07-01,Repo,B710,2026-10-27,REPO,FIN,CALYPSOIFI,Repo,,2026-06-10
92041445,,2026-03-02,2026-11-08,2026-10-15,TDBK,CENTRAL 1 CREDIT UNION,2026-07-01,Repo,B334,2026-01-17,REPO,FIN,CALYPSOIFI,Repo,,2026-06-03
98054032,,2026-05-25,2026-04-22,2026-11-20,TDBK,SWISS LIFE AG,2026-07-01,Repo,B740,2026-09-20,REPO,FIN,CALYPSOIFI,Rev_Repo,,2026-06-17
95120138,,2025-11-24,2026-01-13,2026-05-17,TDBK,BANCO HABITAT,2026-07-01,Repo,B758,2026-01-14,REPO,FIN,CALYPSOIFI,Repo,,2026-06-10
93722390,,2025-10-23,2026-08-04,2026-09-24,TDBK,BIMCOR INC,2026-07-01,Repo,B789,2026-05-18,REPO,FIN,CALYPSOIFI,Repo,,2026-06-10
96228243,,2026-08-03,2026-05-07,2026-11-15,TDBK,SWISS LIFE AG,2026-07-01,Repo,B796,2026-03-22,REPO,FIN,CALYPSOIFI,Rev_Repo,,2026-06-03
90241412,,2025-12-05,2026-04-25,2026-11-25,TDBK,BIMCOR INC,2026-07-01,Repo,B230,2026-03-22,REPO,FIN,CALYPSOIFI,Rev_Repo,,2026-06-24
97587021,,2026-02-17,2026-07-26,2026-01-11,TDBK,BANCO HABITAT,2026-07-01,Repo,B425,2026-08-10,REPO,FIN,CALYPSOIFI,Repo,,2026-06-03
99538446,,2025-08-24,2026-12-20,2026-11-21,TDBK,BIMCOR INC,2026-07-01,Repo,B104,2026-07-19,,FIN,CALYPSOIFI,Rev_Repo,,2026-06-17
94270023,,2026-07-28,2026-07-26,2026-12-17,TDBK,SWISS LIFE AG,2026-07-01,Repo,B729,2026-06-28,REPO,FIN,CALYPSOIFI,Repo,,2026-06-24
99359801,,2025-06-06,2026-11-06,2026-05-19,TDBK,INVESTEC BANK LIMITED,2026-07-01,Repo,B440,2026-05-09,REPO,FIN,CALYPSOIFI,Repo,,2026-06-03
90177604,,2026-08-17,2026-08-21,2026-01-07,TDBK,BANK OF NOVA SCOTIA,2026-07-01,Repo,B404,2026-03-24,REPO,FIN,CALYPSOIFI,Repo,,2026-06-10
91215887,,2025-09-03,2026-12-17,2026-11-04,TDBK,WELLINGTON GLOBAL EQUITY FUND 28R5,2026-07-01,Repo,B633,2026-08-27,,FIN,CALYPSOIFI,Repo,,2026-06-10
97409912,,2026-09-24,2026-02-17,2026-09-14,TDBK,BANCO HABITAT,2026-07-01,Repo,B663,2026-06-07,REPO,FIN,CALYPSOIFI,Rev_Repo,,2026-06-24
94785669,,2026-10-07,2026-06-13,2026-06-02,TDBK,BIMCOR INC,2026-07-01,Repo,B401,2026-11-17,,FIN,CALYPSOIFI,Repo,,2026-06-03
95140869,,2025-09-17,2026-03-08,2026-09-17,TDBK,BIMCOR INC,2026-07-01,Repo,B448,2026-02-14,REPO,FIN,CALYPSOIFI,Rev_Repo,,2026-06-17
90694704,,2025-08-05,2026-09-10,2026-08-04,TDBK,BANK OF NOVA SCOTIA,2026-07-01,Repo,B635,2026-08-12,REPO,FIN,CALYPSOIFI,Repo,,2026-06-17
95335749,,2026-10-15,2026-08-17,2026-02-07,TDBK,MORGAN STANLEY INTL,2026-07-01,Repo,B626,2026-12-08,REPO,FIN,CALYPSOIFI,Repo,,2026-06-03
97282808,,2026-05-14,2026-09-19,2026-10-11,TDBK,WELLINGTON GLOBAL EQUITY FUND 28R5,2026-07-01,Repo,B827,2026-08-10,REPO,FIN,CALYPSOIFI,Repo,,2026-06-24
90778614,,2025-12-02,2026-06-15,2026-02-07,TDBK,WELLINGTON GLOBAL EQUITY FUND 28R5,2026-07-01,Repo,B241,2026-04-03,,,CALYPSOIFI,Rev_Repo,,2026-06-17
98565817,,2025-02-04,2026-06-10,2026-03-17,TDBK,BIMCOR INC,2026-07-01,Repo,B549,2026-05-05,REPO,FIN,CALYPSOIFI,Repo,,2026-06-17
94989705,,2026-08-06,2026-10-22,2026-03-09,TDBK,SWISS LIFE AG,2026-07-01,Repo,B417,2026-03-05,REPO,FIN,CALYPSOIFI,Repo,,2026-06-03
95345283,,2026-09-10,2026-08-23,2026-11-05,TDBK,INVESTEC BANK LIMITED,2026-07-01,Repo,B924,2026-03-20,REPO,FIN,CALYPSOIFI,Repo,,2026-06-03
97562833,,2026-05-07,2026-03-20,,TDBK,DEUTSCHE BANK A.G.,2026-07-01,,B832,2026-08-12,REPO,FIN,CALYPSOIFI,Repo,,2026-06-10
96689408,,2026-01-10,2026-02-02,2026-06-25,TDBK,BANCO HABITAT,2026-07-01,Repo,B319,2026-08-02,REPO,FIN,CALYPSOIFI,Repo,,2026-06-24
94451418,,2025-11-14,2026-09-21,2026-03-03,TDBK,MORGAN STANLEY INTL,2026-07-01,Repo,B912,2026-05-03,REPO,FIN,CALYPSOIFI,Rev_Repo,,2026-06-24
93720567,,2025-08-27,2026-10-17,2026-12-15,TDBK,,2026-07-01,Repo,B360,2026-05-17,,FIN,CALYPSOIFI,Rev_Repo,,2026-06-10
97131674,,2025-05-04,2026-12-26,2026-04-06,TDBK,CITIBANK NA,2026-07-01,Repo,B495,2026-04-17,REPO,FIN,CALYPSOIFI,Rev_Repo,,2026-06-03
90207696,,2026-09-11,2026-07-24,2026-10-08,TDBK,CENTRAL 1 CREDIT UNION,2026-07-01,Repo,B429,2026-05-27,REPO,FIN,CALYPSOIFI,Repo,,2026-07-01
97770767,,2025-05-11,2026-05-13,2026-05-09,TDBK,,2026-07-01,Repo,B960,2026-12-05,REPO,FIN,CALYPSOIFI,Repo,,2026-06-10
94625182,,2026-07-12,2026-10-03,2026-10-26,TDBK,DEUTSCHE BANK A.G.,2026-07-01,Repo,B735,2026-08-15,REPO,FIN,CALYPSOIFI,Rev_Repo,,2026-06-17
90580266,,2026-05-13,2026-06-07,2026-08-26,TDBK,WELLINGTON GLOBAL EQUITY FUND 28R5,2026-07-01,Repo,B528,2026-11-16,REPO,FIN,CALYPSOIFI,Repo,,2026-06-24
93938196,,2025-11-19,2026-12-17,2026-06-11,TDBK,CITIBANK NA,2026-07-01,Repo,B923,2026-01-18,,FIN,CALYPSOIFI,Repo,,2026-06-03
91251161,,2026-04-25,2026-11-02,2026-09-21,TDBK,CITIBANK NA,2026-07-01,Repo,B562,2026-06-22,REPO,FIN,CALYPSOIFI,Repo,,2026-07-01
90650540,,2026-04-11,2026-04-05,2026-03-09,TDBK,BANK OF NOVA SCOTIA,2026-07-01,Repo,B155,2026-07-23,REPO,FIN,CALYPSOIFI,Rev_Repo,,2026-06-24
93015045,,2025-09-18,2026-06-20,2026-12-08,TDBK,DEUTSCHE BANK A.G.,2026-07-01,,B510,2026-03-06,REPO,FIN,CALYPSOIFI,Rev_Repo,,2026-06-24
97589776,,2026-01-22,2026-05-09,2026-03-15,TDBK,MORGAN STANLEY INTL,2026-07-01,Repo,B792,2026-11-22,,FIN,CALYPSOIFI,Repo,,2026-06-10
99875237,,2025-03-27,2026-02-08,2026-12-23,TDBK,BANCO HABITAT,2026-07-01,Repo,B118,2026-05-04,REPO,FIN,CALYPSOIFI,Repo,,2026-07-01
97057843,,2025-10-16,2026-08-11,2026-08-19,TDBK,BANK OF NOVA SCOTIA,2026-07-01,Repo,B979,2026-12-20,REPO,FIN,CALYPSOIFI,Rev_Repo,,2026-06-24
99430898,,2025-06-09,2026-04-01,2026-12-28,TDBK,INVESTEC BANK LIMITED,2026-07-01,Repo,B603,2026-02-28,REPO,FIN,CALYPSOIFI,Repo,,2026-06-24
92960575,,2025-08-15,2026-04-24,,TDBK,BIMCOR INC,2026-07-01,Repo,B208,2026-03-27,REPO,FIN,CALYPSOIFI,Repo,,2026-06-17
94515673,,2025-07-03,2026-07-03,2026-09-10,TDBK,BANK OF NOVA SCOTIA,2026-07-01,Repo,B639,2026-04-08,REPO,FIN,CALYPSOIFI,Repo,,2026-06-03
92480743,,2025-05-10,2026-11-14,2026-03-25,TDBK,MORGAN STANLEY INTL,2026-07-01,Repo,B403,2026-12-16,REPO,FIN,CALYPSOIFI,Rev_Repo,,2026-06-17
96523161,,2026-09-15,2026-04-10,2026-10-11,TDBK,INVESTEC BANK LIMITED,2026-07-01,Repo,B160,2026-08-03,REPO,FIN,CALYPSOIFI,Rev_Repo,,2026-06-10
92651122,,2025-06-28,2026-04-25,2026-02-07,TDBK,WELLINGTON GLOBAL EQUITY FUND 28R5,2026-07-01,Repo,B991,2026-01-19,REPO,FIN,CALYPSOIFI,Repo,,2026-06-10
95443788,,2025-03-11,2026-07-11,2026-04-04,TDBK,BANK OF NOVA SCOTIA,2026-07-01,Repo,B996,2026-08-19,REPO,FIN,CALYPSOIFI,Repo,,2026-06-17
97932642,,2026-01-27,2026-09-20,2026-12-15,TDBK,WELLINGTON GLOBAL EQUITY FUND 28R5,2026-07-01,,B405,2026-11-27,REPO,FIN,CALYPSOIFI,Rev_Repo,,2026-07-01
92817755,,2025-12-08,2026-02-23,2026-09-15,TDBK,MORGAN STANLEY INTL,2026-07-01,Repo,B784,2026-03-23,REPO,FIN,CALYPSOIFI,Rev_Repo,,2026-06-24
95144620,,2025-09-07,2026-09-07,2026-07-12,TDBK,,2026-07-01,Repo,B144,2026-09-05,REPO,FIN,CALYPSOIFI,Repo,,2026-06-24
93463388,,2025-05-14,2026-03-01,2026-03-14,TDBK,BIMCOR INC,2026-07-01,Repo,B307,2026-08-11,REPO,FIN,CALYPSOIFI,Rev_Repo,,2026-06-24
90228133,,2026-08-03,2026-01-26,2026-10-11,TDBK,BANCO HABITAT,2026-07-01,Repo,B235,2026-11-06,REPO,FIN,CALYPSOIFI,Repo,,2026-06-10
95324744,,2026-06-11,2026-02-20,2026-02-20,TDBK,BANCO HABITAT,2026-07-01,,B755,2026-06-22,REPO,FIN,CALYPSOIFI,Rev_Repo,,2026-06-10
90750394,,2025-02-27,2026-05-12,,TDBK,,2026-07-01,Repo,B313,2026-09-22,,FIN,CALYPSOIFI,Repo,,2026-06-17
93324957,,2026-03-16,2026-06-01,2026-06-04,TDBK,INVESTEC BANK LIMITED,2026-07-01,Repo,B969,2026-10-23,REPO,FIN,CALYPSOIFI,Rev_Repo,,2026-06-17
92219856,,2025-01-07,2026-09-28,2026-08-03,TDBK,BANCO HABITAT,2026-07-01,Repo,B200,2026-10-06,REPO,FIN,CALYPSOIFI,Rev_Repo,,2026-06-10
97591854,,2025-03-01,2026-09-23,2026-03-07,TDBK,BANK OF NOVA SCOTIA,2026-07-01,Repo,B364,2026-08-22,REPO,FIN,CALYPSOIFI,Rev_Repo,,2026-06-17
91534008,,2026-09-24,2026-07-08,2026-02-20,TDBK,BANK OF NOVA SCOTIA,2026-07-01,Repo,B242,2026-07-05,REPO,,CALYPSOIFI,Rev_Repo,,2026-06-24
93668930,,2026-08-03,2026-12-12,2026-02-21,TDBK,BIMCOR INC,2026-07-01,Repo,B819,2026-11-21,,FIN,CALYPSOIFI,Repo,,2026-06-10
99752692,,2025-09-19,2026-08-23,2026-05-28,TDBK,MORGAN STANLEY INTL,2026-07-01,Repo,B792,2026-11-12,REPO,FIN,CALYPSOIFI,Repo,,2026-06-17
96328387,,2026-04-09,2026-08-14,2026-04-06,TDBK,MORGAN STANLEY INTL,2026-07-01,Repo,B474,2026-07-28,REPO,FIN,CALYPSOIFI,Repo,,2026-06-03
94957482,,2026-07-02,2026-03-09,2026-04-09,TDBK,INVESTEC BANK LIMITED,2026-07-01,Repo,B572,2026-08-19,REPO,FIN,CALYPSOIFI,Repo,,2026-07-01
97994471,,2026-11-06,2026-08-22,2026-08-26,TDBK,BIMCOR INC,2026-07-01,Repo,B614,2026-01-13,REPO,FIN,CALYPSOIFI,Repo,,2026-06-10
91691126,,2026-09-24,2026-02-14,2026-04-20,TDBK,INVESTEC BANK LIMITED,2026-07-01,Repo,B633,2026-01-08,REPO,,CALYPSOIFI,Rev_Repo,,2026-06-17
95311817,,2025-11-15,2026-01-15,2026-06-26,TDBK,CENTRAL 1 CREDIT UNION,2026-07-01,Repo,B848,2026-07-12,REPO,FIN,CALYPSOIFI,Rev_Repo,,2026-06-10
98523924,,2025-03-21,2026-08-28,2026-11-25,TDBK,,2026-07-01,Repo,B502,2026-12-28,REPO,,CALYPSOIFI,Repo,,2026-07-01
94913343,,2026-02-20,2026-02-20,2026-10-26,TDBK,CENTRAL 1 CREDIT UNION,2026-07-01,Repo,B179,2026-05-03,REPO,FIN,CALYPSOIFI,Repo,,2026-06-10
98665568,,2025-06-24,2026-11-24,2026-10-15,TDBK,CITIBANK NA,2026-07-01,Repo,B478,2026-02-28,REPO,,CALYPSOIFI,Repo,,2026-06-17
93397953,,2026-08-07,2026-10-24,2026-11-15,TDBK,CITIBANK NA,2026-07-01,Repo,B649,2026-03-17,REPO,FIN,CALYPSOIFI,Repo,,2026-06-24
90566535,,2026-06-21,2026-07-23,2026-06-21,TDBK,BIMCOR INC,2026-07-01,Repo,B897,2026-10-11,REPO,FIN,CALYPSOIFI,Rev_Repo,,2026-06-24
94501423,,2026-10-27,2026-11-04,2026-11-18,TDBK,BANK OF NOVA SCOTIA,2026-07-01,,B605,2026-02-27,REPO,FIN,CALYPSOIFI,Rev_Repo,,2026-06-03
98140096,,2025-10-19,2026-05-25,2026-04-19,TDBK,CENTRAL 1 CREDIT UNION,2026-07-01,Repo,B893,2026-11-07,REPO,FIN,CALYPSOIFI,Repo,,2026-07-01
98829716,,2026-04-03,2026-11-21,,TDBK,CITIBANK NA,2026-07-01,,B638,2026-07-11,REPO,FIN,CALYPSOIFI,Rev_Repo,,2026-06-24
93898725,,2025-02-20,2026-09-06,,TDBK,WELLINGTON GLOBAL EQUITY FUND 28R5,2026-07-01,Repo,B333,2026-01-20,REPO,FIN,CALYPSOIFI,Rev_Repo,,2026-06-10
91152188,,2026-12-24,2026-07-20,2026-12-28,TDBK,,2026-07-01,Repo,B789,2026-02-28,REPO,FIN,CALYPSOIFI,Rev_Repo,,2026-06-24
96013743,,2026-11-07,2026-12-24,2026-02-17,TDBK,WELLINGTON GLOBAL EQUITY FUND 28R5,2026-07-01,,B221,2026-06-14,,,CALYPSOIFI,Rev_Repo,,2026-06-03
99538121,,2026-07-17,2026-09-28,2026-11-11,TDBK,CITIBANK NA,2026-07-01,,B902,2026-07-21,REPO,FIN,CALYPSOIFI,Repo,,2026-06-24
94094597,,2026-08-03,2026-12-24,2026-03-28,TDBK,INVESTEC BANK LIMITED,2026-07-01,Repo,B958,2026-01-09,REPO,FIN,CALYPSOIFI,Rev_Repo,,2026-06-03
91234447,,2026-11-01,2026-03-16,2026-03-12,TDBK,CITIBANK NA,2026-07-01,Repo,B926,2026-12-26,REPO,,CALYPSOIFI,Rev_Repo,,2026-07-01
99605094,,2025-03-14,2026-02-07,,TDBK,CENTRAL 1 CREDIT UNION,2026-07-01,Repo,B513,2026-06-13,REPO,FIN,CALYPSOIFI,Rev_Repo,,2026-06-10
99274088,,2026-07-21,2026-09-12,2026-07-23,TDBK,CENTRAL 1 CREDIT UNION,2026-07-01,Repo,B518,2026-12-19,REPO,FIN,CALYPSOIFI,Repo,,2026-06-24
90608932,,2026-03-23,2026-06-06,2026-02-16,TDBK,BIMCOR INC,2026-07-01,Repo,B620,2026-06-23,,FIN,CALYPSOIFI,Repo,,2026-06-17
93734927,,2026-05-17,2026-12-24,2026-05-13,TDBK,BANK OF NOVA SCOTIA,2026-07-01,Repo,B115,2026-01-14,REPO,FIN,CALYPSOIFI,Rev_Repo,,2026-06-03
93461980,,2025-08-18,2026-03-19,2026-01-25,TDBK,MORGAN STANLEY INTL,2026-07-01,,B489,2026-07-04,REPO,FIN,CALYPSOIFI,Rev_Repo,,2026-06-10
98167323,,2025-12-21,2026-01-11,2026-01-16,TDBK,CENTRAL 1 CREDIT UNION,2026-07-01,Repo,B199,2026-09-27,REPO,FIN,CALYPSOIFI,Rev_Repo,,2026-06-24
93593481,,2025-07-11,2026-09-11,2026-11-13,TDBK,,2026-07-01,Repo,B224,2026-06-16,REPO,FIN,CALYPSOIFI,Rev_Repo,,2026-06-03
97234857,,2025-04-25,2026-04-16,2026-04-14,TDBK,BANCO HABITAT,2026-07-01,Repo,B248,2026-11-08,REPO,FIN,CALYPSOIFI,Repo,,2026-06-24
99669771,,2026-03-06,2026-03-10,2026-06-18,TDBK,,2026-07-01,Repo,B688,2026-07-12,REPO,,CALYPSOIFI,Rev_Repo,,2026-06-03
93699721,,2025-08-15,2026-09-12,2026-05-22,TDBK,DEUTSCHE BANK A.G.,2026-07-01,Repo,B581,2026-07-06,REPO,FIN,CALYPSOIFI,Rev_Repo,,2026-07-01
95903006,,2025-06-16,2026-11-15,2026-04-16,TDBK,,2026-07-01,Repo,B133,2026-02-15,REPO,FIN,CALYPSOIFI,Rev_Repo,,2026-06-03
98719785,,2026-12-02,2026-08-23,2026-12-14,TDBK,BANCO HABITAT,2026-07-01,,B250,2026-10-05,REPO,FIN,CALYPSOIFI,Repo,,2026-06-10
92656953,,2025-03-01,2026-02-20,2026-01-08,TDBK,WELLINGTON GLOBAL EQUITY FUND 28R5,2026-07-01,Repo,B647,2026-02-08,REPO,FIN,CALYPSOIFI,Rev_Repo,,2026-06-03
93703358,,2025-03-01,2026-07-01,2026-01-17,TDBK,MORGAN STANLEY INTL,2026-07-01,Repo,B854,2026-01-27,REPO,,CALYPSOIFI,Repo,,2026-06-24
91813546,,2025-03-21,2026-12-03,2026-07-06,TDBK,SWISS LIFE AG,2026-07-01,Repo,B979,2026-01-11,REPO,FIN,CALYPSOIFI,Rev_Repo,,2026-06-03
90412250,,2026-11-26,2026-06-13,2026-09-08,TDBK,CITIBANK NA,2026-07-01,Repo,B274,2026-10-05,REPO,FIN,CALYPSOIFI,Repo,,2026-06-24
91237127,,2026-04-23,2026-06-14,,TDBK,CITIBANK NA,2026-07-01,Repo,B586,2026-02-02,REPO,FIN,CALYPSOIFI,Rev_Repo,,2026-06-17
98288860,,2025-08-23,2026-03-16,2026-09-13,TDBK,BANCO HABITAT,2026-07-01,Repo,B776,2026-03-17,REPO,FIN,CALYPSOIFI,Rev_Repo,,2026-06-17
98072029,,2025-04-01,2026-03-01,2026-09-11,TDBK,DEUTSCHE BANK A.G.,2026-07-01,Repo,B488,2026-08-14,REPO,,CALYPSOIFI,Rev_Repo,,2026-06-24
99280314,,2026-02-16,2026-12-09,2026-09-13,TDBK,,2026-07-01,Repo,B655,2026-09-15,REPO,FIN,CALYPSOIFI,Repo,,2026-06-10
94819703,,2025-11-22,2026-01-07,2026-06-19,TDBK,BIMCOR INC,2026-07-01,Repo,B690,2026-10-16,REPO,FIN,CALYPSOIFI,Rev_Repo,,2026-07-01
95552640,,2025-04-18,2026-12-11,2026-10-21,TDBK,CITIBANK NA,2026-07-01,Repo,B971,2026-12-08,REPO,FIN,CALYPSOIFI,Rev_Repo,,2026-06-10
91806168,,2025-04-05,2026-12-22,2026-09-23,TDBK,BIMCOR INC,2026-07-01,Repo,B474,2026-06-20,REPO,FIN,CALYPSOIFI,Rev_Repo,,2026-06-17
90319031,,2026-01-22,2026-03-04,2026-03-04,TDBK,WELLINGTON GLOBAL EQUITY FUND 28R5,2026-07-01,Repo,B826,2026-12-08,REPO,FIN,CALYPSOIFI,Rev_Repo,,2026-07-01
95163781,,2025-12-05,2026-10-27,2026-04-09,TDBK,CITIBANK NA,2026-07-01,Repo,B304,2026-01-23,REPO,FIN,CALYPSOIFI,Rev_Repo,,2026-07-01
99906295,,2026-11-03,2026-12-07,2026-05-07,TDBK,BIMCOR INC,2026-07-01,Repo,B967,2026-03-08,REPO,FIN,CALYPSOIFI,Repo,,2026-06-10
99492747,,2026-01-18,2026-07-17,2026-01-17,TDBK,CITIBANK NA,2026-07-01,Repo,B690,2026-07-03,REPO,FIN,CALYPSOIFI,Rev_Repo,,2026-06-10
95191633,,2026-06-17,2026-04-22,2026-08-01,TDBK,CENTRAL 1 CREDIT UNION,2026-07-01,Repo,B470,2026-06-25,REPO,FIN,CALYPSOIFI,Rev_Repo,,2026-07-01
92574653,,2026-12-06,2026-05-16,2026-12-17,TDBK,SWISS LIFE AG,2026-07-01,Repo,B915,2026-06-14,REPO,FIN,CALYPSOIFI,Rev_Repo,,2026-06-24
95899333,,2025-02-22,2026-03-24,2026-08-14,TDBK,INVESTEC BANK LIMITED,2026-07-01,Repo,B183,2026-07-05,REPO,FIN,CALYPSOIFI,Rev_Repo,,2026-06-03
95731071,,2025-06-12,2026-11-08,2026-12-08,TDBK,CENTRAL 1 CREDIT UNION,2026-07-01,,B164,2026-08-22,REPO,FIN,CALYPSOIFI,Repo,,2026-06-10
94343490,,2025-07-27,2026-10-26,2026-01-28,TDBK,,2026-07-01,Repo,B184,2026-04-26,REPO,FIN,CALYPSOIFI,Rev_Repo,,2026-06-03
98438285,,2026-10-27,2026-11-26,2026-11-03,TDBK,WELLINGTON GLOBAL EQUITY FUND 28R5,2026-07-01,Repo,B449,2026-01-23,REPO,FIN,CALYPSOIFI,Rev_Repo,,2026-06-24
98266318,,2026-02-10,2026-08-02,2026-01-17,TDBK,SWISS LIFE AG,2026-07-01,Repo,B328,2026-10-16,REPO,FIN,CALYPSOIFI,Repo,,2026-07-01
99295580,,2026-12-26,2026-11-19,,TDBK,SWISS LIFE AG,2026-07-01,Repo,B502,2026-05-05,REPO,FIN,CALYPSOIFI,Rev_Repo,,2026-06-03
92754269,,2025-01-04,2026-04-18,2026-02-06,TDBK,INVESTEC BANK LIMITED,2026-07-01,Repo,B343,2026-08-10,REPO,FIN,CALYPSOIFI,Repo,,2026-06-03
94647006,,2025-12-07,2026-02-18,2026-09-09,TDBK,DEUTSCHE BANK A.G.,2026-07-01,Repo,B615,2026-01-22,REPO,FIN,CALYPSOIFI,Rev_Repo,,2026-06-17
98981040,,2025-08-16,2026-01-05,2026-11-28,TDBK,BANCO HABITAT,2026-07-01,Repo,B165,2026-02-09,REPO,FIN,CALYPSOIFI,Rev_Repo,,2026-06-17
95922789,,2026-05-02,2026-04-12,2026-10-19,TDBK,BIMCOR INC,2026-07-01,Repo,B152,2026-12-07,REPO,FIN,CALYPSOIFI,Rev_Repo,,2026-07-01
91703402,,2026-10-15,2026-05-25,2026-10-28,TDBK,DEUTSCHE BANK A.G.,2026-07-01,Repo,B130,2026-11-12,REPO,FIN,CALYPSOIFI,Repo,,2026-06-17
99760075,,2025-07-03,2026-11-12,2026-11-25,TDBK,SWISS LIFE AG,2026-07-01,Repo,B269,2026-12-25,REPO,FIN,CALYPSOIFI,Rev_Repo,,2026-06-03
99221311,,2025-11-06,2026-04-15,2026-04-05,TDBK,BIMCOR INC,2026-07-01,Repo,B283,2026-03-26,REPO,FIN,CALYPSOIFI,Rev_Repo,,2026-07-01
93018959,,2026-01-03,2026-03-02,2026-05-08,TDBK,DEUTSCHE BANK A.G.,2026-07-01,Repo,B142,2026-11-17,REPO,FIN,CALYPSOIFI,Repo,,2026-06-17
96538349,,2025-04-02,2026-06-11,2026-11-05,TDBK,BIMCOR INC,2026-07-01,Repo,B167,2026-10-01,REPO,FIN,CALYPSOIFI,Repo,,2026-06-10
92708271,,2026-10-28,2026-08-01,2026-08-19,TDBK,DEUTSCHE BANK A.G.,2026-07-01,Repo,B963,2026-04-14,REPO,FIN,CALYPSOIFI,Rev_Repo,,2026-06-10
92034720,,2025-03-17,2026-05-14,2026-06-26,TDBK,BANCO HABITAT,2026-07-01,Repo,B975,2026-03-19,REPO,FIN,CALYPSOIFI,Repo,,2026-06-10
95750856,,2026-01-01,2026-04-07,2026-06-25,TDBK,MORGAN STANLEY INTL,2026-07-01,Repo,B898,2026-02-14,REPO,FIN,CALYPSOIFI,Repo,,2026-06-17
91878899,,2025-10-19,2026-05-11,2026-05-14,TDBK,INVESTEC BANK LIMITED,2026-07-01,Repo,B847,2026-08-06,REPO,FIN,CALYPSOIFI,Repo,,2026-06-24
97342955,,2025-07-07,2026-07-23,2026-05-15,TDBK,MORGAN STANLEY INTL,2026-07-01,Repo,B481,2026-02-04,REPO,,CALYPSOIFI,Repo,,2026-06-03
96738333,,2025-04-08,2026-09-13,2026-04-05,TDBK,SWISS LIFE AG,2026-07-01,Repo,B772,2026-06-12,REPO,FIN,CALYPSOIFI,Rev_Repo,,2026-06-10
93165188,,2026-02-27,2026-11-08,2026-05-22,TDBK,SWISS LIFE AG,2026-07-01,,B275,2026-11-06,REPO,FIN,CALYPSOIFI,Rev_Repo,,2026-06-10
92812389,,2026-05-25,2026-03-22,2026-05-28,TDBK,BIMCOR INC,2026-07-01,Repo,B872,2026-06-12,REPO,FIN,CALYPSOIFI,Rev_Repo,,2026-06-17
99047000,,2026-09-22,2026-05-09,2026-11-11,TDBK,SWISS LIFE AG,2026-07-01,Repo,B818,2026-08-23,REPO,FIN,CALYPSOIFI,Repo,,2026-06-10
96749147,,2025-10-17,2026-04-15,2026-05-13,TDBK,INVESTEC BANK LIMITED,2026-07-01,Repo,B801,2026-05-21,REPO,FIN,CALYPSOIFI,Repo,,2026-07-01
96652295,,2026-03-12,2026-03-13,2026-01-17,TDBK,BANK OF NOVA SCOTIA,2026-07-01,Repo,B363,2026-02-04,,FIN,CALYPSOIFI,Rev_Repo,,2026-06-03
94788955,,2025-04-14,2026-05-28,2026-01-02,TDBK,,2026-07-01,Repo,B330,2026-08-27,REPO,,CALYPSOIFI,Rev_Repo,,2026-06-03
97250117,,2026-11-02,2026-03-10,2026-11-12,TDBK,INVESTEC BANK LIMITED,2026-07-01,Repo,B585,2026-09-04,REPO,FIN,CALYPSOIFI,Repo,,2026-06-03
93506894,,2026-06-05,2026-03-20,2026-09-14,TDBK,BANCO HABITAT,2026-07-01,Repo,B734,2026-06-28,REPO,,CALYPSOIFI,Repo,,2026-06-03
96245890,,2025-11-12,2026-02-25,2026-12-27,TDBK,WELLINGTON GLOBAL EQUITY FUND 28R5,2026-07-01,Repo,B450,2026-11-16,REPO,,CALYPSOIFI,Rev_Repo,,2026-06-10
95007021,,2025-02-23,2026-05-01,2026-08-11,TDBK,BANK OF NOVA SCOTIA,2026-07-01,Repo,B119,2026-02-08,REPO,FIN,CALYPSOIFI,Rev_Repo,,2026-06-24
93785888,,2025-06-04,2026-04-08,2026-04-07,TDBK,DEUTSCHE BANK A.G.,2026-07-01,Repo,B103,2026-11-14,REPO,FIN,CALYPSOIFI,Rev_Repo,,2026-07-01
94521029,,2026-01-11,2026-05-11,2026-06-15,TDBK,,2026-07-01,Repo,B932,2026-02-09,REPO,FIN,CALYPSOIFI,Repo,,2026-06-03
90310352,,2025-04-23,2026-11-01,,TDBK,BANCO HABITAT,2026-07-01,Repo,B828,2026-04-27,REPO,FIN,CALYPSOIFI,Rev_Repo,,2026-06-17
98070059,,2026-02-17,2026-06-07,2026-09-01,TDBK,MORGAN STANLEY INTL,2026-07-01,Repo,B743,2026-11-21,REPO,FIN,CALYPSOIFI,Rev_Repo,,2026-06-10
97954779,,2026-07-07,2026-07-04,2026-02-14,TDBK,DEUTSCHE BANK A.G.,2026-07-01,Repo,B474,2026-12-01,REPO,FIN,CALYPSOIFI,Repo,,2026-07-01
98277275,,2025-11-16,2026-01-14,2026-10-02,TDBK,BIMCOR INC,2026-07-01,Repo,B519,2026-12-17,REPO,FIN,CALYPSOIFI,Rev_Repo,,2026-06-03
99716239,,2025-04-14,2026-05-16,2026-06-23,TDBK,MORGAN STANLEY INTL,2026-07-01,Repo,B121,2026-01-20,REPO,FIN,CALYPSOIFI,Rev_Repo,,2026-07-01
96450351,,2025-02-06,2026-12-03,2026-09-02,TDBK,WELLINGTON GLOBAL EQUITY FUND 28R5,2026-07-01,Repo,B383,2026-08-20,REPO,FIN,CALYPSOIFI,Rev_Repo,,2026-06-17
90765983,,2025-11-20,2026-02-11,2026-04-14,TDBK,BIMCOR INC,2026-07-01,Repo,B346,2026-11-02,REPO,FIN,CALYPSOIFI,Rev_Repo,,2026-06-10
97218933,,2026-04-21,2026-08-19,2026-07-14,TDBK,BANK OF NOVA SCOTIA,2026-07-01,Repo,B872,2026-04-09,REPO,FIN,CALYPSOIFI,Rev_Repo,,2026-07-01
98277410,,2026-03-20,2026-03-26,2026-09-03,TDBK,BANCO HABITAT,2026-07-01,Repo,B352,2026-02-26,REPO,FIN,CALYPSOIFI,Rev_Repo,,2026-06-03
98508280,,2025-06-19,2026-06-18,2026-10-12,TDBK,CENTRAL 1 CREDIT UNION,2026-07-01,Repo,B688,2026-05-17,REPO,FIN,CALYPSOIFI,Rev_Repo,,2026-06-03
95184152,,2025-06-01,2026-08-21,,TDBK,BANK OF NOVA SCOTIA,2026-07-01,,B507,2026-02-12,,FIN,CALYPSOIFI,Rev_Repo,,2026-06-17
90578995,,2026-12-11,2026-08-12,2026-11-22,TDBK,DEUTSCHE BANK A.G.,2026-07-01,Repo,B451,2026-09-28,REPO,FIN,CALYPSOIFI,Repo,,2026-07-01
91393317,,2025-06-28,2026-10-06,2026-06-05,TDBK,WELLINGTON GLOBAL EQUITY FUND 28R5,2026-07-01,Repo,B782,2026-02-18,REPO,FIN,CALYPSOIFI,Repo,,2026-06-10
92862430,,2026-01-10,2026-08-14,2026-12-16,TDBK,BIMCOR INC,2026-07-01,Repo,B924,2026-04-27,REPO,FIN,CALYPSOIFI,Rev_Repo,,2026-06-17
90647184,,2026-07-20,2026-03-09,2026-02-23,TDBK,MORGAN STANLEY INTL,2026-07-01,Repo,B190,2026-08-13,REPO,FIN,CALYPSOIFI,Repo,,2026-07-01
97255727,,2025-05-14,2026-06-03,2026-05-21,TDBK,MORGAN STANLEY INTL,2026-07-01,Repo,B233,2026-03-21,REPO,FIN,CALYPSOIFI,Rev_Repo,,2026-06-24
92630591,,2025-08-24,2026-11-16,2026-07-16,TDBK,CITIBANK NA,2026-07-01,Repo,B245,2026-01-04,REPO,FIN,CALYPSOIFI,Rev_Repo,,2026-06-03
95193273,,2025-10-28,2026-01-17,2026-05-27,TDBK,INVESTEC BANK LIMITED,2026-07-01,Repo,B665,2026-01-12,REPO,FIN,CALYPSOIFI,Rev_Repo,,2026-07-01
91280705,,2026-05-14,2026-06-15,2026-03-20,TDBK,CENTRAL 1 CREDIT UNION,2026-07-01,Repo,B697,2026-02-17,REPO,FIN,CALYPSOIFI,Repo,,2026-06-24
96839581,,2026-04-09,2026-07-19,2026-05-13,TDBK,CITIBANK NA,2026-07-01,Repo,B571,2026-10-20,REPO,FIN,CALYPSOIFI,Repo,,2026-06-03
97503243,,2025-06-07,2026-03-04,2026-04-07,TDBK,WELLINGTON GLOBAL EQUITY FUND 28R5,2026-07-01,Repo,B490,2026-11-25,REPO,FIN,CALYPSOIFI,Rev_Repo,,2026-07-01
93807355,,2025-10-22,2026-04-20,2026-01-22,TDBK,CITIBANK NA,2026-07-01,Repo,B237,2026-03-22,REPO,FIN,CALYPSOIFI,Repo,,2026-06-03
91576195,,2026-03-02,2026-01-08,2026-02-19,TDBK,MORGAN STANLEY INTL,2026-07-01,Repo,B795,2026-02-10,REPO,FIN,CALYPSOIFI,Rev_Repo,,2026-06-17
90223369,,2025-02-12,2026-05-10,2026-07-06,TDBK,CITIBANK NA,2026-07-01,Repo,B331,2026-01-09,REPO,FIN,CALYPSOIFI,Repo,,2026-06-24
96362150,,2026-01-25,2026-08-18,2026-11-06,TDBK,DEUTSCHE BANK A.G.,2026-07-01,Repo,B161,2026-11-24,,FIN,CALYPSOIFI,Repo,,2026-06-10
96010457,,2025-11-21,2026-02-11,2026-05-12,TDBK,BIMCOR INC,2026-07-01,Repo,B828,2026-11-27,REPO,FIN,CALYPSOIFI,Rev_Repo,,2026-06-03
92829323,,2025-05-01,2026-03-07,2026-06-16,TDBK,CITIBANK NA,2026-07-01,,B969,2026-02-23,REPO,FIN,CALYPSOIFI,Repo,,2026-06-17
91593167,,2025-11-25,2026-05-15,2026-12-25,TDBK,CENTRAL 1 CREDIT UNION,2026-07-01,Repo,B658,2026-11-16,REPO,FIN,CALYPSOIFI,Repo,,2026-06-17
96034664,,2025-02-22,2026-02-07,2026-06-14,TDBK,BANK OF NOVA SCOTIA,2026-07-01,Repo,B122,2026-11-05,REPO,FIN,CALYPSOIFI,Rev_Repo,,2026-06-03
92457926,,2026-11-25,2026-04-22,2026-04-07,TDBK,BANK OF NOVA SCOTIA,2026-07-01,Repo,B986,2026-09-23,REPO,FIN,CALYPSOIFI,Repo,,2026-07-01
94792010,,2025-01-14,2026-09-25,2026-08-17,TDBK,CENTRAL 1 CREDIT UNION,2026-07-01,Repo,B344,2026-05-22,REPO,FIN,CALYPSOIFI,Repo,,2026-07-01
97784098,,2026-02-14,2026-03-07,2026-02-04,TDBK,CENTRAL 1 CREDIT UNION,2026-07-01,Repo,B742,2026-08-11,REPO,FIN,CALYPSOIFI,Repo,,2026-06-10
93975022,,2026-02-14,2026-10-05,2026-03-13,TDBK,BIMCOR INC,2026-07-01,Repo,B976,2026-12-20,REPO,FIN,CALYPSOIFI,Repo,,2026-06-10
90598367,,2026-11-08,2026-09-08,2026-01-15,TDBK,WELLINGTON GLOBAL EQUITY FUND 28R5,2026-07-01,Repo,B903,2026-04-17,REPO,FIN,CALYPSOIFI,Repo,,2026-06-10
93571452,,2026-04-04,2026-07-17,2026-01-28,TDBK,SWISS LIFE AG,2026-07-01,Repo,B371,2026-08-27,,FIN,CALYPSOIFI,Repo,,2026-06-03
93509700,,2025-08-11,2026-06-05,2026-11-04,TDBK,BANK OF NOVA SCOTIA,2026-07-01,Repo,B130,2026-09-18,REPO,FIN,CALYPSOIFI,Rev_Repo,,2026-06-24
92505558,,2025-11-27,2026-04-14,2026-11-13,TDBK,DEUTSCHE BANK A.G.,2026-07-01,Repo,B747,2026-11-01,REPO,FIN,CALYPSOIFI,Repo,,2026-06-10
98301512,,2026-04-07,2026-01-01,,TDBK,,2026-07-01,Repo,B767,2026-01-24,REPO,FIN,CALYPSOIFI,Rev_Repo,,2026-06-17
94803450,,2026-10-14,2026-07-10,2026-01-09,TDBK,MORGAN STANLEY INTL,2026-07-01,Repo,B569,2026-12-28,REPO,,CALYPSOIFI,Repo,,2026-07-01
95336971,,2025-09-13,2026-06-11,2026-07-17,TDBK,CENTRAL 1 CREDIT UNION,2026-07-01,Repo,B970,2026-05-10,REPO,FIN,CALYPSOIFI,Rev_Repo,,2026-07-01
93285249,,2026-10-21,2026-09-15,2026-03-04,TDBK,CITIBANK NA,2026-07-01,Repo,B163,2026-10-05,REPO,FIN,CALYPSOIFI,Rev_Repo,,2026-06-10
99322734,,2025-07-21,2026-06-03,2026-04-25,TDBK,CENTRAL 1 CREDIT UNION,2026-07-01,Repo,B234,2026-10-23,REPO,FIN,CALYPSOIFI,Repo,,2026-07-01
95910014,,2025-03-02,2026-03-03,2026-06-28,TDBK,INVESTEC BANK LIMITED,2026-07-01,Repo,B126,2026-08-13,REPO,FIN,CALYPSOIFI,Rev_Repo,,2026-06-03
92931422,,2025-02-04,2026-04-09,2026-12-02,TDBK,SWISS LIFE AG,2026-07-01,Repo,B218,2026-02-06,REPO,FIN,CALYPSOIFI,Repo,,2026-06-24
91412671,,2025-01-22,2026-12-16,2026-10-25,TDBK,BANCO HABITAT,2026-07-01,Repo,B207,2026-08-17,REPO,FIN,CALYPSOIFI,Repo,,2026-06-17
95110273,,2026-05-19,2026-04-17,2026-07-11,TDBK,CENTRAL 1 CREDIT UNION,2026-07-01,,B517,2026-02-10,,FIN,CALYPSOIFI,Repo,,2026-06-17
98582656,,2026-06-06,2026-05-13,2026-04-10,TDBK,WELLINGTON GLOBAL EQUITY FUND 28R5,2026-07-01,Repo,B285,2026-03-17,REPO,FIN,CALYPSOIFI,Repo,,2026-06-10
98534031,,2025-12-20,2026-09-12,2026-10-16,TDBK,BANCO HABITAT,2026-07-01,Repo,B585,2026-02-01,REPO,FIN,CALYPSOIFI,Repo,,2026-06-03
94736845,,2025-08-05,2026-12-03,2026-12-19,TDBK,WELLINGTON GLOBAL EQUITY FUND 28R5,2026-07-01,Repo,B498,2026-04-21,REPO,FIN,CALYPSOIFI,Rev_Repo,,2026-06-17
95957829,,2025-06-28,2026-02-13,2026-06-02,TDBK,DEUTSCHE BANK A.G.,2026-07-01,,B280,2026-10-28,REPO,FIN,CALYPSOIFI,Rev_Repo,,2026-06-24
99088156,,2025-10-09,2026-05-02,2026-08-10,TDBK,BIMCOR INC,2026-07-01,,B356,2026-07-18,REPO,FIN,CALYPSOIFI,Repo,,2026-06-10
91365001,,2025-01-24,2026-02-04,,TDBK,MORGAN STANLEY INTL,2026-07-01,Repo,B799,2026-06-24,REPO,FIN,CALYPSOIFI,Rev_Repo,,2026-06-24
91076200,,2026-11-07,2026-02-28,,TDBK,BIMCOR INC,2026-07-01,,B608,2026-09-24,REPO,FIN,CALYPSOIFI,Repo,,2026-06-10
92890855,,2026-09-14,2026-11-13,2026-07-21,TDBK,BIMCOR INC,2026-07-01,Repo,B492,2026-05-02,REPO,FIN,CALYPSOIFI,Repo,,2026-06-24
98840586,,2025-02-01,2026-11-06,,TDBK,,2026-07-01,Repo,B577,2026-09-20,,FIN,CALYPSOIFI,Repo,,2026-06-10
90285853,,2026-06-07,2026-10-19,2026-07-11,TDBK,BANCO HABITAT,2026-07-01,Repo,B345,2026-07-02,REPO,FIN,CALYPSOIFI,Repo,,2026-06-10
95946244,,2025-07-12,2026-06-17,2026-01-19,TDBK,,2026-07-01,Repo,B518,2026-07-16,REPO,FIN,CALYPSOIFI,Repo,,2026-06-03
99474186,,2025-05-01,2026-03-23,2026-10-12,TDBK,CITIBANK NA,2026-07-01,Repo,B800,2026-07-28,REPO,FIN,CALYPSOIFI,Rev_Repo,,2026-06-03
90433610,,2026-08-02,2026-12-04,,TDBK,SWISS LIFE AG,2026-07-01,Repo,B219,2026-01-14,REPO,FIN,CALYPSOIFI,Repo,,2026-07-01
90452969,,2026-12-11,2026-04-21,2026-10-07,TDBK,SWISS LIFE AG,2026-07-01,Repo,B481,2026-05-20,REPO,FIN,CALYPSOIFI,Rev_Repo,,2026-07-01
99174664,,2025-07-02,2026-02-02,2026-07-26,TDBK,MORGAN STANLEY INTL,2026-07-01,Repo,B784,2026-05-06,REPO,FIN,CALYPSOIFI,Repo,,2026-06-10
92703004,,2025-08-21,2026-01-23,2026-01-01,TDBK,SWISS LIFE AG,2026-07-01,Repo,B147,2026-07-28,REPO,FIN,CALYPSOIFI,Rev_Repo,,2026-06-17
94419232,,2025-07-24,2026-06-14,2026-12-25,TDBK,,2026-07-01,Repo,B642,2026-12-27,REPO,,CALYPSOIFI,Rev_Repo,,2026-06-03
93087751,,2026-01-22,2026-01-22,2026-03-10,TDBK,BIMCOR INC,2026-07-01,Repo,B500,2026-10-05,REPO,FIN,CALYPSOIFI,Rev_Repo,,2026-06-10
97152691,,2026-04-18,2026-03-25,2026-04-12,TDBK,DEUTSCHE BANK A.G.,2026-07-01,Repo,B383,2026-05-19,REPO,,CALYPSOIFI,Repo,,2026-06-17
93261962,,2025-01-12,2026-07-17,2026-01-22,TDBK,DEUTSCHE BANK A.G.,2026-07-01,Repo,B244,2026-04-17,REPO,FIN,CALYPSOIFI,Repo,,2026-06-10
95112971,,2025-02-16,2026-04-28,2026-07-03,TDBK,SWISS LIFE AG,2026-07-01,Repo,B876,2026-07-01,REPO,,CALYPSOIFI,Rev_Repo,,2026-06-03
93897786,,2025-05-26,2026-06-14,2026-04-16,TDBK,WELLINGTON GLOBAL EQUITY FUND 28R5,2026-07-01,Repo,B572,2026-02-14,REPO,FIN,CALYPSOIFI,Rev_Repo,,2026-06-24
96062925,,2025-08-01,2026-09-01,2026-12-05,TDBK,SWISS LIFE AG,2026-07-01,Repo,B655,2026-08-16,REPO,FIN,CALYPSOIFI,Repo,,2026-06-10
90566322,,2026-02-15,2026-09-04,2026-01-26,TDBK,MORGAN STANLEY INTL,2026-07-01,,B349,2026-09-06,REPO,FIN,CALYPSOIFI,Repo,,2026-06-10
97240997,,2025-08-15,2026-04-25,2026-08-05,TDBK,CITIBANK NA,2026-07-01,Repo,B559,2026-04-18,REPO,FIN,CALYPSOIFI,Repo,,2026-06-24
90934693,,2025-02-07,2026-08-03,2026-08-24,TDBK,INVESTEC BANK LIMITED,2026-07-01,,B512,2026-11-13,REPO,FIN,CALYPSOIFI,Rev_Repo,,2026-07-01
90736711,,2025-06-18,2026-01-02,2026-08-20,TDBK,BIMCOR INC,2026-07-01,Repo,B299,2026-06-15,REPO,FIN,CALYPSOIFI,Rev_Repo,,2026-06-24
99039316,,2025-12-28,2026-02-07,,TDBK,BIMCOR INC,2026-07-01,Repo,B298,2026-08-03,REPO,FIN,CALYPSOIFI,Repo,,2026-06-24
91220737,,2026-06-20,2026-01-06,2026-02-21,TDBK,WELLINGTON GLOBAL EQUITY FUND 28R5,2026-07-01,Repo,B791,2026-04-06,REPO,FIN,CALYPSOIFI,Repo,,2026-06-17
93461637,,2026-12-19,2026-06-22,2026-12-04,TDBK,WELLINGTON GLOBAL EQUITY FUND 28R5,2026-07-01,Repo,B692,2026-07-15,REPO,FIN,CALYPSOIFI,Repo,,2026-06-17
99087860,,2025-11-12,2026-08-12,2026-08-23,TDBK,BANK OF NOVA SCOTIA,2026-07-01,Repo,B503,2026-11-21,REPO,FIN,CALYPSOIFI,Rev_Repo,,2026-06-10
97281885,,2025-03-16,2026-08-09,2026-04-09,TDBK,BANK OF NOVA SCOTIA,2026-07-01,Repo,B505,2026-11-28,REPO,FIN,CALYPSOIFI,Repo,,2026-06-17
94906205,,2026-08-21,2026-11-24,2026-06-19,TDBK,SWISS LIFE AG,2026-07-01,Repo,B210,2026-05-10,REPO,FIN,CALYPSOIFI,Repo,,2026-06-10
90823251,,2025-12-05,2026-11-27,2026-11-17,TDBK,BANK OF NOVA SCOTIA,2026-07-01,Repo,B534,2026-06-01,REPO,FIN,CALYPSOIFI,Repo,,2026-06-17
94233073,,2025-08-01,2026-09-23,2026-09-06,TDBK,INVESTEC BANK LIMITED,2026-07-01,Repo,B832,2026-07-24,REPO,FIN,CALYPSOIFI,Repo,,2026-06-03
94300124,,2026-04-17,2026-02-23,2026-07-23,TDBK,MORGAN STANLEY INTL,2026-07-01,Repo,B482,2026-12-27,REPO,FIN,CALYPSOIFI,Repo,,2026-06-24
99577507,,2025-08-18,2026-12-22,2026-12-20,TDBK,INVESTEC BANK LIMITED,2026-07-01,,B268,2026-10-27,,,CALYPSOIFI,Rev_Repo,,2026-06-24
96682808,,2025-08-08,2026-06-20,2026-03-14,TDBK,WELLINGTON GLOBAL EQUITY FUND 28R5,2026-07-01,,B326,2026-12-10,REPO,FIN,CALYPSOIFI,Rev_Repo,,2026-06-03
97804450,,2026-11-24,2026-09-21,2026-09-02,TDBK,BANCO HABITAT,2026-07-01,Repo,B137,2026-09-02,REPO,FIN,CALYPSOIFI,Repo,,2026-07-01
92665585,,2025-03-23,2026-01-17,2026-12-19,TDBK,SWISS LIFE AG,2026-07-01,Repo,B190,2026-12-22,REPO,FIN,CALYPSOIFI,Repo,,2026-06-17
96027390,,2025-01-07,2026-05-22,2026-01-09,TDBK,MORGAN STANLEY INTL,2026-07-01,Repo,B677,2026-01-05,,FIN,CALYPSOIFI,Repo,,2026-07-01
95980057,,2026-12-01,2026-12-03,2026-05-18,TDBK,SWISS LIFE AG,2026-07-01,,B313,2026-04-11,REPO,FIN,CALYPSOIFI,Rev_Repo,,2026-06-10
95624476,,2025-05-05,2026-04-23,2026-10-22,TDBK,BANK OF NOVA SCOTIA,2026-07-01,Repo,B475,2026-02-22,REPO,FIN,CALYPSOIFI,Rev_Repo,,2026-06-03
94768662,,2026-05-08,2026-11-08,2026-09-04,TDBK,MORGAN STANLEY INTL,2026-07-01,Repo,B396,2026-06-13,REPO,FIN,CALYPSOIFI,Repo,,2026-06-03
96956448,,2025-12-26,2026-06-27,2026-11-10,TDBK,MORGAN STANLEY INTL,2026-07-01,Repo,B565,2026-02-13,REPO,,CALYPSOIFI,Repo,,2026-06-03
90435818,,2025-11-05,2026-04-12,2026-05-21,TDBK,CENTRAL 1 CREDIT UNION,2026-07-01,Repo,B921,2026-02-25,REPO,FIN,CALYPSOIFI,Rev_Repo,,2026-06-24
96732674,,2026-12-21,2026-09-22,2026-09-15,TDBK,CENTRAL 1 CREDIT UNION,2026-07-01,Repo,B807,2026-05-05,REPO,FIN,CALYPSOIFI,Rev_Repo,,2026-06-24
95598569,,2025-06-22,2026-02-10,2026-03-10,TDBK,DEUTSCHE BANK A.G.,2026-07-01,Repo,B737,2026-10-13,REPO,FIN,CALYPSOIFI,Rev_Repo,,2026-06-17
94253651,,2026-03-20,2026-01-16,2026-01-13,TDBK,CITIBANK NA,2026-07-01,Repo,B192,2026-06-26,REPO,FIN,CALYPSOIFI,Rev_Repo,,2026-06-10
91671999,,2026-04-03,2026-02-26,2026-01-20,TDBK,CITIBANK NA,2026-07-01,Repo,B102,2026-10-04,REPO,FIN,CALYPSOIFI,Repo,,2026-06-17
92606182,,2026-08-05,2026-04-15,2026-03-14,TDBK,MORGAN STANLEY INTL,2026-07-01,Repo,B940,2026-08-10,REPO,FIN,CALYPSOIFI,Rev_Repo,,2026-06-10
98451312,,2025-09-19,2026-12-15,2026-12-17,TDBK,WELLINGTON GLOBAL EQUITY FUND 28R5,2026-07-01,Repo,B314,2026-11-18,REPO,FIN,CALYPSOIFI,Repo,,2026-06-03
98818566,,2026-06-06,2026-02-06,2026-04-05,TDBK,MORGAN STANLEY INTL,2026-07-01,Repo,B919,2026-01-06,REPO,FIN,CALYPSOIFI,Rev_Repo,,2026-06-10
96474226,,2025-02-18,2026-06-05,2026-02-21,TDBK,,2026-07-01,,B608,2026-03-15,REPO,FIN,CALYPSOIFI,Rev_Repo,,2026-06-10
91359288,,2025-12-10,2026-04-21,2026-10-05,TDBK,INVESTEC BANK LIMITED,2026-07-01,,B599,2026-03-26,REPO,FIN,CALYPSOIFI,Rev_Repo,,2026-06-17
95284458,,2025-12-26,2026-05-23,2026-07-04,TDBK,BANCO HABITAT,2026-07-01,Repo,B117,2026-01-17,REPO,FIN,CALYPSOIFI,Rev_Repo,,2026-06-10
90586732,,2026-01-16,2026-06-02,2026-05-23,TDBK,CITIBANK NA,2026-07-01,Repo,B334,2026-03-12,REPO,FIN,CALYPSOIFI,Repo,,2026-07-01
93095562,,2026-06-20,2026-08-17,2026-02-06,TDBK,BIMCOR INC,2026-07-01,Repo,B781,2026-04-15,REPO,,CALYPSOIFI,Rev_Repo,,2026-06-24
92222574,,2026-09-09,2026-11-11,,TDBK,,2026-07-01,Repo,B679,2026-12-01,REPO,FIN,CALYPSOIFI,Repo,,2026-07-01
92627550,,2026-01-25,2026-06-16,2026-11-06,TDBK,SWISS LIFE AG,2026-07-01,Repo,B165,2026-10-26,REPO,FIN,CALYPSOIFI,Repo,,2026-07-01
90777170,,2025-09-28,2026-06-14,2026-12-09,TDBK,SWISS LIFE AG,2026-07-01,Repo,B725,2026-02-06,REPO,FIN,CALYPSOIFI,Rev_Repo,,2026-07-01
91800240,,2025-05-24,2026-10-09,2026-02-27,TDBK,WELLINGTON GLOBAL EQUITY FUND 28R5,2026-07-01,Repo,B306,2026-05-27,REPO,FIN,CALYPSOIFI,Repo,,2026-06-03
90573122,,2025-10-06,2026-09-16,2026-12-07,TDBK,CITIBANK NA,2026-07-01,Repo,B813,2026-02-24,REPO,FIN,CALYPSOIFI,Repo,,2026-06-10
95010385,,2025-03-11,2026-10-01,2026-09-24,TDBK,CITIBANK NA,2026-07-01,Repo,B308,2026-05-19,REPO,FIN,CALYPSOIFI,Rev_Repo,,2026-06-03
99243030,,2026-06-19,2026-04-23,2026-03-17,TDBK,BIMCOR INC,2026-07-01,Repo,B406,2026-05-07,REPO,,CALYPSOIFI,Repo,,2026-07-01
93789135,,2026-06-16,2026-03-06,2026-11-21,TDBK,BANK OF NOVA SCOTIA,2026-07-01,Repo,B503,2026-06-26,REPO,FIN,CALYPSOIFI,Rev_Repo,,2026-06-10
98903325,,2025-10-07,2026-07-02,2026-07-01,TDBK,INVESTEC BANK LIMITED,2026-07-01,Repo,B741,2026-10-07,REPO,FIN,CALYPSOIFI,Repo,,2026-07-01
96494891,,2026-06-12,2026-09-21,2026-08-16,TDBK,WELLINGTON GLOBAL EQUITY FUND 28R5,2026-07-01,Repo,B506,2026-10-04,REPO,FIN,CALYPSOIFI,Rev_Repo,,2026-06-03
94101346,,2026-06-07,2026-06-08,2026-09-26,TDBK,BIMCOR INC,2026-07-01,Repo,B590,2026-08-28,REPO,FIN,CALYPSOIFI,Repo,,2026-06-17
93138861,,2025-01-17,2026-09-28,2026-05-11,TDBK,,2026-07-01,Repo,B443,2026-02-14,REPO,,CALYPSOIFI,Repo,,2026-06-24
92346312,,2025-08-23,2026-11-16,2026-11-11,TDBK,CITIBANK NA,2026-07-01,Repo,B475,2026-11-28,REPO,FIN,CALYPSOIFI,Rev_Repo,,2026-07-01
97074653,,2025-08-19,2026-12-18,2026-11-07,TDBK,BIMCOR INC,2026-07-01,,B800,2026-12-20,REPO,FIN,CALYPSOIFI,Repo,,2026-06-24
91494989,,2026-01-20,2026-10-06,2026-11-14,TDBK,BANCO HABITAT,2026-07-01,Repo,B836,2026-09-16,REPO,FIN,CALYPSOIFI,Repo,,2026-06-24
90941531,,2025-04-05,2026-12-14,2026-08-26,TDBK,MORGAN STANLEY INTL,2026-07-01,Repo,B175,2026-05-19,REPO,FIN,CALYPSOIFI,Rev_Repo,,2026-07-01
91215696,,2026-02-06,2026-06-17,2026-03-02,TDBK,BANK OF NOVA SCOTIA,2026-07-01,Repo,B924,2026-12-19,REPO,FIN,CALYPSOIFI,Repo,,2026-06-24
96414996,,2026-07-25,2026-05-16,2026-09-19,TDBK,INVESTEC BANK LIMITED,2026-07-01,Repo,B161,2026-12-07,REPO,FIN,CALYPSOIFI,Repo,,2026-06-10
96813622,,2026-08-10,2026-12-20,2026-11-23,TDBK,MORGAN STANLEY INTL,2026-07-01,Repo,B501,2026-01-25,REPO,FIN,CALYPSOIFI,Rev_Repo,,2026-07-01
99847861,,2026-11-23,2026-06-06,2026-06-12,TDBK,SWISS LIFE AG,2026-07-01,Repo,B309,2026-01-27,REPO,FIN,CALYPSOIFI,Repo,,2026-06-10
98700599,,2025-12-20,2026-08-01,2026-07-20,TDBK,DEUTSCHE BANK A.G.,2026-07-01,Repo,B427,2026-08-08,REPO,FIN,CALYPSOIFI,Repo,,2026-06-24
97849250,,2026-06-16,2026-04-17,2026-12-14,TDBK,,2026-07-01,Repo,B297,2026-06-20,REPO,,CALYPSOIFI,Repo,,2026-06-03
99229917,,2026-08-26,2026-05-15,,TDBK,CENTRAL 1 CREDIT UNION,2026-07-01,Repo,B751,2026-09-06,REPO,FIN,CALYPSOIFI,Repo,,2026-06-17
92006851,,2026-11-13,2026-01-17,2026-01-28,TDBK,CENTRAL 1 CREDIT UNION,2026-07-01,Repo,B291,2026-07-28,REPO,FIN,CALYPSOIFI,Rev_Repo,,2026-06-10
95681989,,2025-06-16,2026-12-22,2026-06-23,TDBK,MORGAN STANLEY INTL,2026-07-01,Repo,B276,2026-08-19,REPO,FIN,CALYPSOIFI,Rev_Repo,,2026-06-03
95605534,,2025-08-02,2026-05-05,2026-11-15,TDBK,BIMCOR INC,2026-07-01,Repo,B862,2026-01-20,REPO,FIN,CALYPSOIFI,Repo,,2026-06-24
98515586,,2025-08-20,2026-12-02,2026-10-08,TDBK,MORGAN STANLEY INTL,2026-07-01,Repo,B574,2026-01-21,REPO,FIN,CALYPSOIFI,Rev_Repo,,2026-06-24
96486116,,2025-06-05,2026-01-01,2026-12-07,TDBK,BANCO HABITAT,2026-07-01,Repo,B753,2026-11-28,,FIN,CALYPSOIFI,Rev_Repo,,2026-06-24
90141077,,2026-10-01,2026-01-21,2026-03-16,TDBK,CENTRAL 1 CREDIT UNION,2026-07-01,Repo,B655,2026-08-28,,FIN,CALYPSOIFI,Repo,,2026-06-03
98064468,,2026-06-09,2026-11-22,2026-08-23,TDBK,BANK OF NOVA SCOTIA,2026-07-01,,B473,2026-09-12,REPO,,CALYPSOIFI,Rev_Repo,,2026-06-24
95071928,,2026-09-17,2026-02-23,2026-11-02,TDBK,WELLINGTON GLOBAL EQUITY FUND 28R5,2026-07-01,,B281,2026-11-09,REPO,FIN,CALYPSOIFI,Repo,,2026-06-03
92256429,,2026-11-13,2026-04-20,2026-12-04,TDBK,BANCO HABITAT,2026-07-01,Repo,B761,2026-05-20,REPO,FIN,CALYPSOIFI,Repo,,2026-06-03
93188809,,2026-01-15,2026-06-14,2026-06-25,TDBK,CITIBANK NA,2026-07-01,Repo,B453,2026-01-05,REPO,FIN,CALYPSOIFI,Repo,,2026-06-24
92047473,,2026-12-27,2026-09-11,2026-02-02,TDBK,CENTRAL 1 CREDIT UNION,2026-07-01,Repo,B922,2026-09-15,REPO,FIN,CALYPSOIFI,Rev_Repo,,2026-06-10
95116971,,2026-09-15,2026-07-12,2026-07-16,TDBK,DEUTSCHE BANK A.G.,2026-07-01,Repo,B353,2026-07-05,REPO,FIN,CALYPSOIFI,Repo,,2026-07-01
92169947,,2026-06-18,2026-08-08,2026-08-27,TDBK,BANCO HABITAT,2026-07-01,Repo,B386,2026-01-09,REPO,FIN,CALYPSOIFI,Repo,,2026-06-17
96698281,,2026-01-14,2026-09-14,2026-07-27,TDBK,CENTRAL 1 CREDIT UNION,2026-07-01,Repo,B960,2026-12-15,REPO,,CALYPSOIFI,Repo,,2026-06-03
90827664,,2025-08-24,2026-11-06,,TDBK,CITIBANK NA,2026-07-01,Repo,B143,2026-01-08,REPO,FIN,CALYPSOIFI,Repo,,2026-06-10
96544691,,2025-03-01,2026-03-18,2026-07-28,TDBK,,2026-07-01,Repo,B606,2026-12-13,REPO,FIN,CALYPSOIFI,Rev_Repo,,2026-06-24
97648826,,2026-06-05,2026-04-15,,TDBK,BANK OF NOVA SCOTIA,2026-07-01,,B600,2026-06-07,REPO,FIN,CALYPSOIFI,Rev_Repo,,2026-06-03
97508904,,2025-01-15,2026-10-28,2026-12-04,TDBK,BIMCOR INC,2026-07-01,Repo,B233,2026-01-05,REPO,FIN,CALYPSOIFI,Rev_Repo,,2026-06-17
90050043,,2025-03-25,2026-04-04,2026-05-13,TDBK,SWISS LIFE AG,2026-07-01,Repo,B199,2026-11-28,REPO,FIN,CALYPSOIFI,Repo,,2026-06-10
95784182,,2026-04-12,2026-02-18,2026-09-22,TDBK,INVESTEC BANK LIMITED,2026-07-01,Repo,B849,2026-02-11,REPO,FIN,CALYPSOIFI,Repo,,2026-06-03
92515225,,2026-11-08,2026-09-26,2026-10-11,TDBK,SWISS LIFE AG,2026-07-01,Repo,B770,2026-12-07,REPO,FIN,CALYPSOIFI,Rev_Repo,,2026-06-17
92291273,,2025-09-02,2026-07-25,2026-09-17,TDBK,DEUTSCHE BANK A.G.,2026-07-01,Repo,B423,2026-02-04,REPO,FIN,CALYPSOIFI,Rev_Repo,,2026-06-10
92566042,,2025-02-25,2026-02-11,2026-10-09,TDBK,MORGAN STANLEY INTL,2026-07-01,Repo,B137,2026-08-04,REPO,FIN,CALYPSOIFI,Rev_Repo,,2026-06-17
93768329,,2025-09-26,2026-10-07,2026-07-14,TDBK,BANK OF NOVA SCOTIA,2026-07-01,Repo,B322,2026-01-03,REPO,,CALYPSOIFI,Rev_Repo,,2026-06-24
94037840,,2026-03-15,2026-04-18,2026-06-21,TDBK,INVESTEC BANK LIMITED,2026-07-01,Repo,B610,2026-10-15,REPO,FIN,CALYPSOIFI,Rev_Repo,,2026-06-10
92465271,,2026-08-14,2026-11-02,2026-12-06,TDBK,BANCO HABITAT,2026-07-01,Repo,B194,2026-07-21,REPO,FIN,CALYPSOIFI,Repo,,2026-06-17
98257747,,2025-03-15,2026-12-17,2026-12-15,TDBK,CITIBANK NA,2026-07-01,Repo,B279,2026-08-19,REPO,FIN,CALYPSOIFI,Repo,,2026-06-24
98416211,,2026-09-27,2026-01-08,2026-06-28,TDBK,DEUTSCHE BANK A.G.,2026-07-01,Repo,B418,2026-05-02,REPO,FIN,CALYPSOIFI,Rev_Repo,,2026-07-01
94790935,,2025-02-19,2026-06-03,2026-11-01,TDBK,MORGAN STANLEY INTL,2026-07-01,Repo,B548,2026-08-01,REPO,FIN,CALYPSOIFI,Repo,,2026-06-03
93649180,,2026-07-05,2026-02-07,2026-03-12,TDBK,INVESTEC BANK LIMITED,2026-07-01,Repo,B328,2026-01-18,,FIN,CALYPSOIFI,Repo,,2026-06-03
92516080,,2026-02-18,2026-10-17,2026-02-21,TDBK,SWISS LIFE AG,2026-07-01,,B194,2026-12-27,REPO,,CALYPSOIFI,Repo,,2026-06-17
95253006,,2025-09-06,2026-12-10,2026-12-01,TDBK,CENTRAL 1 CREDIT UNION,2026-07-01,Repo,B304,2026-01-09,REPO,FIN,CALYPSOIFI,Repo,,2026-06-03
96818656,,2025-04-07,2026-06-13,2026-10-22,TDBK,CENTRAL 1 CREDIT UNION,2026-07-01,,B811,2026-11-27,REPO,FIN,CALYPSOIFI,Rev_Repo,,2026-06-24
99307831,,2025-08-03,2026-03-18,2026-05-14,TDBK,CITIBANK NA,2026-07-01,Repo,B225,2026-05-21,REPO,FIN,CALYPSOIFI,Rev_Repo,,2026-07-01
91405030,,2026-07-28,2026-09-15,2026-12-20,TDBK,DEUTSCHE BANK A.G.,2026-07-01,Repo,B404,2026-03-08,REPO,FIN,CALYPSOIFI,Rev_Repo,,2026-06-24
97027635,,2025-06-20,2026-04-22,,TDBK,BANK OF NOVA SCOTIA,2026-07-01,Repo,B290,2026-05-10,REPO,FIN,CALYPSOIFI,Rev_Repo,,2026-06-17
92446738,,2025-04-07,2026-08-17,2026-08-05,TDBK,INVESTEC BANK LIMITED,2026-07-01,Repo,B762,2026-01-05,REPO,,CALYPSOIFI,Rev_Repo,,2026-06-10
98510893,,2025-05-05,2026-02-04,2026-07-04,TDBK,INVESTEC BANK LIMITED,2026-07-01,Repo,B583,2026-08-12,REPO,FIN,CALYPSOIFI,Repo,,2026-06-10
92496163,,2026-07-18,2026-08-08,2026-01-10,TDBK,WELLINGTON GLOBAL EQUITY FUND 28R5,2026-07-01,Repo,B960,2026-07-05,REPO,FIN,CALYPSOIFI,Repo,,2026-06-10
91426787,,2026-11-14,2026-09-10,2026-12-05,TDBK,CITIBANK NA,2026-07-01,Repo,B221,2026-01-15,REPO,FIN,CALYPSOIFI,Rev_Repo,,2026-06-17
94375014,,2026-12-02,2026-02-26,2026-02-22,TDBK,CENTRAL 1 CREDIT UNION,2026-07-01,Repo,B816,2026-06-04,REPO,FIN,CALYPSOIFI,Rev_Repo,,2026-06-10
91000718,,2025-03-01,2026-09-26,2026-07-23,TDBK,CENTRAL 1 CREDIT UNION,2026-07-01,Repo,B404,2026-11-19,REPO,FIN,CALYPSOIFI,Repo,,2026-07-01
93220816,,2026-01-16,2026-02-17,2026-03-09,TDBK,SWISS LIFE AG,2026-07-01,Repo,B622,2026-05-12,REPO,FIN,CALYPSOIFI,Repo,,2026-06-17
98515126,,2026-09-13,2026-12-19,2026-11-02,TDBK,DEUTSCHE BANK A.G.,2026-07-01,Repo,B741,2026-02-28,REPO,FIN,CALYPSOIFI,Repo,,2026-07-01
95456042,,2025-04-24,2026-08-14,2026-11-11,TDBK,CENTRAL 1 CREDIT UNION,2026-07-01,Repo,B161,2026-10-04,REPO,FIN,CALYPSOIFI,Repo,,2026-06-03
93292851,,2025-01-13,2026-12-20,2026-06-28,TDBK,BANCO HABITAT,2026-07-01,Repo,B199,2026-03-04,REPO,FIN,CALYPSOIFI,Repo,,2026-06-03
95648510,,2026-11-08,2026-12-27,2026-04-12,TDBK,MORGAN STANLEY INTL,2026-07-01,Repo,B907,2026-04-07,REPO,FIN,CALYPSOIFI,Rev_Repo,,2026-06-10
98441385,,2026-05-02,2026-05-20,2026-03-06,TDBK,,2026-07-01,Repo,B487,2026-05-14,REPO,FIN,CALYPSOIFI,Rev_Repo,,2026-07-01
93592315,,2025-02-21,2026-02-07,2026-09-04,TDBK,CENTRAL 1 CREDIT UNION,2026-07-01,Repo,B921,2026-11-06,REPO,FIN,CALYPSOIFI,Rev_Repo,,2026-07-01
97697193,,2025-05-02,2026-01-25,2026-10-28,TDBK,,2026-07-01,Repo,B319,2026-04-12,REPO,FIN,CALYPSOIFI,Repo,,2026-06-10
99977462,,2025-10-23,2026-06-14,2026-05-10,TDBK,,2026-07-01,Repo,B575,2026-12-07,REPO,FIN,CALYPSOIFI,Repo,,2026-06-17
94776909,,2026-03-06,2026-05-04,2026-08-25,TDBK,SWISS LIFE AG,2026-07-01,,B563,2026-10-28,REPO,,CALYPSOIFI,Rev_Repo,,2026-06-03
90135517,,2025-04-17,2026-01-19,2026-03-01,TDBK,BANCO HABITAT,2026-07-01,Repo,B727,2026-08-12,REPO,FIN,CALYPSOIFI,Repo,,2026-06-03
97978924,,2026-06-23,2026-12-11,2026-05-08,TDBK,SWISS LIFE AG,2026-07-01,Repo,B952,2026-05-09,REPO,FIN,CALYPSOIFI,Rev_Repo,,2026-06-10
97656041,,2025-01-26,2026-05-01,2026-02-26,TDBK,CENTRAL 1 CREDIT UNION,2026-07-01,Repo,B205,2026-02-26,,FIN,CALYPSOIFI,Rev_Repo,,2026-06-03
91682696,,2026-10-28,2026-11-05,2026-04-15,TDBK,BANCO HABITAT,2026-07-01,Repo,B980,2026-04-03,REPO,FIN,CALYPSOIFI,Repo,,2026-06-17
91776091,,2025-03-07,2026-09-20,2026-12-04,TDBK,BANCO HABITAT,2026-07-01,Repo,B961,2026-02-06,REPO,FIN,CALYPSOIFI,Repo,,2026-06-24
95810999,,2025-08-16,2026-04-10,2026-11-14,TDBK,DEUTSCHE BANK A.G.,2026-07-01,Repo,B247,2026-05-13,REPO,FIN,CALYPSOIFI,Rev_Repo,,2026-06-03
91701628,,2026-07-16,2026-10-10,2026-12-08,TDBK,CITIBANK NA,2026-07-01,Repo,B173,2026-11-15,REPO,FIN,CALYPSOIFI,Rev_Repo,,2026-06-03
92052063,,2025-09-12,2026-11-11,2026-12-28,TDBK,BANK OF NOVA SCOTIA,2026-07-01,Repo,B418,2026-07-16,REPO,FIN,CALYPSOIFI,Repo,,2026-07-01
93254620,,2025-10-17,2026-06-27,2026-08-04,TDBK,,2026-07-01,Repo,B852,2026-01-13,REPO,FIN,CALYPSOIFI,Rev_Repo,,2026-06-17
96925542,,2026-07-25,2026-09-20,2026-02-08,TDBK,CITIBANK NA,2026-07-01,,B801,2026-08-25,REPO,FIN,CALYPSOIFI,Repo,,2026-06-03
93455662,,2025-10-26,2026-06-22,2026-12-04,TDBK,,2026-07-01,Repo,B551,2026-05-27,REPO,,CALYPSOIFI,Repo,,2026-07-01
96277665,,2025-02-20,2026-02-09,2026-06-10,TDBK,BANCO HABITAT,2026-07-01,Repo,B326,2026-03-04,,FIN,CALYPSOIFI,Repo,,2026-07-01
94092410,,2025-01-02,2026-03-20,2026-02-10,TDBK,INVESTEC BANK LIMITED,2026-07-01,Repo,B195,2026-08-02,REPO,FIN,CALYPSOIFI,Rev_Repo,,2026-07-01
98959505,,2026-05-26,2026-06-05,2026-08-05,TDBK,WELLINGTON GLOBAL EQUITY FUND 28R5,2026-07-01,Repo,B332,2026-12-10,REPO,FIN,CALYPSOIFI,Rev_Repo,,2026-07-01
96905978,,2025-11-14,2026-11-06,2026-06-25,TDBK,BANCO HABITAT,2026-07-01,Repo,B480,2026-02-13,REPO,FIN,CALYPSOIFI,Rev_Repo,,2026-06-24
90801210,,2026-01-11,2026-01-13,2026-08-10,TDBK,CITIBANK NA,2026-07-01,Repo,B507,2026-05-18,REPO,FIN,CALYPSOIFI,Repo,,2026-06-24
95755392,,2025-06-10,2026-08-01,2026-03-10,TDBK,CENTRAL 1 CREDIT UNION,2026-07-01,,B163,2026-12-17,REPO,FIN,CALYPSOIFI,Repo,,2026-06-24
90916880,,2025-09-22,2026-03-27,2026-07-23,TDBK,SWISS LIFE AG,2026-07-01,Repo,B363,2026-03-08,REPO,FIN,CALYPSOIFI,Rev_Repo,,2026-06-10
99297456,,2025-09-03,2026-01-20,2026-06-02,TDBK,BANK OF NOVA SCOTIA,2026-07-01,Repo,B156,2026-12-05,REPO,FIN,CALYPSOIFI,Repo,,2026-06-24
98779308,,2026-12-14,2026-11-14,,TDBK,CENTRAL 1 CREDIT UNION,2026-07-01,Repo,B793,2026-04-26,REPO,FIN,CALYPSOIFI,Rev_Repo,,2026-06-24
94044880,,2026-07-26,2026-08-02,2026-12-07,TDBK,,2026-07-01,Repo,B740,2026-09-17,REPO,FIN,CALYPSOIFI,Rev_Repo,,2026-06-17
95896315,,2025-08-13,2026-08-08,2026-08-01,TDBK,BANK OF NOVA SCOTIA,2026-07-01,Repo,B596,2026-07-18,REPO,FIN,CALYPSOIFI,Repo,,2026-06-03
98606828,,2026-03-21,2026-07-15,2026-08-24,TDBK,DEUTSCHE BANK A.G.,2026-07-01,Repo,B220,2026-08-11,REPO,FIN,CALYPSOIFI,Repo,,2026-06-24
91727939,,2026-06-23,2026-12-02,2026-12-04,TDBK,,2026-07-01,Repo,B344,2026-06-15,REPO,FIN,CALYPSOIFI,Repo,,2026-06-17
91048287,,2026-05-14,2026-06-18,2026-06-25,TDBK,BANK OF NOVA SCOTIA,2026-07-01,Repo,B220,2026-12-27,REPO,FIN,CALYPSOIFI,Rev_Repo,,2026-07-01
90501352,,2025-06-02,2026-01-14,2026-04-21,TDBK,WELLINGTON GLOBAL EQUITY FUND 28R5,2026-07-01,Repo,B185,2026-12-14,REPO,FIN,CALYPSOIFI,Rev_Repo,,2026-06-17
98021785,,2026-07-17,2026-02-17,2026-10-07,TDBK,WELLINGTON GLOBAL EQUITY FUND 28R5,2026-07-01,Repo,B601,2026-05-16,REPO,FIN,CALYPSOIFI,Repo,,2026-06-03
98335600,,2026-01-16,2026-04-25,,TDBK,BANCO HABITAT,2026-07-01,Repo,B369,2026-01-14,REPO,FIN,CALYPSOIFI,Rev_Repo,,2026-06-03
90447752,,2025-07-07,2026-12-25,,TDBK,MORGAN STANLEY INTL,2026-07-01,Repo,B555,2026-07-19,REPO,FIN,CALYPSOIFI,Repo,,2026-06-17
90853953,,2025-05-06,2026-06-11,2026-06-25,TDBK,BANCO HABITAT,2026-07-01,Repo,B104,2026-05-14,REPO,FIN,CALYPSOIFI,Repo,,2026-06-24
90707520,,2025-12-11,2026-08-03,,TDBK,BANCO HABITAT,2026-07-01,Repo,B425,2026-08-08,REPO,FIN,CALYPSOIFI,Rev_Repo,,2026-06-17
94440941,,2025-09-12,2026-06-05,2026-08-14,TDBK,BANK OF NOVA SCOTIA,2026-07-01,Repo,B394,2026-10-21,REPO,FIN,CALYPSOIFI,Repo,,2026-07-01
90744021,,2026-12-13,2026-04-19,,TDBK,WELLINGTON GLOBAL EQUITY FUND 28R5,2026-07-01,Repo,B960,2026-01-23,REPO,,CALYPSOIFI,Rev_Repo,,2026-06-24
98814545,,2026-07-02,2026-07-06,2026-02-09,TDBK,BANCO HABITAT,2026-07-01,Repo,B490,2026-02-10,REPO,FIN,CALYPSOIFI,Repo,,2026-07-01
92193568,,2026-10-07,2026-09-19,2026-05-22,TDBK,DEUTSCHE BANK A.G.,2026-07-01,Repo,B991,2026-10-01,REPO,FIN,CALYPSOIFI,Repo,,2026-06-03
93504767,,2026-10-10,2026-08-04,2026-07-27,TDBK,MORGAN STANLEY INTL,2026-07-01,Repo,B296,2026-05-12,REPO,FIN,CALYPSOIFI,Rev_Repo,,2026-06-17
93815345,,2026-10-09,2026-05-15,,TDBK,BIMCOR INC,2026-07-01,Repo,B346,2026-03-18,REPO,FIN,CALYPSOIFI,Rev_Repo,,2026-07-01
95741336,,2026-08-28,2026-12-19,2026-10-26,TDBK,SWISS LIFE AG,2026-07-01,Repo,B460,2026-06-03,REPO,FIN,CALYPSOIFI,Rev_Repo,,2026-06-17
95207778,,2026-01-19,2026-06-07,2026-11-16,TDBK,CITIBANK NA,2026-07-01,Repo,B454,2026-03-28,REPO,FIN,CALYPSOIFI,Rev_Repo,,2026-06-10
99392474,,2025-08-09,2026-06-12,2026-06-07,TDBK,MORGAN STANLEY INTL,2026-07-01,Repo,B949,2026-04-07,REPO,,CALYPSOIFI,Rev_Repo,,2026-07-01
93006772,,2025-10-03,2026-05-18,2026-09-07,TDBK,BIMCOR INC,2026-07-01,Repo,B265,2026-02-23,REPO,FIN,CALYPSOIFI,Repo,,2026-06-24
97198889,,2026-09-07,2026-03-09,2026-09-25,TDBK,INVESTEC BANK LIMITED,2026-07-01,Repo,B794,2026-11-05,REPO,FIN,CALYPSOIFI,Rev_Repo,,2026-06-10
96927139,,2025-12-24,2026-12-10,,TDBK,MORGAN STANLEY INTL,2026-07-01,Repo,B775,2026-01-25,REPO,FIN,CALYPSOIFI,Rev_Repo,,2026-06-03
93571753,,2025-07-02,2026-12-12,2026-06-18,TDBK,MORGAN STANLEY INTL,2026-07-01,Repo,B269,2026-04-03,REPO,FIN,CALYPSOIFI,Rev_Repo,,2026-06-24
92196108,,2026-08-19,2026-01-09,2026-06-03,TDBK,BIMCOR INC,2026-07-01,Repo,B868,2026-03-26,REPO,FIN,CALYPSOIFI,Repo,,2026-06-24
91607092,,2026-02-23,2026-11-18,2026-01-01,TDBK,,2026-07-01,Repo,B820,2026-01-17,REPO,FIN,CALYPSOIFI,Repo,,2026-06-03
97141620,,2025-08-11,2026-02-04,2026-06-08,TDBK,DEUTSCHE BANK A.G.,2026-07-01,Repo,B229,2026-10-13,,FIN,CALYPSOIFI,Repo,,2026-06-10
94163639,,2026-06-17,2026-05-03,,TDBK,CENTRAL 1 CREDIT UNION,2026-07-01,Repo,B725,2026-03-11,REPO,FIN,CALYPSOIFI,Rev_Repo,,2026-06-03
90145784,,2025-03-25,2026-04-18,2026-05-10,TDBK,CENTRAL 1 CREDIT UNION,2026-07-01,Repo,B699,2026-08-27,REPO,FIN,CALYPSOIFI,Repo,,2026-06-03
97435700,,2025-08-24,2026-12-22,2026-09-16,TDBK,BANCO HABITAT,2026-07-01,Repo,B898,2026-09-12,REPO,FIN,CALYPSOIFI,Rev_Repo,,2026-06-03
90264007,,2026-01-24,2026-08-25,2026-07-24,TDBK,INVESTEC BANK LIMITED,2026-07-01,Repo,B930,2026-07-03,REPO,FIN,CALYPSOIFI,Rev_Repo,,2026-06-03
95237198,,2025-07-12,2026-12-03,2026-03-03,TDBK,BIMCOR INC,2026-07-01,Repo,B828,2026-08-07,REPO,FIN,CALYPSOIFI,Rev_Repo,,2026-06-24
95944697,,2025-07-13,2026-08-12,2026-12-21,TDBK,,2026-07-01,Repo,B904,2026-07-02,REPO,FIN,CALYPSOIFI,Rev_Repo,,2026-07-01
94227297,,2025-12-26,2026-08-03,2026-11-26,TDBK,SWISS LIFE AG,2026-07-01,Repo,B458,2026-01-01,REPO,FIN,CALYPSOIFI,Repo,,2026-06-03
95280706,,2026-03-02,2026-03-07,2026-01-21,TDBK,BANK OF NOVA SCOTIA,2026-07-01,Repo,B463,2026-05-24,REPO,FIN,CALYPSOIFI,Repo,,2026-06-10
92574534,,2025-06-17,2026-09-21,2026-10-20,TDBK,CITIBANK NA,2026-07-01,Repo,B845,2026-11-05,REPO,FIN,CALYPSOIFI,Rev_Repo,,2026-06-24
95033930,,2026-08-19,2026-01-21,,TDBK,CITIBANK NA,2026-07-01,Repo,B860,2026-04-08,REPO,FIN,CALYPSOIFI,Repo,,2026-07-01
97353447,,2025-10-21,2026-03-24,2026-01-19,TDBK,BANK OF NOVA SCOTIA,2026-07-01,Repo,B684,2026-10-20,REPO,FIN,CALYPSOIFI,Repo,,2026-06-17
98807645,,2025-11-11,2026-12-21,2026-07-27,TDBK,BANCO HABITAT,2026-07-01,,B466,2026-12-06,REPO,FIN,CALYPSOIFI,Rev_Repo,,2026-06-10
91941653,,2025-11-22,2026-02-23,2026-07-18,TDBK,WELLINGTON GLOBAL EQUITY FUND 28R5,2026-07-01,Repo,B698,2026-06-25,REPO,FIN,CALYPSOIFI,Rev_Repo,,2026-06-17
92841663,,2025-06-03,2026-05-23,2026-04-01,TDBK,WELLINGTON GLOBAL EQUITY FUND 28R5,2026-07-01,Repo,B717,2026-12-20,REPO,FIN,CALYPSOIFI,Repo,,2026-06-03
97811909,,2025-10-11,2026-12-08,,TDBK,BANCO HABITAT,2026-07-01,Repo,B650,2026-07-26,REPO,FIN,CALYPSOIFI,Repo,,2026-06-17
96514992,,2025-04-06,2026-08-05,2026-01-18,TDBK,BANK OF NOVA SCOTIA,2026-07-01,Repo,B473,2026-06-06,REPO,FIN,CALYPSOIFI,Rev_Repo,,2026-06-17
94208261,,2026-04-17,2026-06-12,2026-07-24,TDBK,CENTRAL 1 CREDIT UNION,2026-07-01,Repo,B725,2026-05-25,REPO,FIN,CALYPSOIFI,Rev_Repo,,2026-07-01
97181421,,2026-12-16,2026-04-26,2026-12-21,TDBK,DEUTSCHE BANK A.G.,2026-07-01,Repo,B629,2026-11-09,REPO,FIN,CALYPSOIFI,Repo,,2026-06-03
95868052,,2026-05-22,2026-11-07,2026-06-08,TDBK,WELLINGTON GLOBAL EQUITY FUND 28R5,2026-07-01,Repo,B382,2026-04-03,REPO,FIN,CALYPSOIFI,Rev_Repo,,2026-06-10
90501149,,2026-02-18,2026-07-07,2026-08-21,TDBK,,2026-07-01,Repo,B902,2026-05-06,REPO,FIN,CALYPSOIFI,Repo,,2026-07-01
91188561,,2025-06-13,2026-06-16,,TDBK,DEUTSCHE BANK A.G.,2026-07-01,Repo,B846,2026-06-04,REPO,FIN,CALYPSOIFI,Repo,,2026-06-17
96639250,,2025-06-19,2026-12-27,2026-04-01,TDBK,INVESTEC BANK LIMITED,2026-07-01,Repo,B803,2026-03-11,REPO,FIN,CALYPSOIFI,Rev_Repo,,2026-06-17
91182065,,2026-01-28,2026-07-20,2026-03-21,TDBK,MORGAN STANLEY INTL,2026-07-01,,B617,2026-08-27,REPO,FIN,CALYPSOIFI,Rev_Repo,,2026-06-24
92254696,,2026-09-12,2026-02-17,2026-06-20,TDBK,CITIBANK NA,2026-07-01,Repo,B452,2026-05-21,REPO,FIN,CALYPSOIFI,Rev_Repo,,2026-07-01
99956168,,2026-11-03,2026-04-26,2026-05-09,TDBK,CENTRAL 1 CREDIT UNION,2026-07-01,Repo,B294,2026-12-17,REPO,FIN,CALYPSOIFI,Rev_Repo,,2026-06-24
99100771,,2026-08-15,2026-11-12,2026-04-18,TDBK,BANCO HABITAT,2026-07-01,Repo,B798,2026-03-16,REPO,FIN,CALYPSOIFI,Repo,,2026-07-01
95493273,,2026-10-15,2026-11-12,2026-10-02,TDBK,SWISS LIFE AG,2026-07-01,Repo,B276,2026-10-07,REPO,,CALYPSOIFI,Rev_Repo,,2026-06-17
90628618,,2025-06-08,2026-02-15,2026-05-06,TDBK,CITIBANK NA,2026-07-01,Repo,B351,2026-08-21,REPO,FIN,CALYPSOIFI,Rev_Repo,,2026-06-24
91700708,,2026-01-06,2026-08-10,2026-11-04,TDBK,DEUTSCHE BANK A.G.,2026-07-01,Repo,B860,2026-11-21,REPO,,CALYPSOIFI,Repo,,2026-07-01
97316221,,2026-04-07,2026-09-16,2026-11-17,TDBK,BIMCOR INC,2026-07-01,Repo,B187,2026-07-25,REPO,FIN,CALYPSOIFI,Rev_Repo,,2026-06-17
91126321,,2025-05-27,2026-06-02,2026-03-24,TDBK,CENTRAL 1 CREDIT UNION,2026-07-01,Repo,B189,2026-08-02,REPO,FIN,CALYPSOIFI,Repo,,2026-06-24
96982459,,2026-06-20,2026-12-23,2026-08-24,TDBK,CITIBANK NA,2026-07-01,Repo,B298,2026-01-12,REPO,FIN,CALYPSOIFI,Rev_Repo,,2026-06-03
96098298,,2025-04-02,2026-09-01,2026-02-08,TDBK,DEUTSCHE BANK A.G.,2026-07-01,Repo,B818,2026-11-02,REPO,FIN,CALYPSOIFI,Rev_Repo,,2026-06-17
90123478,,2025-11-24,2026-02-09,2026-10-06,TDBK,MORGAN STANLEY INTL,2026-07-01,Repo,B219,2026-02-07,REPO,FIN,CALYPSOIFI,Repo,,2026-06-03
92464584,,2025-12-11,2026-02-06,2026-12-20,TDBK,BANK OF NOVA SCOTIA,2026-07-01,Repo,B627,2026-02-20,REPO,,CALYPSOIFI,Rev_Repo,,2026-06-17
96934945,,2025-07-04,2026-08-09,2026-01-09,TDBK,CENTRAL 1 CREDIT UNION,2026-07-01,Repo,B421,2026-01-28,REPO,FIN,CALYPSOIFI,Repo,,2026-06-24
90045370,,2025-11-03,2026-09-23,2026-11-12,TDBK,WELLINGTON GLOBAL EQUITY FUND 28R5,2026-07-01,Repo,B846,2026-11-22,,FIN,CALYPSOIFI,Rev_Repo,,2026-06-03
96926933,,2025-09-17,2026-07-13,2026-03-08,TDBK,CENTRAL 1 CREDIT UNION,2026-07-01,,B427,2026-11-09,REPO,FIN,CALYPSOIFI,Rev_Repo,,2026-07-01
92667103,,2025-05-18,2026-10-05,2026-03-24,TDBK,CENTRAL 1 CREDIT UNION,2026-07-01,Repo,B258,2026-12-24,REPO,FIN,CALYPSOIFI,Repo,,2026-06-24
99805681,,2026-01-24,2026-10-02,2026-12-22,TDBK,MORGAN STANLEY INTL,2026-07-01,Repo,B731,2026-08-22,REPO,FIN,CALYPSOIFI,Repo,,2026-06-10
90524068,,2026-11-23,2026-01-23,2026-01-02,TDBK,SWISS LIFE AG,2026-07-01,Repo,B613,2026-05-20,REPO,FIN,CALYPSOIFI,Rev_Repo,,2026-06-03
98293556,,2025-02-10,2026-11-26,2026-09-07,TDBK,BIMCOR INC,2026-07-01,Repo,B127,2026-04-06,REPO,,CALYPSOIFI,Repo,,2026-06-24
99142637,,2026-07-07,2026-09-07,2026-01-27,TDBK,BIMCOR INC,2026-07-01,Repo,B742,2026-06-04,REPO,,CALYPSOIFI,Rev_Repo,,2026-06-10
99593116,,2025-06-17,2026-12-28,2026-11-07,TDBK,DEUTSCHE BANK A.G.,2026-07-01,Repo,B702,2026-10-02,REPO,,CALYPSOIFI,Rev_Repo,,2026-06-03
98535963,,2026-06-24,2026-02-10,2026-09-11,TDBK,WELLINGTON GLOBAL EQUITY FUND 28R5,2026-07-01,Repo,B335,2026-03-21,REPO,FIN,CALYPSOIFI,Rev_Repo,,2026-06-10
95733379,,2025-09-19,2026-10-11,2026-06-10,TDBK,CITIBANK NA,2026-07-01,Repo,B376,2026-01-07,REPO,FIN,CALYPSOIFI,Rev_Repo,,2026-06-24
92209027,,2026-01-02,2026-02-19,2026-07-18,TDBK,BANCO HABITAT,2026-07-01,Repo,B978,2026-06-13,REPO,FIN,CALYPSOIFI,Repo,,2026-06-03
97299705,,2026-03-04,2026-07-12,2026-12-24,TDBK,CENTRAL 1 CREDIT UNION,2026-07-01,Repo,B782,2026-10-01,REPO,FIN,CALYPSOIFI,Rev_Repo,,2026-06-24
93688807,,2026-04-23,2026-05-11,2026-02-04,TDBK,MORGAN STANLEY INTL,2026-07-01,Repo,B781,2026-06-16,REPO,FIN,CALYPSOIFI,Repo,,2026-06-17
95279391,,2025-05-18,2026-04-28,2026-05-02,TDBK,DEUTSCHE BANK A.G.,2026-07-01,Repo,B465,2026-05-06,,FIN,CALYPSOIFI,Rev_Repo,,2026-06-17
93148140,,2025-01-14,2026-07-01,2026-11-03,TDBK,CITIBANK NA,2026-07-01,Repo,B495,2026-07-14,,FIN,CALYPSOIFI,Repo,,2026-07-01
99187031,,2025-08-09,2026-05-20,2026-09-12,TDBK,WELLINGTON GLOBAL EQUITY FUND 28R5,2026-07-01,Repo,B291,2026-04-18,REPO,FIN,CALYPSOIFI,Rev_Repo,,2026-06-03
96241420,,2026-08-16,2026-07-16,2026-01-26,TDBK,DEUTSCHE BANK A.G.,2026-07-01,Repo,B698,2026-01-15,REPO,FIN,CALYPSOIFI,Rev_Repo,,2026-06-10
98528849,,2025-05-22,2026-10-28,2026-07-05,TDBK,BIMCOR INC,2026-07-01,Repo,B757,2026-04-21,REPO,FIN,CALYPSOIFI,Repo,,2026-06-03
94127149,,2026-07-02,2026-06-18,,TDBK,INVESTEC BANK LIMITED,2026-07-01,Repo,B878,2026-07-21,REPO,FIN,CALYPSOIFI,Repo,,2026-06-03
95639492,,2026-10-08,2026-09-11,2026-02-22,TDBK,CITIBANK NA,2026-07-01,Repo,B180,2026-08-13,REPO,FIN,CALYPSOIFI,Repo,,2026-06-03
99474907,,2025-06-17,2026-05-13,2026-06-12,TDBK,DEUTSCHE BANK A.G.,2026-07-01,Repo,B778,2026-10-04,REPO,FIN,CALYPSOIFI,Repo,,2026-06-17
90403432,,2026-12-18,2026-10-07,2026-04-28,TDBK,WELLINGTON GLOBAL EQUITY FUND 28R5,2026-07-01,,B702,2026-04-26,,FIN,CALYPSOIFI,Rev_Repo,,2026-06-10
96747212,,2026-02-11,2026-04-22,2026-02-25,TDBK,BIMCOR INC,2026-07-01,Repo,B701,2026-03-22,REPO,,CALYPSOIFI,Rev_Repo,,2026-06-17
90819798,,2025-09-22,2026-03-25,2026-12-11,TDBK,SWISS LIFE AG,2026-07-01,Repo,B769,2026-01-18,REPO,FIN,CALYPSOIFI,Rev_Repo,,2026-06-24
99102908,,2025-07-21,2026-04-21,2026-10-17,TDBK,SWISS LIFE AG,2026-07-01,Repo,B667,2026-02-12,REPO,FIN,CALYPSOIFI,Rev_Repo,,2026-06-17
98098693,,2025-09-02,2026-05-16,2026-04-03,TDBK,CITIBANK NA,2026-07-01,Repo,B563,2026-05-18,REPO,FIN,CALYPSOIFI,Rev_Repo,,2026-06-03
90974469,,2025-10-11,2026-03-20,2026-10-24,TDBK,CITIBANK NA,2026-07-01,Repo,B248,2026-04-04,REPO,FIN,CALYPSOIFI,Rev_Repo,,2026-06-10
95989824,,2026-01-14,2026-10-24,2026-02-21,TDBK,CITIBANK NA,2026-07-01,Repo,B723,2026-10-14,REPO,FIN,CALYPSOIFI,Repo,,2026-06-03
98902249,,2025-09-14,2026-05-14,2026-05-05,TDBK,SWISS LIFE AG,2026-07-01,Repo,B285,2026-07-08,REPO,FIN,CALYPSOIFI,Rev_Repo,,2026-06-17
98733623,,2026-07-08,2026-04-14,2026-10-28,TDBK,INVESTEC BANK LIMITED,2026-07-01,Repo,B415,2026-10-22,REPO,FIN,CALYPSOIFI,Rev_Repo,,2026-06-24
98657290,,2025-08-24,2026-12-09,2026-06-08,TDBK,CENTRAL 1 CREDIT UNION,2026-07-01,Repo,B105,2026-06-04,REPO,FIN,CALYPSOIFI,Repo,,2026-06-03
90552633,,2025-09-25,2026-06-02,2026-05-13,TDBK,BANK OF NOVA SCOTIA,2026-07-01,Repo,B695,2026-10-04,REPO,FIN,CALYPSOIFI,Rev_Repo,,2026-06-10
95714484,,2026-10-25,2026-06-05,2026-09-22,TDBK,BIMCOR INC,2026-07-01,Repo,B587,2026-11-28,REPO,FIN,CALYPSOIFI,Repo,,2026-06-10
92555852,,2025-11-18,2026-07-20,2026-09-09,TDBK,SWISS LIFE AG,2026-07-01,Repo,B814,2026-04-01,REPO,FIN,CALYPSOIFI,Rev_Repo,,2026-06-03
90342477,,2026-02-10,2026-10-25,2026-02-22,TDBK,SWISS LIFE AG,2026-07-01,Repo,B535,2026-12-18,REPO,FIN,CALYPSOIFI,Rev_Repo,,2026-06-10
90681789,,2025-09-06,2026-10-26,2026-12-25,TDBK,BIMCOR INC,2026-07-01,Repo,B592,2026-08-16,REPO,FIN,CALYPSOIFI,Rev_Repo,,2026-06-24
99726050,,2025-01-24,2026-09-26,2026-07-28,TDBK,INVESTEC BANK LIMITED,2026-07-01,,B156,2026-09-25,,FIN,CALYPSOIFI,Repo,,2026-06-03
94326817,,2026-12-09,2026-12-14,2026-01-26,TDBK,BANK OF NOVA SCOTIA,2026-07-01,Repo,B265,2026-06-05,REPO,FIN,CALYPSOIFI,Rev_Repo,,2026-06-10
91645299,,2026-10-06,2026-06-13,2026-06-22,TDBK,CENTRAL 1 CREDIT UNION,2026-07-01,Repo,B785,2026-10-06,REPO,FIN,CALYPSOIFI,Repo,,2026-06-17
95231845,,2025-07-24,2026-08-04,2026-03-09,TDBK,CENTRAL 1 CREDIT UNION,2026-07-01,Repo,B271,2026-09-26,REPO,FIN,CALYPSOIFI,Rev_Repo,,2026-06-03
96495480,,2026-03-26,2026-11-03,2026-12-12,TDBK,WELLINGTON GLOBAL EQUITY FUND 28R5,2026-07-01,Repo,B752,2026-10-04,REPO,FIN,CALYPSOIFI,Repo,,2026-06-03
96979810,,2026-04-01,2026-06-02,2026-02-15,TDBK,SWISS LIFE AG,2026-07-01,Repo,B699,2026-03-06,REPO,FIN,CALYPSOIFI,Repo,,2026-07-01
93966117,,2025-04-05,2026-08-07,2026-01-25,TDBK,BIMCOR INC,2026-07-01,Repo,B440,2026-07-09,REPO,,CALYPSOIFI,Rev_Repo,,2026-06-10
97024270,,2025-08-24,2026-02-15,2026-03-22,TDBK,CENTRAL 1 CREDIT UNION,2026-07-01,Repo,B675,2026-05-22,REPO,FIN,CALYPSOIFI,Repo,,2026-07-01
95612266,,2025-05-26,2026-07-05,2026-10-11,TDBK,BANK OF NOVA SCOTIA,2026-07-01,Repo,B877,2026-08-09,REPO,,CALYPSOIFI,Repo,,2026-06-03
96101139,,2026-05-20,2026-08-05,2026-02-02,TDBK,INVESTEC BANK LIMITED,2026-07-01,,B157,2026-05-13,REPO,FIN,CALYPSOIFI,Rev_Repo,,2026-07-01
95245208,,2026-01-20,2026-12-26,2026-10-04,TDBK,INVESTEC BANK LIMITED,2026-07-01,Repo,B798,2026-07-07,REPO,FIN,CALYPSOIFI,Rev_Repo,,2026-06-17
92374470,,2025-05-23,2026-06-11,2026-03-13,TDBK,MORGAN STANLEY INTL,2026-07-01,Repo,B658,2026-03-24,REPO,,CALYPSOIFI,Rev_Repo,,2026-06-03
98163748,,2026-12-28,2026-02-27,2026-09-09,TDBK,MORGAN STANLEY INTL,2026-07-01,Repo,B523,2026-10-24,REPO,FIN,CALYPSOIFI,Repo,,2026-06-03
91730231,,2025-01-03,2026-05-28,,TDBK,CITIBANK NA,2026-07-01,,B740,2026-05-07,REPO,FIN,CALYPSOIFI,Rev_Repo,,2026-06-10
96433714,,2025-03-28,2026-01-28,2026-04-05,TDBK,BANK OF NOVA SCOTIA,2026-07-01,Repo,B679,2026-03-26,REPO,FIN,CALYPSOIFI,Rev_Repo,,2026-06-24
90049860,,2026-07-13,2026-08-02,2026-08-15,TDBK,INVESTEC BANK LIMITED,2026-07-01,Repo,B569,2026-11-14,REPO,FIN,CALYPSOIFI,Repo,,2026-06-03
90347751,,2025-11-18,2026-01-23,2026-09-22,TDBK,CENTRAL 1 CREDIT UNION,2026-07-01,Repo,B254,2026-09-21,REPO,FIN,CALYPSOIFI,Rev_Repo,,2026-06-17
90731301,,2025-02-03,2026-09-02,2026-06-13,TDBK,WELLINGTON GLOBAL EQUITY FUND 28R5,2026-07-01,Repo,B715,2026-02-08,REPO,FIN,CALYPSOIFI,Rev_Repo,,2026-07-01
99062757,,2026-04-18,2026-01-14,2026-07-19,TDBK,BIMCOR INC,2026-07-01,Repo,B893,2026-03-13,REPO,FIN,CALYPSOIFI,Rev_Repo,,2026-06-03
98567317,,2025-02-12,2026-11-01,2026-05-13,TDBK,WELLINGTON GLOBAL EQUITY FUND 28R5,2026-07-01,Repo,B177,2026-05-04,REPO,FIN,CALYPSOIFI,Repo,,2026-06-17
91809616,,2026-08-23,2026-11-23,2026-07-14,TDBK,BANCO HABITAT,2026-07-01,Repo,B732,2026-12-13,,FIN,CALYPSOIFI,Rev_Repo,,2026-07-01
90974409,,2025-10-14,2026-11-22,2026-09-18,TDBK,CENTRAL 1 CREDIT UNION,2026-07-01,Repo,B638,2026-09-08,REPO,FIN,CALYPSOIFI,Rev_Repo,,2026-06-17
98837385,,2026-05-08,2026-01-10,2026-11-26,TDBK,CENTRAL 1 CREDIT UNION,2026-07-01,Repo,B763,2026-09-07,,FIN,CALYPSOIFI,Repo,,2026-07-01
92055680,,2025-12-02,2026-11-25,2026-02-12,TDBK,CITIBANK NA,2026-07-01,Repo,B686,2026-06-22,REPO,FIN,CALYPSOIFI,Rev_Repo,,2026-06-24
92582076,,2025-10-05,2026-02-20,2026-01-11,TDBK,BANK OF NOVA SCOTIA,2026-07-01,Repo,B197,2026-12-10,REPO,FIN,CALYPSOIFI,Repo,,2026-06-10
95728820,,2025-10-02,2026-09-14,2026-06-02,TDBK,,2026-07-01,Repo,B479,2026-12-07,REPO,FIN,CALYPSOIFI,Repo,,2026-06-10
94561674,,2025-07-12,2026-08-15,2026-05-06,TDBK,,2026-07-01,Repo,B803,2026-07-03,REPO,FIN,CALYPSOIFI,Repo,,2026-06-10
91357389,,2025-03-19,2026-08-21,,TDBK,MORGAN STANLEY INTL,2026-07-01,Repo,B323,2026-01-07,REPO,FIN,CALYPSOIFI,Repo,,2026-07-01
93357519,,2026-11-02,2026-02-23,2026-09-09,TDBK,INVESTEC BANK LIMITED,2026-07-01,Repo,B332,2026-02-04,REPO,FIN,CALYPSOIFI,Repo,,2026-06-10
92509447,,2025-12-24,2026-11-14,2026-10-07,TDBK,SWISS LIFE AG,2026-07-01,Repo,B585,2026-06-21,REPO,FIN,CALYPSOIFI,Rev_Repo,,2026-06-17
90636575,,2025-10-16,2026-11-05,2026-08-10,TDBK,SWISS LIFE AG,2026-07-01,Repo,B721,2026-02-11,REPO,FIN,CALYPSOIFI,Rev_Repo,,2026-06-03
96105878,,2025-04-24,2026-06-03,2026-08-23,TDBK,,2026-07-01,Repo,B107,2026-11-27,REPO,FIN,CALYPSOIFI,Repo,,2026-06-17
96871390,,2025-08-11,2026-04-22,2026-11-27,TDBK,BANCO HABITAT,2026-07-01,Repo,B564,2026-11-10,REPO,FIN,CALYPSOIFI,Repo,,2026-06-10
95186129,,2026-04-12,2026-07-16,2026-05-20,TDBK,BIMCOR INC,2026-07-01,Repo,B461,2026-09-10,REPO,,CALYPSOIFI,Repo,,2026-06-03
95637318,,2026-12-27,2026-05-17,2026-04-25,TDBK,SWISS LIFE AG,2026-07-01,,B627,2026-01-05,,FIN,CALYPSOIFI,Repo,,2026-07-01
99030948,,2025-10-11,2026-04-06,2026-03-04,TDBK,INVESTEC BANK LIMITED,2026-07-01,Repo,B784,2026-11-18,REPO,FIN,CALYPSOIFI,Repo,,2026-06-10
90160594,,2025-09-23,2026-12-20,2026-05-15,TDBK,BANK OF NOVA SCOTIA,2026-07-01,,B845,2026-03-12,REPO,FIN,CALYPSOIFI,Repo,,2026-07-01
93394002,,2025-09-19,2026-12-21,2026-08-06,TDBK,,2026-07-01,Repo,B785,2026-02-10,REPO,FIN,CALYPSOIFI,Repo,,2026-07-01
94352969,,2025-12-03,2026-12-03,2026-02-25,TDBK,BANCO HABITAT,2026-07-01,Repo,B268,2026-05-02,REPO,FIN,CALYPSOIFI,Rev_Repo,,2026-06-24
98392692,,2026-08-04,2026-02-25,2026-08-28,TDBK,WELLINGTON GLOBAL EQUITY FUND 28R5,2026-07-01,Repo,B805,2026-03-12,,FIN,CALYPSOIFI,Rev_Repo,,2026-06-03
96604441,,2025-05-21,2026-09-10,2026-01-28,TDBK,BIMCOR INC,2026-07-01,Repo,B630,2026-07-13,REPO,FIN,CALYPSOIFI,Repo,,2026-06-10
99428735,,2025-11-06,2026-03-28,,TDBK,CITIBANK NA,2026-07-01,Repo,B128,2026-02-19,,FIN,CALYPSOIFI,Rev_Repo,,2026-06-03
91125034,,2026-08-12,2026-04-18,2026-10-10,TDBK,WELLINGTON GLOBAL EQUITY FUND 28R5,2026-07-01,Repo,B758,2026-03-17,REPO,,CALYPSOIFI,Repo,,2026-06-17
93671680,,2026-03-14,2026-11-15,2026-02-18,TDBK,WELLINGTON GLOBAL EQUITY FUND 28R5,2026-07-01,Repo,B679,2026-02-25,REPO,FIN,CALYPSOIFI,Repo,,2026-06-17
96671550,,2025-01-09,2026-09-17,2026-01-17,TDBK,MORGAN STANLEY INTL,2026-07-01,Repo,B788,2026-02-09,REPO,FIN,CALYPSOIFI,Rev_Repo,,2026-06-17
95839714,,2026-09-24,2026-09-18,2026-11-22,TDBK,CENTRAL 1 CREDIT UNION,2026-07-01,Repo,B860,2026-12-12,REPO,FIN,CALYPSOIFI,Repo,,2026-06-24
97217569,,2026-06-05,2026-02-19,,TDBK,MORGAN STANLEY INTL,2026-07-01,Repo,B693,2026-02-02,REPO,FIN,CALYPSOIFI,Rev_Repo,,2026-06-17
95679568,,2026-08-24,2026-06-04,2026-11-28,TDBK,INVESTEC BANK LIMITED,2026-07-01,Repo,B926,2026-07-04,REPO,FIN,CALYPSOIFI,Rev_Repo,,2026-06-10
98326986,,2026-10-12,2026-03-25,2026-11-25,TDBK,DEUTSCHE BANK A.G.,2026-07-01,Repo,B373,2026-09-08,REPO,FIN,CALYPSOIFI,Rev_Repo,,2026-06-10
93068638,,2026-12-05,2026-08-20,2026-06-02,TDBK,,2026-07-01,Repo,B179,2026-10-10,REPO,FIN,CALYPSOIFI,Repo,,2026-07-01
90788284,,2026-12-19,2026-01-19,2026-01-27,TDBK,DEUTSCHE BANK A.G.,2026-07-01,Repo,B462,2026-09-02,REPO,FIN,CALYPSOIFI,Repo,,2026-06-24
99766207,,2025-08-24,2026-01-19,2026-01-18,TDBK,CITIBANK NA,2026-07-01,,B844,2026-01-05,REPO,,CALYPSOIFI,Repo,,2026-06-03
96694438,,2026-12-01,2026-07-02,2026-12-04,TDBK,DEUTSCHE BANK A.G.,2026-07-01,,B228,2026-01-04,REPO,FIN,CALYPSOIFI,Repo,,2026-06-10
90956468,,2025-03-04,2026-08-18,2026-02-07,TDBK,BANK OF NOVA SCOTIA,2026-07-01,Repo,B972,2026-01-03,REPO,FIN,CALYPSOIFI,Repo,,2026-06-10
98246094,,2025-08-22,2026-03-25,,TDBK,BANCO HABITAT,2026-07-01,Repo,B615,2026-04-22,REPO,FIN,CALYPSOIFI,Rev_Repo,,2026-07-01
99711550,,2026-07-21,2026-12-08,2026-05-10,TDBK,BANCO HABITAT,2026-07-01,Repo,B364,2026-10-24,REPO,FIN,CALYPSOIFI,Rev_Repo,,2026-07-01
97285309,,2026-01-11,2026-10-27,2026-07-19,TDBK,SWISS LIFE AG,2026-07-01,Repo,B831,2026-06-10,,FIN,CALYPSOIFI,Rev_Repo,,2026-07-01
95353610,,2026-08-02,2026-12-19,2026-01-26,TDBK,MORGAN STANLEY INTL,2026-07-01,Repo,B827,2026-04-25,REPO,FIN,CALYPSOIFI,Repo,,2026-06-24
93269693,,2025-04-07,2026-07-28,2026-02-21,TDBK,MORGAN STANLEY INTL,2026-07-01,Repo,B852,2026-06-10,REPO,FIN,CALYPSOIFI,Rev_Repo,,2026-06-24
97366486,,2025-10-27,2026-07-19,2026-07-04,TDBK,SWISS LIFE AG,2026-07-01,Repo,B271,2026-09-12,REPO,FIN,CALYPSOIFI,Repo,,2026-06-03
95938337,,2025-02-12,2026-06-20,2026-05-02,TDBK,BIMCOR INC,2026-07-01,Repo,B928,2026-06-08,REPO,FIN,CALYPSOIFI,Rev_Repo,,2026-07-01
99403059,,2025-06-09,2026-04-11,2026-05-25,TDBK,INVESTEC BANK LIMITED,2026-07-01,Repo,B644,2026-10-10,REPO,FIN,CALYPSOIFI,Rev_Repo,,2026-06-24
92602587,,2026-12-04,2026-06-28,,TDBK,BANCO HABITAT,2026-07-01,,B541,2026-09-05,,FIN,CALYPSOIFI,Rev_Repo,,2026-06-17
99135857,,2026-01-16,2026-04-20,2026-02-24,TDBK,BANK OF NOVA SCOTIA,2026-07-01,Repo,B636,2026-10-21,REPO,FIN,CALYPSOIFI,Rev_Repo,,2026-06-03
90292928,,2026-03-09,2026-09-13,2026-07-18,TDBK,CITIBANK NA,2026-07-01,Repo,B803,2026-11-05,REPO,FIN,CALYPSOIFI,Rev_Repo,,2026-06-10
97914759,,2026-01-14,2026-04-10,2026-10-27,TDBK,BIMCOR INC,2026-07-01,Repo,B572,2026-08-12,REPO,FIN,CALYPSOIFI,Repo,,2026-06-17
93281498,,2025-05-25,2026-11-27,2026-07-05,TDBK,BANCO HABITAT,2026-07-01,Repo,B284,2026-04-02,REPO,FIN,CALYPSOIFI,Repo,,2026-06-17
91083908,,2025-10-26,2026-09-03,2026-06-05,TDBK,SWISS LIFE AG,2026-07-01,Repo,B994,2026-08-27,REPO,FIN,CALYPSOIFI,Rev_Repo,,2026-06-03
98959621,,2025-07-05,2026-12-21,2026-07-19,TDBK,INVESTEC BANK LIMITED,2026-07-01,,B664,2026-06-26,,FIN,CALYPSOIFI,Rev_Repo,,2026-06-17
91530806,,2026-11-17,2026-06-20,2026-03-09,TDBK,INVESTEC BANK LIMITED,2026-07-01,Repo,B296,2026-09-01,REPO,FIN,CALYPSOIFI,Repo,,2026-06-24
94939914,,2025-08-11,2026-01-08,2026-12-19,TDBK,,2026-07-01,Repo,B927,2026-01-10,REPO,FIN,CALYPSOIFI,Repo,,2026-07-01
99299331,,2025-08-25,2026-07-12,,TDBK,WELLINGTON GLOBAL EQUITY FUND 28R5,2026-07-01,Repo,B196,2026-05-05,REPO,,CALYPSOIFI,Rev_Repo,,2026-06-24
91844934,,2026-06-02,2026-06-10,2026-09-20,TDBK,CITIBANK NA,2026-07-01,Repo,B355,2026-09-17,REPO,FIN,CALYPSOIFI,Rev_Repo,,2026-06-24
99861749,,2026-12-26,2026-08-12,2026-03-15,TDBK,WELLINGTON GLOBAL EQUITY FUND 28R5,2026-07-01,Repo,B306,2026-11-05,REPO,FIN,CALYPSOIFI,Repo,,2026-06-17
97795614,,2026-02-01,2026-09-18,2026-12-14,TDBK,MORGAN STANLEY INTL,2026-07-01,Repo,B921,2026-10-17,REPO,FIN,CALYPSOIFI,Repo,,2026-07-01
93006407,,2026-12-12,2026-08-19,2026-01-04,TDBK,BANCO HABITAT,2026-07-01,,B381,2026-12-26,REPO,FIN,CALYPSOIFI,Rev_Repo,,2026-07-01
94870047,,2025-07-27,2026-10-12,2026-03-22,TDBK,DEUTSCHE BANK A.G.,2026-07-01,,B175,2026-11-03,REPO,FIN,CALYPSOIFI,Repo,,2026-06-24
95703679,,2026-03-15,2026-11-07,2026-04-26,TDBK,BANK OF NOVA SCOTIA,2026-07-01,Repo,B718,2026-01-25,REPO,FIN,CALYPSOIFI,Repo,,2026-07-01
96898329,,2025-06-24,2026-11-21,,TDBK,BIMCOR INC,2026-07-01,Repo,B275,2026-09-09,REPO,FIN,CALYPSOIFI,Repo,,2026-06-24
90433720,,2026-11-28,2026-10-17,2026-09-22,TDBK,SWISS LIFE AG,2026-07-01,Repo,B457,2026-06-27,REPO,FIN,CALYPSOIFI,Repo,,2026-06-03
96869824,,2026-11-22,2026-07-28,2026-02-23,TDBK,BANCO HABITAT,2026-07-01,Repo,B559,2026-08-14,REPO,FIN,CALYPSOIFI,Rev_Repo,,2026-07-01
96085614,,2026-09-14,2026-06-23,2026-04-11,TDBK,BIMCOR INC,2026-07-01,Repo,B802,2026-09-20,REPO,FIN,CALYPSOIFI,Rev_Repo,,2026-06-10
98964493,,2026-03-18,2026-12-21,2026-04-24,TDBK,CITIBANK NA,2026-07-01,Repo,B676,2026-12-14,,FIN,CALYPSOIFI,Repo,,2026-06-10
92585954,,2026-11-01,2026-05-07,2026-10-04,TDBK,BIMCOR INC,2026-07-01,Repo,B943,2026-01-22,REPO,FIN,CALYPSOIFI,Rev_Repo,,2026-06-17
93836588,,2026-09-22,2026-11-05,2026-12-15,TDBK,BANCO HABITAT,2026-07-01,Repo,B643,2026-08-27,REPO,FIN,CALYPSOIFI,Repo,,2026-06-24
96521447,,2026-11-13,2026-02-07,2026-03-02,TDBK,DEUTSCHE BANK A.G.,2026-07-01,Repo,B856,2026-04-27,REPO,FIN,CALYPSOIFI,Repo,,2026-06-10
96004742,,2025-09-26,2026-04-04,2026-09-12,TDBK,CITIBANK NA,2026-07-01,Repo,B269,2026-03-20,REPO,FIN,CALYPSOIFI,Rev_Repo,,2026-06-24
99104379,,2025-08-28,2026-01-03,2026-08-21,TDBK,CITIBANK NA,2026-07-01,Repo,B208,2026-01-12,REPO,FIN,CALYPSOIFI,Rev_Repo,,2026-06-24
94286930,,2025-11-05,2026-06-26,2026-08-27,TDBK,BANK OF NOVA SCOTIA,2026-07-01,,B383,2026-02-17,REPO,FIN,CALYPSOIFI,Repo,,2026-07-01
99703305,,2026-09-18,2026-06-07,2026-10-01,TDBK,DEUTSCHE BANK A.G.,2026-07-01,Repo,B150,2026-03-22,REPO,FIN,CALYPSOIFI,Repo,,2026-06-17
93514649,,2025-08-16,2026-04-23,2026-12-01,TDBK,SWISS LIFE AG,2026-07-01,,B794,2026-12-03,REPO,FIN,CALYPSOIFI,Repo,,2026-06-24
98362464,,2025-10-20,2026-07-22,2026-03-04,TDBK,BIMCOR INC,2026-07-01,Repo,B603,2026-10-17,REPO,FIN,CALYPSOIFI,Rev_Repo,,2026-06-10
93797875,,2025-10-20,2026-06-06,2026-04-23,TDBK,CITIBANK NA,2026-07-01,Repo,B198,2026-07-20,REPO,FIN,CALYPSOIFI,Repo,,2026-07-01
97727242,,2026-06-19,2026-12-22,2026-09-09,TDBK,CITIBANK NA,2026-07-01,Repo,B402,2026-02-04,REPO,FIN,CALYPSOIFI,Repo,,2026-06-17
94771859,,2026-09-26,2026-01-10,2026-09-01,TDBK,INVESTEC BANK LIMITED,2026-07-01,Repo,B316,2026-01-04,REPO,FIN,CALYPSOIFI,Rev_Repo,,2026-06-10
98892446,,2025-08-21,2026-05-03,2026-10-24,TDBK,MORGAN STANLEY INTL,2026-07-01,Repo,B435,2026-01-11,REPO,FIN,CALYPSOIFI,Repo,,2026-06-10
93339023,,2026-09-08,2026-01-19,2026-10-20,TDBK,SWISS LIFE AG,2026-07-01,Repo,B701,2026-09-01,REPO,FIN,CALYPSOIFI,Repo,,2026-07-01
92211283,,2025-07-26,2026-08-17,2026-08-22,TDBK,CENTRAL 1 CREDIT UNION,2026-07-01,Repo,B883,2026-09-09,REPO,FIN,CALYPSOIFI,Repo,,2026-06-03
91454867,,2026-02-12,2026-08-03,2026-08-25,TDBK,CENTRAL 1 CREDIT UNION,2026-07-01,Repo,B979,2026-09-04,REPO,,CALYPSOIFI,Repo,,2026-06-03
90492031,,2025-06-12,2026-07-13,2026-10-12,TDBK,,2026-07-01,Repo,B907,2026-06-09,,FIN,CALYPSOIFI,Rev_Repo,,2026-06-10
98492254,,2025-08-06,2026-06-17,2026-01-25,TDBK,BANK OF NOVA SCOTIA,2026-07-01,Repo,B941,2026-06-15,REPO,FIN,CALYPSOIFI,Rev_Repo,,2026-06-10
93145328,,2026-10-17,2026-01-15,2026-12-15,TDBK,CITIBANK NA,2026-07-01,Repo,B984,2026-07-19,REPO,FIN,CALYPSOIFI,Rev_Repo,,2026-06-10
91780500,,2026-02-24,2026-05-27,2026-09-20,TDBK,INVESTEC BANK LIMITED,2026-07-01,Repo,B549,2026-04-05,,FIN,CALYPSOIFI,Rev_Repo,,2026-07-01
95278340,,2025-06-27,2026-06-09,2026-06-17,TDBK,DEUTSCHE BANK A.G.,2026-07-01,Repo,B976,2026-07-21,REPO,FIN,CALYPSOIFI,Rev_Repo,,2026-06-10
90233093,,2026-04-05,2026-06-07,2026-09-12,TDBK,SWISS LIFE AG,2026-07-01,Repo,B133,2026-02-12,REPO,FIN,CALYPSOIFI,Rev_Repo,,2026-07-01
98534874,,2026-09-03,2026-08-24,2026-06-12,TDBK,BANK OF NOVA SCOTIA,2026-07-01,Repo,B408,2026-04-02,REPO,FIN,CALYPSOIFI,Rev_Repo,,2026-06-24
96669688,,2026-01-15,2026-10-04,2026-03-21,TDBK,SWISS LIFE AG,2026-07-01,Repo,B686,2026-01-17,REPO,FIN,CALYPSOIFI,Repo,,2026-06-03
92987706,,2025-09-25,2026-07-13,2026-12-21,TDBK,,2026-07-01,Repo,B744,2026-02-16,REPO,FIN,CALYPSOIFI,Rev_Repo,,2026-06-24
92403428,,2026-08-22,2026-01-09,2026-11-20,TDBK,BANK OF NOVA SCOTIA,2026-07-01,Repo,B863,2026-12-07,,FIN,CALYPSOIFI,Repo,,2026-07-01
92206235,,2026-08-20,2026-02-14,2026-06-12,TDBK,MORGAN STANLEY INTL,2026-07-01,Repo,B549,2026-03-24,,FIN,CALYPSOIFI,Rev_Repo,,2026-06-10
94182843,,2026-12-26,2026-10-23,2026-03-04,TDBK,DEUTSCHE BANK A.G.,2026-07-01,Repo,B730,2026-10-25,REPO,FIN,CALYPSOIFI,Repo,,2026-06-10
92421283,,2025-09-26,2026-03-24,2026-01-07,TDBK,INVESTEC BANK LIMITED,2026-07-01,Repo,B366,2026-10-04,REPO,,CALYPSOIFI,Rev_Repo,,2026-06-03
90316842,,2025-04-20,2026-05-07,2026-08-27,TDBK,MORGAN STANLEY INTL,2026-07-01,Repo,B441,2026-10-03,REPO,FIN,CALYPSOIFI,Rev_Repo,,2026-06-24
90821673,,2026-02-06,2026-11-04,2026-10-07,TDBK,INVESTEC BANK LIMITED,2026-07-01,Repo,B938,2026-06-13,REPO,FIN,CALYPSOIFI,Rev_Repo,,2026-06-24
91985931,,2025-06-20,2026-02-20,2026-07-14,TDBK,DEUTSCHE BANK A.G.,2026-07-01,Repo,B157,2026-08-16,REPO,FIN,CALYPSOIFI,Rev_Repo,,2026-06-10
91834060,,2026-11-19,2026-04-16,2026-03-26,TDBK,MORGAN STANLEY INTL,2026-07-01,Repo,B843,2026-02-19,REPO,FIN,CALYPSOIFI,Rev_Repo,,2026-06-17
98754934,,2025-09-06,2026-03-17,2026-09-07,TDBK,MORGAN STANLEY INTL,2026-07-01,Repo,B919,2026-02-08,REPO,FIN,CALYPSOIFI,Rev_Repo,,2026-06-10
99991226,,2026-09-05,2026-12-22,2026-07-19,TDBK,WELLINGTON GLOBAL EQUITY FUND 28R5,2026-07-01,Repo,B663,2026-07-26,REPO,FIN,CALYPSOIFI,Repo,,2026-06-10
91170028,,2026-04-20,2026-12-14,2026-09-02,TDBK,CENTRAL 1 CREDIT UNION,2026-07-01,Repo,B348,2026-06-09,REPO,FIN,CALYPSOIFI,Rev_Repo,,2026-06-10
99758799,,2025-02-15,2026-05-18,2026-06-24,TDBK,MORGAN STANLEY INTL,2026-07-01,Repo,B817,2026-11-15,REPO,FIN,CALYPSOIFI,Repo,,2026-06-17
99753768,,2025-08-12,2026-08-15,2026-10-19,TDBK,BIMCOR INC,2026-07-01,Repo,B486,2026-01-05,REPO,FIN,CALYPSOIFI,Repo,,2026-06-03
93625005,,2025-04-11,2026-12-09,2026-04-23,TDBK,CITIBANK NA,2026-07-01,Repo,B373,2026-11-20,REPO,FIN,CALYPSOIFI,Repo,,2026-06-17
95582943,,2026-12-06,2026-09-19,,TDBK,MORGAN STANLEY INTL,2026-07-01,Repo,B375,2026-07-17,REPO,FIN,CALYPSOIFI,Repo,,2026-07-01
90516328,,2025-04-10,2026-08-25,2026-10-06,TDBK,CITIBANK NA,2026-07-01,Repo,B765,2026-10-22,REPO,FIN,CALYPSOIFI,Rev_Repo,,2026-06-24
93346511,,2025-12-14,2026-02-19,2026-09-16,TDBK,MORGAN STANLEY INTL,2026-07-01,Repo,B540,2026-11-26,REPO,FIN,CALYPSOIFI,Repo,,2026-06-17
91848463,,2026-05-06,2026-02-01,2026-09-01,TDBK,DEUTSCHE BANK A.G.,2026-07-01,Repo,B230,2026-09-17,REPO,FIN,CALYPSOIFI,Rev_Repo,,2026-06-24
94066903,,2025-08-14,2026-06-16,2026-05-09,TDBK,BANK OF NOVA SCOTIA,2026-07-01,Repo,B717,2026-09-10,REPO,FIN,CALYPSOIFI,Rev_Repo,,2026-06-03
94492589,,2025-01-17,2026-05-19,2026-08-16,TDBK,BIMCOR INC,2026-07-01,Repo,B854,2026-10-26,REPO,FIN,CALYPSOIFI,Repo,,2026-06-17
99770809,,2026-08-16,2026-03-16,,TDBK,CITIBANK NA,2026-07-01,Repo,B926,2026-07-17,REPO,FIN,CALYPSOIFI,Repo,,2026-06-24
90767793,,2026-03-28,2026-09-14,2026-07-19,TDBK,BANCO HABITAT,2026-07-01,Repo,B102,2026-08-22,REPO,FIN,CALYPSOIFI,Repo,,2026-06-10
90337429,,2026-01-24,2026-07-23,2026-01-06,TDBK,SWISS LIFE AG,2026-07-01,Repo,B207,2026-09-12,REPO,FIN,CALYPSOIFI,Rev_Repo,,2026-06-17
91283976,,2025-12-05,2026-07-12,2026-04-17,TDBK,DEUTSCHE BANK A.G.,2026-07-01,Repo,B386,2026-11-03,REPO,FIN,CALYPSOIFI,Rev_Repo,,2026-06-24
97149869,,2025-10-14,2026-05-02,2026-06-06,TDBK,CITIBANK NA,2026-07-01,Repo,B539,2026-08-15,REPO,FIN,CALYPSOIFI,Rev_Repo,,2026-06-03
92208929,,2025-04-05,2026-04-18,2026-12-26,TDBK,BIMCOR INC,2026-07-01,Repo,B567,2026-01-05,REPO,FIN,CALYPSOIFI,Repo,,2026-06-03
93440950,,2025-05-14,2026-11-13,2026-01-07,TDBK,,2026-07-01,Repo,B550,2026-05-04,REPO,FIN,CALYPSOIFI,Repo,,2026-06-17
96073251,,2026-11-05,2026-01-05,2026-01-28,TDBK,SWISS LIFE AG,2026-07-01,Repo,B776,2026-02-08,REPO,FIN,CALYPSOIFI,Rev_Repo,,2026-06-17
97077943,,2025-07-27,2026-05-24,2026-09-14,TDBK,SWISS LIFE AG,2026-07-01,Repo,B871,2026-01-25,REPO,FIN,CALYPSOIFI,Repo,,2026-06-24
96461550,,2025-08-13,2026-06-15,2026-05-13,TDBK,DEUTSCHE BANK A.G.,2026-07-01,,B348,2026-05-05,REPO,FIN,CALYPSOIFI,Repo,,2026-07-01
96321755,,2025-09-15,2026-12-12,2026-10-02,TDBK,WELLINGTON GLOBAL EQUITY FUND 28R5,2026-07-01,Repo,B454,2026-06-26,REPO,FIN,CALYPSOIFI,Repo,,2026-06-17
97445786,,2026-09-06,2026-03-07,2026-03-07,TDBK,BIMCOR INC,2026-07-01,Repo,B423,2026-11-05,REPO,FIN,CALYPSOIFI,Repo,,2026-07-01
96694449,,2026-05-19,2026-12-23,2026-12-25,TDBK,CITIBANK NA,2026-07-01,,B104,2026-05-28,REPO,FIN,CALYPSOIFI,Repo,,2026-06-10
93634950,,2026-04-28,2026-06-28,2026-08-07,TDBK,CITIBANK NA,2026-07-01,Repo,B629,2026-09-04,REPO,FIN,CALYPSOIFI,Repo,,2026-06-10
96939296,,2025-05-26,2026-03-03,2026-08-21,TDBK,CENTRAL 1 CREDIT UNION,2026-07-01,Repo,B285,2026-10-11,REPO,FIN,CALYPSOIFI,Repo,,2026-06-03
90497169,,2025-01-11,2026-12-28,2026-03-02,TDBK,BIMCOR INC,2026-07-01,Repo,B150,2026-11-05,REPO,FIN,CALYPSOIFI,Repo,,2026-07-01
91318585,,2026-06-05,2026-08-24,2026-11-02,TDBK,WELLINGTON GLOBAL EQUITY FUND 28R5,2026-07-01,Repo,B986,2026-07-04,REPO,FIN,CALYPSOIFI,Repo,,2026-07-01
98992823,,2025-02-22,2026-05-13,2026-02-10,TDBK,WELLINGTON GLOBAL EQUITY FUND 28R5,2026-07-01,Repo,B658,2026-06-21,REPO,,CALYPSOIFI,Repo,,2026-07-01
97463768,,2025-05-10,2026-08-03,2026-12-01,TDBK,SWISS LIFE AG,2026-07-01,Repo,B918,2026-05-11,REPO,FIN,CALYPSOIFI,Repo,,2026-06-17
94858364,,2025-12-16,2026-08-13,2026-08-01,TDBK,DEUTSCHE BANK A.G.,2026-07-01,Repo,B655,2026-02-16,,FIN,CALYPSOIFI,Rev_Repo,,2026-07-01
96181118,,2026-09-11,2026-04-10,2026-11-03,TDBK,BANK OF NOVA SCOTIA,2026-07-01,Repo,B967,2026-10-04,REPO,FIN,CALYPSOIFI,Rev_Repo,,2026-07-01
91973636,,2026-03-25,2026-09-21,2026-01-27,TDBK,BANCO HABITAT,2026-07-01,Repo,B372,2026-05-27,REPO,FIN,CALYPSOIFI,Rev_Repo,,2026-06-17
99344021,,2026-12-16,2026-01-18,2026-03-20,TDBK,WELLINGTON GLOBAL EQUITY FUND 28R5,2026-07-01,Repo,B679,2026-11-26,REPO,FIN,CALYPSOIFI,Repo,,2026-07-01
93874518,,2026-01-10,2026-05-13,2026-07-19,TDBK,CITIBANK NA,2026-07-01,Repo,B788,2026-07-06,REPO,FIN,CALYPSOIFI,Rev_Repo,,2026-06-24
93840987,,2025-05-12,2026-02-22,2026-10-25,TDBK,BANCO HABITAT,2026-07-01,Repo,B463,2026-08-23,REPO,FIN,CALYPSOIFI,Rev_Repo,,2026-06-17
97563618,,2026-09-22,2026-07-18,2026-12-06,TDBK,BANK OF NOVA SCOTIA,2026-07-01,Repo,B683,2026-01-04,REPO,FIN,CALYPSOIFI,Rev_Repo,,2026-06-17
95681788,,2025-03-28,2026-05-14,2026-09-17,TDBK,WELLINGTON GLOBAL EQUITY FUND 28R5,2026-07-01,Repo,B863,2026-11-28,REPO,FIN,CALYPSOIFI,Rev_Repo,,2026-06-03
92310058,,2025-10-11,2026-07-04,2026-09-13,TDBK,MORGAN STANLEY INTL,2026-07-01,Repo,B966,2026-03-17,REPO,FIN,CALYPSOIFI,Repo,,2026-07-01
91902807,,2025-09-13,2026-03-03,2026-01-22,TDBK,CENTRAL 1 CREDIT UNION,2026-07-01,Repo,B126,2026-09-17,,FIN,CALYPSOIFI,Rev_Repo,,2026-06-24
91381794,,2026-12-21,2026-10-22,2026-11-23,TDBK,BIMCOR INC,2026-07-01,Repo,B217,2026-04-28,REPO,FIN,CALYPSOIFI,Repo,,2026-06-17
94770094,,2026-08-19,2026-09-26,,TDBK,BIMCOR INC,2026-07-01,Repo,B147,2026-12-11,REPO,FIN,CALYPSOIFI,Rev_Repo,,2026-06-10
93931154,,2025-12-19,2026-06-04,2026-02-23,TDBK,SWISS LIFE AG,2026-07-01,Repo,B161,2026-12-20,REPO,FIN,CALYPSOIFI,Rev_Repo,,2026-06-03
96677569,,2025-06-07,2026-06-03,2026-12-28,TDBK,BIMCOR INC,2026-07-01,Repo,B511,2026-08-01,REPO,,CALYPSOIFI,Repo,,2026-06-24
