base_threshold_principal,base_threshold_counterparty,base_min_transfer_principal,base_min_transfer_counterparty,counterparty_rounding,principal_rounding,base_total_exposure_amount,action,agreed_amount,base_call_amount,booked_amount_first_leg,booked_amount_second_leg,call_status,counterparty_amount,reporting_call_amount,agreement_id,event_id,external_id,instrument_id,margin_type,reporting_currency,dispute_age,rescued_data,reporting_date
0.0,0.0,0.0,0.0,10000.0,10000.0,0.0,ITM No Calls,4000000.0,4000000.0,,,No Call Required,,4000000.0,11689,99795,7800,,Net,USD,0.0,,2026-06-17
0.0,250000.0,0.0,0.0,10000.0,10000.0,0.0,Recall,1600000.0,1600000.0,,,No Call Required,,1600000.0,10976,96226,7723,,Net,USD,0.0,,2026-06-17
0.0,0.0,0.0,0.0,10000.0,10000.0,-100000.0,ITM No Calls,1000000.0,1000000.0,,,No Call Required,,1000000.0,10979,95214,7649,,Net,USD,0.0,,2026-06-24
0.0,0.0,0.0,0.0,10000.0,10000.0,300000.0,Call,3600000.0,3600000.0,,,No Call Required,,3600000.0,11353,90107,7915,,Net,USD,,,2026-07-01
0.0,250000.0,0.0,250000.0,10000.0,10000.0,100000.0,Recall,4200000.0,4200000.0,,,No Call Required,,4200000.0,11124,93619,7239,,Net,USD,0.0,,2026-07-01
0.0,0.0,0.0,0.0,10000.0,10000.0,500000.0,ITM No Calls,400000.0,400000.0,,,No Call Required,,400000.0,10064,98442,7574,,Net,USD,0.0,,2026-06-24
0.0,0.0,0.0,250000.0,10000.0,10000.0,200000.0,ITM No Calls,4900000.0,4900000.0,,,No Call Required,,4900000.0,10158,90726,7844,,Net,USD,0.0,,2026-06-17
0.0,250000.0,0.0,0.0,10000.0,10000.0,300000.0,Recall,1500000.0,1500000.0,,,No Call Required,,1500000.0,10294,96571,7756,,Net,USD,0.0,,2026-06-24
0.0,250000.0,0.0,250000.0,10000.0,10000.0,300000.0,Call,3400000.0,3400000.0,,,Pending Review,,3400000.0,10286,96594,7192,,Net,USD,0.0,,2026-06-03
0.0,250000.0,0.0,0.0,10000.0,10000.0,100000.0,Call,4900000.0,4900000.0,,,Pending Review,,4900000.0,11879,99274,7031,,Net,USD,0.0,,2026-06-10
0.0,0.0,0.0,0.0,10000.0,10000.0,-100000.0,Call,1500000.0,1500000.0,,,No Call Required,,1500000.0,10417,93618,7255,,Net,USD,0.0,,2026-06-24
0.0,250000.0,0.0,250000.0,10000.0,10000.0,400000.0,Call,3200000.0,3200000.0,,,Pending Review,,3200000.0,10551,90701,7403,,Net,USD,0.0,,2026-06-17
0.0,250000.0,0.0,250000.0,10000.0,10000.0,400000.0,Call,4300000.0,4300000.0,,,Pending Review,,4300000.0,10123,99299,7595,,Net,USD,0.0,,2026-06-24
0.0,0.0,0.0,0.0,10000.0,10000.0,-100000.0,Recall,200000.0,200000.0,,,No Call Required,,200000.0,10918,93054,7374,,Net,USD,0.0,,2026-06-10
0.0,0.0,0.0,0.0,10000.0,10000.0,-100000.0,Recall,1400000.0,1400000.0,,,No Call Required,,1400000.0,11403,99772,7187,,Net,USD,0.0,,2026-06-10
0.0,250000.0,0.0,250000.0,10000.0,10000.0,0.0,Call,3000000.0,3000000.0,,,No Call Required,,3000000.0,10679,95635,7079,,Net,USD,0.0,,2026-06-10
0.0,0.0,0.0,250000.0,10000.0,10000.0,200000.0,Recall,3800000.0,3800000.0,,,Pending Review,,3800000.0,10638,98752,7152,,Net,USD,0.0,,2026-06-03
0.0,250000.0,0.0,250000.0,10000.0,10000.0,0.0,Call,2400000.0,2400000.0,,,Pending Review,,2400000.0,11297,96972,7193,,Net,USD,0.0,,2026-06-03
0.0,250000.0,0.0,0.0,10000.0,10000.0,300000.0,Recall,2900000.0,2900000.0,,,Pending Review,,2900000.0,10404,90300,7013,,Net,USD,0.0,,2026-06-17
0.0,0.0,0.0,250000.0,10000.0,10000.0,-100000.0,ITM No Calls,1600000.0,1600000.0,,,Pending Review,,1600000.0,11842,92948,7421,,Net,USD,,,2026-06-17
0.0,0.0,0.0,0.0,10000.0,10000.0,0.0,Recall,4700000.0,4700000.0,,,No Call Required,,4700000.0,11986,90330,7604,,Net,USD,0.0,,2026-06-17
0.0,0.0,0.0,250000.0,10000.0,10000.0,-100000.0,Recall,1500000.0,1500000.0,,,No Call Required,,1500000.0,10838,90393,7909,,Net,USD,0.0,,2026-06-10
0.0,250000.0,0.0,0.0,10000.0,10000.0,500000.0,Recall,4800000.0,4800000.0,,,Pending Review,,4800000.0,10301,93792,7696,,Net,USD,0.0,,2026-06-03
0.0,0.0,0.0,250000.0,10000.0,10000.0,400000.0,Call,3400000.0,3400000.0,,,No Call Required,,3400000.0,11322,99861,7612,,Net,USD,0.0,,2026-06-17
0.0,0.0,0.0,0.0,10000.0,10000.0,0.0,ITM No Calls,4700000.0,4700000.0,,,Pending Review,,4700000.0,10978,98159,7101,,Net,USD,0.0,,2026-06-03
0.0,0.0,0.0,0.0,10000.0,10000.0,0.0,Recall,4900000.0,4900000.0,,,Pending Review,,4900000.0,11975,90052,7285,,Net,USD,0.0,,2026-06-17
0.0,0.0,0.0,0.0,10000.0,10000.0,300000.0,ITM No Calls,4200000.0,4200000.0,,,No Call Required,,4200000.0,10072,91060,7458,,Net,USD,0.0,,2026-06-17
0.0,0.0,0.0,0.0,10000.0,10000.0,100000.0,Call,400000.0,400000.0,,,No Call Required,,400000.0,11487,94302,7582,,Net,USD,0.0,,2026-06-03
0.0,250000.0,0.0,250000.0,10000.0,10000.0,-100000.0,Call,2100000.0,2100000.0,,,No Call Required,,2100000.0,11809,96865,7018,,Net,USD,0.0,,2026-06-24
0.0,250000.0,0.0,0.0,10000.0,10000.0,300000.0,Call,3400000.0,3400000.0,,,Pending Review,,3400000.0,11446,93461,7619,,Net,USD,0.0,,2026-06-10
0.0,250000.0,0.0,250000.0,10000.0,10000.0,200000.0,ITM No Calls,2900000.0,2900000.0,,,Pending Review,,2900000.0,10844,91336,7066,,Net,USD,0.0,,2026-06-10
0.0,0.0,0.0,250000.0,10000.0,10000.0,200000.0,Call,2500000.0,2500000.0,,,Pending Review,,2500000.0,10056,90068,7310,,Net,USD,0.0,,2026-06-24
0.0,250000.0,0.0,250000.0,10000.0,10000.0,400000.0,Call,2000000.0,2000000.0,,,Pending Review,,2000000.0,11564,93951,7601,,Net,USD,,,2026-06-17
0.0,0.0,0.0,0.0,10000.0,10000.0,0.0,Call,500000.0,500000.0,,,Pending Review,,500000.0,11844,94693,7310,,Net,USD,0.0,,2026-07-01
0.0,0.0,0.0,250000.0,10000.0,10000.0,500000.0,Recall,4700000.0,4700000.0,,,Pending Review,,4700000.0,10817,93411,7507,,Net,USD,0.0,,2026-06-17
0.0,0.0,0.0,0.0,10000.0,10000.0,100000.0,ITM No Calls,4500000.0,4500000.0,,,Pending Review,,4500000.0,11230,96269,7559,,Net,USD,0.0,,2026-06-03
0.0,0.0,0.0,0.0,10000.0,10000.0,500000.0,ITM No Calls,2700000.0,2700000.0,,,No Call Required,,2700000.0,11793,94491,7643,,Net,USD,0.0,,2026-06-24
0.0,250000.0,0.0,250000.0,10000.0,10000.0,400000.0,ITM No Calls,200000.0,200000.0,,,No Call Required,,200000.0,11204,91240,7477,,Net,USD,0.0,,2026-06-03
0.0,0.0,0.0,250000.0,10000.0,10000.0,200000.0,Recall,4800000.0,4800000.0,,,Pending Review,,4800000.0,11730,99997,7336,,Net,USD,0.0,,2026-06-24
0.0,250000.0,0.0,250000.0,10000.0,10000.0,0.0,Recall,4800000.0,4800000.0,,,Pending Review,,4800000.0,10406,94073,7763,,Net,USD,0.0,,2026-06-17
0.0,250000.0,0.0,250000.0,10000.0,10000.0,0.0,Call,800000.0,800000.0,,,Pending Review,,800000.0,11593,99264,7558,,Net,USD,0.0,,2026-06-03
0.0,250000.0,0.0,250000.0,10000.0,10000.0,200000.0,Recall,3900000.0,3900000.0,,,Pending Review,,3900000.0,10406,94198,7072,,Net,USD,0.0,,2026-06-03
0.0,0.0,0.0,250000.0,10000.0,10000.0,300000.0,ITM No Calls,4800000.0,4800000.0,,,No Call Required,,4800000.0,10369,92016,7943,,Net,USD,0.0,,2026-06-24
0.0,0.0,0.0,250000.0,10000.0,10000.0,100000.0,Call,3900000.0,3900000.0,,,Pending Review,,3900000.0,10910,99373,7367,,Net,USD,0.0,,2026-06-03
0.0,0.0,0.0,250000.0,10000.0,10000.0,-200000.0,Recall,2800000.0,2800000.0,,,No Call Required,,2800000.0,11490,99106,7368,,Net,USD,0.0,,2026-06-10
0.0,250000.0,0.0,250000.0,10000.0,10000.0,400000.0,Recall,3000000.0,3000000.0,,,No Call Required,,3000000.0,10663,90125,7546,,Net,USD,0.0,,2026-06-24
0.0,250000.0,0.0,250000.0,10000.0,10000.0,100000.0,Call,600000.0,600000.0,,,Pending Review,,600000.0,11629,92344,7401,,Net,USD,0.0,,2026-06-24
0.0,250000.0,0.0,0.0,10000.0,10000.0,200000.0,ITM No Calls,2300000.0,2300000.0,,,Pending Review,,2300000.0,11746,97478,7333,,Net,USD,0.0,,2026-06-10
0.0,0.0,0.0,250000.0,10000.0,10000.0,500000.0,Call,0.0,0.0,,,No Call Required,,0.0,11970,90301,7867,,Net,USD,0.0,,2026-07-01
0.0,0.0,0.0,250000.0,10000.0,10000.0,-100000.0,ITM No Calls,2400000.0,2400000.0,,,No Call Required,,2400000.0,10783,96596,7959,,Net,USD,,,2026-06-24
0.0,250000.0,0.0,0.0,10000.0,10000.0,500000.0,Recall,4500000.0,4500000.0,,,Pending Review,,4500000.0,11785,90503,7121,,Net,USD,0.0,,2026-07-01
0.0,0.0,0.0,250000.0,10000.0,10000.0,200000.0,Call,3400000.0,3400000.0,,,No Call Required,,3400000.0,10278,93424,7144,,Net,USD,0.0,,2026-06-10
0.0,250000.0,0.0,0.0,10000.0,10000.0,100000.0,Recall,4300000.0,4300000.0,,,No Call Required,,4300000.0,11041,97731,7054,,Net,USD,0.0,,2026-06-03
0.0,250000.0,0.0,0.0,10000.0,10000.0,-100000.0,ITM No Calls,4900000.0,4900000.0,,,No Call Required,,4900000.0,10174,99156,7875,,Net,USD,0.0,,2026-07-01
0.0,250000.0,0.0,0.0,10000.0,10000.0,-100000.0,Call,2800000.0,2800000.0,,,Pending Review,,2800000.0,11035,93550,7824,,Net,USD,,,2026-06-24
0.0,0.0,0.0,0.0,10000.0,10000.0,300000.0,ITM No Calls,800000.0,800000.0,,,No Call Required,,800000.0,11153,95559,7312,,Net,USD,0.0,,2026-06-03
0.0,250000.0,0.0,0.0,10000.0,10000.0,-100000.0,Recall,3500000.0,3500000.0,,,No Call Required,,3500000.0,10966,96177,7305,,Net,USD,0.0,,2026-06-03
0.0,250000.0,0.0,250000.0,10000.0,10000.0,-100000.0,Call,4800000.0,4800000.0,,,No Call Required,,4800000.0,10429,90902,7538,,Net,USD,0.0,,2026-07-01
0.0,0.0,0.0,0.0,10000.0,10000.0,100000.0,Call,1000000.0,1000000.0,,,No Call Required,,1000000.0,11852,91936,7244,,Net,USD,0.0,,2026-06-17
0.0,250000.0,0.0,0.0,10000.0,10000.0,200000.0,Call,1500000.0,1500000.0,,,Pending Review,,1500000.0,10191,90354,7175,,Net,USD,0.0,,2026-06-03
0.0,0.0,0.0,0.0,10000.0,10000.0,100000.0,ITM No Calls,500000.0,500000.0,,,No Call Required,,500000.0,11853,90507,7951,,Net,USD,0.0,,2026-06-24
0.0,250000.0,0.0,250000.0,10000.0,10000.0,500000.0,Recall,300000.0,300000.0,,,No Call Required,,300000.0,10822,94267,7419,,Net,USD,,,2026-06-24
0.0,250000.0,0.0,0.0,10000.0,10000.0,100000.0,Call,200000.0,200000.0,,,Pending Review,,200000.0,11314,91373,7440,,Net,USD,0.0,,2026-06-03
0.0,250000.0,0.0,250000.0,10000.0,10000.0,300000.0,Recall,1600000.0,1600000.0,,,Pending Review,,1600000.0,10366,95616,7685,,Net,USD,0.0,,2026-06-24
0.0,0.0,0.0,0.0,10000.0,10000.0,100000.0,Recall,2900000.0,2900000.0,,,Pending Review,,2900000.0,11186,97432,7524,,Net,USD,,,2026-06-24
0.0,250000.0,0.0,250000.0,10000.0,10000.0,300000.0,Call,2200000.0,2200000.0,,,Pending Review,,2200000.0,10113,95901,7843,,Net,USD,0.0,,2026-06-10
0.0,0.0,0.0,250000.0,10000.0,10000.0,500000.0,Recall,2200000.0,2200000.0,,,Pending Review,,2200000.0,11359,98917,7812,,Net,USD,0.0,,2026-06-24
0.0,0.0,0.0,250000.0,10000.0,10000.0,400000.0,Call,3400000.0,3400000.0,,,No Call Required,,3400000.0,10592,95400,7921,,Net,USD,0.0,,2026-06-24
0.0,0.0,0.0,250000.0,10000.0,10000.0,300000.0,ITM No Calls,0.0,0.0,,,No Call Required,,0.0,11716,93859,7413,,Net,USD,0.0,,2026-06-03
0.0,250000.0,0.0,250000.0,10000.0,10000.0,500000.0,ITM No Calls,1900000.0,1900000.0,,,No Call Required,,1900000.0,10582,96163,7887,,Net,USD,0.0,,2026-06-17
0.0,0.0,0.0,250000.0,10000.0,10000.0,100000.0,Recall,2300000.0,2300000.0,,,No Call Required,,2300000.0,10718,99667,7197,,Net,USD,0.0,,2026-06-24
0.0,0.0,0.0,250000.0,10000.0,10000.0,100000.0,Recall,1800000.0,1800000.0,,,No Call Required,,1800000.0,11704,97647,7786,,Net,USD,0.0,,2026-07-01
0.0,0.0,0.0,0.0,10000.0,10000.0,0.0,ITM No Calls,4900000.0,4900000.0,,,No Call Required,,4900000.0,10635,90422,7168,,Net,USD,0.0,,2026-06-03
0.0,250000.0,0.0,250000.0,10000.0,10000.0,200000.0,Call,4900000.0,4900000.0,,,Pending Review,,4900000.0,10962,92140,7064,,Net,USD,0.0,,2026-06-24
0.0,250000.0,0.0,0.0,10000.0,10000.0,-100000.0,ITM No Calls,3900000.0,3900000.0,,,Pending Review,,3900000.0,10647,91293,7617,,Net,USD,,,2026-06-17
0.0,0.0,0.0,250000.0,10000.0,10000.0,400000.0,ITM No Calls,3900000.0,3900000.0,,,Pending Review,,3900000.0,10541,91271,7595,,Net,USD,0.0,,2026-06-24
0.0,250000.0,0.0,0.0,10000.0,10000.0,0.0,ITM No Calls,1700000.0,1700000.0,,,Pending Review,,1700000.0,10831,98548,7765,,Net,USD,0.0,,2026-06-10
0.0,0.0,0.0,0.0,10000.0,10000.0,0.0,ITM No Calls,1400000.0,1400000.0,,,No Call Required,,1400000.0,11445,99775,7141,,Net,USD,0.0,,2026-06-03
0.0,250000.0,0.0,0.0,10000.0,10000.0,-200000.0,ITM No Calls,3700000.0,3700000.0,,,No Call Required,,3700000.0,10046,94994,7198,,Net,USD,0.0,,2026-06-03
0.0,250000.0,0.0,0.0,10000.0,10000.0,100000.0,ITM No Calls,2400000.0,2400000.0,,,Pending Review,,2400000.0,10548,92669,7554,,Net,USD,0.0,,2026-06-17
0.0,0.0,0.0,0.0,10000.0,10000.0,400000.0,Recall,700000.0,700000.0,,,Pending Review,,700000.0,11252,94967,7989,,Net,USD,0.0,,2026-07-01
0.0,250000.0,0.0,250000.0,10000.0,10000.0,200000.0,Recall,1800000.0,1800000.0,,,Pending Review,,1800000.0,10084,97036,7384,,Net,USD,0.0,,2026-07-01
0.0,250000.0,0.0,250000.0,10000.0,10000.0,100000.0,Call,500000.0,500000.0,,,Pending Review,,500000.0,11159,91907,7116,,Net,USD,0.0,,2026-06-17
0.0,250000.0,0.0,250000.0,10000.0,10000.0,100000.0,Call,800000.0,800000.0,,,No Call Required,,800000.0,11222,98731,7134,,Net,USD,0.0,,2026-06-03
0.0,0.0,0.0,250000.0,10000.0,10000.0,100000.0,Call,800000.0,800000.0,,,No Call Required,,800000.0,11076,92733,7799,,Net,USD,0.0,,2026-06-10
0.0,0.0,0.0,250000.0,10000.0,10000.0,300000.0,ITM No Calls,4200000.0,4200000.0,,,No Call Required,,4200000.0,10904,98751,7509,,Net,USD,0.0,,2026-06-10
0.0,0.0,0.0,0.0,10000.0,10000.0,500000.0,Call,2300000.0,2300000.0,,,Pending Review,,2300000.0,11990,95728,7006,,Net,USD,0.0,,2026-06-17
0.0,250000.0,0.0,250000.0,10000.0,10000.0,300000.0,Recall,4500000.0,4500000.0,,,Pending Review,,4500000.0,10984,96973,7096,,Net,USD,0.0,,2026-07-01
0.0,0.0,0.0,250000.0,10000.0,10000.0,300000.0,ITM No Calls,3900000.0,3900000.0,,,Pending Review,,3900000.0,11450,99739,7705,,Net,USD,,,2026-06-17
0.0,0.0,0.0,0.0,10000.0,10000.0,-100000.0,ITM No Calls,500000.0,500000.0,,,No Call Required,,500000.0,11622,94664,7159,,Net,USD,,,2026-06-24
0.0,0.0,0.0,0.0,10000.0,10000.0,0.0,Call,1300000.0,1300000.0,,,Pending Review,,1300000.0,10132,96322,7064,,Net,USD,0.0,,2026-06-24
0.0,250000.0,0.0,250000.0,10000.0,10000.0,-100000.0,Recall,900000.0,900000.0,,,Pending Review,,900000.0,10076,93456,7096,,Net,USD,0.0,,2026-06-10
0.0,250000.0,0.0,0.0,10000.0,10000.0,400000.0,Call,1700000.0,1700000.0,,,Pending Review,,1700000.0,10006,90321,7958,,Net,USD,0.0,,2026-06-03
0.0,0.0,0.0,0.0,10000.0,10000.0,-100000.0,Call,700000.0,700000.0,,,Pending Review,,700000.0,11533,94724,7492,,Net,USD,0.0,,2026-06-17
0.0,250000.0,0.0,0.0,10000.0,10000.0,500000.0,Call,5000000.0,5000000.0,,,Pending Review,,5000000.0,10763,96709,7841,,Net,USD,0.0,,2026-07-01
0.0,0.0,0.0,250000.0,10000.0,10000.0,400000.0,Recall,4500000.0,4500000.0,,,Pending Review,,4500000.0,10458,95354,7282,,Net,USD,0.0,,2026-06-17
0.0,250000.0,0.0,0.0,10000.0,10000.0,500000.0,Recall,4600000.0,4600000.0,,,Pending Review,,4600000.0,11705,96405,7112,,Net,USD,0.0,,2026-06-10
0.0,0.0,0.0,250000.0,10000.0,10000.0,200000.0,Recall,900000.0,900000.0,,,No Call Required,,900000.0,10995,95345,7512,,Net,USD,0.0,,2026-07-01
0.0,250000.0,0.0,250000.0,10000.0,10000.0,400000.0,Recall,4700000.0,4700000.0,,,Pending Review,,4700000.0,10531,94540,7834,,Net,USD,0.0,,2026-06-03
0.0,250000.0,0.0,250000.0,10000.0,10000.0,0.0,Call,3700000.0,3700000.0,,,Pending Review,,3700000.0,10689,96802,7744,,Net,USD,0.0,,2026-06-24
0.0,0.0,0.0,250000.0,10000.0,10000.0,200000.0,Call,3500000.0,3500000.0,,,Pending Review,,3500000.0,10497,96026,7925,,Net,USD,0.0,,2026-06-17
0.0,0.0,0.0,250000.0,10000.0,10000.0,200000.0,Call,2400000.0,2400000.0,,,No Call Required,,2400000.0,10234,98499,7801,,Net,USD,0.0,,2026-06-24
0.0,250000.0,0.0,250000.0,10000.0,10000.0,-100000.0,ITM No Calls,1900000.0,1900000.0,,,No Call Required,,1900000.0,11609,95596,7532,,Net,USD,0.0,,2026-06-17
0.0,0.0,0.0,0.0,10000.0,10000.0,500000.0,Call,4000000.0,4000000.0,,,No Call Required,,4000000.0,11971,91250,7848,,Net,USD,0.0,,2026-06-24
0.0,0.0,0.0,0.0,10000.0,10000.0,0.0,Call,2900000.0,2900000.0,,,No Call Required,,2900000.0,11512,93593,7656,,Net,USD,0.0,,2026-06-10
0.0,250000.0,0.0,250000.0,10000.0,10000.0,300000.0,Recall,3300000.0,3300000.0,,,Pending Review,,3300000.0,10873,93525,7668,,Net,USD,0.0,,2026-06-24
0.0,250000.0,0.0,250000.0,10000.0,10000.0,0.0,Call,3400000.0,3400000.0,,,Pending Review,,3400000.0,10338,91157,7668,,Net,USD,0.0,,2026-06-10
0.0,0.0,0.0,0.0,10000.0,10000.0,500000.0,ITM No Calls,2600000.0,2600000.0,,,Pending Review,,2600000.0,11734,93281,7065,,Net,USD,0.0,,2026-06-17
0.0,250000.0,0.0,0.0,10000.0,10000.0,500000.0,Call,1000000.0,1000000.0,,,Pending Review,,1000000.0,11377,96469,7803,,Net,USD,0.0,,2026-07-01
0.0,250000.0,0.0,250000.0,10000.0,10000.0,500000.0,Recall,4000000.0,4000000.0,,,Pending Review,,4000000.0,10564,97808,7728,,Net,USD,0.0,,2026-06-03
0.0,0.0,0.0,0.0,10000.0,10000.0,100000.0,Recall,2300000.0,2300000.0,,,No Call Required,,2300000.0,10192,97064,7845,,Net,USD,0.0,,2026-06-24
0.0,0.0,0.0,250000.0,10000.0,10000.0,300000.0,ITM No Calls,4100000.0,4100000.0,,,No Call Required,,4100000.0,10726,99514,7927,,Net,USD,0.0,,2026-06-24
0.0,0.0,0.0,0.0,10000.0,10000.0,0.0,Recall,2300000.0,2300000.0,,,Pending Review,,2300000.0,10807,97206,7886,,Net,USD,,,2026-06-10
0.0,0.0,0.0,250000.0,10000.0,10000.0,200000.0,Recall,2100000.0,2100000.0,,,No Call Required,,2100000.0,10239,93349,7933,,Net,USD,0.0,,2026-06-03
0.0,250000.0,0.0,0.0,10000.0,10000.0,-100000.0,Recall,1800000.0,1800000.0,,,No Call Required,,1800000.0,10791,94960,7502,,Net,USD,,,2026-07-01
0.0,0.0,0.0,250000.0,10000.0,10000.0,200000.0,Call,2400000.0,2400000.0,,,Pending Review,,2400000.0,11641,94100,7170,,Net,USD,0.0,,2026-06-17
0.0,0.0,0.0,250000.0,10000.0,10000.0,100000.0,Recall,3200000.0,3200000.0,,,No Call Required,,3200000.0,11938,99218,7244,,Net,USD,0.0,,2026-06-10
0.0,250000.0,0.0,0.0,10000.0,10000.0,-100000.0,ITM No Calls,3900000.0,3900000.0,,,No Call Required,,3900000.0,10922,96868,7195,,Net,USD,0.0,,2026-06-17
0.0,0.0,0.0,250000.0,10000.0,10000.0,100000.0,Call,3000000.0,3000000.0,,,Pending Review,,3000000.0,11475,90590,7405,,Net,USD,0.0,,2026-06-24
0.0,0.0,0.0,250000.0,10000.0,10000.0,500000.0,Recall,500000.0,500000.0,,,Pending Review,,500000.0,11194,90873,7626,,Net,USD,0.0,,2026-06-03
0.0,0.0,0.0,250000.0,10000.0,10000.0,100000.0,Call,2800000.0,2800000.0,,,No Call Required,,2800000.0,10884,98737,7380,,Net,USD,0.0,,2026-06-24
0.0,0.0,0.0,0.0,10000.0,10000.0,0.0,ITM No Calls,300000.0,300000.0,,,Pending Review,,300000.0,11747,92082,7278,,Net,USD,0.0,,2026-06-24
0.0,250000.0,0.0,0.0,10000.0,10000.0,100000.0,Call,1200000.0,1200000.0,,,No Call Required,,1200000.0,11847,91714,7887,,Net,USD,0.0,,2026-06-24
0.0,250000.0,0.0,0.0,10000.0,10000.0,-100000.0,Recall,5000000.0,5000000.0,,,Pending Review,,5000000.0,11040,99669,7080,,Net,USD,0.0,,2026-06-17
0.0,250000.0,0.0,250000.0,10000.0,10000.0,-200000.0,Recall,800000.0,800000.0,,,No Call Required,,800000.0,11888,98525,7280,,Net,USD,0.0,,2026-06-17
0.0,0.0,0.0,0.0,10000.0,10000.0,-200000.0,Recall,4100000.0,4100000.0,,,Pending Review,,4100000.0,11874,93300,7904,,Net,USD,,,2026-06-03
0.0,0.0,0.0,250000.0,10000.0,10000.0,200000.0,ITM No Calls,3200000.0,3200000.0,,,Pending Review,,3200000.0,11239,94631,7474,,Net,USD,,,2026-06-17
0.0,0.0,0.0,0.0,10000.0,10000.0,500000.0,Call,4200000.0,4200000.0,,,Pending Review,,4200000.0,11230,93705,7504,,Net,USD,0.0,,2026-06-17
0.0,250000.0,0.0,250000.0,10000.0,10000.0,400000.0,ITM No Calls,2600000.0,2600000.0,,,No Call Required,,2600000.0,10843,94346,7895,,Net,USD,0.0,,2026-06-17
0.0,0.0,0.0,250000.0,10000.0,10000.0,500000.0,Call,2600000.0,2600000.0,,,No Call Required,,2600000.0,11056,97570,7669,,Net,USD,0.0,,2026-06-10
0.0,0.0,0.0,250000.0,10000.0,10000.0,500000.0,ITM No Calls,4300000.0,4300000.0,,,Pending Review,,4300000.0,11322,92538,7178,,Net,USD,,,2026-07-01
0.0,0.0,0.0,0.0,10000.0,10000.0,-100000.0,Recall,2200000.0,2200000.0,,,No Call Required,,2200000.0,11965,90766,7783,,Net,USD,0.0,,2026-06-17
0.0,250000.0,0.0,250000.0,10000.0,10000.0,-100000.0,Call,1800000.0,1800000.0,,,No Call Required,,1800000.0,10989,95720,7375,,Net,USD,0.0,,2026-06-17
0.0,0.0,0.0,0.0,10000.0,10000.0,300000.0,Call,4600000.0,4600000.0,,,No Call Required,,4600000.0,10390,94521,7365,,Net,USD,0.0,,2026-06-10
0.0,250000.0,0.0,250000.0,10000.0,10000.0,300000.0,ITM No Calls,3000000.0,3000000.0,,,No Call Required,,3000000.0,11893,91915,7324,,Net,USD,0.0,,2026-07-01
0.0,0.0,0.0,250000.0,10000.0,10000.0,100000.0,Recall,4600000.0,4600000.0,,,Pending Review,,4600000.0,10175,90089,7486,,Net,USD,0.0,,2026-06-17
0.0,250000.0,0.0,250000.0,10000.0,10000.0,200000.0,Recall,2600000.0,2600000.0,,,No Call Required,,2600000.0,11281,96121,7740,,Net,USD,0.0,,2026-06-10
0.0,250000.0,0.0,250000.0,10000.0,10000.0,400000.0,Call,2600000.0,2600000.0,,,No Call Required,,2600000.0,11431,94882,7133,,Net,USD,0.0,,2026-06-17
0.0,250000.0,0.0,0.0,10000.0,10000.0,-100000.0,Recall,0.0,0.0,,,Pending Review,,0.0,10557,94116,7311,,Net,USD,0.0,,2026-07-01
0.0,0.0,0.0,0.0,10000.0,10000.0,0.0,Recall,4600000.0,4600000.0,,,Pending Review,,4600000.0,11598,97172,7020,,Net,USD,0.0,,2026-06-24
0.0,250000.0,0.0,250000.0,10000.0,10000.0,300000.0,Call,3000000.0,3000000.0,,,No Call Required,,3000000.0,10810,93956,7439,,Net,USD,0.0,,2026-06-24
0.0,250000.0,0.0,0.0,10000.0,10000.0,0.0,ITM No Calls,200000.0,200000.0,,,Pending Review,,200000.0,11648,98245,7764,,Net,USD,0.0,,2026-06-03
0.0,0.0,0.0,250000.0,10000.0,10000.0,200000.0,Recall,4800000.0,4800000.0,,,Pending Review,,4800000.0,11499,94112,7438,,Net,USD,0.0,,2026-07-01
0.0,250000.0,0.0,0.0,10000.0,10000.0,0.0,Recall,3600000.0,3600000.0,,,No Call Required,,3600000.0,11050,91689,7292,,Net,USD,0.0,,2026-06-10
0.0,250000.0,0.0,0.0,10000.0,10000.0,-200000.0,Recall,3000000.0,3000000.0,,,Pending Review,,3000000.0,10920,97335,7092,,Net,USD,0.0,,2026-06-17
0.0,250000.0,0.0,250000.0,10000.0,10000.0,500000.0,Recall,1100000.0,1100000.0,,,Pending Review,,1100000.0,10533,99348,7411,,Net,USD,0.0,,2026-06-24
0.0,250000.0,0.0,250000.0,10000.0,10000.0,-200000.0,Call,0.0,0.0,,,No Call Required,,0.0,10677,96921,7112,,Net,USD,0.0,,2026-06-24
0.0,0.0,0.0,0.0,10000.0,10000.0,400000.0,Recall,100000.0,100000.0,,,No Call Required,,100000.0,10738,93514,7605,,Net,USD,0.0,,2026-06-17
0.0,250000.0,0.0,0.0,10000.0,10000.0,400000.0,Recall,3200000.0,3200000.0,,,No Call Required,,3200000.0,10483,92957,7464,,Net,USD,0.0,,2026-06-24
0.0,0.0,0.0,0.0,10000.0,10000.0,0.0,Recall,2400000.0,2400000.0,,,No Call Required,,2400000.0,10219,98030,7085,,Net,USD,0.0,,2026-06-10
0.0,250000.0,0.0,250000.0,10000.0,10000.0,-100000.0,Call,3400000.0,3400000.0,,,Pending Review,,3400000.0,11767,98536,7185,,Net,USD,0.0,,2026-06-17
0.0,0.0,0.0,250000.0,10000.0,10000.0,300000.0,Recall,1400000.0,1400000.0,,,Pending Review,,1400000.0,10222,90417,7144,,Net,USD,0.0,,2026-06-10
0.0,250000.0,0.0,0.0,10000.0,10000.0,-200000.0,Recall,300000.0,300000.0,,,Pending Review,,300000.0,10295,91800,7823,,Net,USD,0.0,,2026-06-03
0.0,250000.0,0.0,0.0,10000.0,10000.0,-200000.0,ITM No Calls,1800000.0,1800000.0,,,No Call Required,,1800000.0,10639,98930,7237,,Net,USD,0.0,,2026-07-01
0.0,0.0,0.0,250000.0,10000.0,10000.0,500000.0,ITM No Calls,2900000.0,2900000.0,,,Pending Review,,2900000.0,10799,98286,7701,,Net,USD,0.0,,2026-06-03
0.0,0.0,0.0,250000.0,10000.0,10000.0,0.0,ITM No Calls,4000000.0,4000000.0,,,Pending Review,,4000000.0,10453,94232,7287,,Net,USD,0.0,,2026-06-24
0.0,250000.0,0.0,250000.0,10000.0,10000.0,-100000.0,ITM No Calls,4800000.0,4800000.0,,,No Call Required,,4800000.0,11577,91441,7336,,Net,USD,0.0,,2026-06-10
0.0,250000.0,0.0,0.0,10000.0,10000.0,-100000.0,Call,4400000.0,4400000.0,,,No Call Required,,4400000.0,10255,91260,7060,,Net,USD,,,2026-07-01
0.0,0.0,0.0,250000.0,10000.0,10000.0,-200000.0,Recall,1400000.0,1400000.0,,,Pending Review,,1400000.0,10052,96634,7253,,Net,USD,0.0,,2026-06-10
0.0,250000.0,0.0,0.0,10000.0,10000.0,200000.0,ITM No Calls,3800000.0,3800000.0,,,No Call Required,,3800000.0,11933,97163,7078,,Net,USD,0.0,,2026-06-24
0.0,250000.0,0.0,250000.0,10000.0,10000.0,100000.0,Recall,4300000.0,4300000.0,,,Pending Review,,4300000.0,10909,97247,7820,,Net,USD,0.0,,2026-06-03
0.0,250000.0,0.0,250000.0,10000.0,10000.0,500000.0,Call,1900000.0,1900000.0,,,No Call Required,,1900000.0,10510,92000,7914,,Net,USD,0.0,,2026-06-24
0.0,250000.0,0.0,250000.0,10000.0,10000.0,-100000.0,ITM No Calls,3000000.0,3000000.0,,,No Call Required,,3000000.0,10545,97385,7797,,Net,USD,0.0,,2026-06-17
0.0,0.0,0.0,0.0,10000.0,10000.0,400000.0,ITM No Calls,1600000.0,1600000.0,,,Pending Review,,1600000.0,10492,91260,7391,,Net,USD,0.0,,2026-07-01
0.0,0.0,0.0,0.0,10000.0,10000.0,500000.0,ITM No Calls,4600000.0,4600000.0,,,No Call Required,,4600000.0,11343,94812,7130,,Net,USD,0.0,,2026-06-10
0.0,250000.0,0.0,250000.0,10000.0,10000.0,0.0,Call,900000.0,900000.0,,,No Call Required,,900000.0,11692,91373,7379,,Net,USD,,,2026-06-17
0.0,250000.0,0.0,0.0,10000.0,10000.0,300000.0,Call,3100000.0,3100000.0,,,Pending Review,,3100000.0,11910,90431,7832,,Net,USD,0.0,,2026-07-01
0.0,250000.0,0.0,0.0,10000.0,10000.0,0.0,ITM No Calls,1500000.0,1500000.0,,,No Call Required,,1500000.0,11944,97703,7100,,Net,USD,,,2026-06-24
0.0,0.0,0.0,0.0,10000.0,10000.0,500000.0,Call,500000.0,500000.0,,,No Call Required,,500000.0,11802,96892,7700,,Net,USD,0.0,,2026-07-01
0.0,250000.0,0.0,250000.0,10000.0,10000.0,-200000.0,ITM No Calls,4500000.0,4500000.0,,,Pending Review,,4500000.0,11227,95080,7793,,Net,USD,0.0,,2026-06-03
0.0,0.0,0.0,0.0,10000.0,10000.0,0.0,Call,1100000.0,1100000.0,,,No Call Required,,1100000.0,11888,97791,7502,,Net,USD,0.0,,2026-06-17
0.0,250000.0,0.0,0.0,10000.0,10000.0,100000.0,Recall,4100000.0,4100000.0,,,Pending Review,,4100000.0,11739,92928,7597,,Net,USD,0.0,,2026-06-24
0.0,250000.0,0.0,250000.0,10000.0,10000.0,200000.0,ITM No Calls,1900000.0,1900000.0,,,Pending Review,,1900000.0,11789,95254,7776,,Net,USD,0.0,,2026-07-01
0.0,250000.0,0.0,250000.0,10000.0,10000.0,-100000.0,Call,200000.0,200000.0,,,No Call Required,,200000.0,10247,94193,7950,,Net,USD,0.0,,2026-06-10
0.0,250000.0,0.0,250000.0,10000.0,10000.0,100000.0,ITM No Calls,1200000.0,1200000.0,,,No Call Required,,1200000.0,10879,94146,7731,,Net,USD,0.0,,2026-06-03
0.0,250000.0,0.0,0.0,10000.0,10000.0,200000.0,ITM No Calls,2600000.0,2600000.0,,,Pending Review,,2600000.0,11153,98630,7351,,Net,USD,0.0,,2026-06-17
0.0,250000.0,0.0,0.0,10000.0,10000.0,-100000.0,Recall,700000.0,700000.0,,,Pending Review,,700000.0,11850,99625,7078,,Net,USD,0.0,,2026-06-10
0.0,0.0,0.0,0.0,10000.0,10000.0,0.0,Call,1100000.0,1100000.0,,,No Call Required,,1100000.0,11164,92101,7236,,Net,USD,0.0,,2026-06-03
0.0,250000.0,0.0,0.0,10000.0,10000.0,100000.0,Recall,3500000.0,3500000.0,,,No Call Required,,3500000.0,10424,99949,7920,,Net,USD,0.0,,2026-06-03
0.0,250000.0,0.0,250000.0,10000.0,10000.0,300000.0,Recall,4300000.0,4300000.0,,,Pending Review,,4300000.0,11863,99904,7105,,Net,USD,0.0,,2026-06-10
0.0,250000.0,0.0,0.0,10000.0,10000.0,200000.0,Recall,2100000.0,2100000.0,,,Pending Review,,2100000.0,10823,94230,7688,,Net,USD,0.0,,2026-07-01
0.0,0.0,0.0,250000.0,10000.0,10000.0,400000.0,Call,4500000.0,4500000.0,,,No Call Required,,4500000.0,10573,97565,7579,,Net,USD,0.0,,2026-06-17
0.0,0.0,0.0,250000.0,10000.0,10000.0,300000.0,Recall,4800000.0,4800000.0,,,No Call Required,,4800000.0,11887,93212,7651,,Net,USD,0.0,,2026-06-10
0.0,250000.0,0.0,250000.0,10000.0,10000.0,400000.0,ITM No Calls,4500000.0,4500000.0,,,No Call Required,,4500000.0,10161,92563,7058,,Net,USD,0.0,,2026-06-03
0.0,0.0,0.0,0.0,10000.0,10000.0,0.0,ITM No Calls,4600000.0,4600000.0,,,No Call Required,,4600000.0,10951,96267,7470,,Net,USD,0.0,,2026-06-24
0.0,250000.0,0.0,250000.0,10000.0,10000.0,-200000.0,Call,3700000.0,3700000.0,,,Pending Review,,3700000.0,11927,95602,7433,,Net,USD,0.0,,2026-06-03
0.0,250000.0,0.0,0.0,10000.0,10000.0,-100000.0,ITM No Calls,0.0,0.0,,,Pending Review,,0.0,11809,90426,7763,,Net,USD,0.0,,2026-06-24
0.0,0.0,0.0,250000.0,10000.0,10000.0,300000.0,ITM No Calls,2900000.0,2900000.0,,,No Call Required,,2900000.0,10078,96625,7759,,Net,USD,0.0,,2026-06-03
0.0,0.0,0.0,250000.0,10000.0,10000.0,100000.0,ITM No Calls,3600000.0,3600000.0,,,No Call Required,,3600000.0,11815,95229,7717,,Net,USD,0.0,,2026-06-24
0.0,0.0,0.0,0.0,10000.0,10000.0,-100000.0,Recall,300000.0,300000.0,,,Pending Review,,300000.0,10047,95501,7399,,Net,USD,0.0,,2026-06-17
0.0,250000.0,0.0,250000.0,10000.0,10000.0,100000.0,ITM No Calls,400000.0,400000.0,,,Pending Review,,400000.0,11672,92464,7010,,Net,USD,0.0,,2026-06-24
0.0,0.0,0.0,0.0,10000.0,10000.0,-100000.0,Call,4300000.0,4300000.0,,,Pending Review,,4300000.0,10090,90476,7998,,Net,USD,0.0,,2026-07-01
0.0,0.0,0.0,250000.0,10000.0,10000.0,400000.0,Recall,3700000.0,3700000.0,,,Pending Review,,3700000.0,11827,92114,7506,,Net,USD,0.0,,2026-06-03
0.0,0.0,0.0,250000.0,10000.0,10000.0,-100000.0,Call,1500000.0,1500000.0,,,Pending Review,,1500000.0,10119,99576,7323,,Net,USD,0.0,,2026-07-01
0.0,0.0,0.0,0.0,10000.0,10000.0,0.0,Call,4100000.0,4100000.0,,,Pending Review,,4100000.0,11083,90634,7845,,Net,USD,0.0,,2026-06-24
0.0,0.0,0.0,250000.0,10000.0,10000.0,-200000.0,Call,4400000.0,4400000.0,,,Pending Review,,4400000.0,11599,94823,7873,,Net,USD,0.0,,2026-06-03
0.0,250000.0,0.0,250000.0,10000.0,10000.0,400000.0,Recall,600000.0,600000.0,,,No Call Required,,600000.0,10066,95302,7921,,Net,USD,0.0,,2026-06-24
0.0,0.0,0.0,0.0,10000.0,10000.0,-200000.0,ITM No Calls,3900000.0,3900000.0,,,No Call Required,,3900000.0,10007,91020,7521,,Net,USD,,,2026-07-01
0.0,0.0,0.0,0.0,10000.0,10000.0,300000.0,ITM No Calls,3100000.0,3100000.0,,,No Call Required,,3100000.0,10889,92123,7875,,Net,USD,0.0,,2026-07-01
0.0,250000.0,0.0,0.0,10000.0,10000.0,400000.0,Recall,3800000.0,3800000.0,,,No Call Required,,3800000.0,11489,90417,7976,,Net,USD,0.0,,2026-07-01
0.0,0.0,0.0,250000.0,10000.0,10000.0,500000.0,Recall,4600000.0,4600000.0,,,No Call Required,,4600000.0,10939,91552,7012,,Net,USD,0.0,,2026-06-24
0.0,0.0,0.0,0.0,10000.0,10000.0,400000.0,ITM No Calls,2100000.0,2100000.0,,,Pending Review,,2100000.0,10852,93138,7248,,Net,USD,0.0,,2026-06-03
0.0,250000.0,0.0,250000.0,10000.0,10000.0,300000.0,Recall,4600000.0,4600000.0,,,No Call Required,,4600000.0,10150,97424,7238,,Net,USD,0.0,,2026-06-17
0.0,250000.0,0.0,0.0,10000.0,10000.0,-200000.0,Call,3400000.0,3400000.0,,,No Call Required,,3400000.0,11059,94013,7468,,Net,USD,0.0,,2026-06-24
0.0,0.0,0.0,250000.0,10000.0,10000.0,100000.0,ITM No Calls,3700000.0,3700000.0,,,No Call Required,,3700000.0,10119,95156,7105,,Net,USD,0.0,,2026-06-03
0.0,250000.0,0.0,250000.0,10000.0,10000.0,400000.0,Recall,800000.0,800000.0,,,Pending Review,,800000.0,10585,93737,7961,,Net,USD,0.0,,2026-06-24
0.0,0.0,0.0,0.0,10000.0,10000.0,300000.0,ITM No Calls,4000000.0,4000000.0,,,No Call Required,,4000000.0,10379,99780,7907,,Net,USD,0.0,,2026-07-01
0.0,250000.0,0.0,250000.0,10000.0,10000.0,400000.0,Recall,900000.0,900000.0,,,No Call Required,,900000.0,10804,90887,7782,,Net,USD,0.0,,2026-07-01
0.0,0.0,0.0,250000.0,10000.0,10000.0,400000.0,ITM No Calls,1100000.0,1100000.0,,,Pending Review,,1100000.0,10225,92098,7272,,Net,USD,,,2026-06-10
0.0,0.0,0.0,250000.0,10000.0,10000.0,500000.0,ITM No Calls,3800000.0,3800000.0,,,No Call Required,,3800000.0,10094,95350,7306,,Net,USD,0.0,,2026-06-17
0.0,0.0,0.0,0.0,10000.0,10000.0,200000.0,Call,3100000.0,3100000.0,,,No Call Required,,3100000.0,10332,99274,7678,,Net,USD,0.0,,2026-06-03
0.0,250000.0,0.0,250000.0,10000.0,10000.0,-100000.0,Call,2300000.0,2300000.0,,,Pending Review,,2300000.0,10391,96981,7851,,Net,USD,0.0,,2026-07-01
0.0,0.0,0.0,0.0,10000.0,10000.0,100000.0,Call,3300000.0,3300000.0,,,Pending Review,,3300000.0,11088,97115,7207,,Net,USD,0.0,,2026-06-17
0.0,0.0,0.0,250000.0,10000.0,10000.0,300000.0,Recall,800000.0,800000.0,,,No Call Required,,800000.0,11694,96351,7420,,Net,USD,0.0,,2026-06-10
0.0,250000.0,0.0,250000.0,10000.0,10000.0,500000.0,ITM No Calls,3100000.0,3100000.0,,,Pending Review,,3100000.0,11232,98428,7963,,Net,USD,0.0,,2026-06-10
0.0,250000.0,0.0,250000.0,10000.0,10000.0,500000.0,Recall,2800000.0,2800000.0,,,Pending Review,,2800000.0,10340,97840,7783,,Net,USD,0.0,,2026-06-17
0.0,0.0,0.0,0.0,10000.0,10000.0,0.0,Call,3300000.0,3300000.0,,,No Call Required,,3300000.0,11021,99104,7641,,Net,USD,0.0,,2026-06-24
0.0,250000.0,0.0,0.0,10000.0,10000.0,300000.0,Call,1700000.0,1700000.0,,,No Call Required,,1700000.0,10208,90399,7495,,Net,USD,0.0,,2026-06-24
0.0,0.0,0.0,250000.0,10000.0,10000.0,300000.0,Recall,2900000.0,2900000.0,,,No Call Required,,2900000.0,11126,95805,7608,,Net,USD,0.0,,2026-07-01
0.0,0.0,0.0,0.0,10000.0,10000.0,300000.0,Recall,3500000.0,3500000.0,,,No Call Required,,3500000.0,10824,94337,7488,,Net,USD,0.0,,2026-06-24
0.0,250000.0,0.0,250000.0,10000.0,10000.0,200000.0,ITM No Calls,2800000.0,2800000.0,,,No Call Required,,2800000.0,10483,94495,7325,,Net,USD,0.0,,2026-06-24
0.0,0.0,0.0,250000.0,10000.0,10000.0,-200000.0,Recall,500000.0,500000.0,,,No Call Required,,500000.0,10295,90608,7993,,Net,USD,0.0,,2026-06-17
0.0,250000.0,0.0,250000.0,10000.0,10000.0,-200000.0,Recall,3200000.0,3200000.0,,,No Call Required,,3200000.0,10012,98639,7772,,Net,USD,0.0,,2026-06-24
0.0,0.0,0.0,0.0,10000.0,10000.0,-200000.0,Call,1000000.0,1000000.0,,,Pending Review,,1000000.0,11814,90718,7638,,Net,USD,0.0,,2026-06-10
0.0,0.0,0.0,250000.0,10000.0,10000.0,500000.0,ITM No Calls,4500000.0,4500000.0,,,Pending Review,,4500000.0,11210,90867,7727,,Net,USD,0.0,,2026-07-01
0.0,0.0,0.0,250000.0,10000.0,10000.0,200000.0,Recall,3700000.0,3700000.0,,,No Call Required,,3700000.0,11402,94518,7725,,Net,USD,0.0,,2026-06-24
0.0,0.0,0.0,0.0,10000.0,10000.0,200000.0,Recall,2400000.0,2400000.0,,,No Call Required,,2400000.0,10271,98544,7643,,Net,USD,0.0,,2026-06-17
0.0,250000.0,0.0,250000.0,10000.0,10000.0,100000.0,ITM No Calls,900000.0,900000.0,,,Pending Review,,900000.0,11742,98124,7480,,Net,USD,0.0,,2026-07-01
0.0,250000.0,0.0,0.0,10000.0,10000.0,100000.0,Recall,3800000.0,3800000.0,,,No Call Required,,3800000.0,10453,95688,7237,,Net,USD,0.0,,2026-06-17
0.0,0.0,0.0,250000.0,10000.0,10000.0,300000.0,ITM No Calls,3100000.0,3100000.0,,,Pending Review,,3100000.0,10838,94194,7340,,Net,USD,0.0,,2026-06-24
0.0,0.0,0.0,0.0,10000.0,10000.0,-200000.0,Call,3000000.0,3000000.0,,,Pending Review,,3000000.0,10490,98839,7985,,Net,USD,0.0,,2026-06-10
0.0,0.0,0.0,250000.0,10000.0,10000.0,400000.0,Call,2500000.0,2500000.0,,,Pending Review,,2500000.0,11206,91090,7519,,Net,USD,0.0,,2026-06-24
0.0,0.0,0.0,0.0,10000.0,10000.0,-100000.0,ITM No Calls,400000.0,400000.0,,,Pending Review,,400000.0,10737,91824,7023,,Net,USD,0.0,,2026-06-10
0.0,250000.0,0.0,0.0,10000.0,10000.0,100000.0,Recall,1200000.0,1200000.0,,,Pending Review,,1200000.0,11899,92817,7475,,Net,USD,0.0,,2026-07-01
0.0,0.0,0.0,250000.0,10000.0,10000.0,200000.0,Recall,500000.0,500000.0,,,No Call Required,,500000.0,11833,99672,7003,,Net,USD,0.0,,2026-06-03
0.0,0.0,0.0,0.0,10000.0,10000.0,100000.0,Call,2000000.0,2000000.0,,,Pending Review,,2000000.0,11152,97783,7546,,Net,USD,0.0,,2026-06-03
0.0,0.0,0.0,250000.0,10000.0,10000.0,-200000.0,ITM No Calls,4800000.0,4800000.0,,,No Call Required,,4800000.0,10678,95322,7064,,Net,USD,0.0,,2026-06-10
0.0,250000.0,0.0,0.0,10000.0,10000.0,200000.0,ITM No Calls,3100000.0,3100000.0,,,Pending Review,,3100000.0,10153,94897,7853,,Net,USD,0.0,,2026-06-10
0.0,250000.0,0.0,250000.0,10000.0,10000.0,500000.0,ITM No Calls,600000.0,600000.0,,,Pending Review,,600000.0,11343,93828,7085,,Net,USD,0.0,,2026-07-01
0.0,250000.0,0.0,0.0,10000.0,10000.0,100000.0,Recall,600000.0,600000.0,,,No Call Required,,600000.0,10363,90733,7286,,Net,USD,0.0,,2026-06-24
0.0,0.0,0.0,250000.0,10000.0,10000.0,400000.0,Recall,1700000.0,1700000.0,,,Pending Review,,1700000.0,10250,90188,7618,,Net,USD,0.0,,2026-06-24
0.0,250000.0,0.0,0.0,10000.0,10000.0,200000.0,Recall,800000.0,800000.0,,,Pending Review,,800000.0,11519,96342,7841,,Net,USD,0.0,,2026-06-03
0.0,250000.0,0.0,0.0,10000.0,10000.0,200000.0,Recall,3800000.0,3800000.0,,,Pending Review,,3800000.0,10619,99227,7650,,Net,USD,0.0,,2026-06-24
0.0,250000.0,0.0,0.0,10000.0,10000.0,100000.0,ITM No Calls,2000000.0,2000000.0,,,Pending Review,,2000000.0,11327,96794,7924,,Net,USD,0.0,,2026-06-10
0.0,0.0,0.0,250000.0,10000.0,10000.0,-200000.0,ITM No Calls,4800000.0,4800000.0,,,No Call Required,,4800000.0,11238,99741,7811,,Net,USD,0.0,,2026-06-24
0.0,250000.0,0.0,250000.0,10000.0,10000.0,100000.0,Call,600000.0,600000.0,,,No Call Required,,600000.0,10658,90192,7356,,Net,USD,0.0,,2026-06-10
0.0,0.0,0.0,250000.0,10000.0,10000.0,200000.0,Recall,800000.0,800000.0,,,No Call Required,,800000.0,10796,99578,7583,,Net,USD,0.0,,2026-06-10
0.0,250000.0,0.0,250000.0,10000.0,10000.0,0.0,ITM No Calls,4400000.0,4400000.0,,,No Call Required,,4400000.0,11957,95335,7006,,Net,USD,0.0,,2026-06-03
0.0,0.0,0.0,250000.0,10000.0,10000.0,200000.0,Call,3100000.0,3100000.0,,,No Call Required,,3100000.0,10415,91350,7919,,Net,USD,0.0,,2026-06-03
0.0,250000.0,0.0,0.0,10000.0,10000.0,0.0,Call,100000.0,100000.0,,,Pending Review,,100000.0,11492,98276,7197,,Net,USD,0.0,,2026-06-10
0.0,250000.0,0.0,250000.0,10000.0,10000.0,300000.0,ITM No Calls,500000.0,500000.0,,,Pending Review,,500000.0,10123,98307,7157,,Net,USD,0.0,,2026-07-01
0.0,250000.0,0.0,0.0,10000.0,10000.0,200000.0,ITM No Calls,1700000.0,1700000.0,,,Pending Review,,1700000.0,11113,95698,7494,,Net,USD,0.0,,2026-06-17
0.0,250000.0,0.0,250000.0,10000.0,10000.0,-200000.0,Call,1800000.0,1800000.0,,,No Call Required,,1800000.0,11076,97149,7341,,Net,USD,0.0,,2026-06-10
0.0,0.0,0.0,250000.0,10000.0,10000.0,400000.0,Call,800000.0,800000.0,,,No Call Required,,800000.0,11784,97130,7295,,Net,USD,0.0,,2026-06-10
0.0,250000.0,0.0,0.0,10000.0,10000.0,-100000.0,Call,2200000.0,2200000.0,,,No Call Required,,2200000.0,11580,90495,7391,,Net,USD,0.0,,2026-06-10
0.0,250000.0,0.0,250000.0,10000.0,10000.0,0.0,Call,3000000.0,3000000.0,,,Pending Review,,3000000.0,11029,93822,7227,,Net,USD,0.0,,2026-06-10
0.0,0.0,0.0,0.0,10000.0,10000.0,0.0,Call,3600000.0,3600000.0,,,No Call Required,,3600000.0,11614,90177,7126,,Net,USD,0.0,,2026-06-17
0.0,0.0,0.0,0.0,10000.0,10000.0,300000.0,ITM No Calls,2500000.0,2500000.0,,,No Call Required,,2500000.0,10775,93303,7199,,Net,USD,0.0,,2026-06-24
0.0,250000.0,0.0,250000.0,10000.0,10000.0,500000.0,Call,100000.0,100000.0,,,Pending Review,,100000.0,11895,96033,7281,,Net,USD,,,2026-06-10
0.0,250000.0,0.0,250000.0,10000.0,10000.0,500000.0,Call,600000.0,600000.0,,,No Call Required,,600000.0,10070,91730,7718,,Net,USD,0.0,,2026-06-24
0.0,250000.0,0.0,250000.0,10000.0,10000.0,300000.0,ITM No Calls,2400000.0,2400000.0,,,Pending Review,,2400000.0,11272,90174,7881,,Net,USD,0.0,,2026-06-24
0.0,0.0,0.0,0.0,10000.0,10000.0,100000.0,ITM No Calls,4600000.0,4600000.0,,,Pending Review,,4600000.0,11167,98247,7997,,Net,USD,0.0,,2026-06-24
0.0,0.0,0.0,250000.0,10000.0,10000.0,-200000.0,Recall,2400000.0,2400000.0,,,No Call Required,,2400000.0,11573,91358,7228,,Net,USD,0.0,,2026-06-10
0.0,0.0,0.0,250000.0,10000.0,10000.0,400000.0,ITM No Calls,1400000.0,1400000.0,,,Pending Review,,1400000.0,10353,96796,7719,,Net,USD,0.0,,2026-06-17
0.0,250000.0,0.0,250000.0,10000.0,10000.0,200000.0,Call,1100000.0,1100000.0,,,No Call Required,,1100000.0,10347,93632,7074,,Net,USD,0.0,,2026-06-17
0.0,250000.0,0.0,250000.0,10000.0,10000.0,-100000.0,Recall,1200000.0,1200000.0,,,No Call Required,,1200000.0,11982,97005,7307,,Net,USD,0.0,,2026-07-01
0.0,250000.0,0.0,0.0,10000.0,10000.0,0.0,ITM No Calls,2400000.0,2400000.0,,,No Call Required,,2400000.0,11558,93746,7204,,Net,USD,0.0,,2026-06-17
0.0,250000.0,0.0,0.0,10000.0,10000.0,500000.0,ITM No Calls,4200000.0,4200000.0,,,No Call Required,,4200000.0,11596,94139,7646,,Net,USD,0.0,,2026-07-01
0.0,0.0,0.0,250000.0,10000.0,10000.0,100000.0,ITM No Calls,1300000.0,1300000.0,,,Pending Review,,1300000.0,10740,90200,7139,,Net,USD,0.0,,2026-06-24
0.0,0.0,0.0,0.0,10000.0,10000.0,400000.0,Call,4800000.0,4800000.0,,,No Call Required,,4800000.0,10850,94239,7987,,Net,USD,0.0,,2026-06-10
0.0,0.0,0.0,250000.0,10000.0,10000.0,100000.0,ITM No Calls,4800000.0,4800000.0,,,Pending Review,,4800000.0,10945,95581,7774,,Net,USD,0.0,,2026-06-10
0.0,250000.0,0.0,250000.0,10000.0,10000.0,200000.0,ITM No Calls,2400000.0,2400000.0,,,Pending Review,,2400000.0,10107,97371,7815,,Net,USD,0.0,,2026-06-24
0.0,0.0,0.0,0.0,10000.0,10000.0,300000.0,Recall,500000.0,500000.0,,,No Call Required,,500000.0,10914,97395,7519,,Net,USD,0.0,,2026-06-10
0.0,0.0,0.0,250000.0,10000.0,10000.0,-200000.0,Recall,1700000.0,1700000.0,,,No Call Required,,1700000.0,10782,93812,7773,,Net,USD,0.0,,2026-06-17
0.0,250000.0,0.0,0.0,10000.0,10000.0,100000.0,ITM No Calls,900000.0,900000.0,,,Pending Review,,900000.0,11824,93401,7184,,Net,USD,0.0,,2026-06-10
0.0,250000.0,0.0,0.0,10000.0,10000.0,500000.0,ITM No Calls,1900000.0,1900000.0,,,No Call Required,,1900000.0,10818,96038,7519,,Net,USD,0.0,,2026-06-17
0.0,250000.0,0.0,250000.0,10000.0,10000.0,-100000.0,ITM No Calls,200000.0,200000.0,,,No Call Required,,200000.0,10488,99231,7041,,Net,USD,0.0,,2026-06-03
0.0,0.0,0.0,0.0,10000.0,10000.0,-200000.0,ITM No Calls,3900000.0,3900000.0,,,Pending Review,,3900000.0,11041,91322,7152,,Net,USD,0.0,,2026-06-24
0.0,250000.0,0.0,250000.0,10000.0,10000.0,-100000.0,ITM No Calls,3900000.0,3900000.0,,,No Call Required,,3900000.0,10416,93180,7693,,Net,USD,0.0,,2026-06-03
0.0,0.0,0.0,0.0,10000.0,10000.0,-200000.0,Recall,2900000.0,2900000.0,,,No Call Required,,2900000.0,10407,92453,7370,,Net,USD,0.0,,2026-06-03
0.0,250000.0,0.0,250000.0,10000.0,10000.0,400000.0,ITM No Calls,4300000.0,4300000.0,,,No Call Required,,4300000.0,11932,94817,7537,,Net,USD,0.0,,2026-07-01
0.0,250000.0,0.0,250000.0,10000.0,10000.0,200000.0,Recall,4600000.0,4600000.0,,,No Call Required,,4600000.0,11956,90676,7391,,Net,USD,0.0,,2026-06-10
0.0,0.0,0.0,0.0,10000.0,10000.0,100000.0,Call,3500000.0,3500000.0,,,No Call Required,,3500000.0,10539,95854,7787,,Net,USD,0.0,,2026-06-10
0.0,250000.0,0.0,0.0,10000.0,10000.0,100000.0,Call,1600000.0,1600000.0,,,No Call Required,,1600000.0,10172,94843,7108,,Net,USD,0.0,,2026-06-24
0.0,250000.0,0.0,0.0,10000.0,10000.0,0.0,Call,1100000.0,1100000.0,,,Pending Review,,1100000.0,10715,95845,7889,,Net,USD,0.0,,2026-06-24
0.0,250000.0,0.0,250000.0,10000.0,10000.0,300000.0,Recall,2200000.0,2200000.0,,,Pending Review,,2200000.0,10966,90158,7808,,Net,USD,0.0,,2026-06-10
0.0,0.0,0.0,0.0,10000.0,10000.0,100000.0,Recall,4300000.0,4300000.0,,,No Call Required,,4300000.0,10242,98044,7785,,Net,USD,,,2026-06-03
0.0,0.0,0.0,0.0,10000.0,10000.0,400000.0,Call,1300000.0,1300000.0,,,No Call Required,,1300000.0,11203,90279,7374,,Net,USD,0.0,,2026-06-17
0.0,250000.0,0.0,250000.0,10000.0,10000.0,-200000.0,ITM No Calls,4100000.0,4100000.0,,,Pending Review,,4100000.0,11696,92051,7514,,Net,USD,0.0,,2026-06-24
0.0,250000.0,0.0,0.0,10000.0,10000.0,300000.0,Call,4800000.0,4800000.0,,,No Call Required,,4800000.0,10110,92175,7739,,Net,USD,0.0,,2026-06-10
0.0,250000.0,0.0,250000.0,10000.0,10000.0,500000.0,Call,2600000.0,2600000.0,,,No Call Required,,2600000.0,10577,91589,7800,,Net,USD,0.0,,2026-06-24
0.0,0.0,0.0,0.0,10000.0,10000.0,300000.0,Recall,600000.0,600000.0,,,No Call Required,,600000.0,11448,94472,7269,,Net,USD,,,2026-06-24
0.0,250000.0,0.0,0.0,10000.0,10000.0,100000.0,ITM No Calls,2600000.0,2600000.0,,,No Call Required,,2600000.0,11528,97157,7686,,Net,USD,0.0,,2026-06-03
0.0,250000.0,0.0,250000.0,10000.0,10000.0,100000.0,ITM No Calls,1200000.0,1200000.0,,,Pending Review,,1200000.0,11569,98398,7196,,Net,USD,0.0,,2026-07-01
0.0,0.0,0.0,0.0,10000.0,10000.0,-200000.0,ITM No Calls,1700000.0,1700000.0,,,No Call Required,,1700000.0,11668,91044,7802,,Net,USD,0.0,,2026-06-03
0.0,250000.0,0.0,250000.0,10000.0,10000.0,-200000.0,Recall,3300000.0,3300000.0,,,Pending Review,,3300000.0,10470,98485,7750,,Net,USD,0.0,,2026-07-01
0.0,250000.0,0.0,250000.0,10000.0,10000.0,-200000.0,ITM No Calls,900000.0,900000.0,,,Pending Review,,900000.0,11025,98703,7921,,Net,USD,0.0,,2026-06-03
0.0,250000.0,0.0,0.0,10000.0,10000.0,-200000.0,Call,4600000.0,4600000.0,,,No Call Required,,4600000.0,11572,91941,7301,,Net,USD,0.0,,2026-06-17
0.0,0.0,0.0,250000.0,10000.0,10000.0,-100000.0,Call,3400000.0,3400000.0,,,No Call Required,,3400000.0,11012,98909,7276,,Net,USD,0.0,,2026-06-03
0.0,250000.0,0.0,0.0,10000.0,10000.0,-200000.0,ITM No Calls,600000.0,600000.0,,,No Call Required,,600000.0,11917,99602,7845,,Net,USD,0.0,,2026-07-01
0.0,0.0,0.0,0.0,10000.0,10000.0,-100000.0,ITM No Calls,2800000.0,2800000.0,,,Pending Review,,2800000.0,10104,99636,7056,,Net,USD,0.0,,2026-06-17
0.0,0.0,0.0,250000.0,10000.0,10000.0,300000.0,Recall,400000.0,400000.0,,,No Call Required,,400000.0,11327,99181,7912,,Net,USD,0.0,,2026-06-03
0.0,0.0,0.0,0.0,10000.0,10000.0,400000.0,Recall,3700000.0,3700000.0,,,No Call Required,,3700000.0,11257,94798,7505,,Net,USD,,,2026-06-10
0.0,0.0,0.0,250000.0,10000.0,10000.0,500000.0,ITM No Calls,500000.0,500000.0,,,No Call Required,,500000.0,11498,91278,7320,,Net,USD,0.0,,2026-06-10
0.0,250000.0,0.0,0.0,10000.0,10000.0,0.0,Call,2800000.0,2800000.0,,,Pending Review,,2800000.0,10618,99109,7016,,Net,USD,0.0,,2026-07-01
0.0,250000.0,0.0,250000.0,10000.0,10000.0,200000.0,Call,0.0,0.0,,,No Call Required,,0.0,10325,98716,7442,,Net,USD,0.0,,2026-06-10
0.0,0.0,0.0,250000.0,10000.0,10000.0,400000.0,Call,2900000.0,2900000.0,,,No Call Required,,2900000.0,11591,94753,7226,,Net,USD,0.0,,2026-07-01
0.0,250000.0,0.0,0.0,10000.0,10000.0,-200000.0,ITM No Calls,2200000.0,2200000.0,,,Pending Review,,2200000.0,10890,92844,7200,,Net,USD,0.0,,2026-07-01
0.0,0.0,0.0,250000.0,10000.0,10000.0,200000.0,Recall,1700000.0,1700000.0,,,No Call Required,,1700000.0,10004,93297,7780,,Net,USD,0.0,,2026-06-17
0.0,250000.0,0.0,250000.0,10000.0,10000.0,500000.0,Call,4900000.0,4900000.0,,,Pending Review,,4900000.0,11106,90865,7889,,Net,USD,0.0,,2026-06-24
0.0,0.0,0.0,250000.0,10000.0,10000.0,-100000.0,ITM No Calls,2600000.0,2600000.0,,,No Call Required,,2600000.0,11396,92416,7905,,Net,USD,0.0,,2026-07-01
0.0,250000.0,0.0,250000.0,10000.0,10000.0,200000.0,Recall,4300000.0,4300000.0,,,Pending Review,,4300000.0,10206,97207,7759,,Net,USD,0.0,,2026-07-01
0.0,250000.0,0.0,0.0,10000.0,10000.0,-100000.0,Call,4100000.0,4100000.0,,,No Call Required,,4100000.0,10443,95016,7877,,Net,USD,0.0,,2026-06-17
0.0,250000.0,0.0,0.0,10000.0,10000.0,300000.0,ITM No Calls,400000.0,400000.0,,,No Call Required,,400000.0,11024,94028,7658,,Net,USD,0.0,,2026-06-03
0.0,250000.0,0.0,0.0,10000.0,10000.0,300000.0,ITM No Calls,4400000.0,4400000.0,,,No Call Required,,4400000.0,10437,94073,7567,,Net,USD,0.0,,2026-06-17
0.0,0.0,0.0,0.0,10000.0,10000.0,400000.0,Recall,4900000.0,4900000.0,,,No Call Required,,4900000.0,11459,98223,7575,,Net,USD,,,2026-06-24
0.0,250000.0,0.0,250000.0,10000.0,10000.0,-200000.0,Recall,3500000.0,3500000.0,,,Pending Review,,3500000.0,11275,97329,7443,,Net,USD,0.0,,2026-06-10
0.0,0.0,0.0,0.0,10000.0,10000.0,500000.0,ITM No Calls,100000.0,100000.0,,,Pending Review,,100000.0,11681,94699,7631,,Net,USD,0.0,,2026-06-24
0.0,0.0,0.0,250000.0,10000.0,10000.0,0.0,ITM No Calls,2300000.0,2300000.0,,,No Call Required,,2300000.0,11138,93861,7851,,Net,USD,0.0,,2026-06-17
0.0,250000.0,0.0,250000.0,10000.0,10000.0,400000.0,Call,1300000.0,1300000.0,,,Pending Review,,1300000.0,11983,99068,7582,,Net,USD,,,2026-06-03
0.0,250000.0,0.0,0.0,10000.0,10000.0,200000.0,ITM No Calls,100000.0,100000.0,,,Pending Review,,100000.0,11438,92058,7503,,Net,USD,0.0,,2026-07-01
0.0,250000.0,0.0,250000.0,10000.0,10000.0,-100000.0,Call,1400000.0,1400000.0,,,No Call Required,,1400000.0,11999,92586,7588,,Net,USD,0.0,,2026-06-10
0.0,0.0,0.0,0.0,10000.0,10000.0,400000.0,ITM No Calls,4600000.0,4600000.0,,,Pending Review,,4600000.0,10047,97482,7015,,Net,USD,0.0,,2026-06-17
0.0,250000.0,0.0,250000.0,10000.0,10000.0,300000.0,Recall,4700000.0,4700000.0,,,No Call Required,,4700000.0,10423,98418,7174,,Net,USD,0.0,,2026-06-03
0.0,250000.0,0.0,250000.0,10000.0,10000.0,500000.0,ITM No Calls,500000.0,500000.0,,,No Call Required,,500000.0,11128,93455,7407,,Net,USD,0.0,,2026-06-10
0.0,0.0,0.0,250000.0,10000.0,10000.0,400000.0,ITM No Calls,3800000.0,3800000.0,,,Pending Review,,3800000.0,11160,92448,7768,,Net,USD,0.0,,2026-06-24
0.0,250000.0,0.0,250000.0,10000.0,10000.0,200000.0,Call,4500000.0,4500000.0,,,No Call Required,,4500000.0,11078,93895,7249,,Net,USD,0.0,,2026-06-24
0.0,0.0,0.0,0.0,10000.0,10000.0,-200000.0,Recall,4500000.0,4500000.0,,,Pending Review,,4500000.0,10666,97478,7607,,Net,USD,0.0,,2026-06-24
0.0,0.0,0.0,250000.0,10000.0,10000.0,100000.0,Recall,4400000.0,4400000.0,,,No Call Required,,4400000.0,10529,92890,7411,,Net,USD,0.0,,2026-06-17
0.0,0.0,0.0,0.0,10000.0,10000.0,300000.0,Recall,1100000.0,1100000.0,,,Pending Review,,1100000.0,11422,99947,7435,,Net,USD,0.0,,2026-06-17
0.0,250000.0,0.0,250000.0,10000.0,10000.0,400000.0,Call,3700000.0,3700000.0,,,Pending Review,,3700000.0,10934,90194,7573,,Net,USD,,,2026-06-17
0.0,0.0,0.0,0.0,10000.0,10000.0,200000.0,Call,3300000.0,3300000.0,,,No Call Required,,3300000.0,11097,98098,7721,,Net,USD,0.0,,2026-06-10
0.0,0.0,0.0,250000.0,10000.0,10000.0,100000.0,Call,1000000.0,1000000.0,,,Pending Review,,1000000.0,11057,94285,7034,,Net,USD,0.0,,2026-07-01
0.0,250000.0,0.0,250000.0,10000.0,10000.0,-100000.0,Recall,1200000.0,1200000.0,,,Pending Review,,1200000.0,11682,95456,7928,,Net,USD,0.0,,2026-06-24
0.0,0.0,0.0,0.0,10000.0,10000.0,200000.0,Recall,2600000.0,2600000.0,,,Pending Review,,2600000.0,11119,94649,7625,,Net,USD,0.0,,2026-06-24
0.0,250000.0,0.0,250000.0,10000.0,10000.0,200000.0,Call,4100000.0,4100000.0,,,Pending Review,,4100000.0,10868,93124,7310,,Net,USD,0.0,,2026-07-01
0.0,250000.0,0.0,0.0,10000.0,10000.0,-200000.0,ITM No Calls,4000000.0,4000000.0,,,No Call Required,,4000000.0,10309,95563,7239,,Net,USD,0.0,,2026-06-10
0.0,0.0,0.0,0.0,10000.0,10000.0,200000.0,Call,1700000.0,1700000.0,,,No Call Required,,1700000.0,11786,96292,7478,,Net,USD,0.0,,2026-07-01
0.0,0.0,0.0,0.0,10000.0,10000.0,-200000.0,Recall,200000.0,200000.0,,,Pending Review,,200000.0,11305,94341,7512,,Net,USD,0.0,,2026-06-10
0.0,0.0,0.0,0.0,10000.0,10000.0,400000.0,Call,3000000.0,3000000.0,,,No Call Required,,3000000.0,11214,95982,7047,,Net,USD,0.0,,2026-06-03
0.0,250000.0,0.0,250000.0,10000.0,10000.0,500000.0,Call,2800000.0,2800000.0,,,No Call Required,,2800000.0,10289,96097,7495,,Net,USD,0.0,,2026-06-03
0.0,0.0,0.0,0.0,10000.0,10000.0,400000.0,ITM No Calls,2600000.0,2600000.0,,,Pending Review,,2600000.0,10053,96516,7124,,Net,USD,0.0,,2026-06-10
0.0,250000.0,0.0,0.0,10000.0,10000.0,-200000.0,Recall,4500000.0,4500000.0,,,Pending Review,,4500000.0,10466,98833,7253,,Net,USD,0.0,,2026-06-17
0.0,0.0,0.0,250000.0,10000.0,10000.0,-200000.0,Call,0.0,0.0,,,Pending Review,,0.0,11450,92230,7307,,Net,USD,0.0,,2026-07-01
0.0,250000.0,0.0,0.0,10000.0,10000.0,100000.0,Recall,5000000.0,5000000.0,,,Pending Review,,5000000.0,11650,91016,7594,,Net,USD,0.0,,2026-06-03
0.0,250000.0,0.0,250000.0,10000.0,10000.0,200000.0,Recall,4000000.0,4000000.0,,,No Call Required,,4000000.0,10309,98386,7138,,Net,USD,0.0,,2026-06-03
0.0,0.0,0.0,0.0,10000.0,10000.0,400000.0,ITM No Calls,4900000.0,4900000.0,,,No Call Required,,4900000.0,11727,97105,7875,,Net,USD,0.0,,2026-06-24
0.0,0.0,0.0,250000.0,10000.0,10000.0,500000.0,Recall,1600000.0,1600000.0,,,Pending Review,,1600000.0,10295,90550,7424,,Net,USD,0.0,,2026-06-17
0.0,0.0,0.0,250000.0,10000.0,10000.0,100000.0,Call,3800000.0,3800000.0,,,Pending Review,,3800000.0,10708,98111,7600,,Net,USD,0.0,,2026-06-10
0.0,250000.0,0.0,0.0,10000.0,10000.0,400000.0,Recall,2700000.0,2700000.0,,,Pending Review,,2700000.0,11337,98841,7382,,Net,USD,0.0,,2026-06-03
0.0,250000.0,0.0,250000.0,10000.0,10000.0,400000.0,Call,2300000.0,2300000.0,,,Pending Review,,2300000.0,11490,96641,7194,,Net,USD,0.0,,2026-07-01
0.0,250000.0,0.0,250000.0,10000.0,10000.0,100000.0,Call,800000.0,800000.0,,,No Call Required,,800000.0,11376,96668,7528,,Net,USD,0.0,,2026-06-24
0.0,0.0,0.0,0.0,10000.0,10000.0,400000.0,ITM No Calls,3900000.0,3900000.0,,,No Call Required,,3900000.0,11409,96866,7754,,Net,USD,0.0,,2026-07-01
0.0,250000.0,0.0,250000.0,10000.0,10000.0,400000.0,ITM No Calls,2800000.0,2800000.0,,,Pending Review,,2800000.0,10391,92215,7346,,Net,USD,0.0,,2026-06-24
0.0,250000.0,0.0,0.0,10000.0,10000.0,500000.0,Recall,4400000.0,4400000.0,,,No Call Required,,4400000.0,10668,90812,7121,,Net,USD,0.0,,2026-06-24
0.0,250000.0,0.0,0.0,10000.0,10000.0,0.0,Recall,2600000.0,2600000.0,,,Pending Review,,2600000.0,10815,91754,7855,,Net,USD,0.0,,2026-06-17
0.0,0.0,0.0,250000.0,10000.0,10000.0,500000.0,Call,4500000.0,4500000.0,,,Pending Review,,4500000.0,11349,95612,7262,,Net,USD,0.0,,2026-06-10
0.0,0.0,0.0,250000.0,10000.0,10000.0,200000.0,ITM No Calls,2400000.0,2400000.0,,,Pending Review,,2400000.0,11245,99155,7410,,Net,USD,0.0,,2026-07-01
0.0,250000.0,0.0,0.0,10000.0,10000.0,100000.0,Recall,4600000.0,4600000.0,,,Pending Review,,4600000.0,10133,95604,7180,,Net,USD,0.0,,2026-06-03
0.0,0.0,0.0,250000.0,10000.0,10000.0,200000.0,Call,4500000.0,4500000.0,,,No Call Required,,4500000.0,10007,98409,7143,,Net,USD,0.0,,2026-06-17
0.0,250000.0,0.0,0.0,10000.0,10000.0,-200000.0,Recall,4700000.0,4700000.0,,,No Call Required,,4700000.0,10283,91931,7329,,Net,USD,0.0,,2026-07-01
0.0,0.0,0.0,250000.0,10000.0,10000.0,300000.0,ITM No Calls,2700000.0,2700000.0,,,No Call Required,,2700000.0,10847,98158,7150,,Net,USD,0.0,,2026-07-01
0.0,0.0,0.0,0.0,10000.0,10000.0,-200000.0,ITM No Calls,4600000.0,4600000.0,,,Pending Review,,4600000.0,10216,90206,7713,,Net,USD,0.0,,2026-06-17
0.0,0.0,0.0,0.0,10000.0,10000.0,100000.0,Call,2800000.0,2800000.0,,,No Call Required,,2800000.0,10016,90853,7230,,Net,USD,0.0,,2026-06-17
0.0,250000.0,0.0,0.0,10000.0,10000.0,400000.0,Recall,3900000.0,3900000.0,,,Pending Review,,3900000.0,10874,96491,7361,,Net,USD,0.0,,2026-06-17
0.0,250000.0,0.0,0.0,10000.0,10000.0,300000.0,Call,3400000.0,3400000.0,,,Pending Review,,3400000.0,11286,96805,7782,,Net,USD,0.0,,2026-06-03
0.0,0.0,0.0,0.0,10000.0,10000.0,-200000.0,Call,4000000.0,4000000.0,,,No Call Required,,4000000.0,11889,91028,7909,,Net,USD,0.0,,2026-07-01
0.0,0.0,0.0,250000.0,10000.0,10000.0,100000.0,ITM No Calls,1000000.0,1000000.0,,,No Call Required,,1000000.0,11943,95292,7334,,Net,USD,0.0,,2026-06-24
0.0,250000.0,0.0,250000.0,10000.0,10000.0,300000.0,ITM No Calls,2100000.0,2100000.0,,,No Call Required,,2100000.0,11792,92471,7749,,Net,USD,0.0,,2026-06-17
0.0,250000.0,0.0,250000.0,10000.0,10000.0,0.0,ITM No Calls,3600000.0,3600000.0,,,No Call Required,,3600000.0,10246,90633,7248,,Net,USD,0.0,,2026-06-17
0.0,0.0,0.0,0.0,10000.0,10000.0,100000.0,ITM No Calls,2200000.0,2200000.0,,,No Call Required,,2200000.0,11939,92284,7389,,Net,USD,0.0,,2026-07-01
0.0,0.0,0.0,250000.0,10000.0,10000.0,300000.0,ITM No Calls,700000.0,700000.0,,,Pending Review,,700000.0,11231,97538,7042,,Net,USD,0.0,,2026-07-01
0.0,250000.0,0.0,250000.0,10000.0,10000.0,200000.0,ITM No Calls,4900000.0,4900000.0,,,Pending Review,,4900000.0,11865,98983,7368,,Net,USD,0.0,,2026-06-17
0.0,250000.0,0.0,250000.0,10000.0,10000.0,100000.0,Recall,1600000.0,1600000.0,,,No Call Required,,1600000.0,11559,96836,7727,,Net,USD,0.0,,2026-06-03
0.0,250000.0,0.0,250000.0,10000.0,10000.0,-100000.0,Recall,1300000.0,1300000.0,,,No Call Required,,1300000.0,11572,93264,7628,,Net,USD,0.0,,2026-07-01
0.0,250000.0,0.0,250000.0,10000.0,10000.0,500000.0,Recall,700000.0,700000.0,,,No Call Required,,700000.0,11076,98774,7794,,Net,USD,0.0,,2026-06-17
0.0,0.0,0.0,250000.0,10000.0,10000.0,0.0,Recall,900000.0,900000.0,,,No Call Required,,900000.0,11820,99635,7226,,Net,USD,0.0,,2026-06-17
0.0,0.0,0.0,0.0,10000.0,10000.0,200000.0,ITM No Calls,2700000.0,2700000.0,,,No Call Required,,2700000.0,10358,90273,7323,,Net,USD,0.0,,2026-06-24
0.0,0.0,0.0,0.0,10000.0,10000.0,100000.0,Recall,4200000.0,4200000.0,,,No Call Required,,4200000.0,11185,95062,7662,,Net,USD,,,2026-07-01
0.0,250000.0,0.0,0.0,10000.0,10000.0,200000.0,Recall,100000.0,100000.0,,,No Call Required,,100000.0,11680,91491,7663,,Net,USD,0.0,,2026-06-10
0.0,250000.0,0.0,0.0,10000.0,10000.0,-100000.0,Call,2700000.0,2700000.0,,,Pending Review,,2700000.0,11192,93095,7580,,Net,USD,0.0,,2026-06-24
0.0,0.0,0.0,250000.0,10000.0,10000.0,-100000.0,ITM No Calls,4400000.0,4400000.0,,,No Call Required,,4400000.0,11111,92336,7329,,Net,USD,0.0,,2026-06-17
0.0,250000.0,0.0,250000.0,10000.0,10000.0,100000.0,ITM No Calls,5000000.0,5000000.0,,,No Call Required,,5000000.0,11039,96990,7462,,Net,USD,0.0,,2026-06-24
0.0,250000.0,0.0,0.0,10000.0,10000.0,500000.0,Recall,3400000.0,3400000.0,,,Pending Review,,3400000.0,10918,93481,7945,,Net,USD,0.0,,2026-07-01
0.0,0.0,0.0,0.0,10000.0,10000.0,0.0,Call,2200000.0,2200000.0,,,Pending Review,,2200000.0,10875,92004,7245,,Net,USD,0.0,,2026-06-10
0.0,0.0,0.0,250000.0,10000.0,10000.0,300000.0,Call,4600000.0,4600000.0,,,No Call Required,,4600000.0,10476,92538,7485,,Net,USD,0.0,,2026-06-03
0.0,250000.0,0.0,250000.0,10000.0,10000.0,0.0,Recall,4600000.0,4600000.0,,,Pending Review,,4600000.0,11062,96538,7482,,Net,USD,0.0,,2026-07-01
0.0,250000.0,0.0,250000.0,10000.0,10000.0,400000.0,Recall,400000.0,400000.0,,,No Call Required,,400000.0,11400,93422,7286,,Net,USD,0.0,,2026-06-17
0.0,250000.0,0.0,0.0,10000.0,10000.0,100000.0,Recall,4400000.0,4400000.0,,,No Call Required,,4400000.0,11232,95873,7193,,Net,USD,0.0,,2026-07-01
0.0,250000.0,0.0,0.0,10000.0,10000.0,100000.0,Call,100000.0,100000.0,,,Pending Review,,100000.0,10595,99375,7119,,Net,USD,0.0,,2026-06-24
0.0,250000.0,0.0,0.0,10000.0,10000.0,-200000.0,Call,4400000.0,4400000.0,,,Pending Review,,4400000.0,10649,95864,7598,,Net,USD,0.0,,2026-06-10
0.0,0.0,0.0,250000.0,10000.0,10000.0,-200000.0,Call,4600000.0,4600000.0,,,No Call Required,,4600000.0,10670,91717,7342,,Net,USD,0.0,,2026-06-03
0.0,250000.0,0.0,0.0,10000.0,10000.0,400000.0,Recall,1300000.0,1300000.0,,,Pending Review,,1300000.0,11038,91353,7362,,Net,USD,0.0,,2026-07-01
0.0,0.0,0.0,0.0,10000.0,10000.0,400000.0,Call,4500000.0,4500000.0,,,Pending Review,,4500000.0,10899,97794,7047,,Net,USD,0.0,,2026-07-01
0.0,250000.0,0.0,0.0,10000.0,10000.0,400000.0,Recall,2200000.0,2200000.0,,,Pending Review,,2200000.0,11827,92363,7145,,Net,USD,0.0,,2026-06-10
0.0,0.0,0.0,250000.0,10000.0,10000.0,200000.0,Recall,1900000.0,1900000.0,,,Pending Review,,1900000.0,10830,98541,7545,,Net,USD,0.0,,2026-06-10
0.0,250000.0,0.0,250000.0,10000.0,10000.0,400000.0,Call,2400000.0,2400000.0,,,No Call Required,,2400000.0,10450,95901,7816,,Net,USD,0.0,,2026-06-24
0.0,0.0,0.0,0.0,10000.0,10000.0,-200000.0,ITM No Calls,100000.0,100000.0,,,Pending Review,,100000.0,10270,90902,7081,,Net,USD,0.0,,2026-06-10
0.0,250000.0,0.0,250000.0,10000.0,10000.0,300000.0,ITM No Calls,3300000.0,3300000.0,,,No Call Required,,3300000.0,10101,97256,7930,,Net,USD,0.0,,2026-07-01
0.0,0.0,0.0,0.0,10000.0,10000.0,500000.0,Recall,3300000.0,3300000.0,,,Pending Review,,3300000.0,10853,98160,7337,,Net,USD,0.0,,2026-06-17
0.0,0.0,0.0,0.0,10000.0,10000.0,100000.0,ITM No Calls,400000.0,400000.0,,,Pending Review,,400000.0,10891,93262,7789,,Net,USD,0.0,,2026-07-01
0.0,0.0,0.0,0.0,10000.0,10000.0,300000.0,ITM No Calls,2000000.0,2000000.0,,,No Call Required,,2000000.0,11420,96176,7630,,Net,USD,0.0,,2026-06-17
0.0,0.0,0.0,250000.0,10000.0,10000.0,200000.0,Recall,3100000.0,3100000.0,,,Pending Review,,3100000.0,11603,94084,7128,,Net,USD,0.0,,2026-06-24
0.0,250000.0,0.0,0.0,10000.0,10000.0,200000.0,Recall,5000000.0,5000000.0,,,Pending Review,,5000000.0,11114,90974,7865,,Net,USD,0.0,,2026-06-17
0.0,0.0,0.0,250000.0,10000.0,10000.0,500000.0,ITM No Calls,3500000.0,3500000.0,,,Pending Review,,3500000.0,11815,92689,7602,,Net,USD,0.0,,2026-06-03
0.0,250000.0,0.0,0.0,10000.0,10000.0,200000.0,Call,3600000.0,3600000.0,,,No Call Required,,3600000.0,11827,98534,7091,,Net,USD,0.0,,2026-06-24
0.0,250000.0,0.0,0.0,10000.0,10000.0,300000.0,Call,4700000.0,4700000.0,,,Pending Review,,4700000.0,10373,96596,7648,,Net,USD,0.0,,2026-06-24
0.0,0.0,0.0,0.0,10000.0,10000.0,0.0,Call,2200000.0,2200000.0,,,No Call Required,,2200000.0,10948,91108,7794,,Net,USD,0.0,,2026-06-24
0.0,0.0,0.0,250000.0,10000.0,10000.0,0.0,ITM No Calls,4000000.0,4000000.0,,,Pending Review,,4000000.0,10532,93761,7948,,Net,USD,0.0,,2026-06-24
0.0,250000.0,0.0,0.0,10000.0,10000.0,0.0,Call,1700000.0,1700000.0,,,No Call Required,,1700000.0,10439,90800,7120,,Net,USD,0.0,,2026-06-24
0.0,250000.0,0.0,0.0,10000.0,10000.0,0.0,Recall,1500000.0,1500000.0,,,Pending Review,,1500000.0,10617,98829,7584,,Net,USD,0.0,,2026-06-24
0.0,0.0,0.0,0.0,10000.0,10000.0,500000.0,Recall,4500000.0,4500000.0,,,No Call Required,,4500000.0,11946,96709,7484,,Net,USD,0.0,,2026-06-24
0.0,0.0,0.0,0.0,10000.0,10000.0,-100000.0,Call,3200000.0,3200000.0,,,No Call Required,,3200000.0,10176,97636,7339,,Net,USD,0.0,,2026-07-01
0.0,0.0,0.0,0.0,10000.0,10000.0,300000.0,Recall,400000.0,400000.0,,,No Call Required,,400000.0,10807,93004,7300,,Net,USD,0.0,,2026-06-03
0.0,0.0,0.0,250000.0,10000.0,10000.0,100000.0,Call,2400000.0,2400000.0,,,No Call Required,,2400000.0,11520,97929,7014,,Net,USD,0.0,,2026-06-10
0.0,0.0,0.0,0.0,10000.0,10000.0,-100000.0,Recall,4500000.0,4500000.0,,,Pending Review,,4500000.0,11336,96983,7113,,Net,USD,0.0,,2026-06-24
0.0,0.0,0.0,250000.0,10000.0,10000.0,400000.0,ITM No Calls,3900000.0,3900000.0,,,Pending Review,,3900000.0,11719,95874,7126,,Net,USD,0.0,,2026-06-17
0.0,0.0,0.0,250000.0,10000.0,10000.0,500000.0,Recall,1100000.0,1100000.0,,,Pending Review,,1100000.0,10783,91639,7854,,Net,USD,0.0,,2026-07-01
0.0,0.0,0.0,0.0,10000.0,10000.0,0.0,Recall,4000000.0,4000000.0,,,Pending Review,,4000000.0,10168,95810,7858,,Net,USD,0.0,,2026-06-17
0.0,0.0,0.0,250000.0,10000.0,10000.0,100000.0,Recall,900000.0,900000.0,,,No Call Required,,900000.0,11519,90762,7756,,Net,USD,0.0,,2026-06-24
0.0,250000.0,0.0,0.0,10000.0,10000.0,-100000.0,Recall,2800000.0,2800000.0,,,Pending Review,,2800000.0,11037,99589,7268,,Net,USD,0.0,,2026-07-01
0.0,250000.0,0.0,250000.0,10000.0,10000.0,400000.0,Call,4800000.0,4800000.0,,,No Call Required,,4800000.0,10310,91771,7835,,Net,USD,0.0,,2026-07-01
0.0,250000.0,0.0,250000.0,10000.0,10000.0,0.0,ITM No Calls,4400000.0,4400000.0,,,Pending Review,,4400000.0,11552,94418,7470,,Net,USD,0.0,,2026-06-24
0.0,250000.0,0.0,250000.0,10000.0,10000.0,400000.0,Recall,100000.0,100000.0,,,Pending Review,,100000.0,10440,92631,7875,,Net,USD,0.0,,2026-06-10
0.0,0.0,0.0,0.0,10000.0,10000.0,0.0,Call,2100000.0,2100000.0,,,Pending Review,,2100000.0,10933,93713,7304,,Net,USD,0.0,,2026-06-24
0.0,250000.0,0.0,0.0,10000.0,10000.0,0.0,Call,4200000.0,4200000.0,,,Pending Review,,4200000.0,11606,95037,7693,,Net,USD,0.0,,2026-06-17
0.0,250000.0,0.0,0.0,10000.0,10000.0,500000.0,ITM No Calls,2700000.0,2700000.0,,,No Call Required,,2700000.0,10674,93431,7440,,Net,USD,0.0,,2026-06-03
0.0,250000.0,0.0,250000.0,10000.0,10000.0,500000.0,Recall,3800000.0,3800000.0,,,No Call Required,,3800000.0,11281,92977,7471,,Net,USD,0.0,,2026-06-10
0.0,250000.0,0.0,250000.0,10000.0,10000.0,100000.0,ITM No Calls,1200000.0,1200000.0,,,No Call Required,,1200000.0,10648,95368,7278,,Net,USD,0.0,,2026-06-10
0.0,0.0,0.0,250000.0,10000.0,10000.0,300000.0,Call,700000.0,700000.0,,,No Call Required,,700000.0,10499,99531,7308,,Net,USD,,,2026-06-17
0.0,250000.0,0.0,0.0,10000.0,10000.0,300000.0,ITM No Calls,800000.0,800000.0,,,Pending Review,,800000.0,10214,91783,7838,,Net,USD,0.0,,2026-06-10
0.0,250000.0,0.0,250000.0,10000.0,10000.0,-200000.0,Call,4300000.0,4300000.0,,,Pending Review,,4300000.0,11255,99444,7430,,Net,USD,0.0,,2026-06-03
0.0,0.0,0.0,250000.0,10000.0,10000.0,100000.0,Recall,3900000.0,3900000.0,,,Pending Review,,3900000.0,11140,94845,7369,,Net,USD,0.0,,2026-06-03
0.0,250000.0,0.0,250000.0,10000.0,10000.0,100000.0,Recall,4700000.0,4700000.0,,,Pending Review,,4700000.0,10853,99890,7025,,Net,USD,,,2026-06-03
0.0,250000.0,0.0,0.0,10000.0,10000.0,0.0,Call,3800000.0,3800000.0,,,Pending Review,,3800000.0,10150,96982,7337,,Net,USD,0.0,,2026-06-10
0.0,0.0,0.0,250000.0,10000.0,10000.0,0.0,Call,500000.0,500000.0,,,No Call Required,,500000.0,10486,97589,7335,,Net,USD,,,2026-06-17
0.0,250000.0,0.0,250000.0,10000.0,10000.0,100000.0,Recall,1000000.0,1000000.0,,,No Call Required,,1000000.0,10193,95823,7456,,Net,USD,0.0,,2026-06-10
0.0,250000.0,0.0,0.0,10000.0,10000.0,0.0,Call,3000000.0,3000000.0,,,No Call Required,,3000000.0,11770,94021,7673,,Net,USD,0.0,,2026-07-01
0.0,250000.0,0.0,0.0,10000.0,10000.0,0.0,ITM No Calls,1700000.0,1700000.0,,,No Call Required,,1700000.0,11711,99126,7106,,Net,USD,0.0,,2026-06-03
0.0,0.0,0.0,0.0,10000.0,10000.0,0.0,Recall,1200000.0,1200000.0,,,No Call Required,,1200000.0,11482,99857,7818,,Net,USD,,,2026-06-03
0.0,250000.0,0.0,250000.0,10000.0,10000.0,300000.0,Recall,2900000.0,2900000.0,,,Pending Review,,2900000.0,10528,93749,7927,,Net,USD,0.0,,2026-06-03
0.0,250000.0,0.0,250000.0,10000.0,10000.0,500000.0,Recall,2300000.0,2300000.0,,,Pending Review,,2300000.0,11164,97039,7448,,Net,USD,0.0,,2026-06-03
0.0,250000.0,0.0,250000.0,10000.0,10000.0,-200000.0,Call,3100000.0,3100000.0,,,Pending Review,,3100000.0,10649,98154,7899,,Net,USD,0.0,,2026-06-17
0.0,0.0,0.0,250000.0,10000.0,10000.0,0.0,Recall,900000.0,900000.0,,,No Call Required,,900000.0,10273,99468,7729,,Net,USD,0.0,,2026-07-01
0.0,250000.0,0.0,0.0,10000.0,10000.0,100000.0,Recall,1200000.0,1200000.0,,,Pending Review,,1200000.0,11809,99983,7906,,Net,USD,0.0,,2026-07-01
0.0,250000.0,0.0,250000.0,10000.0,10000.0,100000.0,ITM No Calls,500000.0,500000.0,,,No Call Required,,500000.0,11157,97582,7763,,Net,USD,0.0,,2026-06-17
0.0,0.0,0.0,0.0,10000.0,10000.0,200000.0,Recall,4400000.0,4400000.0,,,No Call Required,,4400000.0,10232,94276,7108,,Net,USD,0.0,,2026-06-10
0.0,0.0,0.0,0.0,10000.0,10000.0,100000.0,ITM No Calls,3700000.0,3700000.0,,,Pending Review,,3700000.0,10793,94432,7199,,Net,USD,0.0,,2026-06-10
0.0,0.0,0.0,0.0,10000.0,10000.0,-200000.0,Call,200000.0,200000.0,,,No Call Required,,200000.0,11312,94489,7983,,Net,USD,0.0,,2026-06-24
0.0,250000.0,0.0,250000.0,10000.0,10000.0,-200000.0,Recall,900000.0,900000.0,,,No Call Required,,900000.0,10294,96047,7600,,Net,USD,0.0,,2026-07-01
0.0,0.0,0.0,250000.0,10000.0,10000.0,300000.0,Call,1900000.0,1900000.0,,,Pending Review,,1900000.0,10939,96431,7544,,Net,USD,0.0,,2026-07-01
0.0,250000.0,0.0,0.0,10000.0,10000.0,100000.0,Call,1300000.0,1300000.0,,,Pending Review,,1300000.0,10961,96906,7711,,Net,USD,0.0,,2026-07-01
0.0,250000.0,0.0,0.0,10000.0,10000.0,-100000.0,Recall,4600000.0,4600000.0,,,Pending Review,,4600000.0,11812,90670,7479,,Net,USD,0.0,,2026-06-03
0.0,250000.0,0.0,250000.0,10000.0,10000.0,300000.0,Call,3300000.0,3300000.0,,,No Call Required,,3300000.0,11936,99771,7272,,Net,USD,0.0,,2026-07-01
0.0,250000.0,0.0,250000.0,10000.0,10000.0,0.0,ITM No Calls,2500000.0,2500000.0,,,Pending Review,,2500000.0,10129,93956,7733,,Net,USD,0.0,,2026-07-01
0.0,0.0,0.0,0.0,10000.0,10000.0,100000.0,Recall,2700000.0,2700000.0,,,Pending Review,,2700000.0,11948,98833,7998,,Net,USD,0.0,,2026-07-01
0.0,0.0,0.0,250000.0,10000.0,10000.0,0.0,Recall,500000.0,500000.0,,,No Call Required,,500000.0,10176,91711,7550,,Net,USD,0.0,,2026-06-10
0.0,250000.0,0.0,0.0,10000.0,10000.0,-100000.0,ITM No Calls,1100000.0,1100000.0,,,No Call Required,,1100000.0,11477,92882,7797,,Net,USD,0.0,,2026-07-01
0.0,0.0,0.0,250000.0,10000.0,10000.0,300000.0,ITM No Calls,700000.0,700000.0,,,Pending Review,,700000.0,10925,96592,7629,,Net,USD,0.0,,2026-07-01
0.0,250000.0,0.0,250000.0,10000.0,10000.0,300000.0,Recall,4600000.0,4600000.0,,,Pending Review,,4600000.0,11801,95799,7142,,Net,USD,0.0,,2026-07-01
0.0,0.0,0.0,250000.0,10000.0,10000.0,500000.0,Recall,2600000.0,2600000.0,,,Pending Review,,2600000.0,10485,92041,7371,,Net,USD,0.0,,2026-06-17
0.0,0.0,0.0,0.0,10000.0,10000.0,100000.0,Call,3600000.0,3600000.0,,,No Call Required,,3600000.0,10066,98823,7069,,Net,USD,0.0,,2026-06-10
0.0,0.0,0.0,250000.0,10000.0,10000.0,-100000.0,ITM No Calls,2600000.0,2600000.0,,,No Call Required,,2600000.0,10436,90769,7412,,Net,USD,0.0,,2026-07-01
0.0,250000.0,0.0,0.0,10000.0,10000.0,500000.0,ITM No Calls,200000.0,200000.0,,,Pending Review,,200000.0,10021,96848,7362,,Net,USD,0.0,,2026-06-24
0.0,0.0,0.0,0.0,10000.0,10000.0,0.0,Recall,1500000.0,1500000.0,,,No Call Required,,1500000.0,10588,93870,7505,,Net,USD,0.0,,2026-06-10
0.0,0.0,0.0,250000.0,10000.0,10000.0,-200000.0,Call,3000000.0,3000000.0,,,No Call Required,,3000000.0,11503,92894,7048,,Net,USD,0.0,,2026-06-24
0.0,0.0,0.0,0.0,10000.0,10000.0,500000.0,Call,1100000.0,1100000.0,,,Pending Review,,1100000.0,11788,99759,7534,,Net,USD,0.0,,2026-07-01
0.0,0.0,0.0,0.0,10000.0,10000.0,300000.0,Call,3000000.0,3000000.0,,,No Call Required,,3000000.0,11029,92746,7129,,Net,USD,,,2026-06-17
0.0,250000.0,0.0,250000.0,10000.0,10000.0,-100000.0,ITM No Calls,800000.0,800000.0,,,Pending Review,,800000.0,10181,93468,7680,,Net,USD,0.0,,2026-07-01
0.0,250000.0,0.0,0.0,10000.0,10000.0,500000.0,ITM No Calls,1700000.0,1700000.0,,,Pending Review,,1700000.0,10800,90205,7697,,Net,USD,0.0,,2026-06-10
0.0,250000.0,0.0,0.0,10000.0,10000.0,0.0,Recall,1300000.0,1300000.0,,,No Call Required,,1300000.0,11559,90444,7445,,Net,USD,0.0,,2026-06-10
0.0,0.0,0.0,0.0,10000.0,10000.0,400000.0,Call,3900000.0,3900000.0,,,Pending Review,,3900000.0,10020,91125,7413,,Net,USD,0.0,,2026-07-01
0.0,0.0,0.0,0.0,10000.0,10000.0,400000.0,Recall,1600000.0,1600000.0,,,Pending Review,,1600000.0,10132,97357,7503,,Net,USD,0.0,,2026-07-01
0.0,250000.0,0.0,0.0,10000.0,10000.0,0.0,Call,300000.0,300000.0,,,No Call Required,,300000.0,11366,97173,7759,,Net,USD,0.0,,2026-06-03
0.0,250000.0,0.0,250000.0,10000.0,10000.0,400000.0,Recall,2800000.0,2800000.0,,,No Call Required,,2800000.0,10378,97491,7577,,Net,USD,0.0,,2026-06-17
0.0,0.0,0.0,250000.0,10000.0,10000.0,500000.0,ITM No Calls,900000.0,900000.0,,,No Call Required,,900000.0,11231,91219,7706,,Net,USD,0.0,,2026-06-24
0.0,250000.0,0.0,250000.0,10000.0,10000.0,500000.0,ITM No Calls,4200000.0,4200000.0,,,No Call Required,,4200000.0,11625,92193,7950,,Net,USD,0.0,,2026-06-03
0.0,0.0,0.0,250000.0,10000.0,10000.0,0.0,Call,0.0,0.0,,,No Call Required,,0.0,10343,93419,7326,,Net,USD,0.0,,2026-06-24
0.0,250000.0,0.0,250000.0,10000.0,10000.0,200000.0,Recall,3400000.0,3400000.0,,,Pending Review,,3400000.0,10018,92617,7507,,Net,USD,0.0,,2026-06-03
0.0,250000.0,0.0,250000.0,10000.0,10000.0,-100000.0,Call,3100000.0,3100000.0,,,Pending Review,,3100000.0,10536,98301,7634,,Net,USD,0.0,,2026-06-24
0.0,0.0,0.0,250000.0,10000.0,10000.0,300000.0,Call,1100000.0,1100000.0,,,No Call Required,,1100000.0,10333,91121,7058,,Net,USD,0.0,,2026-07-01
0.0,250000.0,0.0,250000.0,10000.0,10000.0,-100000.0,Call,4600000.0,4600000.0,,,No Call Required,,4600000.0,10459,95399,7799,,Net,USD,0.0,,2026-06-03
0.0,250000.0,0.0,250000.0,10000.0,10000.0,200000.0,ITM No Calls,4800000.0,4800000.0,,,Pending Review,,4800000.0,11632,93172,7297,,Net,USD,0.0,,2026-06-24
0.0,0.0,0.0,0.0,10000.0,10000.0,400000.0,ITM No Calls,2800000.0,2800000.0,,,Pending Review,,2800000.0,10983,98672,7870,,Net,USD,0.0,,2026-06-03
0.0,0.0,0.0,250000.0,10000.0,10000.0,-100000.0,Recall,4500000.0,4500000.0,,,Pending Review,,4500000.0,10046,94708,7346,,Net,USD,0.0,,2026-07-01
0.0,250000.0,0.0,250000.0,10000.0,10000.0,200000.0,Recall,4800000.0,4800000.0,,,Pending Review,,4800000.0,10542,91949,7575,,Net,USD,0.0,,2026-06-17
0.0,0.0,0.0,250000.0,10000.0,10000.0,200000.0,Recall,1600000.0,1600000.0,,,Pending Review,,1600000.0,11459,93549,7532,,Net,USD,0.0,,2026-06-10
0.0,0.0,0.0,0.0,10000.0,10000.0,400000.0,Recall,1700000.0,1700000.0,,,Pending Review,,1700000.0,11707,94900,7406,,Net,USD,0.0,,2026-07-01
0.0,250000.0,0.0,0.0,10000.0,10000.0,500000.0,ITM No Calls,1300000.0,1300000.0,,,Pending Review,,1300000.0,10081,91807,7487,,Net,USD,0.0,,2026-07-01
0.0,0.0,0.0,250000.0,10000.0,10000.0,400000.0,ITM No Calls,900000.0,900000.0,,,No Call Required,,900000.0,10475,99844,7229,,Net,USD,0.0,,2026-06-17
0.0,0.0,0.0,0.0,10000.0,10000.0,0.0,ITM No Calls,4500000.0,4500000.0,,,Pending Review,,4500000.0,11544,97553,7199,,Net,USD,0.0,,2026-07-01
0.0,250000.0,0.0,250000.0,10000.0,10000.0,500000.0,ITM No Calls,0.0,0.0,,,Pending Review,,0.0,10809,90780,7192,,Net,USD,0.0,,2026-06-03
0.0,250000.0,0.0,250000.0,10000.0,10000.0,200000.0,Recall,200000.0,200000.0,,,No Call Required,,200000.0,11370,99145,7966,,Net,USD,0.0,,2026-06-03
0.0,0.0,0.0,250000.0,10000.0,10000.0,-100000.0,Recall,2900000.0,2900000.0,,,No Call Required,,2900000.0,10688,91177,7745,,Net,USD,0.0,,2026-06-10
0.0,0.0,0.0,0.0,10000.0,10000.0,-100000.0,Call,4800000.0,4800000.0,,,No Call Required,,4800000.0,11537,96843,7532,,Net,USD,0.0,,2026-06-10
0.0,250000.0,0.0,250000.0,10000.0,10000.0,100000.0,Recall,2900000.0,2900000.0,,,No Call Required,,2900000.0,11009,90598,7009,,Net,USD,0.0,,2026-07-01
0.0,0.0,0.0,250000.0,10000.0,10000.0,300000.0,Call,3100000.0,3100000.0,,,No Call Required,,3100000.0,11966,93850,7552,,Net,USD,0.0,,2026-07-01
0.0,250000.0,0.0,0.0,10000.0,10000.0,-100000.0,ITM No Calls,0.0,0.0,,,Pending Review,,0.0,11281,98542,7648,,Net,USD,0.0,,2026-06-17
0.0,250000.0,0.0,0.0,10000.0,10000.0,0.0,ITM No Calls,1600000.0,1600000.0,,,No Call Required,,1600000.0,10197,96887,7427,,Net,USD,0.0,,2026-06-03
0.0,250000.0,0.0,0.0,10000.0,10000.0,500000.0,Call,1300000.0,1300000.0,,,No Call Required,,1300000.0,11933,99862,7671,,Net,USD,0.0,,2026-06-10
0.0,0.0,0.0,0.0,10000.0,10000.0,200000.0,Call,1900000.0,1900000.0,,,Pending Review,,1900000.0,10262,92786,7695,,Net,USD,0.0,,2026-06-03
0.0,250000.0,0.0,250000.0,10000.0,10000.0,100000.0,ITM No Calls,3100000.0,3100000.0,,,No Call Required,,3100000.0,10247,96479,7676,,Net,USD,,,2026-06-17
0.0,250000.0,0.0,0.0,10000.0,10000.0,400000.0,Recall,4100000.0,4100000.0,,,Pending Review,,4100000.0,11268,93752,7816,,Net,USD,0.0,,2026-07-01
0.0,0.0,0.0,250000.0,10000.0,10000.0,-200000.0,ITM No Calls,1500000.0,1500000.0,,,Pending Review,,1500000.0,11423,91436,7922,,Net,USD,0.0,,2026-06-24
0.0,250000.0,0.0,250000.0,10000.0,10000.0,-200000.0,Recall,2800000.0,2800000.0,,,No Call Required,,2800000.0,11518,92261,7709,,Net,USD,,,2026-06-24
0.0,250000.0,0.0,250000.0,10000.0,10000.0,200000.0,Call,3500000.0,3500000.0,,,Pending Review,,3500000.0,10861,93361,7843,,Net,USD,0.0,,2026-07-01
0.0,0.0,0.0,250000.0,10000.0,10000.0,-100000.0,Call,3400000.0,3400000.0,,,Pending Review,,3400000.0,10796,94396,7185,,Net,USD,,,2026-06-24
0.0,250000.0,0.0,0.0,10000.0,10000.0,300000.0,ITM No Calls,0.0,0.0,,,No Call Required,,0.0,10752,97385,7592,,Net,USD,0.0,,2026-06-17
0.0,250000.0,0.0,250000.0,10000.0,10000.0,0.0,ITM No Calls,200000.0,200000.0,,,No Call Required,,200000.0,11577,99835,7918,,Net,USD,0.0,,2026-06-24
0.0,0.0,0.0,0.0,10000.0,10000.0,-100000.0,Call,3000000.0,3000000.0,,,Pending Review,,3000000.0,10903,95629,7762,,Net,USD,0.0,,2026-06-03
0.0,250000.0,0.0,0.0,10000.0,10000.0,-100000.0,ITM No Calls,1900000.0,1900000.0,,,Pending Review,,1900000.0,11727,98231,7994,,Net,USD,,,2026-06-17
0.0,250000.0,0.0,0.0,10000.0,10000.0,400000.0,Call,900000.0,900000.0,,,Pending Review,,900000.0,11269,91337,7990,,Net,USD,0.0,,2026-06-24
0.0,0.0,0.0,250000.0,10000.0,10000.0,400000.0,ITM No Calls,4800000.0,4800000.0,,,Pending Review,,4800000.0,11917,91144,7624,,Net,USD,0.0,,2026-07-01
0.0,250000.0,0.0,250000.0,10000.0,10000.0,-200000.0,ITM No Calls,400000.0,400000.0,,,Pending Review,,400000.0,10048,91636,7424,,Net,USD,0.0,,2026-06-03
0.0,250000.0,0.0,0.0,10000.0,10000.0,300000.0,Call,200000.0,200000.0,,,Pending Review,,200000.0,10200,95196,7705,,Net,USD,0.0,,2026-06-10
0.0,250000.0,0.0,250000.0,10000.0,10000.0,400000.0,Call,1900000.0,1900000.0,,,No Call Required,,1900000.0,11036,97910,7125,,Net,USD,0.0,,2026-06-24
0.0,250000.0,0.0,0.0,10000.0,10000.0,300000.0,Recall,3000000.0,3000000.0,,,No Call Required,,3000000.0,10794,99048,7989,,Net,USD,0.0,,2026-06-17
0.0,0.0,0.0,250000.0,10000.0,10000.0,500000.0,ITM No Calls,2600000.0,2600000.0,,,Pending Review,,2600000.0,10964,93229,7789,,Net,USD,0.0,,2026-06-24
0.0,250000.0,0.0,0.0,10000.0,10000.0,500000.0,Call,1000000.0,1000000.0,,,No Call Required,,1000000.0,10399,93197,7683,,Net,USD,0.0,,2026-07-01
0.0,250000.0,0.0,0.0,10000.0,10000.0,-200000.0,Call,700000.0,700000.0,,,No Call Required,,700000.0,11693,97385,7258,,Net,USD,0.0,,2026-06-17
0.0,0.0,0.0,250000.0,10000.0,10000.0,400000.0,Call,4400000.0,4400000.0,,,No Call Required,,4400000.0,10009,98323,7590,,Net,USD,0.0,,2026-06-10
0.0,250000.0,0.0,250000.0,10000.0,10000.0,500000.0,ITM No Calls,2900000.0,2900000.0,,,No Call Required,,2900000.0,11632,93876,7508,,Net,USD,0.0,,2026-06-24
0.0,250000.0,0.0,250000.0,10000.0,10000.0,200000.0,ITM No Calls,700000.0,700000.0,,,Pending Review,,700000.0,11730,93025,7258,,Net,USD,0.0,,2026-06-10
0.0,0.0,0.0,250000.0,10000.0,10000.0,500000.0,Call,4200000.0,4200000.0,,,Pending Review,,4200000.0,11410,95793,7696,,Net,USD,0.0,,2026-06-17
0.0,250000.0,0.0,0.0,10000.0,10000.0,-200000.0,Recall,3200000.0,3200000.0,,,Pending Review,,3200000.0,11579,94519,7420,,Net,USD,0.0,,2026-06-24
0.0,250000.0,0.0,250000.0,10000.0,10000.0,300000.0,ITM No Calls,3500000.0,3500000.0,,,Pending Review,,3500000.0,11446,92900,7479,,Net,USD,0.0,,2026-07-01
0.0,0.0,0.0,250000.0,10000.0,10000.0,-200000.0,ITM No Calls,900000.0,900000.0,,,No Call Required,,900000.0,11827,99886,7780,,Net,USD,0.0,,2026-06-10
0.0,250000.0,0.0,250000.0,10000.0,10000.0,100000.0,Recall,2600000.0,2600000.0,,,No Call Required,,2600000.0,11348,97105,7656,,Net,USD,0.0,,2026-07-01
0.0,250000.0,0.0,0.0,10000.0,10000.0,200000.0,ITM No Calls,3300000.0,3300000.0,,,No Call Required,,3300000.0,10775,94029,7238,,Net,USD,0.0,,2026-07-01
0.0,250000.0,0.0,0.0,10000.0,10000.0,400000.0,ITM No Calls,1600000.0,1600000.0,,,Pending Review,,1600000.0,10390,92987,7718,,Net,USD,,,2026-06-24
0.0,0.0,0.0,250000.0,10000.0,10000.0,-200000.0,ITM No Calls,2900000.0,2900000.0,,,No Call Required,,2900000.0,11985,96141,7401,,Net,USD,0.0,,2026-07-01
0.0,0.0,0.0,250000.0,10000.0,10000.0,100000.0,Recall,600000.0,600000.0,,,No Call Required,,600000.0,11617,98860,7708,,Net,USD,0.0,,2026-06-10
0.0,0.0,0.0,0.0,10000.0,10000.0,500000.0,ITM No Calls,300000.0,300000.0,,,Pending Review,,300000.0,11482,92012,7775,,Net,USD,0.0,,2026-06-03
0.0,0.0,0.0,250000.0,10000.0,10000.0,100000.0,Call,900000.0,900000.0,,,Pending Review,,900000.0,11084,93438,7323,,Net,USD,0.0,,2026-06-17
0.0,250000.0,0.0,250000.0,10000.0,10000.0,100000.0,Recall,3400000.0,3400000.0,,,No Call Required,,3400000.0,10623,94625,7333,,Net,USD,0.0,,2026-07-01
0.0,250000.0,0.0,0.0,10000.0,10000.0,500000.0,Call,2600000.0,2600000.0,,,No Call Required,,2600000.0,11765,99852,7858,,Net,USD,0.0,,2026-06-03
0.0,0.0,0.0,0.0,10000.0,10000.0,500000.0,Call,900000.0,900000.0,,,No Call Required,,900000.0,11491,99894,7289,,Net,USD,0.0,,2026-06-24
0.0,250000.0,0.0,0.0,10000.0,10000.0,100000.0,Recall,3600000.0,3600000.0,,,No Call Required,,3600000.0,10691,92167,7657,,Net,USD,0.0,,2026-07-01
0.0,0.0,0.0,0.0,10000.0,10000.0,100000.0,ITM No Calls,4200000.0,4200000.0,,,Pending Review,,4200000.0,11615,91369,7348,,Net,USD,0.0,,2026-06-24
0.0,0.0,0.0,250000.0,10000.0,10000.0,0.0,Call,4400000.0,4400000.0,,,Pending Review,,4400000.0,10049,98295,7217,,Net,USD,0.0,,2026-06-24
0.0,250000.0,0.0,0.0,10000.0,10000.0,-200000.0,Call,4800000.0,4800000.0,,,Pending Review,,4800000.0,10112,91902,7705,,Net,USD,0.0,,2026-06-03
0.0,0.0,0.0,250000.0,10000.0,10000.0,100000.0,Recall,2000000.0,2000000.0,,,Pending Review,,2000000.0,10121,97312,7863,,Net,USD,0.0,,2026-06-03
0.0,0.0,0.0,0.0,10000.0,10000.0,400000.0,ITM No Calls,1600000.0,1600000.0,,,Pending Review,,1600000.0,10617,92027,7806,,Net,USD,0.0,,2026-06-24
0.0,250000.0,0.0,0.0,10000.0,10000.0,400000.0,Recall,1900000.0,1900000.0,,,Pending Review,,1900000.0,11968,94883,7385,,Net,USD,0.0,,2026-06-24
0.0,250000.0,0.0,0.0,10000.0,10000.0,-200000.0,Recall,1800000.0,1800000.0,,,Pending Review,,1800000.0,11764,99010,7561,,Net,USD,,,2026-06-17
0.0,0.0,0.0,250000.0,10000.0,10000.0,400000.0,Call,1400000.0,1400000.0,,,Pending Review,,1400000.0,10107,98923,7626,,Net,USD,0.0,,2026-06-10
0.0,0.0,0.0,250000.0,10000.0,10000.0,400000.0,Call,500000.0,500000.0,,,No Call Required,,500000.0,11327,94370,7424,,Net,USD,0.0,,2026-07-01
0.0,250000.0,0.0,0.0,10000.0,10000.0,500000.0,Call,3700000.0,3700000.0,,,No Call Required,,3700000.0,10425,93870,7106,,Net,USD,0.0,,2026-06-24
0.0,250000.0,0.0,0.0,10000.0,10000.0,500000.0,ITM No Calls,200000.0,200000.0,,,Pending Review,,200000.0,10450,92567,7287,,Net,USD,0.0,,2026-07-01
0.0,0.0,0.0,250000.0,10000.0,10000.0,200000.0,Call,3000000.0,3000000.0,,,Pending Review,,3000000.0,11033,97089,7709,,Net,USD,0.0,,2026-06-10
0.0,250000.0,0.0,250000.0,10000.0,10000.0,-200000.0,Recall,1300000.0,1300000.0,,,No Call Required,,1300000.0,10026,98491,7629,,Net,USD,,,2026-06-17
0.0,0.0,0.0,0.0,10000.0,10000.0,-100000.0,ITM No Calls,3400000.0,3400000.0,,,No Call Required,,3400000.0,11015,98468,7339,,Net,USD,0.0,,2026-06-17
0.0,250000.0,0.0,250000.0,10000.0,10000.0,100000.0,Call,3500000.0,3500000.0,,,Pending Review,,3500000.0,10948,97327,7501,,Net,USD,0.0,,2026-06-03
0.0,0.0,0.0,0.0,10000.0,10000.0,200000.0,Recall,4200000.0,4200000.0,,,No Call Required,,4200000.0,11069,96686,7013,,Net,USD,0.0,,2026-06-24
0.0,0.0,0.0,250000.0,10000.0,10000.0,200000.0,ITM No Calls,3500000.0,3500000.0,,,No Call Required,,3500000.0,10381,94644,7137,,Net,USD,,,2026-06-17
0.0,0.0,0.0,0.0,10000.0,10000.0,500000.0,Call,1000000.0,1000000.0,,,Pending Review,,1000000.0,11123,96814,7452,,Net,USD,0.0,,2026-07-01
0.0,250000.0,0.0,0.0,10000.0,10000.0,-200000.0,Recall,1000000.0,1000000.0,,,Pending Review,,1000000.0,10410,99128,7702,,Net,USD,0.0,,2026-06-17
0.0,0.0,0.0,0.0,10000.0,10000.0,200000.0,Recall,2400000.0,2400000.0,,,No Call Required,,2400000.0,10747,91054,7396,,Net,USD,0.0,,2026-06-17
0.0,250000.0,0.0,0.0,10000.0,10000.0,-100000.0,ITM No Calls,4800000.0,4800000.0,,,No Call Required,,4800000.0,11588,90984,7635,,Net,USD,0.0,,2026-07-01
0.0,0.0,0.0,0.0,10000.0,10000.0,400000.0,Call,3100000.0,3100000.0,,,Pending Review,,3100000.0,10380,99299,7485,,Net,USD,0.0,,2026-06-10
0.0,250000.0,0.0,0.0,10000.0,10000.0,400000.0,Recall,3200000.0,3200000.0,,,No Call Required,,3200000.0,11440,95952,7912,,Net,USD,0.0,,2026-06-17
0.0,0.0,0.0,0.0,10000.0,10000.0,400000.0,Recall,3200000.0,3200000.0,,,No Call Required,,3200000.0,10460,93176,7652,,Net,USD,0.0,,2026-06-24
0.0,250000.0,0.0,0.0,10000.0,10000.0,500000.0,Call,2100000.0,2100000.0,,,Pending Review,,2100000.0,10456,92891,7740,,Net,USD,0.0,,2026-06-10
0.0,0.0,0.0,250000.0,10000.0,10000.0,100000.0,Recall,4700000.0,4700000.0,,,No Call Required,,4700000.0,10940,95992,7408,,Net,USD,0.0,,2026-06-03
0.0,0.0,0.0,0.0,10000.0,10000.0,0.0,ITM No Calls,2800000.0,2800000.0,,,Pending Review,,2800000.0,10764,97341,7549,,Net,USD,0.0,,2026-06-24
0.0,0.0,0.0,250000.0,10000.0,10000.0,200000.0,Call,300000.0,300000.0,,,Pending Review,,300000.0,11175,93096,7359,,Net,USD,0.0,,2026-07-01
0.0,250000.0,0.0,0.0,10000.0,10000.0,0.0,Recall,600000.0,600000.0,,,No Call Required,,600000.0,11067,92671,7291,,Net,USD,0.0,,2026-06-24
0.0,0.0,0.0,0.0,10000.0,10000.0,500000.0,Recall,2900000.0,2900000.0,,,Pending Review,,2900000.0,10833,93502,7461,,Net,USD,0.0,,2026-07-01
0.0,0.0,0.0,0.0,10000.0,10000.0,200000.0,Call,3100000.0,3100000.0,,,No Call Required,,3100000.0,10366,98609,7454,,Net,USD,,,2026-06-24
0.0,0.0,0.0,0.0,10000.0,10000.0,0.0,Recall,4700000.0,4700000.0,,,No Call Required,,4700000.0,11223,98274,7669,,Net,USD,0.0,,2026-06-24
0.0,0.0,0.0,250000.0,10000.0,10000.0,400000.0,Call,3700000.0,3700000.0,,,No Call Required,,3700000.0,11192,98858,7097,,Net,USD,0.0,,2026-06-10
0.0,250000.0,0.0,250000.0,10000.0,10000.0,100000.0,Recall,4500000.0,4500000.0,,,Pending Review,,4500000.0,11925,99943,7772,,Net,USD,0.0,,2026-06-24
0.0,250000.0,0.0,0.0,10000.0,10000.0,0.0,Call,400000.0,400000.0,,,Pending Review,,400000.0,11783,95959,7776,,Net,USD,0.0,,2026-06-24
0.0,250000.0,0.0,0.0,10000.0,10000.0,-100000.0,ITM No Calls,2900000.0,2900000.0,,,Pending Review,,2900000.0,10327,95154,7516,,Net,USD,0.0,,2026-06-10
0.0,250000.0,0.0,250000.0,10000.0,10000.0,-100000.0,Recall,4700000.0,4700000.0,,,Pending Review,,4700000.0,10224,99541,7918,,Net,USD,0.0,,2026-06-24
0.0,0.0,0.0,250000.0,10000.0,10000.0,100000.0,ITM No Calls,2700000.0,2700000.0,,,No Call Required,,2700000.0,10547,95776,7176,,Net,USD,,,2026-06-03
0.0,250000.0,0.0,0.0,10000.0,10000.0,0.0,ITM No Calls,3400000.0,3400000.0,,,Pending Review,,3400000.0,11835,92787,7610,,Net,USD,0.0,,2026-06-24
0.0,250000.0,0.0,250000.0,10000.0,10000.0,500000.0,Recall,1800000.0,1800000.0,,,No Call Required,,1800000.0,11101,99112,7385,,Net,USD,0.0,,2026-06-03
0.0,250000.0,0.0,250000.0,10000.0,10000.0,500000.0,Recall,4000000.0,4000000.0,,,No Call Required,,4000000.0,11837,99028,7008,,Net,USD,0.0,,2026-06-17
0.0,250000.0,0.0,0.0,10000.0,10000.0,200000.0,Recall,5000000.0,5000000.0,,,Pending Review,,5000000.0,10619,93747,7596,,Net,USD,0.0,,2026-07-01
0.0,0.0,0.0,250000.0,10000.0,10000.0,-200000.0,Recall,4700000.0,4700000.0,,,Pending Review,,4700000.0,10973,90245,7634,,Net,USD,0.0,,2026-06-03
0.0,0.0,0.0,0.0,10000.0,10000.0,300000.0,ITM No Calls,4900000.0,4900000.0,,,No Call Required,,4900000.0,11247,95178,7226,,Net,USD,0.0,,2026-06-10
0.0,250000.0,0.0,0.0,10000.0,10000.0,200000.0,Recall,0.0,0.0,,,Pending Review,,0.0,11670,97192,7308,,Net,USD,0.0,,2026-06-17
0.0,250000.0,0.0,0.0,10000.0,10000.0,400000.0,ITM No Calls,2700000.0,2700000.0,,,Pending Review,,2700000.0,11157,90183,7226,,Net,USD,0.0,,2026-06-24
0.0,0.0,0.0,250000.0,10000.0,10000.0,400000.0,Call,4500000.0,4500000.0,,,Pending Review,,4500000.0,10790,92452,7821,,Net,USD,0.0,,2026-07-01
0.0,0.0,0.0,0.0,10000.0,10000.0,0.0,ITM No Calls,4100000.0,4100000.0,,,No Call Required,,4100000.0,11911,90961,7605,,Net,USD,0.0,,2026-06-17
0.0,250000.0,0.0,0.0,10000.0,10000.0,-200000.0,Call,2100000.0,2100000.0,,,Pending Review,,2100000.0,11355,98310,7805,,Net,USD,0.0,,2026-06-03
0.0,0.0,0.0,0.0,10000.0,10000.0,300000.0,Recall,3600000.0,3600000.0,,,Pending Review,,3600000.0,11810,96183,7529,,Net,USD,0.0,,2026-06-17
0.0,0.0,0.0,0.0,10000.0,10000.0,200000.0,Call,0.0,0.0,,,Pending Review,,0.0,10931,97223,7367,,Net,USD,0.0,,2026-06-10
0.0,0.0,0.0,250000.0,10000.0,10000.0,0.0,Call,3500000.0,3500000.0,,,Pending Review,,3500000.0,11853,94618,7180,,Net,USD,0.0,,2026-06-24
0.0,250000.0,0.0,0.0,10000.0,10000.0,500000.0,Recall,3900000.0,3900000.0,,,No Call Required,,3900000.0,11672,91612,7502,,Net,USD,0.0,,2026-06-17
0.0,0.0,0.0,0.0,10000.0,10000.0,-100000.0,ITM No Calls,4100000.0,4100000.0,,,No Call Required,,4100000.0,11209,90519,7042,,Net,USD,0.0,,2026-06-17
0.0,0.0,0.0,250000.0,10000.0,10000.0,0.0,Recall,100000.0,100000.0,,,No Call Required,,100000.0,10181,96277,7705,,Net,USD,0.0,,2026-07-01
0.0,0.0,0.0,0.0,10000.0,10000.0,0.0,Recall,3100000.0,3100000.0,,,Pending Review,,3100000.0,11169,95855,7342,,Net,USD,0.0,,2026-06-10
0.0,250000.0,0.0,0.0,10000.0,10000.0,0.0,Recall,200000.0,200000.0,,,No Call Required,,200000.0,11916,96439,7556,,Net,USD,0.0,,2026-06-24
0.0,250000.0,0.0,250000.0,10000.0,10000.0,400000.0,ITM No Calls,5000000.0,5000000.0,,,No Call Required,,5000000.0,11228,98373,7247,,Net,USD,0.0,,2026-06-10
0.0,0.0,0.0,0.0,10000.0,10000.0,-100000.0,Call,1600000.0,1600000.0,,,No Call Required,,1600000.0,10550,94377,7331,,Net,USD,0.0,,2026-06-03
0.0,250000.0,0.0,250000.0,10000.0,10000.0,0.0,Call,2200000.0,2200000.0,,,Pending Review,,2200000.0,10487,94892,7796,,Net,USD,0.0,,2026-06-03
0.0,0.0,0.0,250000.0,10000.0,10000.0,200000.0,Recall,300000.0,300000.0,,,No Call Required,,300000.0,11912,97641,7857,,Net,USD,0.0,,2026-06-17
0.0,0.0,0.0,250000.0,10000.0,10000.0,100000.0,Recall,4100000.0,4100000.0,,,Pending Review,,4100000.0,11123,96716,7081,,Net,USD,0.0,,2026-07-01
0.0,250000.0,0.0,250000.0,10000.0,10000.0,-100000.0,ITM No Calls,4300000.0,4300000.0,,,Pending Review,,4300000.0,10605,97767,7862,,Net,USD,0.0,,2026-06-24
0.0,0.0,0.0,250000.0,10000.0,10000.0,-100000.0,Recall,2200000.0,2200000.0,,,Pending Review,,2200000.0,11786,98717,7076,,Net,USD,0.0,,2026-06-17
0.0,250000.0,0.0,250000.0,10000.0,10000.0,300000.0,Recall,900000.0,900000.0,,,No Call Required,,900000.0,11841,98778,7021,,Net,USD,0.0,,2026-06-17
0.0,250000.0,0.0,0.0,10000.0,10000.0,400000.0,Recall,1400000.0,1400000.0,,,No Call Required,,1400000.0,11571,97967,7769,,Net,USD,,,2026-06-17
0.0,250000.0,0.0,0.0,10000.0,10000.0,500000.0,ITM No Calls,3700000.0,3700000.0,,,No Call Required,,3700000.0,11952,94455,7760,,Net,USD,,,2026-06-24
0.0,250000.0,0.0,0.0,10000.0,10000.0,200000.0,Recall,1000000.0,1000000.0,,,Pending Review,,1000000.0,11616,95456,7079,,Net,USD,0.0,,2026-06-24
0.0,250000.0,0.0,0.0,10000.0,10000.0,-100000.0,Recall,900000.0,900000.0,,,No Call Required,,900000.0,10089,92828,7525,,Net,USD,0.0,,2026-07-01
0.0,0.0,0.0,250000.0,10000.0,10000.0,500000.0,ITM No Calls,3400000.0,3400000.0,,,No Call Required,,3400000.0,10998,99245,7079,,Net,USD,0.0,,2026-06-17
0.0,250000.0,0.0,0.0,10000.0,10000.0,500000.0,ITM No Calls,3800000.0,3800000.0,,,Pending Review,,3800000.0,11741,94634,7859,,Net,USD,0.0,,2026-06-10
0.0,0.0,0.0,0.0,10000.0,10000.0,200000.0,Recall,300000.0,300000.0,,,Pending Review,,300000.0,10165,93746,7263,,Net,USD,0.0,,2026-07-01
0.0,0.0,0.0,250000.0,10000.0,10000.0,0.0,ITM No Calls,1400000.0,1400000.0,,,Pending Review,,1400000.0,10237,92167,7369,,Net,USD,0.0,,2026-07-01
0.0,250000.0,0.0,250000.0,10000.0,10000.0,-100000.0,ITM No Calls,1200000.0,1200000.0,,,Pending Review,,1200000.0,10038,91718,7962,,Net,USD,0.0,,2026-06-24
0.0,0.0,0.0,250000.0,10000.0,10000.0,200000.0,Call,1100000.0,1100000.0,,,No Call Required,,1100000.0,11127,99064,7510,,Net,USD,0.0,,2026-06-24
0.0,0.0,0.0,0.0,10000.0,10000.0,-100000.0,Recall,800000.0,800000.0,,,Pending Review,,800000.0,11687,91522,7138,,Net,USD,0.0,,2026-06-17
0.0,250000.0,0.0,0.0,10000.0,10000.0,300000.0,ITM No Calls,1500000.0,1500000.0,,,Pending Review,,1500000.0,10610,92547,7395,,Net,USD,0.0,,2026-06-24
0.0,0.0,0.0,0.0,10000.0,10000.0,0.0,Call,4500000.0,4500000.0,,,Pending Review,,4500000.0,10868,94560,7662,,Net,USD,0.0,,2026-06-10
0.0,250000.0,0.0,0.0,10000.0,10000.0,100000.0,Recall,1400000.0,1400000.0,,,Pending Review,,1400000.0,10493,90751,7278,,Net,USD,0.0,,2026-06-17
0.0,0.0,0.0,250000.0,10000.0,10000.0,500000.0,ITM No Calls,3500000.0,3500000.0,,,Pending Review,,3500000.0,11908,97394,7367,,Net,USD,0.0,,2026-06-24
0.0,250000.0,0.0,250000.0,10000.0,10000.0,500000.0,Recall,500000.0,500000.0,,,No Call Required,,500000.0,11978,94632,7848,,Net,USD,0.0,,2026-07-01
0.0,0.0,0.0,250000.0,10000.0,10000.0,0.0,Recall,300000.0,300000.0,,,Pending Review,,300000.0,10417,90077,7181,,Net,USD,,,2026-06-24
0.0,250000.0,0.0,250000.0,10000.0,10000.0,-100000.0,Recall,3600000.0,3600000.0,,,No Call Required,,3600000.0,10438,91818,7076,,Net,USD,0.0,,2026-06-10
0.0,0.0,0.0,0.0,10000.0,10000.0,200000.0,ITM No Calls,2800000.0,2800000.0,,,Pending Review,,2800000.0,10498,94321,7031,,Net,USD,,,2026-06-17
0.0,250000.0,0.0,250000.0,10000.0,10000.0,300000.0,Call,900000.0,900000.0,,,No Call Required,,900000.0,11284,92560,7614,,Net,USD,0.0,,2026-06-24
0.0,0.0,0.0,250000.0,10000.0,10000.0,0.0,Recall,2000000.0,2000000.0,,,Pending Review,,2000000.0,11303,91517,7950,,Net,USD,0.0,,2026-06-17
0.0,0.0,0.0,250000.0,10000.0,10000.0,-100000.0,ITM No Calls,5000000.0,5000000.0,,,Pending Review,,5000000.0,11156,97340,7152,,Net,USD,0.0,,2026-06-17
0.0,250000.0,0.0,250000.0,10000.0,10000.0,400000.0,Call,1500000.0,1500000.0,,,No Call Required,,1500000.0,11128,91776,7521,,Net,USD,0.0,,2026-06-24
0.0,0.0,0.0,250000.0,10000.0,10000.0,-100000.0,Recall,1800000.0,1800000.0,,,No Call Required,,1800000.0,11642,90853,7068,,Net,USD,0.0,,2026-06-03
0.0,250000.0,0.0,250000.0,10000.0,10000.0,-200000.0,Recall,700000.0,700000.0,,,No Call Required,,700000.0,10961,99694,7481,,Net,USD,0.0,,2026-07-01
0.0,250000.0,0.0,250000.0,10000.0,10000.0,200000.0,ITM No Calls,0.0,0.0,,,No Call Required,,0.0,11914,98304,7906,,Net,USD,0.0,,2026-06-03
0.0,250000.0,0.0,0.0,10000.0,10000.0,0.0,Recall,3100000.0,3100000.0,,,No Call Required,,3100000.0,10491,93237,7562,,Net,USD,0.0,,2026-06-17
0.0,250000.0,0.0,250000.0,10000.0,10000.0,200000.0,Call,0.0,0.0,,,No Call Required,,0.0,11150,91543,7632,,Net,USD,0.0,,2026-06-03
0.0,0.0,0.0,0.0,10000.0,10000.0,-100000.0,ITM No Calls,4300000.0,4300000.0,,,No Call Required,,4300000.0,10718,99249,7099,,Net,USD,0.0,,2026-06-10
0.0,250000.0,0.0,250000.0,10000.0,10000.0,400000.0,Call,3400000.0,3400000.0,,,Pending Review,,3400000.0,11446,94449,7606,,Net,USD,0.0,,2026-06-17
0.0,250000.0,0.0,0.0,10000.0,10000.0,100000.0,Recall,1100000.0,1100000.0,,,No Call Required,,1100000.0,11799,96524,7615,,Net,USD,0.0,,2026-06-10
0.0,250000.0,0.0,250000.0,10000.0,10000.0,300000.0,Recall,3300000.0,3300000.0,,,Pending Review,,3300000.0,10883,95177,7725,,Net,USD,0.0,,2026-06-03
0.0,250000.0,0.0,250000.0,10000.0,10000.0,300000.0,Call,2900000.0,2900000.0,,,Pending Review,,2900000.0,10869,93403,7900,,Net,USD,0.0,,2026-07-01
0.0,0.0,0.0,250000.0,10000.0,10000.0,-200000.0,Call,3900000.0,3900000.0,,,No Call Required,,3900000.0,10388,96563,7780,,Net,USD,0.0,,2026-06-03
0.0,0.0,0.0,0.0,10000.0,10000.0,-100000.0,ITM No Calls,4600000.0,4600000.0,,,No Call Required,,4600000.0,10397,95343,7240,,Net,USD,0.0,,2026-06-10
0.0,250000.0,0.0,0.0,10000.0,10000.0,100000.0,Call,1900000.0,1900000.0,,,Pending Review,,1900000.0,10113,91552,7543,,Net,USD,0.0,,2026-06-17
0.0,0.0,0.0,0.0,10000.0,10000.0,100000.0,Recall,2500000.0,2500000.0,,,Pending Review,,2500000.0,10266,98779,7690,,Net,USD,0.0,,2026-06-17
0.0,0.0,0.0,250000.0,10000.0,10000.0,200000.0,Call,1800000.0,1800000.0,,,No Call Required,,1800000.0,10951,96652,7010,,Net,USD,0.0,,2026-06-03
0.0,250000.0,0.0,250000.0,10000.0,10000.0,100000.0,Call,3300000.0,3300000.0,,,No Call Required,,3300000.0,10305,93835,7915,,Net,USD,0.0,,2026-06-03
0.0,250000.0,0.0,0.0,10000.0,10000.0,400000.0,Recall,1100000.0,1100000.0,,,Pending Review,,1100000.0,10109,99290,7212,,Net,USD,0.0,,2026-06-03
0.0,0.0,0.0,250000.0,10000.0,10000.0,400000.0,ITM No Calls,1000000.0,1000000.0,,,No Call Required,,1000000.0,11836,98555,7360,,Net,USD,0.0,,2026-06-03
0.0,250000.0,0.0,0.0,10000.0,10000.0,-100000.0,Call,3200000.0,3200000.0,,,No Call Required,,3200000.0,11792,91635,7539,,Net,USD,0.0,,2026-06-03
0.0,250000.0,0.0,250000.0,10000.0,10000.0,-100000.0,ITM No Calls,4200000.0,4200000.0,,,No Call Required,,4200000.0,11989,94972,7021,,Net,USD,0.0,,2026-06-24
0.0,250000.0,0.0,0.0,10000.0,10000.0,100000.0,ITM No Calls,4100000.0,4100000.0,,,Pending Review,,4100000.0,10827,92160,7742,,Net,USD,0.0,,2026-06-10
0.0,0.0,0.0,250000.0,10000.0,10000.0,300000.0,ITM No Calls,700000.0,700000.0,,,Pending Review,,700000.0,10986,93860,7938,,Net,USD,0.0,,2026-07-01
0.0,250000.0,0.0,0.0,10000.0,10000.0,-200000.0,ITM No Calls,4300000.0,4300000.0,,,Pending Review,,4300000.0,10205,96057,7781,,Net,USD,0.0,,2026-06-03
0.0,250000.0,0.0,0.0,10000.0,10000.0,0.0,Call,900000.0,900000.0,,,Pending Review,,900000.0,11166,96646,7443,,Net,USD,0.0,,2026-06-03
0.0,0.0,0.0,250000.0,10000.0,10000.0,100000.0,Call,4400000.0,4400000.0,,,Pending Review,,4400000.0,10046,91480,7599,,Net,USD,0.0,,2026-06-17
0.0,0.0,0.0,250000.0,10000.0,10000.0,200000.0,Call,4700000.0,4700000.0,,,No Call Required,,4700000.0,11492,91342,7017,,Net,USD,0.0,,2026-06-24
0.0,250000.0,0.0,250000.0,10000.0,10000.0,100000.0,Recall,4700000.0,4700000.0,,,No Call Required,,4700000.0,10708,97491,7756,,Net,USD,0.0,,2026-06-10
0.0,0.0,0.0,250000.0,10000.0,10000.0,400000.0,Call,1600000.0,1600000.0,,,No Call Required,,1600000.0,10009,95900,7689,,Net,USD,0.0,,2026-06-24
0.0,0.0,0.0,250000.0,10000.0,10000.0,100000.0,Call,4400000.0,4400000.0,,,No Call Required,,4400000.0,10162,97213,7278,,Net,USD,,,2026-07-01
0.0,250000.0,0.0,0.0,10000.0,10000.0,300000.0,Call,2000000.0,2000000.0,,,Pending Review,,2000000.0,10291,98013,7187,,Net,USD,0.0,,2026-06-24
0.0,250000.0,0.0,250000.0,10000.0,10000.0,300000.0,ITM No Calls,3900000.0,3900000.0,,,No Call Required,,3900000.0,10335,99544,7973,,Net,USD,0.0,,2026-06-24
0.0,0.0,0.0,250000.0,10000.0,10000.0,100000.0,ITM No Calls,1800000.0,1800000.0,,,No Call Required,,1800000.0,11440,91206,7022,,Net,USD,0.0,,2026-07-01
0.0,0.0,0.0,0.0,10000.0,10000.0,0.0,Call,5000000.0,5000000.0,,,No Call Required,,5000000.0,11530,96680,7253,,Net,USD,0.0,,2026-06-10
0.0,250000.0,0.0,250000.0,10000.0,10000.0,100000.0,Call,1100000.0,1100000.0,,,No Call Required,,1100000.0,11670,97293,7182,,Net,USD,0.0,,2026-06-24
0.0,0.0,0.0,250000.0,10000.0,10000.0,0.0,ITM No Calls,4000000.0,4000000.0,,,Pending Review,,4000000.0,10545,94582,7940,,Net,USD,0.0,,2026-06-03
0.0,250000.0,0.0,0.0,10000.0,10000.0,400000.0,ITM No Calls,3700000.0,3700000.0,,,No Call Required,,3700000.0,10021,90481,7922,,Net,USD,0.0,,2026-06-10
0.0,0.0,0.0,0.0,10000.0,10000.0,-200000.0,ITM No Calls,300000.0,300000.0,,,No Call Required,,300000.0,11147,97771,7907,,Net,USD,0.0,,2026-06-03
0.0,0.0,0.0,0.0,10000.0,10000.0,500000.0,Call,2600000.0,2600000.0,,,Pending Review,,2600000.0,11480,99746,7716,,Net,USD,,,2026-06-17
0.0,250000.0,0.0,0.0,10000.0,10000.0,0.0,Recall,2000000.0,2000000.0,,,Pending Review,,2000000.0,10077,98085,7543,,Net,USD,0.0,,2026-06-17
0.0,250000.0,0.0,250000.0,10000.0,10000.0,500000.0,Recall,4900000.0,4900000.0,,,No Call Required,,4900000.0,10836,93957,7005,,Net,USD,0.0,,2026-07-01
0.0,0.0,0.0,250000.0,10000.0,10000.0,-100000.0,Recall,1800000.0,1800000.0,,,No Call Required,,1800000.0,11908,92846,7218,,Net,USD,0.0,,2026-07-01
0.0,0.0,0.0,0.0,10000.0,10000.0,400000.0,ITM No Calls,4100000.0,4100000.0,,,Pending Review,,4100000.0,11560,97192,7594,,Net,USD,0.0,,2026-07-01
0.0,0.0,0.0,0.0,10000.0,10000.0,200000.0,ITM No Calls,800000.0,800000.0,,,No Call Required,,800000.0,10323,99119,7557,,Net,USD,0.0,,2026-06-24
0.0,250000.0,0.0,0.0,10000.0,10000.0,200000.0,Call,3200000.0,3200000.0,,,No Call Required,,3200000.0,10584,98066,7898,,Net,USD,0.0,,2026-07-01
0.0,0.0,0.0,0.0,10000.0,10000.0,100000.0,Call,3500000.0,3500000.0,,,No Call Required,,3500000.0,11951,97431,7961,,Net,USD,0.0,,2026-06-24
0.0,250000.0,0.0,0.0,10000.0,10000.0,100000.0,Recall,500000.0,500000.0,,,No Call Required,,500000.0,11347,92442,7089,,Net,USD,,,2026-06-10
0.0,0.0,0.0,250000.0,10000.0,10000.0,0.0,Call,3800000.0,3800000.0,,,Pending Review,,3800000.0,10016,93920,7601,,Net,USD,0.0,,2026-06-10
0.0,0.0,0.0,0.0,10000.0,10000.0,100000.0,ITM No Calls,1400000.0,1400000.0,,,No Call Required,,1400000.0,10964,94381,7317,,Net,USD,0.0,,2026-07-01
0.0,0.0,0.0,250000.0,10000.0,10000.0,200000.0,Call,4600000.0,4600000.0,,,Pending Review,,4600000.0,11027,97228,7381,,Net,USD,0.0,,2026-06-17
0.0,250000.0,0.0,0.0,10000.0,10000.0,100000.0,ITM No Calls,300000.0,300000.0,,,Pending Review,,300000.0,10264,96340,7673,,Net,USD,0.0,,2026-06-24
0.0,250000.0,0.0,250000.0,10000.0,10000.0,300000.0,Recall,900000.0,900000.0,,,No Call Required,,900000.0,11439,91058,7043,,Net,USD,0.0,,2026-06-03
0.0,0.0,0.0,250000.0,10000.0,10000.0,300000.0,ITM No Calls,2600000.0,2600000.0,,,Pending Review,,2600000.0,10581,90221,7829,,Net,USD,0.0,,2026-06-17
0.0,250000.0,0.0,0.0,10000.0,10000.0,-100000.0,Call,4500000.0,4500000.0,,,Pending Review,,4500000.0,10138,95736,7800,,Net,USD,0.0,,2026-06-24
0.0,250000.0,0.0,0.0,10000.0,10000.0,100000.0,Call,2000000.0,2000000.0,,,Pending Review,,2000000.0,10200,92156,7596,,Net,USD,0.0,,2026-07-01
0.0,250000.0,0.0,0.0,10000.0,10000.0,0.0,Call,2200000.0,2200000.0,,,No Call Required,,2200000.0,10572,97169,7225,,Net,USD,0.0,,2026-06-17
0.0,250000.0,0.0,250000.0,10000.0,10000.0,100000.0,ITM No Calls,5000000.0,5000000.0,,,No Call Required,,5000000.0,10076,93346,7976,,Net,USD,0.0,,2026-06-24
0.0,250000.0,0.0,0.0,10000.0,10000.0,200000.0,ITM No Calls,2300000.0,2300000.0,,,No Call Required,,2300000.0,10386,91517,7944,,Net,USD,0.0,,2026-06-17
0.0,250000.0,0.0,250000.0,10000.0,10000.0,0.0,Call,2200000.0,2200000.0,,,Pending Review,,2200000.0,11250,99319,7394,,Net,USD,0.0,,2026-06-24
0.0,250000.0,0.0,250000.0,10000.0,10000.0,500000.0,Call,400000.0,400000.0,,,Pending Review,,400000.0,11370,95459,7421,,Net,USD,0.0,,2026-06-10
0.0,0.0,0.0,250000.0,10000.0,10000.0,200000.0,Call,1900000.0,1900000.0,,,Pending Review,,1900000.0,11669,98179,7187,,Net,USD,0.0,,2026-06-24
0.0,250000.0,0.0,250000.0,10000.0,10000.0,200000.0,ITM No Calls,1700000.0,1700000.0,,,No Call Required,,1700000.0,10283,94973,7874,,Net,USD,0.0,,2026-06-17
0.0,250000.0,0.0,250000.0,10000.0,10000.0,500000.0,Call,4400000.0,4400000.0,,,Pending Review,,4400000.0,10296,96776,7805,,Net,USD,0.0,,2026-06-03
0.0,0.0,0.0,250000.0,10000.0,10000.0,300000.0,Call,4100000.0,4100000.0,,,Pending Review,,4100000.0,11818,94256,7086,,Net,USD,0.0,,2026-06-03
0.0,0.0,0.0,250000.0,10000.0,10000.0,200000.0,Recall,700000.0,700000.0,,,Pending Review,,700000.0,11449,91131,7554,,Net,USD,0.0,,2026-06-10
0.0,0.0,0.0,0.0,10000.0,10000.0,300000.0,ITM No Calls,1300000.0,1300000.0,,,No Call Required,,1300000.0,11040,93719,7497,,Net,USD,0.0,,2026-06-17
0.0,250000.0,0.0,0.0,10000.0,10000.0,100000.0,Recall,4600000.0,4600000.0,,,Pending Review,,4600000.0,10475,93252,7564,,Net,USD,0.0,,2026-06-24
0.0,0.0,0.0,250000.0,10000.0,10000.0,100000.0,Recall,3000000.0,3000000.0,,,No Call Required,,3000000.0,11364,91683,7771,,Net,USD,0.0,,2026-06-03
0.0,0.0,0.0,250000.0,10000.0,10000.0,200000.0,Recall,2000000.0,2000000.0,,,Pending Review,,2000000.0,10421,97150,7358,,Net,USD,0.0,,2026-06-10
0.0,0.0,0.0,250000.0,10000.0,10000.0,100000.0,Call,4400000.0,4400000.0,,,Pending Review,,4400000.0,11639,99207,7669,,Net,USD,0.0,,2026-06-24
0.0,0.0,0.0,0.0,10000.0,10000.0,200000.0,ITM No Calls,4500000.0,4500000.0,,,Pending Review,,4500000.0,11285,94956,7332,,Net,USD,0.0,,2026-06-17
0.0,0.0,0.0,250000.0,10000.0,10000.0,200000.0,ITM No Calls,2400000.0,2400000.0,,,No Call Required,,2400000.0,11868,95172,7881,,Net,USD,0.0,,2026-06-10
0.0,0.0,0.0,0.0,10000.0,10000.0,500000.0,Call,3900000.0,3900000.0,,,No Call Required,,3900000.0,10763,92276,7703,,Net,USD,,,2026-07-01
0.0,250000.0,0.0,0.0,10000.0,10000.0,100000.0,Call,1100000.0,1100000.0,,,No Call Required,,1100000.0,10387,95345,7362,,Net,USD,0.0,,2026-06-03
0.0,250000.0,0.0,0.0,10000.0,10000.0,400000.0,Call,2500000.0,2500000.0,,,Pending Review,,2500000.0,11700,91519,7634,,Net,USD,0.0,,2026-06-24
0.0,0.0,0.0,0.0,10000.0,10000.0,100000.0,Call,4000000.0,4000000.0,,,Pending Review,,4000000.0,10716,95642,7559,,Net,USD,0.0,,2026-06-24
0.0,0.0,0.0,250000.0,10000.0,10000.0,0.0,Call,500000.0,500000.0,,,Pending Review,,500000.0,11661,99788,7589,,Net,USD,0.0,,2026-06-24
0.0,250000.0,0.0,250000.0,10000.0,10000.0,300000.0,Recall,4500000.0,4500000.0,,,No Call Required,,4500000.0,11974,98228,7351,,Net,USD,0.0,,2026-06-03
0.0,250000.0,0.0,0.0,10000.0,10000.0,-200000.0,Recall,0.0,0.0,,,No Call Required,,0.0,11927,99095,7076,,Net,USD,0.0,,2026-06-17
0.0,0.0,0.0,0.0,10000.0,10000.0,-100000.0,ITM No Calls,600000.0,600000.0,,,Pending Review,,600000.0,10497,95956,7916,,Net,USD,0.0,,2026-06-24
0.0,250000.0,0.0,250000.0,10000.0,10000.0,100000.0,Call,3300000.0,3300000.0,,,No Call Required,,3300000.0,11777,94939,7849,,Net,USD,0.0,,2026-06-17
0.0,0.0,0.0,0.0,10000.0,10000.0,300000.0,ITM No Calls,1600000.0,1600000.0,,,Pending Review,,1600000.0,11673,91115,7214,,Net,USD,0.0,,2026-06-17
0.0,0.0,0.0,0.0,10000.0,10000.0,400000.0,Call,3700000.0,3700000.0,,,Pending Review,,3700000.0,10675,90141,7155,,Net,USD,0.0,,2026-06-24
0.0,0.0,0.0,0.0,10000.0,10000.0,-100000.0,ITM No Calls,2000000.0,2000000.0,,,No Call Required,,2000000.0,10031,92889,7712,,Net,USD,0.0,,2026-06-17
0.0,250000.0,0.0,0.0,10000.0,10000.0,300000.0,Recall,3500000.0,3500000.0,,,Pending Review,,3500000.0,11896,90897,7062,,Net,USD,0.0,,2026-07-01
0.0,0.0,0.0,0.0,10000.0,10000.0,-200000.0,Recall,3000000.0,3000000.0,,,No Call Required,,3000000.0,11744,96221,7765,,Net,USD,0.0,,2026-06-10
0.0,250000.0,0.0,250000.0,10000.0,10000.0,300000.0,Recall,4400000.0,4400000.0,,,Pending Review,,4400000.0,11531,99515,7042,,Net,USD,0.0,,2026-07-01
0.0,250000.0,0.0,0.0,10000.0,10000.0,400000.0,ITM No Calls,2100000.0,2100000.0,,,Pending Review,,2100000.0,10547,92277,7744,,Net,USD,,,2026-06-24
0.0,0.0,0.0,0.0,10000.0,10000.0,-200000.0,ITM No Calls,200000.0,200000.0,,,Pending Review,,200000.0,11044,95255,7760,,Net,USD,0.0,,2026-06-10
0.0,0.0,0.0,250000.0,10000.0,10000.0,-200000.0,Recall,1000000.0,1000000.0,,,Pending Review,,1000000.0,10366,96101,7764,,Net,USD,0.0,,2026-07-01
0.0,0.0,0.0,250000.0,10000.0,10000.0,-100000.0,Recall,3700000.0,3700000.0,,,Pending Review,,3700000.0,10698,93803,7096,,Net,USD,0.0,,2026-06-17
0.0,0.0,0.0,0.0,10000.0,10000.0,0.0,Call,3600000.0,3600000.0,,,No Call Required,,3600000.0,10635,95639,7545,,Net,USD,0.0,,2026-06-10
0.0,250000.0,0.0,250000.0,10000.0,10000.0,500000.0,Recall,3900000.0,3900000.0,,,No Call Required,,3900000.0,10299,96464,7598,,Net,USD,0.0,,2026-06-03
0.0,0.0,0.0,0.0,10000.0,10000.0,400000.0,Call,100000.0,100000.0,,,No Call Required,,100000.0,11131,90332,7340,,Net,USD,,,2026-06-24
0.0,0.0,0.0,0.0,10000.0,10000.0,0.0,ITM No Calls,2700000.0,2700000.0,,,Pending Review,,2700000.0,11305,90948,7217,,Net,USD,0.0,,2026-06-03
0.0,250000.0,0.0,250000.0,10000.0,10000.0,300000.0,Call,3500000.0,3500000.0,,,No Call Required,,3500000.0,11031,94328,7918,,Net,USD,,,2026-06-17
0.0,250000.0,0.0,0.0,10000.0,10000.0,500000.0,ITM No Calls,3000000.0,3000000.0,,,Pending Review,,3000000.0,11700,90545,7493,,Net,USD,0.0,,2026-06-17
0.0,250000.0,0.0,0.0,10000.0,10000.0,300000.0,ITM No Calls,2100000.0,2100000.0,,,No Call Required,,2100000.0,11490,97548,7579,,Net,USD,0.0,,2026-07-01
0.0,0.0,0.0,250000.0,10000.0,10000.0,200000.0,ITM No Calls,3300000.0,3300000.0,,,No Call Required,,3300000.0,10900,95778,7449,,Net,USD,0.0,,2026-06-17
0.0,0.0,0.0,250000.0,10000.0,10000.0,300000.0,Recall,2400000.0,2400000.0,,,Pending Review,,2400000.0,10004,91930,7363,,Net,USD,0.0,,2026-07-01
0.0,0.0,0.0,250000.0,10000.0,10000.0,200000.0,ITM No Calls,1900000.0,1900000.0,,,No Call Required,,1900000.0,10635,91287,7454,,Net,USD,0.0,,2026-06-10
0.0,250000.0,0.0,0.0,10000.0,10000.0,-100000.0,Call,200000.0,200000.0,,,No Call Required,,200000.0,11314,91878,7868,,Net,USD,0.0,,2026-07-01
0.0,250000.0,0.0,250000.0,10000.0,10000.0,0.0,Recall,2200000.0,2200000.0,,,No Call Required,,2200000.0,11352,97792,7942,,Net,USD,0.0,,2026-06-17
0.0,250000.0,0.0,250000.0,10000.0,10000.0,400000.0,ITM No Calls,2400000.0,2400000.0,,,Pending Review,,2400000.0,10608,91987,7423,,Net,USD,,,2026-06-10
0.0,0.0,0.0,0.0,10000.0,10000.0,500000.0,Recall,2000000.0,2000000.0,,,Pending Review,,2000000.0,10231,98970,7061,,Net,USD,0.0,,2026-06-03
0.0,250000.0,0.0,250000.0,10000.0,10000.0,0.0,Recall,400000.0,400000.0,,,No Call Required,,400000.0,10719,93706,7853,,Net,USD,0.0,,2026-06-17
0.0,0.0,0.0,250000.0,10000.0,10000.0,400000.0,ITM No Calls,3300000.0,3300000.0,,,Pending Review,,3300000.0,11297,93367,7081,,Net,USD,0.0,,2026-06-03
0.0,0.0,0.0,0.0,10000.0,10000.0,400000.0,ITM No Calls,3600000.0,3600000.0,,,No Call Required,,3600000.0,10475,94290,7231,,Net,USD,0.0,,2026-07-01
0.0,0.0,0.0,0.0,10000.0,10000.0,100000.0,Call,3900000.0,3900000.0,,,No Call Required,,3900000.0,11630,93137,7968,,Net,USD,0.0,,2026-07-01
0.0,0.0,0.0,250000.0,10000.0,10000.0,200000.0,ITM No Calls,4800000.0,4800000.0,,,No Call Required,,4800000.0,11291,90893,7193,,Net,USD,0.0,,2026-06-03
0.0,250000.0,0.0,250000.0,10000.0,10000.0,-100000.0,ITM No Calls,4300000.0,4300000.0,,,Pending Review,,4300000.0,11073,97982,7000,,Net,USD,0.0,,2026-07-01
0.0,0.0,0.0,250000.0,10000.0,10000.0,0.0,Recall,2700000.0,2700000.0,,,No Call Required,,2700000.0,11345,92125,7436,,Net,USD,0.0,,2026-06-24
0.0,0.0,0.0,0.0,10000.0,10000.0,-200000.0,ITM No Calls,4100000.0,4100000.0,,,Pending Review,,4100000.0,11032,97843,7711,,Net,USD,0.0,,2026-06-17
0.0,0.0,0.0,250000.0,10000.0,10000.0,300000.0,Recall,1700000.0,1700000.0,,,Pending Review,,1700000.0,11471,90530,7217,,Net,USD,0.0,,2026-06-17
0.0,250000.0,0.0,0.0,10000.0,10000.0,400000.0,ITM No Calls,2700000.0,2700000.0,,,No Call Required,,2700000.0,11890,95353,7960,,Net,USD,,,2026-07-01
0.0,0.0,0.0,0.0,10000.0,10000.0,300000.0,ITM No Calls,2500000.0,2500000.0,,,Pending Review,,2500000.0,10230,94482,7006,,Net,USD,0.0,,2026-06-03
0.0,0.0,0.0,0.0,10000.0,10000.0,100000.0,ITM No Calls,3600000.0,3600000.0,,,Pending Review,,3600000.0,10560,98625,7571,,Net,USD,0.0,,2026-06-17
0.0,250000.0,0.0,250000.0,10000.0,10000.0,200000.0,Recall,0.0,0.0,,,Pending Review,,0.0,10248,90184,7122,,Net,USD,0.0,,2026-06-10
0.0,0.0,0.0,250000.0,10000.0,10000.0,300000.0,Call,400000.0,400000.0,,,No Call Required,,400000.0,11087,95579,7652,,Net,USD,0.0,,2026-06-24
0.0,250000.0,0.0,250000.0,10000.0,10000.0,-200000.0,Call,1900000.0,1900000.0,,,Pending Review,,1900000.0,11837,90502,7671,,Net,USD,0.0,,2026-06-10
0.0,250000.0,0.0,250000.0,10000.0,10000.0,300000.0,ITM No Calls,600000.0,600000.0,,,Pending Review,,600000.0,10983,93234,7613,,Net,USD,0.0,,2026-06-24
0.0,250000.0,0.0,0.0,10000.0,10000.0,400000.0,Call,4100000.0,4100000.0,,,No Call Required,,4100000.0,10830,97331,7140,,Net,USD,0.0,,2026-06-17
0.0,0.0,0.0,0.0,10000.0,10000.0,400000.0,Call,4100000.0,4100000.0,,,Pending Review,,4100000.0,10095,93468,7746,,Net,USD,0.0,,2026-06-24
0.0,250000.0,0.0,0.0,10000.0,10000.0,-200000.0,Call,3400000.0,3400000.0,,,No Call Required,,3400000.0,11764,94470,7080,,Net,USD,0.0,,2026-07-01
0.0,250000.0,0.0,250000.0,10000.0,10000.0,300000.0,Call,3900000.0,3900000.0,,,Pending Review,,3900000.0,10780,91045,7174,,Net,USD,0.0,,2026-06-24
0.0,250000.0,0.0,250000.0,10000.0,10000.0,200000.0,Call,4900000.0,4900000.0,,,Pending Review,,4900000.0,10100,98603,7083,,Net,USD,0.0,,2026-06-24
0.0,250000.0,0.0,250000.0,10000.0,10000.0,400000.0,Call,2200000.0,2200000.0,,,No Call Required,,2200000.0,10013,93859,7745,,Net,USD,0.0,,2026-07-01
0.0,0.0,0.0,250000.0,10000.0,10000.0,0.0,Call,2800000.0,2800000.0,,,Pending Review,,2800000.0,10210,92255,7976,,Net,USD,0.0,,2026-06-24
0.0,250000.0,0.0,0.0,10000.0,10000.0,500000.0,Recall,3700000.0,3700000.0,,,Pending Review,,3700000.0,10564,98106,7301,,Net,USD,0.0,,2026-06-10
0.0,0.0,0.0,250000.0,10000.0,10000.0,0.0,ITM No Calls,2700000.0,2700000.0,,,Pending Review,,2700000.0,10430,99414,7285,,Net,USD,0.0,,2026-06-03
0.0,250000.0,0.0,250000.0,10000.0,10000.0,300000.0,ITM No Calls,2500000.0,2500000.0,,,Pending Review,,2500000.0,10276,98432,7643,,Net,USD,0.0,,2026-06-24
0.0,0.0,0.0,250000.0,10000.0,10000.0,300000.0,ITM No Calls,2400000.0,2400000.0,,,Pending Review,,2400000.0,11563,99653,7341,,Net,USD,0.0,,2026-07-01
0.0,250000.0,0.0,0.0,10000.0,10000.0,300000.0,Recall,2500000.0,2500000.0,,,Pending Review,,2500000.0,11568,93498,7445,,Net,USD,0.0,,2026-06-24
0.0,0.0,0.0,0.0,10000.0,10000.0,-200000.0,Recall,1400000.0,1400000.0,,,No Call Required,,1400000.0,11164,95768,7806,,Net,USD,0.0,,2026-06-17
0.0,250000.0,0.0,0.0,10000.0,10000.0,200000.0,ITM No Calls,2000000.0,2000000.0,,,No Call Required,,2000000.0,11637,98464,7441,,Net,USD,0.0,,2026-06-10
0.0,0.0,0.0,0.0,10000.0,10000.0,400000.0,ITM No Calls,1000000.0,1000000.0,,,No Call Required,,1000000.0,10639,92840,7156,,Net,USD,0.0,,2026-06-24
0.0,0.0,0.0,250000.0,10000.0,10000.0,100000.0,ITM No Calls,3000000.0,3000000.0,,,No Call Required,,3000000.0,11928,91845,7523,,Net,USD,0.0,,2026-06-17
0.0,250000.0,0.0,0.0,10000.0,10000.0,-100000.0,Recall,2600000.0,2600000.0,,,Pending Review,,2600000.0,11110,91933,7088,,Net,USD,0.0,,2026-06-03
0.0,250000.0,0.0,250000.0,10000.0,10000.0,-100000.0,Call,600000.0,600000.0,,,Pending Review,,600000.0,11910,91970,7025,,Net,USD,0.0,,2026-06-03
0.0,250000.0,0.0,250000.0,10000.0,10000.0,100000.0,ITM No Calls,400000.0,400000.0,,,Pending Review,,400000.0,10899,93661,7667,,Net,USD,0.0,,2026-06-24
0.0,0.0,0.0,0.0,10000.0,10000.0,100000.0,ITM No Calls,2500000.0,2500000.0,,,No Call Required,,2500000.0,10941,93977,7280,,Net,USD,,,2026-07-01
0.0,0.0,0.0,0.0,10000.0,10000.0,-200000.0,Call,2000000.0,2000000.0,,,No Call Required,,2000000.0,11353,98655,7366,,Net,USD,0.0,,2026-06-03
0.0,0.0,0.0,0.0,10000.0,10000.0,-100000.0,Call,400000.0,400000.0,,,Pending Review,,400000.0,11367,99626,7386,,Net,USD,0.0,,2026-06-03
0.0,0.0,0.0,0.0,10000.0,10000.0,100000.0,Recall,5000000.0,5000000.0,,,Pending Review,,5000000.0,10865,90155,7606,,Net,USD,0.0,,2026-06-03
0.0,0.0,0.0,0.0,10000.0,10000.0,500000.0,Call,1800000.0,1800000.0,,,No Call Required,,1800000.0,10798,94334,7670,,Net,USD,0.0,,2026-06-10
0.0,250000.0,0.0,0.0,10000.0,10000.0,200000.0,ITM No Calls,2700000.0,2700000.0,,,Pending Review,,2700000.0,11135,98509,7405,,Net,USD,0.0,,2026-06-24
0.0,0.0,0.0,0.0,10000.0,10000.0,500000.0,Call,2700000.0,2700000.0,,,No Call Required,,2700000.0,11515,94076,7712,,Net,USD,0.0,,2026-06-24
0.0,250000.0,0.0,0.0,10000.0,10000.0,200000.0,Call,0.0,0.0,,,No Call Required,,0.0,11276,96829,7165,,Net,USD,0.0,,2026-07-01
0.0,0.0,0.0,250000.0,10000.0,10000.0,-100000.0,Call,2800000.0,2800000.0,,,No Call Required,,2800000.0,11429,98535,7829,,Net,USD,0.0,,2026-06-03
0.0,250000.0,0.0,250000.0,10000.0,10000.0,100000.0,ITM No Calls,2600000.0,2600000.0,,,No Call Required,,2600000.0,11739,90400,7194,,Net,USD,0.0,,2026-06-03
0.0,250000.0,0.0,250000.0,10000.0,10000.0,0.0,Call,2000000.0,2000000.0,,,No Call Required,,2000000.0,11937,93051,7837,,Net,USD,0.0,,2026-07-01
0.0,0.0,0.0,250000.0,10000.0,10000.0,500000.0,Recall,5000000.0,5000000.0,,,Pending Review,,5000000.0,10102,96403,7656,,Net,USD,0.0,,2026-06-10
0.0,0.0,0.0,0.0,10000.0,10000.0,-200000.0,Call,3000000.0,3000000.0,,,Pending Review,,3000000.0,11775,95006,7746,,Net,USD,0.0,,2026-06-24
0.0,250000.0,0.0,250000.0,10000.0,10000.0,100000.0,Recall,1200000.0,1200000.0,,,Pending Review,,1200000.0,10833,99115,7900,,Net,USD,0.0,,2026-06-03
0.0,0.0,0.0,0.0,10000.0,10000.0,400000.0,Call,2800000.0,2800000.0,,,Pending Review,,2800000.0,11944,98725,7852,,Net,USD,0.0,,2026-07-01
0.0,0.0,0.0,250000.0,10000.0,10000.0,200000.0,ITM No Calls,1700000.0,1700000.0,,,Pending Review,,1700000.0,11666,91178,7826,,Net,USD,0.0,,2026-06-24
0.0,0.0,0.0,0.0,10000.0,10000.0,200000.0,ITM No Calls,1100000.0,1100000.0,,,Pending Review,,1100000.0,10397,95195,7540,,Net,USD,0.0,,2026-06-10
0.0,0.0,0.0,0.0,10000.0,10000.0,300000.0,Recall,4000000.0,4000000.0,,,Pending Review,,4000000.0,11294,91293,7984,,Net,USD,0.0,,2026-06-03
0.0,0.0,0.0,0.0,10000.0,10000.0,500000.0,Recall,600000.0,600000.0,,,Pending Review,,600000.0,10542,99770,7989,,Net,USD,0.0,,2026-06-24
0.0,0.0,0.0,0.0,10000.0,10000.0,200000.0,Recall,4700000.0,4700000.0,,,Pending Review,,4700000.0,10378,93400,7701,,Net,USD,0.0,,2026-06-24
0.0,0.0,0.0,250000.0,10000.0,10000.0,400000.0,ITM No Calls,3000000.0,3000000.0,,,Pending Review,,3000000.0,11385,94586,7598,,Net,USD,0.0,,2026-06-03
0.0,250000.0,0.0,250000.0,10000.0,10000.0,500000.0,Call,900000.0,900000.0,,,Pending Review,,900000.0,11162,90917,7359,,Net,USD,0.0,,2026-06-10
0.0,0.0,0.0,0.0,10000.0,10000.0,100000.0,Call,2900000.0,2900000.0,,,Pending Review,,2900000.0,11106,95127,7588,,Net,USD,0.0,,2026-06-10
0.0,0.0,0.0,250000.0,10000.0,10000.0,0.0,Call,2200000.0,2200000.0,,,Pending Review,,2200000.0,11650,99408,7132,,Net,USD,,,2026-06-03
0.0,0.0,0.0,0.0,10000.0,10000.0,100000.0,ITM No Calls,2100000.0,2100000.0,,,No Call Required,,2100000.0,10826,96414,7717,,Net,USD,0.0,,2026-06-10
0.0,250000.0,0.0,250000.0,10000.0,10000.0,-200000.0,ITM No Calls,2800000.0,2800000.0,,,Pending Review,,2800000.0,11707,97551,7425,,Net,USD,0.0,,2026-06-10
0.0,250000.0,0.0,250000.0,10000.0,10000.0,100000.0,Call,3300000.0,3300000.0,,,No Call Required,,3300000.0,10858,99786,7241,,Net,USD,0.0,,2026-06-24
0.0,0.0,0.0,250000.0,10000.0,10000.0,400000.0,ITM No Calls,2800000.0,2800000.0,,,Pending Review,,2800000.0,10136,99537,7899,,Net,USD,0.0,,2026-06-03
0.0,0.0,0.0,250000.0,10000.0,10000.0,0.0,Call,700000.0,700000.0,,,Pending Review,,700000.0,11233,90083,7771,,Net,USD,0.0,,2026-06-17
0.0,0.0,0.0,0.0,10000.0,10000.0,100000.0,Recall,3400000.0,3400000.0,,,No Call Required,,3400000.0,10835,97955,7129,,Net,USD,0.0,,2026-06-24
0.0,0.0,0.0,250000.0,10000.0,10000.0,400000.0,ITM No Calls,2700000.0,2700000.0,,,Pending Review,,2700000.0,11341,95407,7041,,Net,USD,0.0,,2026-07-01
0.0,250000.0,0.0,0.0,10000.0,10000.0,400000.0,Recall,2900000.0,2900000.0,,,No Call Required,,2900000.0,11554,99669,7362,,Net,USD,0.0,,2026-06-10
0.0,250000.0,0.0,250000.0,10000.0,10000.0,-100000.0,ITM No Calls,200000.0,200000.0,,,Pending Review,,200000.0,10683,90611,7988,,Net,USD,0.0,,2026-06-03
0.0,250000.0,0.0,0.0,10000.0,10000.0,-200000.0,Recall,3900000.0,3900000.0,,,Pending Review,,3900000.0,11503,97820,7597,,Net,USD,0.0,,2026-06-03
0.0,250000.0,0.0,250000.0,10000.0,10000.0,200000.0,ITM No Calls,4600000.0,4600000.0,,,No Call Required,,4600000.0,11373,93025,7666,,Net,USD,,,2026-06-10
0.0,0.0,0.0,0.0,10000.0,10000.0,200000.0,Recall,4600000.0,4600000.0,,,No Call Required,,4600000.0,11036,91593,7785,,Net,USD,0.0,,2026-06-10
0.0,0.0,0.0,250000.0,10000.0,10000.0,-200000.0,Call,4900000.0,4900000.0,,,Pending Review,,4900000.0,10067,94432,7939,,Net,USD,0.0,,2026-06-10
0.0,0.0,0.0,0.0,10000.0,10000.0,0.0,ITM No Calls,4200000.0,4200000.0,,,No Call Required,,4200000.0,11516,94026,7681,,Net,USD,0.0,,2026-06-17
0.0,250000.0,0.0,0.0,10000.0,10000.0,300000.0,ITM No Calls,200000.0,200000.0,,,Pending Review,,200000.0,11927,90616,7831,,Net,USD,,,2026-06-10
0.0,250000.0,0.0,0.0,10000.0,10000.0,500000.0,Call,400000.0,400000.0,,,Pending Review,,400000.0,10165,94326,7999,,Net,USD,0.0,,2026-06-10
0.0,250000.0,0.0,0.0,10000.0,10000.0,200000.0,Call,2500000.0,2500000.0,,,No Call Required,,2500000.0,11373,96665,7755,,Net,USD,,,2026-06-10
0.0,250000.0,0.0,0.0,10000.0,10000.0,300000.0,Recall,5000000.0,5000000.0,,,No Call Required,,5000000.0,10402,95546,7377,,Net,USD,0.0,,2026-06-24
0.0,250000.0,0.0,250000.0,10000.0,10000.0,300000.0,Recall,300000.0,300000.0,,,Pending Review,,300000.0,10208,95272,7104,,Net,USD,0.0,,2026-07-01
0.0,0.0,0.0,0.0,10000.0,10000.0,-100000.0,ITM No Calls,3900000.0,3900000.0,,,Pending Review,,3900000.0,11703,91507,7065,,Net,USD,0.0,,2026-07-01
0.0,250000.0,0.0,0.0,10000.0,10000.0,0.0,ITM No Calls,2700000.0,2700000.0,,,Pending Review,,2700000.0,10571,90692,7715,,Net,USD,0.0,,2026-06-17
0.0,0.0,0.0,250000.0,10000.0,10000.0,-100000.0,Call,2900000.0,2900000.0,,,No Call Required,,2900000.0,10455,95052,7650,,Net,USD,0.0,,2026-06-03
0.0,0.0,0.0,0.0,10000.0,10000.0,0.0,Call,4000000.0,4000000.0,,,No Call Required,,4000000.0,10552,90703,7858,,Net,USD,0.0,,2026-07-01
0.0,250000.0,0.0,250000.0,10000.0,10000.0,-200000.0,ITM No Calls,200000.0,200000.0,,,Pending Review,,200000.0,11442,92030,7791,,Net,USD,0.0,,2026-06-10
0.0,0.0,0.0,0.0,10000.0,10000.0,300000.0,Recall,3000000.0,3000000.0,,,Pending Review,,3000000.0,10073,92548,7652,,Net,USD,0.0,,2026-06-03
0.0,0.0,0.0,250000.0,10000.0,10000.0,-100000.0,Call,3200000.0,3200000.0,,,No Call Required,,3200000.0,11724,97911,7783,,Net,USD,0.0,,2026-06-10
0.0,0.0,0.0,0.0,10000.0,10000.0,400000.0,Call,1300000.0,1300000.0,,,No Call Required,,1300000.0,11819,90892,7835,,Net,USD,0.0,,2026-07-01
0.0,250000.0,0.0,0.0,10000.0,10000.0,200000.0,Recall,3900000.0,3900000.0,,,Pending Review,,3900000.0,11154,92978,7316,,Net,USD,0.0,,2026-07-01
0.0,250000.0,0.0,0.0,10000.0,10000.0,400000.0,ITM No Calls,3900000.0,3900000.0,,,No Call Required,,3900000.0,11556,97732,7697,,Net,USD,0.0,,2026-06-17
0.0,250000.0,0.0,0.0,10000.0,10000.0,-200000.0,Recall,2900000.0,2900000.0,,,No Call Required,,2900000.0,11369,92584,7370,,Net,USD,0.0,,2026-07-01
0.0,0.0,0.0,0.0,10000.0,10000.0,0.0,ITM No Calls,1700000.0,1700000.0,,,No Call Required,,1700000.0,11941,97229,7136,,Net,USD,,,2026-06-10
0.0,250000.0,0.0,250000.0,10000.0,10000.0,400000.0,Call,4200000.0,4200000.0,,,Pending Review,,4200000.0,10291,97267,7765,,Net,USD,0.0,,2026-06-24
0.0,250000.0,0.0,0.0,10000.0,10000.0,-200000.0,Call,3900000.0,3900000.0,,,Pending Review,,3900000.0,10617,90505,7164,,Net,USD,0.0,,2026-06-03
0.0,0.0,0.0,0.0,10000.0,10000.0,200000.0,Recall,1100000.0,1100000.0,,,Pending Review,,1100000.0,11011,94238,7717,,Net,USD,0.0,,2026-06-24
0.0,250000.0,0.0,250000.0,10000.0,10000.0,500000.0,Recall,2500000.0,2500000.0,,,No Call Required,,2500000.0,10516,99970,7784,,Net,USD,0.0,,2026-06-03
0.0,250000.0,0.0,0.0,10000.0,10000.0,500000.0,ITM No Calls,4900000.0,4900000.0,,,No Call Required,,4900000.0,11837,91119,7693,,Net,USD,0.0,,2026-06-03
0.0,250000.0,0.0,250000.0,10000.0,10000.0,300000.0,ITM No Calls,400000.0,400000.0,,,No Call Required,,400000.0,11013,99881,7340,,Net,USD,0.0,,2026-06-03
0.0,250000.0,0.0,250000.0,10000.0,10000.0,100000.0,Recall,2600000.0,2600000.0,,,Pending Review,,2600000.0,11712,94174,7463,,Net,USD,0.0,,2026-06-10
0.0,250000.0,0.0,0.0,10000.0,10000.0,500000.0,Call,700000.0,700000.0,,,No Call Required,,700000.0,10709,95805,7404,,Net,USD,0.0,,2026-07-01
0.0,0.0,0.0,250000.0,10000.0,10000.0,-100000.0,Call,2700000.0,2700000.0,,,No Call Required,,2700000.0,10875,92415,7926,,Net,USD,0.0,,2026-07-01
0.0,250000.0,0.0,0.0,10000.0,10000.0,-200000.0,ITM No Calls,1500000.0,1500000.0,,,Pending Review,,1500000.0,11893,96912,7167,,Net,USD,0.0,,2026-06-10
0.0,0.0,0.0,250000.0,10000.0,10000.0,200000.0,Call,3000000.0,3000000.0,,,Pending Review,,3000000.0,11059,96326,7173,,Net,USD,0.0,,2026-06-03
0.0,250000.0,0.0,0.0,10000.0,10000.0,-100000.0,ITM No Calls,2600000.0,2600000.0,,,Pending Review,,2600000.0,10905,93190,7972,,Net,USD,0.0,,2026-07-01
0.0,0.0,0.0,0.0,10000.0,10000.0,200000.0,ITM No Calls,3100000.0,3100000.0,,,Pending Review,,3100000.0,11551,91528,7790,,Net,USD,0.0,,2026-06-03
0.0,0.0,0.0,250000.0,10000.0,10000.0,100000.0,Recall,3200000.0,3200000.0,,,Pending Review,,3200000.0,11584,99512,7386,,Net,USD,0.0,,2026-07-01
0.0,250000.0,0.0,250000.0,10000.0,10000.0,300000.0,Recall,1000000.0,1000000.0,,,No Call Required,,1000000.0,11733,90271,7367,,Net,USD,0.0,,2026-07-01
0.0,0.0,0.0,250000.0,10000.0,10000.0,400000.0,Recall,2400000.0,2400000.0,,,Pending Review,,2400000.0,10779,97870,7151,,Net,USD,0.0,,2026-06-24
0.0,250000.0,0.0,250000.0,10000.0,10000.0,100000.0,ITM No Calls,2000000.0,2000000.0,,,No Call Required,,2000000.0,11208,98733,7398,,Net,USD,0.0,,2026-06-17
0.0,0.0,0.0,0.0,10000.0,10000.0,300000.0,ITM No Calls,100000.0,100000.0,,,Pending Review,,100000.0,11132,94846,7420,,Net,USD,0.0,,2026-07-01
0.0,0.0,0.0,0.0,10000.0,10000.0,300000.0,ITM No Calls,1000000.0,1000000.0,,,Pending Review,,1000000.0,11621,93221,7124,,Net,USD,0.0,,2026-06-17
0.0,250000.0,0.0,0.0,10000.0,10000.0,400000.0,Recall,600000.0,600000.0,,,Pending Review,,600000.0,11142,91642,7635,,Net,USD,0.0,,2026-06-10
0.0,0.0,0.0,0.0,10000.0,10000.0,400000.0,Recall,1800000.0,1800000.0,,,Pending Review,,1800000.0,10512,95245,7821,,Net,USD,0.0,,2026-06-03
0.0,0.0,0.0,0.0,10000.0,10000.0,-200000.0,ITM No Calls,2400000.0,2400000.0,,,Pending Review,,2400000.0,11939,94251,7732,,Net,USD,0.0,,2026-06-10
0.0,250000.0,0.0,0.0,10000.0,10000.0,-100000.0,ITM No Calls,3600000.0,3600000.0,,,No Call Required,,3600000.0,10352,94852,7109,,Net,USD,0.0,,2026-06-10
0.0,0.0,0.0,250000.0,10000.0,10000.0,500000.0,Call,700000.0,700000.0,,,No Call Required,,700000.0,10293,91847,7415,,Net,USD,0.0,,2026-06-24
0.0,250000.0,0.0,250000.0,10000.0,10000.0,300000.0,ITM No Calls,4000000.0,4000000.0,,,No Call Required,,4000000.0,11909,90520,7349,,Net,USD,0.0,,2026-06-03
0.0,0.0,0.0,250000.0,10000.0,10000.0,500000.0,ITM No Calls,0.0,0.0,,,No Call Required,,0.0,10600,97849,7469,,Net,USD,0.0,,2026-07-01
0.0,250000.0,0.0,250000.0,10000.0,10000.0,500000.0,Call,4600000.0,4600000.0,,,No Call Required,,4600000.0,11854,96308,7605,,Net,USD,0.0,,2026-06-24
0.0,0.0,0.0,250000.0,10000.0,10000.0,0.0,ITM No Calls,500000.0,500000.0,,,No Call Required,,500000.0,11599,92829,7690,,Net,USD,0.0,,2026-06-03
0.0,0.0,0.0,250000.0,10000.0,10000.0,-200000.0,ITM No Calls,3700000.0,3700000.0,,,No Call Required,,3700000.0,10104,97598,7444,,Net,USD,0.0,,2026-06-17
0.0,250000.0,0.0,0.0,10000.0,10000.0,400000.0,Recall,300000.0,300000.0,,,No Call Required,,300000.0,11269,93203,7316,,Net,USD,,,2026-06-24
0.0,250000.0,0.0,250000.0,10000.0,10000.0,500000.0,Recall,300000.0,300000.0,,,Pending Review,,300000.0,10873,97691,7459,,Net,USD,0.0,,2026-07-01
0.0,250000.0,0.0,250000.0,10000.0,10000.0,300000.0,ITM No Calls,4000000.0,4000000.0,,,Pending Review,,4000000.0,11438,98220,7908,,Net,USD,,,2026-06-10
0.0,250000.0,0.0,0.0,10000.0,10000.0,400000.0,ITM No Calls,1600000.0,1600000.0,,,No Call Required,,1600000.0,10416,97020,7152,,Net,USD,0.0,,2026-07-01
0.0,0.0,0.0,0.0,10000.0,10000.0,-100000.0,Recall,300000.0,300000.0,,,No Call Required,,300000.0,10685,91182,7341,,Net,USD,0.0,,2026-06-10
0.0,0.0,0.0,0.0,10000.0,10000.0,0.0,ITM No Calls,3400000.0,3400000.0,,,Pending Review,,3400000.0,11663,94426,7240,,Net,USD,,,2026-06-24
0.0,250000.0,0.0,0.0,10000.0,10000.0,0.0,ITM No Calls,0.0,0.0,,,Pending Review,,0.0,10011,91555,7933,,Net,USD,0.0,,2026-06-03
0.0,250000.0,0.0,250000.0,10000.0,10000.0,300000.0,ITM No Calls,2300000.0,2300000.0,,,Pending Review,,2300000.0,10700,95840,7937,,Net,USD,0.0,,2026-06-17
0.0,250000.0,0.0,0.0,10000.0,10000.0,300000.0,Recall,3700000.0,3700000.0,,,No Call Required,,3700000.0,11381,99267,7898,,Net,USD,0.0,,2026-06-03
0.0,0.0,0.0,250000.0,10000.0,10000.0,0.0,ITM No Calls,600000.0,600000.0,,,No Call Required,,600000.0,10001,99575,7887,,Net,USD,0.0,,2026-06-24
0.0,0.0,0.0,250000.0,10000.0,10000.0,-200000.0,Recall,200000.0,200000.0,,,Pending Review,,200000.0,11799,98048,7259,,Net,USD,0.0,,2026-06-03
0.0,0.0,0.0,250000.0,10000.0,10000.0,-100000.0,Call,2700000.0,2700000.0,,,Pending Review,,2700000.0,11485,98139,7021,,Net,USD,0.0,,2026-06-24
0.0,0.0,0.0,250000.0,10000.0,10000.0,500000.0,Recall,2800000.0,2800000.0,,,Pending Review,,2800000.0,11208,91793,7916,,Net,USD,0.0,,2026-06-03
0.0,250000.0,0.0,250000.0,10000.0,10000.0,200000.0,ITM No Calls,4100000.0,4100000.0,,,Pending Review,,4100000.0,10764,99006,7607,,Net,USD,0.0,,2026-06-17
0.0,250000.0,0.0,250000.0,10000.0,10000.0,-100000.0,ITM No Calls,4600000.0,4600000.0,,,Pending Review,,4600000.0,10519,96699,7479,,Net,USD,0.0,,2026-06-10
0.0,0.0,0.0,250000.0,10000.0,10000.0,200000.0,Call,2600000.0,2600000.0,,,No Call Required,,2600000.0,11836,91003,7537,,Net,USD,,,2026-06-24
0.0,250000.0,0.0,250000.0,10000.0,10000.0,0.0,Recall,500000.0,500000.0,,,No Call Required,,500000.0,10350,91273,7068,,Net,USD,0.0,,2026-06-24
0.0,250000.0,0.0,250000.0,10000.0,10000.0,-100000.0,ITM No Calls,200000.0,200000.0,,,No Call Required,,200000.0,10971,97121,7337,,Net,USD,0.0,,2026-06-03
0.0,0.0,0.0,250000.0,10000.0,10000.0,0.0,Call,3100000.0,3100000.0,,,No Call Required,,3100000.0,10782,94489,7664,,Net,USD,0.0,,2026-06-17
0.0,250000.0,0.0,250000.0,10000.0,10000.0,300000.0,Recall,1300000.0,1300000.0,,,No Call Required,,1300000.0,11665,95440,7663,,Net,USD,0.0,,2026-06-03
0.0,250000.0,0.0,250000.0,10000.0,10000.0,500000.0,Recall,1400000.0,1400000.0,,,No Call Required,,1400000.0,10578,90066,7142,,Net,USD,0.0,,2026-06-10
0.0,250000.0,0.0,0.0,10000.0,10000.0,500000.0,Recall,400000.0,400000.0,,,Pending Review,,400000.0,10891,97902,7417,,Net,USD,0.0,,2026-06-10
0.0,250000.0,0.0,250000.0,10000.0,10000.0,200000.0,Call,2800000.0,2800000.0,,,Pending Review,,2800000.0,10375,97044,7588,,Net,USD,,,2026-06-24
0.0,0.0,0.0,250000.0,10000.0,10000.0,500000.0,Call,1200000.0,1200000.0,,,No Call Required,,1200000.0,11936,93247,7574,,Net,USD,0.0,,2026-07-01
0.0,250000.0,0.0,0.0,10000.0,10000.0,300000.0,ITM No Calls,4500000.0,4500000.0,,,Pending Review,,4500000.0,10216,92973,7920,,Net,USD,0.0,,2026-06-17
0.0,250000.0,0.0,0.0,10000.0,10000.0,-100000.0,ITM No Calls,500000.0,500000.0,,,Pending Review,,500000.0,11084,99257,7589,,Net,USD,0.0,,2026-06-03
0.0,250000.0,0.0,250000.0,10000.0,10000.0,200000.0,ITM No Calls,4600000.0,4600000.0,,,Pending Review,,4600000.0,10054,99034,7612,,Net,USD,0.0,,2026-07-01
0.0,250000.0,0.0,250000.0,10000.0,10000.0,400000.0,ITM No Calls,400000.0,400000.0,,,No Call Required,,400000.0,11951,90356,7139,,Net,USD,0.0,,2026-06-03
0.0,0.0,0.0,0.0,10000.0,10000.0,0.0,Call,700000.0,700000.0,,,No Call Required,,700000.0,10323,90459,7224,,Net,USD,0.0,,2026-06-17
0.0,250000.0,0.0,0.0,10000.0,10000.0,-200000.0,Recall,3700000.0,3700000.0,,,Pending Review,,3700000.0,11321,98536,7995,,Net,USD,0.0,,2026-07-01
0.0,250000.0,0.0,0.0,10000.0,10000.0,300000.0,Recall,800000.0,800000.0,,,Pending Review,,800000.0,10937,91262,7335,,Net,USD,0.0,,2026-06-10
0.0,250000.0,0.0,0.0,10000.0,10000.0,-100000.0,Call,4100000.0,4100000.0,,,No Call Required,,4100000.0,11870,94595,7482,,Net,USD,0.0,,2026-07-01
0.0,0.0,0.0,250000.0,10000.0,10000.0,500000.0,ITM No Calls,3700000.0,3700000.0,,,No Call Required,,3700000.0,10788,94270,7951,,Net,USD,0.0,,2026-06-24
0.0,250000.0,0.0,0.0,10000.0,10000.0,100000.0,Call,200000.0,200000.0,,,Pending Review,,200000.0,11093,97563,7107,,Net,USD,0.0,,2026-06-17
0.0,0.0,0.0,0.0,10000.0,10000.0,0.0,ITM No Calls,200000.0,200000.0,,,Pending Review,,200000.0,10412,98312,7632,,Net,USD,0.0,,2026-06-17
0.0,250000.0,0.0,0.0,10000.0,10000.0,100000.0,Call,5000000.0,5000000.0,,,Pending Review,,5000000.0,11354,93753,7664,,Net,USD,0.0,,2026-07-01
0.0,250000.0,0.0,0.0,10000.0,10000.0,-100000.0,ITM No Calls,3700000.0,3700000.0,,,Pending Review,,3700000.0,10186,93752,7057,,Net,USD,0.0,,2026-07-01
0.0,250000.0,0.0,250000.0,10000.0,10000.0,500000.0,Recall,3600000.0,3600000.0,,,No Call Required,,3600000.0,11484,99915,7065,,Net,USD,0.0,,2026-06-24
0.0,250000.0,0.0,0.0,10000.0,10000.0,400000.0,Recall,900000.0,900000.0,,,Pending Review,,900000.0,10662,98111,7339,,Net,USD,0.0,,2026-06-03
0.0,250000.0,0.0,250000.0,10000.0,10000.0,0.0,ITM No Calls,1900000.0,1900000.0,,,Pending Review,,1900000.0,11531,93924,7586,,Net,USD,0.0,,2026-06-10
0.0,0.0,0.0,0.0,10000.0,10000.0,300000.0,ITM No Calls,5000000.0,5000000.0,,,Pending Review,,5000000.0,10918,99632,7315,,Net,USD,,,2026-06-10
0.0,0.0,0.0,250000.0,10000.0,10000.0,100000.0,Recall,4000000.0,4000000.0,,,No Call Required,,4000000.0,10106,95484,7882,,Net,USD,0.0,,2026-07-01
0.0,0.0,0.0,250000.0,10000.0,10000.0,-100000.0,Recall,3300000.0,3300000.0,,,Pending Review,,3300000.0,11941,93503,7930,,Net,USD,0.0,,2026-06-10
0.0,0.0,0.0,250000.0,10000.0,10000.0,-100000.0,ITM No Calls,0.0,0.0,,,Pending Review,,0.0,10593,91744,7289,,Net,USD,0.0,,2026-06-03
0.0,0.0,0.0,0.0,10000.0,10000.0,0.0,Recall,300000.0,300000.0,,,No Call Required,,300000.0,11116,97261,7555,,Net,USD,0.0,,2026-06-24
0.0,0.0,0.0,0.0,10000.0,10000.0,100000.0,Recall,3500000.0,3500000.0,,,No Call Required,,3500000.0,11035,98639,7272,,Net,USD,0.0,,2026-06-17
0.0,0.0,0.0,250000.0,10000.0,10000.0,0.0,Recall,1600000.0,1600000.0,,,Pending Review,,1600000.0,11239,95408,7026,,Net,USD,0.0,,2026-06-10
0.0,250000.0,0.0,250000.0,10000.0,10000.0,100000.0,Call,400000.0,400000.0,,,Pending Review,,400000.0,10486,91484,7346,,Net,USD,0.0,,2026-06-10
0.0,250000.0,0.0,250000.0,10000.0,10000.0,200000.0,Call,300000.0,300000.0,,,Pending Review,,300000.0,10186,95738,7030,,Net,USD,0.0,,2026-06-17
0.0,250000.0,0.0,250000.0,10000.0,10000.0,-100000.0,ITM No Calls,4700000.0,4700000.0,,,No Call Required,,4700000.0,10682,93116,7815,,Net,USD,0.0,,2026-06-17
0.0,250000.0,0.0,0.0,10000.0,10000.0,200000.0,ITM No Calls,4100000.0,4100000.0,,,Pending Review,,4100000.0,10689,91892,7299,,Net,USD,0.0,,2026-06-17
0.0,0.0,0.0,250000.0,10000.0,10000.0,200000.0,ITM No Calls,4600000.0,4600000.0,,,Pending Review,,4600000.0,10276,96800,7991,,Net,USD,,,2026-06-24
0.0,0.0,0.0,0.0,10000.0,10000.0,0.0,Call,2800000.0,2800000.0,,,Pending Review,,2800000.0,10683,92441,7616,,Net,USD,0.0,,2026-06-17
0.0,0.0,0.0,0.0,10000.0,10000.0,300000.0,Recall,2200000.0,2200000.0,,,No Call Required,,2200000.0,10907,94887,7106,,Net,USD,0.0,,2026-06-03
0.0,0.0,0.0,250000.0,10000.0,10000.0,200000.0,Call,1000000.0,1000000.0,,,Pending Review,,1000000.0,10609,92060,7573,,Net,USD,0.0,,2026-07-01
0.0,0.0,0.0,250000.0,10000.0,10000.0,400000.0,Recall,3500000.0,3500000.0,,,Pending Review,,3500000.0,10692,93185,7980,,Net,USD,0.0,,2026-07-01
0.0,250000.0,0.0,250000.0,10000.0,10000.0,200000.0,Recall,3100000.0,3100000.0,,,No Call Required,,3100000.0,11063,90617,7711,,Net,USD,0.0,,2026-06-10
0.0,250000.0,0.0,250000.0,10000.0,10000.0,100000.0,Recall,1100000.0,1100000.0,,,No Call Required,,1100000.0,11132,90017,7048,,Net,USD,0.0,,2026-06-24
0.0,250000.0,0.0,250000.0,10000.0,10000.0,400000.0,ITM No Calls,4400000.0,4400000.0,,,Pending Review,,4400000.0,11537,96913,7633,,Net,USD,0.0,,2026-06-24
0.0,0.0,0.0,250000.0,10000.0,10000.0,-100000.0,ITM No Calls,4400000.0,4400000.0,,,Pending Review,,4400000.0,11491,92584,7461,,Net,USD,0.0,,2026-07-01
0.0,250000.0,0.0,250000.0,10000.0,10000.0,100000.0,Recall,1400000.0,1400000.0,,,No Call Required,,1400000.0,10890,94646,7112,,Net,USD,0.0,,2026-06-03
0.0,0.0,0.0,0.0,10000.0,10000.0,200000.0,Call,2300000.0,2300000.0,,,No Call Required,,2300000.0,10446,96403,7681,,Net,USD,0.0,,2026-06-24
0.0,0.0,0.0,0.0,10000.0,10000.0,100000.0,Recall,1100000.0,1100000.0,,,No Call Required,,1100000.0,10415,93838,7333,,Net,USD,0.0,,2026-06-10
0.0,0.0,0.0,0.0,10000.0,10000.0,-200000.0,ITM No Calls,3500000.0,3500000.0,,,No Call Required,,3500000.0,11051,99822,7710,,Net,USD,0.0,,2026-07-01
0.0,250000.0,0.0,250000.0,10000.0,10000.0,100000.0,Recall,3300000.0,3300000.0,,,No Call Required,,3300000.0,10178,95109,7638,,Net,USD,,,2026-06-17
0.0,250000.0,0.0,250000.0,10000.0,10000.0,400000.0,ITM No Calls,2300000.0,2300000.0,,,Pending Review,,2300000.0,11191,94720,7844,,Net,USD,0.0,,2026-06-17
0.0,250000.0,0.0,250000.0,10000.0,10000.0,-200000.0,Call,3400000.0,3400000.0,,,Pending Review,,3400000.0,11485,95176,7181,,Net,USD,0.0,,2026-06-17
0.0,0.0,0.0,250000.0,10000.0,10000.0,300000.0,Call,4600000.0,4600000.0,,,No Call Required,,4600000.0,10419,94254,7614,,Net,USD,0.0,,2026-07-01
0.0,250000.0,0.0,250000.0,10000.0,10000.0,-100000.0,Call,1900000.0,1900000.0,,,Pending Review,,1900000.0,11905,91269,7024,,Net,USD,0.0,,2026-06-03
0.0,250000.0,0.0,0.0,10000.0,10000.0,-100000.0,Recall,2600000.0,2600000.0,,,Pending Review,,2600000.0,11013,93046,7881,,Net,USD,0.0,,2026-06-17
0.0,0.0,0.0,250000.0,10000.0,10000.0,0.0,ITM No Calls,4300000.0,4300000.0,,,No Call Required,,4300000.0,11434,97476,7851,,Net,USD,0.0,,2026-06-24
0.0,250000.0,0.0,250000.0,10000.0,10000.0,-200000.0,Recall,2700000.0,2700000.0,,,Pending Review,,2700000.0,10276,95195,7357,,Net,USD,,,2026-06-03
0.0,250000.0,0.0,0.0,10000.0,10000.0,500000.0,Recall,2300000.0,2300000.0,,,Pending Review,,2300000.0,10040,94947,7225,,Net,USD,0.0,,2026-07-01
0.0,250000.0,0.0,250000.0,10000.0,10000.0,400000.0,ITM No Calls,3800000.0,3800000.0,,,No Call Required,,3800000.0,11676,90529,7975,,Net,USD,0.0,,2026-06-17
0.0,0.0,0.0,0.0,10000.0,10000.0,400000.0,Recall,4500000.0,4500000.0,,,Pending Review,,4500000.0,11511,91282,7994,,Net,USD,0.0,,2026-06-24
0.0,250000.0,0.0,0.0,10000.0,10000.0,-200000.0,Recall,5000000.0,5000000.0,,,Pending Review,,5000000.0,11129,90526,7529,,Net,USD,0.0,,2026-06-10
0.0,0.0,0.0,250000.0,10000.0,10000.0,300000.0,Recall,4300000.0,4300000.0,,,Pending Review,,4300000.0,11786,91841,7496,,Net,USD,0.0,,2026-06-17
0.0,0.0,0.0,250000.0,10000.0,10000.0,0.0,Recall,3300000.0,3300000.0,,,No Call Required,,3300000.0,11631,93226,7781,,Net,USD,0.0,,2026-06-10
0.0,0.0,0.0,0.0,10000.0,10000.0,500000.0,Call,1500000.0,1500000.0,,,Pending Review,,1500000.0,11499,93289,7033,,Net,USD,0.0,,2026-06-10
0.0,250000.0,0.0,0.0,10000.0,10000.0,0.0,Recall,3200000.0,3200000.0,,,Pending Review,,3200000.0,11006,99826,7879,,Net,USD,0.0,,2026-06-03
0.0,0.0,0.0,0.0,10000.0,10000.0,400000.0,Call,2700000.0,2700000.0,,,No Call Required,,2700000.0,10306,91742,7419,,Net,USD,0.0,,2026-06-24
0.0,250000.0,0.0,0.0,10000.0,10000.0,0.0,ITM No Calls,4600000.0,4600000.0,,,No Call Required,,4600000.0,10467,99844,7083,,Net,USD,0.0,,2026-07-01
0.0,250000.0,0.0,0.0,10000.0,10000.0,-200000.0,Recall,4400000.0,4400000.0,,,No Call Required,,4400000.0,11316,97961,7977,,Net,USD,0.0,,2026-06-03
0.0,0.0,0.0,0.0,10000.0,10000.0,400000.0,ITM No Calls,3700000.0,3700000.0,,,No Call Required,,3700000.0,11040,94929,7732,,Net,USD,0.0,,2026-06-24
0.0,250000.0,0.0,250000.0,10000.0,10000.0,400000.0,Call,4400000.0,4400000.0,,,Pending Review,,4400000.0,11816,95759,7183,,Net,USD,0.0,,2026-07-01
0.0,0.0,0.0,250000.0,10000.0,10000.0,300000.0,Recall,2600000.0,2600000.0,,,Pending Review,,2600000.0,10762,90139,7101,,Net,USD,0.0,,2026-06-24
0.0,0.0,0.0,250000.0,10000.0,10000.0,500000.0,Call,800000.0,800000.0,,,Pending Review,,800000.0,10779,92502,7055,,Net,USD,0.0,,2026-06-10
0.0,0.0,0.0,250000.0,10000.0,10000.0,400000.0,ITM No Calls,600000.0,600000.0,,,No Call Required,,600000.0,11845,90690,7600,,Net,USD,0.0,,2026-06-03
0.0,0.0,0.0,0.0,10000.0,10000.0,500000.0,Recall,3100000.0,3100000.0,,,Pending Review,,3100000.0,10178,95240,7815,,Net,USD,0.0,,2026-06-17
0.0,250000.0,0.0,250000.0,10000.0,10000.0,-100000.0,Recall,4100000.0,4100000.0,,,Pending Review,,4100000.0,11605,95450,7429,,Net,USD,0.0,,2026-06-17
0.0,0.0,0.0,0.0,10000.0,10000.0,500000.0,Recall,2400000.0,2400000.0,,,No Call Required,,2400000.0,10188,95626,7761,,Net,USD,0.0,,2026-06-10
0.0,250000.0,0.0,0.0,10000.0,10000.0,-200000.0,Call,200000.0,200000.0,,,Pending Review,,200000.0,11607,98520,7928,,Net,USD,0.0,,2026-06-03
0.0,250000.0,0.0,0.0,10000.0,10000.0,-200000.0,ITM No Calls,1000000.0,1000000.0,,,Pending Review,,1000000.0,11478,92641,7426,,Net,USD,0.0,,2026-06-10
0.0,250000.0,0.0,250000.0,10000.0,10000.0,-200000.0,Call,4600000.0,4600000.0,,,No Call Required,,4600000.0,10122,95724,7310,,Net,USD,0.0,,2026-06-24
0.0,250000.0,0.0,250000.0,10000.0,10000.0,100000.0,ITM No Calls,600000.0,600000.0,,,No Call Required,,600000.0,11567,95122,7249,,Net,USD,0.0,,2026-06-17
0.0,0.0,0.0,0.0,10000.0,10000.0,400000.0,ITM No Calls,1500000.0,1500000.0,,,Pending Review,,1500000.0,11174,96292,7901,,Net,USD,0.0,,2026-06-24
0.0,0.0,0.0,0.0,10000.0,10000.0,-200000.0,Call,4900000.0,4900000.0,,,No Call Required,,4900000.0,10902,91091,7975,,Net,USD,0.0,,2026-06-10
0.0,250000.0,0.0,250000.0,10000.0,10000.0,100000.0,Call,3500000.0,3500000.0,,,Pending Review,,3500000.0,11789,98058,7778,,Net,USD,0.0,,2026-06-10
0.0,0.0,0.0,250000.0,10000.0,10000.0,-200000.0,ITM No Calls,4900000.0,4900000.0,,,Pending Review,,4900000.0,11814,91739,7955,,Net,USD,0.0,,2026-06-03
0.0,0.0,0.0,0.0,10000.0,10000.0,100000.0,Recall,3100000.0,3100000.0,,,Pending Review,,3100000.0,10917,96696,7823,,Net,USD,0.0,,2026-06-03
0.0,250000.0,0.0,250000.0,10000.0,10000.0,-200000.0,ITM No Calls,2100000.0,2100000.0,,,Pending Review,,2100000.0,10279,98851,7204,,Net,USD,0.0,,2026-06-03
0.0,250000.0,0.0,250000.0,10000.0,10000.0,0.0,Recall,1800000.0,1800000.0,,,No Call Required,,1800000.0,11717,96210,7777,,Net,USD,0.0,,2026-06-10
0.0,250000.0,0.0,0.0,10000.0,10000.0,200000.0,ITM No Calls,1900000.0,1900000.0,,,Pending Review,,1900000.0,11608,95685,7267,,Net,USD,0.0,,2026-07-01
0.0,250000.0,0.0,250000.0,10000.0,10000.0,-100000.0,ITM No Calls,2700000.0,2700000.0,,,No Call Required,,2700000.0,11341,96568,7752,,Net,USD,0.0,,2026-06-10
0.0,0.0,0.0,0.0,10000.0,10000.0,0.0,Recall,1300000.0,1300000.0,,,No Call Required,,1300000.0,11668,99837,7178,,Net,USD,0.0,,2026-07-01
0.0,0.0,0.0,0.0,10000.0,10000.0,200000.0,Recall,4400000.0,4400000.0,,,No Call Required,,4400000.0,10358,91749,7034,,Net,USD,0.0,,2026-07-01
0.0,250000.0,0.0,250000.0,10000.0,10000.0,0.0,Call,2800000.0,2800000.0,,,Pending Review,,2800000.0,11277,92275,7193,,Net,USD,0.0,,2026-07-01
0.0,250000.0,0.0,250000.0,10000.0,10000.0,-100000.0,Call,600000.0,600000.0,,,No Call Required,,600000.0,10727,92471,7964,,Net,USD,0.0,,2026-06-03
0.0,250000.0,0.0,250000.0,10000.0,10000.0,-100000.0,Recall,1500000.0,1500000.0,,,Pending Review,,1500000.0,10395,99963,7907,,Net,USD,0.0,,2026-06-24
0.0,0.0,0.0,250000.0,10000.0,10000.0,200000.0,Recall,2800000.0,2800000.0,,,No Call Required,,2800000.0,10987,94971,7592,,Net,USD,0.0,,2026-06-10
0.0,250000.0,0.0,0.0,10000.0,10000.0,400000.0,Call,2700000.0,2700000.0,,,No Call Required,,2700000.0,10839,95539,7283,,Net,USD,0.0,,2026-06-17
0.0,0.0,0.0,0.0,10000.0,10000.0,-200000.0,Call,3700000.0,3700000.0,,,No Call Required,,3700000.0,10113,96753,7603,,Net,USD,,,2026-06-10
0.0,0.0,0.0,250000.0,10000.0,10000.0,500000.0,ITM No Calls,1700000.0,1700000.0,,,No Call Required,,1700000.0,11518,90879,7669,,Net,USD,0.0,,2026-06-17
0.0,250000.0,0.0,0.0,10000.0,10000.0,500000.0,ITM No Calls,1600000.0,1600000.0,,,No Call Required,,1600000.0,10122,90023,7483,,Net,USD,0.0,,2026-07-01
0.0,0.0,0.0,0.0,10000.0,10000.0,300000.0,Call,3000000.0,3000000.0,,,Pending Review,,3000000.0,10179,99154,7202,,Net,USD,,,2026-06-10
0.0,0.0,0.0,0.0,10000.0,10000.0,100000.0,Call,3700000.0,3700000.0,,,No Call Required,,3700000.0,10135,94018,7168,,Net,USD,0.0,,2026-06-17
0.0,250000.0,0.0,0.0,10000.0,10000.0,400000.0,Recall,4200000.0,4200000.0,,,No Call Required,,4200000.0,10686,99812,7172,,Net,USD,0.0,,2026-06-03
0.0,250000.0,0.0,250000.0,10000.0,10000.0,300000.0,Recall,800000.0,800000.0,,,Pending Review,,800000.0,10725,92027,7869,,Net,USD,,,2026-06-24
0.0,250000.0,0.0,250000.0,10000.0,10000.0,200000.0,ITM No Calls,500000.0,500000.0,,,No Call Required,,500000.0,11495,97479,7158,,Net,USD,,,2026-06-03
0.0,0.0,0.0,0.0,10000.0,10000.0,0.0,ITM No Calls,3900000.0,3900000.0,,,Pending Review,,3900000.0,10573,97940,7201,,Net,USD,0.0,,2026-07-01
0.0,250000.0,0.0,0.0,10000.0,10000.0,0.0,Call,400000.0,400000.0,,,Pending Review,,400000.0,11317,98882,7419,,Net,USD,0.0,,2026-07-01
0.0,0.0,0.0,0.0,10000.0,10000.0,400000.0,Recall,3600000.0,3600000.0,,,Pending Review,,3600000.0,10401,98364,7707,,Net,USD,,,2026-06-17
0.0,250000.0,0.0,250000.0,10000.0,10000.0,-200000.0,ITM No Calls,2500000.0,2500000.0,,,Pending Review,,2500000.0,10456,94706,7247,,Net,USD,0.0,,2026-06-24
0.0,0.0,0.0,0.0,10000.0,10000.0,0.0,ITM No Calls,900000.0,900000.0,,,Pending Review,,900000.0,11905,92682,7257,,Net,USD,0.0,,2026-06-03
0.0,250000.0,0.0,250000.0,10000.0,10000.0,-200000.0,Recall,2200000.0,2200000.0,,,Pending Review,,2200000.0,10717,91081,7515,,Net,USD,0.0,,2026-06-10
0.0,0.0,0.0,0.0,10000.0,10000.0,-200000.0,ITM No Calls,1300000.0,1300000.0,,,Pending Review,,1300000.0,11743,92197,7361,,Net,USD,0.0,,2026-06-17
0.0,0.0,0.0,250000.0,10000.0,10000.0,300000.0,Call,3700000.0,3700000.0,,,No Call Required,,3700000.0,10810,93447,7290,,Net,USD,0.0,,2026-06-10
0.0,0.0,0.0,0.0,10000.0,10000.0,-100000.0,ITM No Calls,2300000.0,2300000.0,,,No Call Required,,2300000.0,11583,99310,7363,,Net,USD,,,2026-06-17
0.0,250000.0,0.0,250000.0,10000.0,10000.0,200000.0,ITM No Calls,100000.0,100000.0,,,Pending Review,,100000.0,10999,95109,7237,,Net,USD,,,2026-06-17
0.0,0.0,0.0,250000.0,10000.0,10000.0,300000.0,Recall,1200000.0,1200000.0,,,No Call Required,,1200000.0,11281,93686,7807,,Net,USD,0.0,,2026-07-01
0.0,0.0,0.0,0.0,10000.0,10000.0,0.0,ITM No Calls,1600000.0,1600000.0,,,No Call Required,,1600000.0,10288,97820,7786,,Net,USD,0.0,,2026-06-10
0.0,0.0,0.0,0.0,10000.0,10000.0,0.0,Call,4900000.0,4900000.0,,,No Call Required,,4900000.0,10773,92857,7134,,Net,USD,0.0,,2026-06-24
0.0,0.0,0.0,250000.0,10000.0,10000.0,300000.0,Call,2800000.0,2800000.0,,,Pending Review,,2800000.0,11084,95265,7848,,Net,USD,0.0,,2026-06-10
0.0,250000.0,0.0,0.0,10000.0,10000.0,-200000.0,Call,2200000.0,2200000.0,,,No Call Required,,2200000.0,10395,91282,7517,,Net,USD,0.0,,2026-07-01
0.0,0.0,0.0,250000.0,10000.0,10000.0,-200000.0,Recall,200000.0,200000.0,,,Pending Review,,200000.0,10166,92171,7498,,Net,USD,,,2026-06-24
0.0,0.0,0.0,250000.0,10000.0,10000.0,400000.0,Recall,2800000.0,2800000.0,,,Pending Review,,2800000.0,11789,91811,7903,,Net,USD,0.0,,2026-06-10
0.0,250000.0,0.0,0.0,10000.0,10000.0,400000.0,Recall,1800000.0,1800000.0,,,Pending Review,,1800000.0,11178,91835,7061,,Net,USD,0.0,,2026-06-03
0.0,250000.0,0.0,250000.0,10000.0,10000.0,-100000.0,Recall,4700000.0,4700000.0,,,No Call Required,,4700000.0,11998,95501,7753,,Net,USD,0.0,,2026-06-24
0.0,0.0,0.0,250000.0,10000.0,10000.0,-200000.0,Call,3400000.0,3400000.0,,,Pending Review,,3400000.0,11845,99116,7622,,Net,USD,0.0,,2026-06-03
0.0,250000.0,0.0,0.0,10000.0,10000.0,-200000.0,Recall,2600000.0,2600000.0,,,Pending Review,,2600000.0,10248,91690,7856,,Net,USD,0.0,,2026-07-01
0.0,0.0,0.0,250000.0,10000.0,10000.0,400000.0,Call,3800000.0,3800000.0,,,No Call Required,,3800000.0,11930,97056,7182,,Net,USD,0.0,,2026-06-24
0.0,0.0,0.0,0.0,10000.0,10000.0,100000.0,ITM No Calls,3900000.0,3900000.0,,,Pending Review,,3900000.0,10685,98007,7523,,Net,USD,0.0,,2026-06-03
0.0,250000.0,0.0,0.0,10000.0,10000.0,300000.0,ITM No Calls,1100000.0,1100000.0,,,No Call Required,,1100000.0,11526,96776,7705,,Net,USD,,,2026-06-24
0.0,250000.0,0.0,0.0,10000.0,10000.0,300000.0,Call,1900000.0,1900000.0,,,No Call Required,,1900000.0,10921,97468,7792,,Net,USD,0.0,,2026-06-17
0.0,250000.0,0.0,0.0,10000.0,10000.0,0.0,Call,800000.0,800000.0,,,No Call Required,,800000.0,11509,94801,7344,,Net,USD,0.0,,2026-06-24
0.0,250000.0,0.0,250000.0,10000.0,10000.0,0.0,Recall,5000000.0,5000000.0,,,No Call Required,,5000000.0,10310,94777,7033,,Net,USD,0.0,,2026-07-01
0.0,250000.0,0.0,250000.0,10000.0,10000.0,-200000.0,ITM No Calls,800000.0,800000.0,,,Pending Review,,800000.0,11238,99887,7435,,Net,USD,0.0,,2026-06-17
0.0,0.0,0.0,0.0,10000.0,10000.0,300000.0,Call,900000.0,900000.0,,,Pending Review,,900000.0,10466,91924,7670,,Net,USD,,,2026-06-03
0.0,250000.0,0.0,0.0,10000.0,10000.0,0.0,Recall,3300000.0,3300000.0,,,Pending Review,,3300000.0,10479,91528,7661,,Net,USD,0.0,,2026-06-24
0.0,250000.0,0.0,0.0,10000.0,10000.0,400000.0,ITM No Calls,400000.0,400000.0,,,Pending Review,,400000.0,11431,94697,7189,,Net,USD,0.0,,2026-06-10
0.0,0.0,0.0,250000.0,10000.0,10000.0,-200000.0,ITM No Calls,1500000.0,1500000.0,,,Pending Review,,1500000.0,11879,96127,7910,,Net,USD,0.0,,2026-06-10
0.0,0.0,0.0,250000.0,10000.0,10000.0,300000.0,Call,2700000.0,2700000.0,,,No Call Required,,2700000.0,10123,91579,7994,,Net,USD,0.0,,2026-06-10
0.0,0.0,0.0,250000.0,10000.0,10000.0,200000.0,Call,4000000.0,4000000.0,,,No Call Required,,4000000.0,10980,99326,7070,,Net,USD,0.0,,2026-06-17
0.0,0.0,0.0,250000.0,10000.0,10000.0,0.0,Recall,100000.0,100000.0,,,No Call Required,,100000.0,11893,99697,7939,,Net,USD,0.0,,2026-07-01
0.0,250000.0,0.0,250000.0,10000.0,10000.0,300000.0,ITM No Calls,4300000.0,4300000.0,,,Pending Review,,4300000.0,11084,94592,7301,,Net,USD,0.0,,2026-06-10
0.0,250000.0,0.0,0.0,10000.0,10000.0,0.0,Call,300000.0,300000.0,,,No Call Required,,300000.0,10596,94817,7223,,Net,USD,0.0,,2026-06-17
0.0,0.0,0.0,0.0,10000.0,10000.0,400000.0,Call,0.0,0.0,,,No Call Required,,0.0,11927,92975,7820,,Net,USD,0.0,,2026-06-10
0.0,250000.0,0.0,250000.0,10000.0,10000.0,400000.0,Call,5000000.0,5000000.0,,,Pending Review,,5000000.0,10205,96785,7324,,Net,USD,0.0,,2026-06-17
0.0,250000.0,0.0,250000.0,10000.0,10000.0,0.0,Call,100000.0,100000.0,,,No Call Required,,100000.0,11296,99017,7184,,Net,USD,,,2026-07-01
0.0,250000.0,0.0,0.0,10000.0,10000.0,300000.0,Recall,4200000.0,4200000.0,,,No Call Required,,4200000.0,11452,92123,7556,,Net,USD,0.0,,2026-07-01
0.0,250000.0,0.0,250000.0,10000.0,10000.0,0.0,Recall,1700000.0,1700000.0,,,Pending Review,,1700000.0,11080,92864,7356,,Net,USD,0.0,,2026-06-24
0.0,250000.0,0.0,250000.0,10000.0,10000.0,400000.0,Recall,4100000.0,4100000.0,,,Pending Review,,4100000.0,10851,97955,7127,,Net,USD,0.0,,2026-06-03
0.0,0.0,0.0,250000.0,10000.0,10000.0,400000.0,Call,2300000.0,2300000.0,,,Pending Review,,2300000.0,11042,91238,7518,,Net,USD,0.0,,2026-06-03
0.0,0.0,0.0,250000.0,10000.0,10000.0,-100000.0,Recall,1900000.0,1900000.0,,,No Call Required,,1900000.0,11212,96157,7380,,Net,USD,0.0,,2026-06-03
0.0,250000.0,0.0,0.0,10000.0,10000.0,-100000.0,Call,3500000.0,3500000.0,,,No Call Required,,3500000.0,11042,94482,7791,,Net,USD,0.0,,2026-06-10
0.0,250000.0,0.0,250000.0,10000.0,10000.0,-100000.0,Call,300000.0,300000.0,,,Pending Review,,300000.0,11185,90002,7775,,Net,USD,0.0,,2026-07-01
0.0,250000.0,0.0,250000.0,10000.0,10000.0,200000.0,Recall,4600000.0,4600000.0,,,Pending Review,,4600000.0,10022,94116,7213,,Net,USD,0.0,,2026-06-17
0.0,0.0,0.0,0.0,10000.0,10000.0,400000.0,ITM No Calls,700000.0,700000.0,,,No Call Required,,700000.0,10895,92346,7804,,Net,USD,0.0,,2026-06-10
0.0,250000.0,0.0,250000.0,10000.0,10000.0,-100000.0,Recall,4100000.0,4100000.0,,,No Call Required,,4100000.0,10027,93232,7831,,Net,USD,0.0,,2026-06-24
0.0,0.0,0.0,0.0,10000.0,10000.0,500000.0,Recall,1400000.0,1400000.0,,,No Call Required,,1400000.0,10782,95300,7383,,Net,USD,0.0,,2026-06-03
0.0,250000.0,0.0,0.0,10000.0,10000.0,0.0,Call,700000.0,700000.0,,,Pending Review,,700000.0,10689,93529,7107,,Net,USD,0.0,,2026-06-17
0.0,250000.0,0.0,250000.0,10000.0,10000.0,300000.0,ITM No Calls,1200000.0,1200000.0,,,No Call Required,,1200000.0,10927,90588,7056,,Net,USD,0.0,,2026-06-17
0.0,250000.0,0.0,250000.0,10000.0,10000.0,500000.0,Recall,1700000.0,1700000.0,,,No Call Required,,1700000.0,11738,91694,7291,,Net,USD,0.0,,2026-06-24
0.0,250000.0,0.0,0.0,10000.0,10000.0,0.0,Call,2900000.0,2900000.0,,,Pending Review,,2900000.0,11332,97769,7195,,Net,USD,0.0,,2026-06-24
0.0,0.0,0.0,0.0,10000.0,10000.0,-100000.0,ITM No Calls,4400000.0,4400000.0,,,Pending Review,,4400000.0,10081,92539,7083,,Net,USD,0.0,,2026-06-03
0.0,0.0,0.0,0.0,10000.0,10000.0,100000.0,ITM No Calls,600000.0,600000.0,,,Pending Review,,600000.0,10772,92908,7406,,Net,USD,0.0,,2026-06-10
0.0,0.0,0.0,250000.0,10000.0,10000.0,0.0,Recall,1300000.0,1300000.0,,,No Call Required,,1300000.0,10979,99173,7485,,Net,USD,0.0,,2026-06-10
0.0,0.0,0.0,0.0,10000.0,10000.0,0.0,ITM No Calls,4700000.0,4700000.0,,,No Call Required,,4700000.0,11558,99195,7036,,Net,USD,,,2026-06-10
0.0,250000.0,0.0,250000.0,10000.0,10000.0,300000.0,Recall,3800000.0,3800000.0,,,No Call Required,,3800000.0,10954,96090,7147,,Net,USD,0.0,,2026-06-10
0.0,250000.0,0.0,250000.0,10000.0,10000.0,100000.0,ITM No Calls,500000.0,500000.0,,,Pending Review,,500000.0,10199,97256,7455,,Net,USD,0.0,,2026-06-03
0.0,250000.0,0.0,250000.0,10000.0,10000.0,300000.0,Recall,1300000.0,1300000.0,,,No Call Required,,1300000.0,11773,92896,7076,,Net,USD,0.0,,2026-06-17
0.0,0.0,0.0,250000.0,10000.0,10000.0,100000.0,Call,700000.0,700000.0,,,Pending Review,,700000.0,10454,98917,7258,,Net,USD,0.0,,2026-06-03
0.0,250000.0,0.0,0.0,10000.0,10000.0,400000.0,ITM No Calls,600000.0,600000.0,,,Pending Review,,600000.0,10358,93543,7673,,Net,USD,0.0,,2026-07-01
0.0,0.0,0.0,0.0,10000.0,10000.0,-200000.0,ITM No Calls,3200000.0,3200000.0,,,Pending Review,,3200000.0,11522,90872,7006,,Net,USD,0.0,,2026-06-24
0.0,250000.0,0.0,0.0,10000.0,10000.0,-200000.0,Recall,200000.0,200000.0,,,Pending Review,,200000.0,11365,96147,7243,,Net,USD,0.0,,2026-07-01
0.0,0.0,0.0,0.0,10000.0,10000.0,200000.0,Recall,4600000.0,4600000.0,,,Pending Review,,4600000.0,10192,98295,7834,,Net,USD,0.0,,2026-06-24
0.0,0.0,0.0,0.0,10000.0,10000.0,400000.0,Call,900000.0,900000.0,,,No Call Required,,900000.0,11374,97721,7495,,Net,USD,0.0,,2026-07-01
0.0,0.0,0.0,250000.0,10000.0,10000.0,500000.0,ITM No Calls,2600000.0,2600000.0,,,Pending Review,,2600000.0,11763,99522,7547,,Net,USD,0.0,,2026-06-24
0.0,0.0,0.0,0.0,10000.0,10000.0,-200000.0,Recall,3600000.0,3600000.0,,,No Call Required,,3600000.0,10469,91162,7744,,Net,USD,0.0,,2026-07-01
0.0,250000.0,0.0,0.0,10000.0,10000.0,-100000.0,Recall,1900000.0,1900000.0,,,Pending Review,,1900000.0,11100,99052,7518,,Net,USD,0.0,,2026-07-01
0.0,0.0,0.0,250000.0,10000.0,10000.0,0.0,Call,4200000.0,4200000.0,,,Pending Review,,4200000.0,11299,96963,7920,,Net,USD,,,2026-07-01
0.0,250000.0,0.0,0.0,10000.0,10000.0,0.0,Recall,3700000.0,3700000.0,,,No Call Required,,3700000.0,10325,91925,7547,,Net,USD,0.0,,2026-06-17
0.0,0.0,0.0,0.0,10000.0,10000.0,-100000.0,Call,1300000.0,1300000.0,,,No Call Required,,1300000.0,10170,94656,7088,,Net,USD,0.0,,2026-07-01
0.0,0.0,0.0,250000.0,10000.0,10000.0,100000.0,ITM No Calls,4200000.0,4200000.0,,,Pending Review,,4200000.0,10245,97742,7684,,Net,USD,0.0,,2026-06-24
0.0,250000.0,0.0,250000.0,10000.0,10000.0,200000.0,Recall,700000.0,700000.0,,,Pending Review,,700000.0,11794,97188,7863,,Net,USD,0.0,,2026-06-24
0.0,250000.0,0.0,0.0,10000.0,10000.0,500000.0,ITM No Calls,2800000.0,2800000.0,,,Pending Review,,2800000.0,11684,91676,7415,,Net,USD,,,2026-06-24
0.0,250000.0,0.0,0.0,10000.0,10000.0,200000.0,Call,2800000.0,2800000.0,,,Pending Review,,2800000.0,10716,97359,7306,,Net,USD,0.0,,2026-07-01
0.0,0.0,0.0,250000.0,10000.0,10000.0,500000.0,Recall,0.0,0.0,,,No Call Required,,0.0,10253,97664,7142,,Net,USD,0.0,,2026-06-24
0.0,250000.0,0.0,0.0,10000.0,10000.0,0.0,ITM No Calls,3900000.0,3900000.0,,,Pending Review,,3900000.0,10693,99046,7078,,Net,USD,,,2026-06-03
0.0,0.0,0.0,0.0,10000.0,10000.0,0.0,Recall,4300000.0,4300000.0,,,No Call Required,,4300000.0,10824,92733,7404,,Net,USD,0.0,,2026-06-03
0.0,0.0,0.0,250000.0,10000.0,10000.0,-100000.0,Call,4400000.0,4400000.0,,,Pending Review,,4400000.0,10866,97615,7414,,Net,USD,0.0,,2026-07-01
0.0,250000.0,0.0,0.0,10000.0,10000.0,200000.0,Recall,200000.0,200000.0,,,Pending Review,,200000.0,10367,95377,7604,,Net,USD,0.0,,2026-06-03
0.0,250000.0,0.0,250000.0,10000.0,10000.0,300000.0,Recall,1400000.0,1400000.0,,,Pending Review,,1400000.0,11802,95209,7139,,Net,USD,0.0,,2026-06-17
0.0,0.0,0.0,250000.0,10000.0,10000.0,400000.0,Recall,1600000.0,1600000.0,,,Pending Review,,1600000.0,10499,99809,7178,,Net,USD,0.0,,2026-06-17
0.0,0.0,0.0,0.0,10000.0,10000.0,500000.0,ITM No Calls,3700000.0,3700000.0,,,Pending Review,,3700000.0,10953,96077,7967,,Net,USD,0.0,,2026-07-01
0.0,0.0,0.0,250000.0,10000.0,10000.0,500000.0,Call,2400000.0,2400000.0,,,No Call Required,,2400000.0,10867,95857,7628,,Net,USD,0.0,,2026-06-24
0.0,250000.0,0.0,0.0,10000.0,10000.0,300000.0,ITM No Calls,2900000.0,2900000.0,,,Pending Review,,2900000.0,10450,91795,7325,,Net,USD,0.0,,2026-06-17
0.0,250000.0,0.0,250000.0,10000.0,10000.0,-200000.0,Recall,3100000.0,3100000.0,,,No Call Required,,3100000.0,10141,98949,7282,,Net,USD,0.0,,2026-07-01
0.0,0.0,0.0,0.0,10000.0,10000.0,100000.0,Recall,4700000.0,4700000.0,,,No Call Required,,4700000.0,10016,98747,7060,,Net,USD,0.0,,2026-07-01
0.0,250000.0,0.0,250000.0,10000.0,10000.0,-200000.0,Call,3900000.0,3900000.0,,,Pending Review,,3900000.0,10321,92830,7392,,Net,USD,0.0,,2026-06-24
0.0,0.0,0.0,0.0,10000.0,10000.0,-100000.0,ITM No Calls,600000.0,600000.0,,,Pending Review,,600000.0,10008,98391,7273,,Net,USD,0.0,,2026-07-01
0.0,0.0,0.0,0.0,10000.0,10000.0,-200000.0,Call,1300000.0,1300000.0,,,Pending Review,,1300000.0,11275,92104,7486,,Net,USD,0.0,,2026-06-10
0.0,0.0,0.0,250000.0,10000.0,10000.0,0.0,ITM No Calls,3500000.0,3500000.0,,,Pending Review,,3500000.0,10865,96324,7637,,Net,USD,,,2026-06-03
0.0,250000.0,0.0,0.0,10000.0,10000.0,100000.0,Recall,2100000.0,2100000.0,,,No Call Required,,2100000.0,11026,97472,7459,,Net,USD,,,2026-06-03
0.0,250000.0,0.0,250000.0,10000.0,10000.0,400000.0,Recall,4400000.0,4400000.0,,,Pending Review,,4400000.0,11583,95664,7319,,Net,USD,0.0,,2026-06-24
0.0,0.0,0.0,0.0,10000.0,10000.0,-200000.0,Recall,3200000.0,3200000.0,,,No Call Required,,3200000.0,11491,90644,7974,,Net,USD,0.0,,2026-06-10
0.0,250000.0,0.0,250000.0,10000.0,10000.0,400000.0,ITM No Calls,2500000.0,2500000.0,,,Pending Review,,2500000.0,11777,96080,7012,,Net,USD,0.0,,2026-06-24
0.0,0.0,0.0,250000.0,10000.0,10000.0,500000.0,Recall,3200000.0,3200000.0,,,No Call Required,,3200000.0,10301,91235,7404,,Net,USD,0.0,,2026-06-17
0.0,0.0,0.0,250000.0,10000.0,10000.0,-200000.0,Recall,600000.0,600000.0,,,No Call Required,,600000.0,10118,93643,7399,,Net,USD,0.0,,2026-06-10
0.0,0.0,0.0,250000.0,10000.0,10000.0,-100000.0,Recall,1200000.0,1200000.0,,,Pending Review,,1200000.0,11178,93609,7404,,Net,USD,0.0,,2026-06-24
0.0,0.0,0.0,250000.0,10000.0,10000.0,400000.0,Call,800000.0,800000.0,,,Pending Review,,800000.0,11369,96738,7180,,Net,USD,0.0,,2026-06-10
0.0,0.0,0.0,250000.0,10000.0,10000.0,100000.0,Call,3800000.0,3800000.0,,,No Call Required,,3800000.0,11140,92726,7177,,Net,USD,,,2026-07-01
0.0,0.0,0.0,250000.0,10000.0,10000.0,0.0,ITM No Calls,400000.0,400000.0,,,No Call Required,,400000.0,10556,96248,7079,,Net,USD,0.0,,2026-06-10
0.0,0.0,0.0,0.0,10000.0,10000.0,-200000.0,Recall,300000.0,300000.0,,,Pending Review,,300000.0,10085,94928,7548,,Net,USD,,,2026-06-17
0.0,0.0,0.0,250000.0,10000.0,10000.0,300000.0,ITM No Calls,5000000.0,5000000.0,,,No Call Required,,5000000.0,11667,90150,7941,,Net,USD,0.0,,2026-07-01
0.0,250000.0,0.0,0.0,10000.0,10000.0,500000.0,Call,4200000.0,4200000.0,,,No Call Required,,4200000.0,11422,93883,7522,,Net,USD,0.0,,2026-07-01
0.0,0.0,0.0,0.0,10000.0,10000.0,-200000.0,Call,1100000.0,1100000.0,,,No Call Required,,1100000.0,10089,94346,7037,,Net,USD,0.0,,2026-06-10
0.0,0.0,0.0,0.0,10000.0,10000.0,-200000.0,Call,4500000.0,4500000.0,,,No Call Required,,4500000.0,11748,91268,7443,,Net,USD,0.0,,2026-06-24
0.0,250000.0,0.0,0.0,10000.0,10000.0,200000.0,ITM No Calls,1700000.0,1700000.0,,,Pending Review,,1700000.0,11760,97693,7958,,Net,USD,0.0,,2026-07-01
0.0,250000.0,0.0,250000.0,10000.0,10000.0,-100000.0,Call,800000.0,800000.0,,,Pending Review,,800000.0,10311,95209,7574,,Net,USD,0.0,,2026-06-17
0.0,250000.0,0.0,250000.0,10000.0,10000.0,100000.0,ITM No Calls,4300000.0,4300000.0,,,Pending Review,,4300000.0,10013,94830,7992,,Net,USD,,,2026-07-01
0.0,250000.0,0.0,250000.0,10000.0,10000.0,0.0,Recall,4900000.0,4900000.0,,,Pending Review,,4900000.0,11513,91338,7972,,Net,USD,0.0,,2026-06-03
0.0,0.0,0.0,250000.0,10000.0,10000.0,300000.0,ITM No Calls,3800000.0,3800000.0,,,No Call Required,,3800000.0,11744,95945,7109,,Net,USD,,,2026-06-03
0.0,250000.0,0.0,0.0,10000.0,10000.0,400000.0,ITM No Calls,4800000.0,4800000.0,,,No Call Required,,4800000.0,11485,97444,7324,,Net,USD,0.0,,2026-06-17
0.0,0.0,0.0,0.0,10000.0,10000.0,300000.0,Recall,3700000.0,3700000.0,,,Pending Review,,3700000.0,11071,95454,7824,,Net,USD,0.0,,2026-06-17
0.0,250000.0,0.0,250000.0,10000.0,10000.0,-200000.0,Call,2700000.0,2700000.0,,,Pending Review,,2700000.0,11916,94827,7754,,Net,USD,,,2026-06-03
0.0,0.0,0.0,0.0,10000.0,10000.0,-100000.0,Recall,2500000.0,2500000.0,,,Pending Review,,2500000.0,10521,97380,7888,,Net,USD,0.0,,2026-06-17
0.0,0.0,0.0,0.0,10000.0,10000.0,100000.0,ITM No Calls,0.0,0.0,,,No Call Required,,0.0,10427,97067,7863,,Net,USD,0.0,,2026-06-24
0.0,0.0,0.0,250000.0,10000.0,10000.0,400000.0,Call,3300000.0,3300000.0,,,Pending Review,,3300000.0,11355,92913,7267,,Net,USD,0.0,,2026-07-01
0.0,0.0,0.0,0.0,10000.0,10000.0,300000.0,Recall,4200000.0,4200000.0,,,No Call Required,,4200000.0,11122,96535,7764,,Net,USD,0.0,,2026-06-03
0.0,250000.0,0.0,0.0,10000.0,10000.0,400000.0,Call,2800000.0,2800000.0,,,No Call Required,,2800000.0,11187,90709,7493,,Net,USD,0.0,,2026-06-03
0.0,250000.0,0.0,0.0,10000.0,10000.0,500000.0,Call,1100000.0,1100000.0,,,Pending Review,,1100000.0,11854,92440,7087,,Net,USD,0.0,,2026-06-24
0.0,250000.0,0.0,0.0,10000.0,10000.0,0.0,ITM No Calls,200000.0,200000.0,,,No Call Required,,200000.0,10369,91904,7499,,Net,USD,0.0,,2026-06-24
0.0,250000.0,0.0,0.0,10000.0,10000.0,-200000.0,ITM No Calls,2400000.0,2400000.0,,,Pending Review,,2400000.0,11840,96021,7400,,Net,USD,,,2026-06-10
0.0,0.0,0.0,0.0,10000.0,10000.0,100000.0,Call,2100000.0,2100000.0,,,Pending Review,,2100000.0,11740,94899,7159,,Net,USD,0.0,,2026-07-01
0.0,0.0,0.0,250000.0,10000.0,10000.0,100000.0,Call,2900000.0,2900000.0,,,Pending Review,,2900000.0,10290,99877,7910,,Net,USD,0.0,,2026-06-17
0.0,250000.0,0.0,250000.0,10000.0,10000.0,0.0,Call,100000.0,100000.0,,,Pending Review,,100000.0,10564,94164,7486,,Net,USD,0.0,,2026-06-24
0.0,0.0,0.0,0.0,10000.0,10000.0,-200000.0,Recall,700000.0,700000.0,,,No Call Required,,700000.0,10202,91237,7393,,Net,USD,0.0,,2026-06-24
0.0,0.0,0.0,0.0,10000.0,10000.0,0.0,ITM No Calls,4200000.0,4200000.0,,,No Call Required,,4200000.0,10157,99736,7357,,Net,USD,0.0,,2026-06-10
0.0,0.0,0.0,250000.0,10000.0,10000.0,0.0,Call,1100000.0,1100000.0,,,Pending Review,,1100000.0,10131,95263,7441,,Net,USD,,,2026-06-17
0.0,250000.0,0.0,250000.0,10000.0,10000.0,300000.0,ITM No Calls,1600000.0,1600000.0,,,Pending Review,,1600000.0,10073,91616,7734,,Net,USD,0.0,,2026-06-24
0.0,250000.0,0.0,0.0,10000.0,10000.0,-100000.0,Recall,3200000.0,3200000.0,,,No Call Required,,3200000.0,10211,99262,7888,,Net,USD,0.0,,2026-06-17
0.0,250000.0,0.0,0.0,10000.0,10000.0,100000.0,Recall,3600000.0,3600000.0,,,Pending Review,,3600000.0,11999,95006,7875,,Net,USD,0.0,,2026-06-10
0.0,250000.0,0.0,250000.0,10000.0,10000.0,-200000.0,Call,100000.0,100000.0,,,No Call Required,,100000.0,11675,93543,7101,,Net,USD,0.0,,2026-06-24
0.0,0.0,0.0,0.0,10000.0,10000.0,100000.0,Call,3500000.0,3500000.0,,,Pending Review,,3500000.0,10890,93613,7092,,Net,USD,0.0,,2026-07-01
0.0,0.0,0.0,0.0,10000.0,10000.0,200000.0,ITM No Calls,1700000.0,1700000.0,,,No Call Required,,1700000.0,11941,91652,7255,,Net,USD,0.0,,2026-07-01
0.0,250000.0,0.0,0.0,10000.0,10000.0,200000.0,Call,3400000.0,3400000.0,,,Pending Review,,3400000.0,11747,90334,7327,,Net,USD,0.0,,2026-06-17
0.0,250000.0,0.0,0.0,10000.0,10000.0,-200000.0,Call,2500000.0,2500000.0,,,No Call Required,,2500000.0,10323,98754,7497,,Net,USD,0.0,,2026-06-03
0.0,250000.0,0.0,250000.0,10000.0,10000.0,-100000.0,Call,1200000.0,1200000.0,,,Pending Review,,1200000.0,10215,92498,7900,,Net,USD,0.0,,2026-06-10
0.0,250000.0,0.0,0.0,10000.0,10000.0,200000.0,ITM No Calls,1000000.0,1000000.0,,,Pending Review,,1000000.0,11719,91614,7675,,Net,USD,0.0,,2026-06-03
0.0,250000.0,0.0,0.0,10000.0,10000.0,500000.0,Recall,1300000.0,1300000.0,,,Pending Review,,1300000.0,11398,94265,7906,,Net,USD,0.0,,2026-06-10
0.0,250000.0,0.0,0.0,10000.0,10000.0,0.0,Recall,1500000.0,1500000.0,,,No Call Required,,1500000.0,11061,97873,7509,,Net,USD,0.0,,2026-06-10
0.0,0.0,0.0,250000.0,10000.0,10000.0,200000.0,ITM No Calls,3100000.0,3100000.0,,,No Call Required,,3100000.0,11729,92420,7391,,Net,USD,0.0,,2026-07-01
0.0,250000.0,0.0,250000.0,10000.0,10000.0,300000.0,ITM No Calls,100000.0,100000.0,,,Pending Review,,100000.0,10249,91146,7348,,Net,USD,0.0,,2026-06-24
0.0,250000.0,0.0,250000.0,10000.0,10000.0,0.0,Call,1000000.0,1000000.0,,,Pending Review,,1000000.0,10575,93392,7010,,Net,USD,0.0,,2026-07-01
0.0,0.0,0.0,250000.0,10000.0,10000.0,400000.0,ITM No Calls,0.0,0.0,,,No Call Required,,0.0,10999,93302,7588,,Net,USD,0.0,,2026-06-03
0.0,250000.0,0.0,250000.0,10000.0,10000.0,-100000.0,ITM No Calls,3300000.0,3300000.0,,,Pending Review,,3300000.0,10083,96396,7519,,Net,USD,0.0,,2026-07-01
0.0,250000.0,0.0,250000.0,10000.0,10000.0,0.0,Recall,3800000.0,3800000.0,,,Pending Review,,3800000.0,10354,93708,7944,,Net,USD,0.0,,2026-06-24
0.0,0.0,0.0,0.0,10000.0,10000.0,0.0,Call,300000.0,300000.0,,,No Call Required,,300000.0,11255,94901,7313,,Net,USD,0.0,,2026-06-24
0.0,250000.0,0.0,0.0,10000.0,10000.0,500000.0,Call,700000.0,700000.0,,,Pending Review,,700000.0,10651,92329,7866,,Net,USD,0.0,,2026-06-17
0.0,0.0,0.0,250000.0,10000.0,10000.0,100000.0,Recall,2400000.0,2400000.0,,,Pending Review,,2400000.0,11709,94658,7637,,Net,USD,0.0,,2026-06-03
0.0,250000.0,0.0,0.0,10000.0,10000.0,500000.0,Call,2300000.0,2300000.0,,,Pending Review,,2300000.0,10147,91206,7804,,Net,USD,0.0,,2026-06-24
0.0,250000.0,0.0,250000.0,10000.0,10000.0,500000.0,ITM No Calls,3100000.0,3100000.0,,,Pending Review,,3100000.0,11456,96897,7778,,Net,USD,0.0,,2026-06-24
0.0,250000.0,0.0,0.0,10000.0,10000.0,-100000.0,Recall,3900000.0,3900000.0,,,Pending Review,,3900000.0,11877,91905,7375,,Net,USD,0.0,,2026-06-03
0.0,0.0,0.0,0.0,10000.0,10000.0,-200000.0,Call,2100000.0,2100000.0,,,Pending Review,,2100000.0,10537,97093,7169,,Net,USD,0.0,,2026-06-24
0.0,0.0,0.0,250000.0,10000.0,10000.0,100000.0,Recall,2100000.0,2100000.0,,,Pending Review,,2100000.0,10477,90309,7603,,Net,USD,0.0,,2026-06-10
0.0,250000.0,0.0,250000.0,10000.0,10000.0,-200000.0,Call,1700000.0,1700000.0,,,Pending Review,,1700000.0,10808,98778,7474,,Net,USD,0.0,,2026-07-01
0.0,0.0,0.0,250000.0,10000.0,10000.0,-100000.0,ITM No Calls,4400000.0,4400000.0,,,No Call Required,,4400000.0,10488,90240,7121,,Net,USD,0.0,,2026-07-01
0.0,0.0,0.0,0.0,10000.0,10000.0,0.0,ITM No Calls,1000000.0,1000000.0,,,No Call Required,,1000000.0,11958,99467,7711,,Net,USD,0.0,,2026-06-17
0.0,250000.0,0.0,0.0,10000.0,10000.0,-100000.0,Call,5000000.0,5000000.0,,,No Call Required,,5000000.0,11877,96098,7739,,Net,USD,0.0,,2026-06-24
0.0,250000.0,0.0,250000.0,10000.0,10000.0,400000.0,Recall,4600000.0,4600000.0,,,No Call Required,,4600000.0,10879,97720,7202,,Net,USD,0.0,,2026-06-24
0.0,250000.0,0.0,250000.0,10000.0,10000.0,500000.0,Call,3100000.0,3100000.0,,,No Call Required,,3100000.0,10915,92313,7611,,Net,USD,0.0,,2026-07-01
0.0,0.0,0.0,0.0,10000.0,10000.0,300000.0,ITM No Calls,2000000.0,2000000.0,,,Pending Review,,2000000.0,10904,99792,7022,,Net,USD,0.0,,2026-06-17
0.0,0.0,0.0,0.0,10000.0,10000.0,-100000.0,ITM No Calls,1800000.0,1800000.0,,,Pending Review,,1800000.0,10304,95384,7659,,Net,USD,0.0,,2026-06-17
0.0,250000.0,0.0,0.0,10000.0,10000.0,400000.0,ITM No Calls,4100000.0,4100000.0,,,Pending Review,,4100000.0,11257,96611,7955,,Net,USD,0.0,,2026-07-01
0.0,0.0,0.0,0.0,10000.0,10000.0,200000.0,Recall,1500000.0,1500000.0,,,Pending Review,,1500000.0,10437,95493,7345,,Net,USD,0.0,,2026-06-17
0.0,250000.0,0.0,250000.0,10000.0,10000.0,500000.0,Recall,2100000.0,2100000.0,,,Pending Review,,2100000.0,10080,96621,7656,,Net,USD,0.0,,2026-06-03
0.0,250000.0,0.0,250000.0,10000.0,10000.0,500000.0,Recall,3400000.0,3400000.0,,,Pending Review,,3400000.0,10209,99595,7640,,Net,USD,0.0,,2026-06-24
0.0,250000.0,0.0,250000.0,10000.0,10000.0,500000.0,Call,0.0,0.0,,,Pending Review,,0.0,11011,90037,7337,,Net,USD,0.0,,2026-06-24
0.0,0.0,0.0,250000.0,10000.0,10000.0,-200000.0,Call,4800000.0,4800000.0,,,Pending Review,,4800000.0,10306,95313,7887,,Net,USD,0.0,,2026-06-17
0.0,0.0,0.0,250000.0,10000.0,10000.0,-100000.0,Recall,4300000.0,4300000.0,,,Pending Review,,4300000.0,10425,99831,7152,,Net,USD,0.0,,2026-06-24
0.0,0.0,0.0,0.0,10000.0,10000.0,0.0,Recall,3800000.0,3800000.0,,,Pending Review,,3800000.0,10833,97064,7793,,Net,USD,0.0,,2026-06-24
0.0,0.0,0.0,250000.0,10000.0,10000.0,300000.0,ITM No Calls,2700000.0,2700000.0,,,Pending Review,,2700000.0,10219,94710,7429,,Net,USD,0.0,,2026-06-03
0.0,0.0,0.0,250000.0,10000.0,10000.0,200000.0,ITM No Calls,3300000.0,3300000.0,,,Pending Review,,3300000.0,11828,94336,7518,,Net,USD,0.0,,2026-06-10
0.0,0.0,0.0,0.0,10000.0,10000.0,300000.0,Call,3500000.0,3500000.0,,,Pending Review,,3500000.0,10487,92933,7602,,Net,USD,0.0,,2026-07-01
0.0,0.0,0.0,0.0,10000.0,10000.0,100000.0,Recall,300000.0,300000.0,,,Pending Review,,300000.0,11935,93824,7396,,Net,USD,0.0,,2026-06-03
0.0,0.0,0.0,0.0,10000.0,10000.0,400000.0,Call,1300000.0,1300000.0,,,No Call Required,,1300000.0,10058,91696,7634,,Net,USD,0.0,,2026-06-24
0.0,0.0,0.0,250000.0,10000.0,10000.0,100000.0,Recall,2900000.0,2900000.0,,,No Call Required,,2900000.0,11902,93972,7558,,Net,USD,0.0,,2026-06-03
0.0,250000.0,0.0,250000.0,10000.0,10000.0,400000.0,ITM No Calls,1600000.0,1600000.0,,,Pending Review,,1600000.0,10224,94374,7710,,Net,USD,0.0,,2026-06-10
0.0,0.0,0.0,0.0,10000.0,10000.0,100000.0,ITM No Calls,1900000.0,1900000.0,,,No Call Required,,1900000.0,11398,92796,7253,,Net,USD,0.0,,2026-06-24
0.0,250000.0,0.0,0.0,10000.0,10000.0,-200000.0,Call,3600000.0,3600000.0,,,No Call Required,,3600000.0,11897,94223,7813,,Net,USD,0.0,,2026-06-10
0.0,0.0,0.0,0.0,10000.0,10000.0,300000.0,Call,4200000.0,4200000.0,,,Pending Review,,4200000.0,11463,98818,7869,,Net,USD,0.0,,2026-06-24
0.0,0.0,0.0,250000.0,10000.0,10000.0,200000.0,ITM No Calls,1400000.0,1400000.0,,,Pending Review,,1400000.0,10208,90244,7613,,Net,USD,0.0,,2026-06-17
0.0,0.0,0.0,250000.0,10000.0,10000.0,400000.0,Recall,4600000.0,4600000.0,,,No Call Required,,4600000.0,10070,94439,7802,,Net,USD,0.0,,2026-06-03
0.0,250000.0,0.0,250000.0,10000.0,10000.0,-200000.0,Call,1300000.0,1300000.0,,,No Call Required,,1300000.0,10260,94742,7693,,Net,USD,0.0,,2026-06-24
0.0,250000.0,0.0,0.0,10000.0,10000.0,400000.0,Recall,3100000.0,3100000.0,,,Pending Review,,3100000.0,11318,95019,7529,,Net,USD,0.0,,2026-06-10
0.0,0.0,0.0,0.0,10000.0,10000.0,-100000.0,ITM No Calls,200000.0,200000.0,,,Pending Review,,200000.0,11437,98693,7436,,Net,USD,0.0,,2026-07-01
0.0,0.0,0.0,250000.0,10000.0,10000.0,500000.0,Recall,900000.0,900000.0,,,No Call Required,,900000.0,11809,92975,7460,,Net,USD,0.0,,2026-07-01
0.0,0.0,0.0,0.0,10000.0,10000.0,-200000.0,ITM No Calls,3300000.0,3300000.0,,,Pending Review,,3300000.0,11391,94223,7665,,Net,USD,0.0,,2026-06-24
0.0,250000.0,0.0,0.0,10000.0,10000.0,400000.0,Recall,1700000.0,1700000.0,,,Pending Review,,1700000.0,11479,91444,7633,,Net,USD,,,2026-06-17
0.0,0.0,0.0,0.0,10000.0,10000.0,-100000.0,Recall,2500000.0,2500000.0,,,No Call Required,,2500000.0,10713,96799,7032,,Net,USD,0.0,,2026-06-24
0.0,0.0,0.0,250000.0,10000.0,10000.0,400000.0,Recall,4200000.0,4200000.0,,,No Call Required,,4200000.0,11514,93706,7069,,Net,USD,0.0,,2026-06-03
0.0,0.0,0.0,0.0,10000.0,10000.0,400000.0,Recall,1700000.0,1700000.0,,,No Call Required,,1700000.0,10504,90682,7385,,Net,USD,0.0,,2026-06-17
0.0,250000.0,0.0,250000.0,10000.0,10000.0,100000.0,Recall,1500000.0,1500000.0,,,Pending Review,,1500000.0,11428,95300,7389,,Net,USD,,,2026-07-01
0.0,0.0,0.0,0.0,10000.0,10000.0,300000.0,Recall,3400000.0,3400000.0,,,Pending Review,,3400000.0,10465,92618,7388,,Net,USD,0.0,,2026-06-10
0.0,250000.0,0.0,250000.0,10000.0,10000.0,0.0,Call,300000.0,300000.0,,,Pending Review,,300000.0,11298,95872,7689,,Net,USD,0.0,,2026-07-01
0.0,250000.0,0.0,250000.0,10000.0,10000.0,500000.0,Call,4300000.0,4300000.0,,,No Call Required,,4300000.0,10271,96718,7681,,Net,USD,0.0,,2026-06-17
0.0,250000.0,0.0,250000.0,10000.0,10000.0,-100000.0,Recall,4400000.0,4400000.0,,,No Call Required,,4400000.0,11369,91501,7683,,Net,USD,0.0,,2026-06-03
0.0,0.0,0.0,250000.0,10000.0,10000.0,300000.0,ITM No Calls,2100000.0,2100000.0,,,No Call Required,,2100000.0,10459,92582,7892,,Net,USD,0.0,,2026-06-24
0.0,0.0,0.0,0.0,10000.0,10000.0,500000.0,Recall,2000000.0,2000000.0,,,No Call Required,,2000000.0,11181,94498,7829,,Net,USD,0.0,,2026-06-10
0.0,0.0,0.0,0.0,10000.0,10000.0,200000.0,ITM No Calls,3500000.0,3500000.0,,,No Call Required,,3500000.0,11236,95221,7427,,Net,USD,0.0,,2026-06-17
0.0,0.0,0.0,250000.0,10000.0,10000.0,0.0,Recall,4700000.0,4700000.0,,,Pending Review,,4700000.0,11151,91140,7339,,Net,USD,0.0,,2026-06-17
0.0,0.0,0.0,0.0,10000.0,10000.0,0.0,Call,3800000.0,3800000.0,,,Pending Review,,3800000.0,10993,96704,7232,,Net,USD,0.0,,2026-06-17
0.0,0.0,0.0,0.0,10000.0,10000.0,100000.0,Recall,1500000.0,1500000.0,,,No Call Required,,1500000.0,11624,98547,7040,,Net,USD,0.0,,2026-06-17
0.0,250000.0,0.0,250000.0,10000.0,10000.0,100000.0,Recall,4000000.0,4000000.0,,,No Call Required,,4000000.0,11510,90591,7745,,Net,USD,0.0,,2026-06-24
0.0,0.0,0.0,250000.0,10000.0,10000.0,400000.0,Recall,2400000.0,2400000.0,,,Pending Review,,2400000.0,10221,97910,7230,,Net,USD,0.0,,2026-07-01
0.0,0.0,0.0,250000.0,10000.0,10000.0,300000.0,ITM No Calls,2100000.0,2100000.0,,,Pending Review,,2100000.0,11691,94591,7499,,Net,USD,0.0,,2026-06-24
0.0,0.0,0.0,0.0,10000.0,10000.0,-200000.0,Call,3100000.0,3100000.0,,,Pending Review,,3100000.0,11041,96815,7526,,Net,USD,0.0,,2026-06-10
0.0,250000.0,0.0,0.0,10000.0,10000.0,100000.0,ITM No Calls,4200000.0,4200000.0,,,No Call Required,,4200000.0,11814,93213,7145,,Net,USD,,,2026-06-24
0.0,250000.0,0.0,250000.0,10000.0,10000.0,0.0,ITM No Calls,1500000.0,1500000.0,,,Pending Review,,1500000.0,11496,95358,7856,,Net,USD,0.0,,2026-07-01
0.0,250000.0,0.0,250000.0,10000.0,10000.0,200000.0,Recall,800000.0,800000.0,,,No Call Required,,800000.0,11058,97846,7031,,Net,USD,0.0,,2026-07-01
0.0,0.0,0.0,250000.0,10000.0,10000.0,300000.0,Call,1200000.0,1200000.0,,,Pending Review,,1200000.0,10996,91102,7782,,Net,USD,0.0,,2026-06-10
0.0,250000.0,0.0,0.0,10000.0,10000.0,300000.0,Call,5000000.0,5000000.0,,,Pending Review,,5000000.0,10696,93491,7986,,Net,USD,0.0,,2026-06-03
0.0,0.0,0.0,250000.0,10000.0,10000.0,-200000.0,Call,1800000.0,1800000.0,,,Pending Review,,1800000.0,11269,93245,7679,,Net,USD,0.0,,2026-06-10
0.0,250000.0,0.0,0.0,10000.0,10000.0,500000.0,ITM No Calls,2000000.0,2000000.0,,,Pending Review,,2000000.0,10893,98272,7116,,Net,USD,0.0,,2026-06-24
0.0,0.0,0.0,0.0,10000.0,10000.0,-100000.0,ITM No Calls,4400000.0,4400000.0,,,Pending Review,,4400000.0,10545,95725,7974,,Net,USD,0.0,,2026-06-24
0.0,250000.0,0.0,0.0,10000.0,10000.0,300000.0,ITM No Calls,3700000.0,3700000.0,,,Pending Review,,3700000.0,10935,94449,7989,,Net,USD,0.0,,2026-06-17
0.0,0.0,0.0,0.0,10000.0,10000.0,0.0,ITM No Calls,3900000.0,3900000.0,,,No Call Required,,3900000.0,10578,93179,7431,,Net,USD,0.0,,2026-06-24
0.0,250000.0,0.0,250000.0,10000.0,10000.0,300000.0,Call,3000000.0,3000000.0,,,No Call Required,,3000000.0,10842,99917,7968,,Net,USD,0.0,,2026-06-24
0.0,0.0,0.0,0.0,10000.0,10000.0,-100000.0,Call,4000000.0,4000000.0,,,Pending Review,,4000000.0,11359,97726,7490,,Net,USD,0.0,,2026-06-10
0.0,250000.0,0.0,0.0,10000.0,10000.0,-100000.0,ITM No Calls,1200000.0,1200000.0,,,Pending Review,,1200000.0,10266,91108,7705,,Net,USD,0.0,,2026-06-10
0.0,250000.0,0.0,250000.0,10000.0,10000.0,100000.0,Call,3200000.0,3200000.0,,,Pending Review,,3200000.0,10139,90793,7662,,Net,USD,0.0,,2026-06-03
0.0,0.0,0.0,0.0,10000.0,10000.0,400000.0,ITM No Calls,1500000.0,1500000.0,,,Pending Review,,1500000.0,11931,94870,7488,,Net,USD,0.0,,2026-06-24
0.0,0.0,0.0,250000.0,10000.0,10000.0,200000.0,ITM No Calls,3900000.0,3900000.0,,,Pending Review,,3900000.0,11361,99053,7950,,Net,USD,0.0,,2026-07-01
0.0,250000.0,0.0,0.0,10000.0,10000.0,0.0,Call,400000.0,400000.0,,,Pending Review,,400000.0,10028,99313,7457,,Net,USD,0.0,,2026-06-10
0.0,0.0,0.0,0.0,10000.0,10000.0,-100000.0,Recall,4700000.0,4700000.0,,,Pending Review,,4700000.0,11316,95113,7246,,Net,USD,0.0,,2026-06-17
0.0,0.0,0.0,0.0,10000.0,10000.0,-200000.0,ITM No Calls,2500000.0,2500000.0,,,Pending Review,,2500000.0,10531,99349,7952,,Net,USD,0.0,,2026-06-10
0.0,250000.0,0.0,250000.0,10000.0,10000.0,-100000.0,Call,2200000.0,2200000.0,,,No Call Required,,2200000.0,10192,96801,7524,,Net,USD,0.0,,2026-07-01
0.0,250000.0,0.0,0.0,10000.0,10000.0,500000.0,Recall,4000000.0,4000000.0,,,No Call Required,,4000000.0,10636,95971,7561,,Net,USD,0.0,,2026-06-17
0.0,250000.0,0.0,250000.0,10000.0,10000.0,-100000.0,ITM No Calls,1200000.0,1200000.0,,,Pending Review,,1200000.0,10540,94816,7915,,Net,USD,0.0,,2026-06-24
0.0,250000.0,0.0,0.0,10000.0,10000.0,0.0,ITM No Calls,3300000.0,3300000.0,,,Pending Review,,3300000.0,11521,96508,7503,,Net,USD,0.0,,2026-07-01
0.0,0.0,0.0,250000.0,10000.0,10000.0,-100000.0,Recall,1900000.0,1900000.0,,,Pending Review,,1900000.0,10128,98856,7243,,Net,USD,0.0,,2026-06-24
0.0,0.0,0.0,250000.0,10000.0,10000.0,-200000.0,Call,3500000.0,3500000.0,,,No Call Required,,3500000.0,10487,95006,7704,,Net,USD,0.0,,2026-06-17
0.0,250000.0,0.0,0.0,10000.0,10000.0,200000.0,Recall,1600000.0,1600000.0,,,Pending Review,,1600000.0,11595,98086,7279,,Net,USD,,,2026-06-24
0.0,0.0,0.0,0.0,10000.0,10000.0,500000.0,Call,2300000.0,2300000.0,,,No Call Required,,2300000.0,11639,92020,7051,,Net,USD,0.0,,2026-06-10
0.0,250000.0,0.0,0.0,10000.0,10000.0,500000.0,Recall,2600000.0,2600000.0,,,Pending Review,,2600000.0,10724,99075,7796,,Net,USD,0.0,,2026-07-01
0.0,0.0,0.0,0.0,10000.0,10000.0,400000.0,Call,4700000.0,4700000.0,,,No Call Required,,4700000.0,10942,94197,7402,,Net,USD,0.0,,2026-07-01
0.0,250000.0,0.0,0.0,10000.0,10000.0,100000.0,ITM No Calls,3900000.0,3900000.0,,,No Call Required,,3900000.0,11279,91439,7969,,Net,USD,0.0,,2026-06-10
0.0,0.0,0.0,250000.0,10000.0,10000.0,0.0,Call,4800000.0,4800000.0,,,No Call Required,,4800000.0,11388,98986,7389,,Net,USD,0.0,,2026-06-03
0.0,0.0,0.0,0.0,10000.0,10000.0,500000.0,ITM No Calls,2400000.0,2400000.0,,,Pending Review,,2400000.0,10453,96588,7462,,Net,USD,0.0,,2026-06-17
0.0,0.0,0.0,250000.0,10000.0,10000.0,400000.0,ITM No Calls,2100000.0,2100000.0,,,No Call Required,,2100000.0,11895,92400,7598,,Net,USD,0.0,,2026-06-10
0.0,0.0,0.0,250000.0,10000.0,10000.0,0.0,Recall,900000.0,900000.0,,,No Call Required,,900000.0,10215,98784,7468,,Net,USD,0.0,,2026-06-17
0.0,250000.0,0.0,250000.0,10000.0,10000.0,400000.0,ITM No Calls,2400000.0,2400000.0,,,No Call Required,,2400000.0,10533,98682,7099,,Net,USD,0.0,,2026-07-01
0.0,0.0,0.0,0.0,10000.0,10000.0,400000.0,Recall,2500000.0,2500000.0,,,Pending Review,,2500000.0,10634,99735,7698,,Net,USD,0.0,,2026-06-03
0.0,0.0,0.0,250000.0,10000.0,10000.0,-200000.0,Recall,1600000.0,1600000.0,,,No Call Required,,1600000.0,10789,91415,7695,,Net,USD,0.0,,2026-06-17
0.0,250000.0,0.0,250000.0,10000.0,10000.0,400000.0,ITM No Calls,3200000.0,3200000.0,,,No Call Required,,3200000.0,11553,93513,7049,,Net,USD,0.0,,2026-06-10
0.0,250000.0,0.0,0.0,10000.0,10000.0,100000.0,Recall,1300000.0,1300000.0,,,Pending Review,,1300000.0,10690,94576,7871,,Net,USD,0.0,,2026-06-03
0.0,250000.0,0.0,0.0,10000.0,10000.0,0.0,Recall,1700000.0,1700000.0,,,No Call Required,,1700000.0,11135,93334,7401,,Net,USD,0.0,,2026-06-17
0.0,250000.0,0.0,250000.0,10000.0,10000.0,-200000.0,Call,1400000.0,1400000.0,,,No Call Required,,1400000.0,11745,94574,7975,,Net,USD,0.0,,2026-06-10
0.0,0.0,0.0,0.0,10000.0,10000.0,-200000.0,Recall,1200000.0,1200000.0,,,Pending Review,,1200000.0,11848,96792,7365,,Net,USD,0.0,,2026-06-10
0.0,0.0,0.0,250000.0,10000.0,10000.0,200000.0,Recall,300000.0,300000.0,,,No Call Required,,300000.0,11180,96669,7333,,Net,USD,0.0,,2026-07-01
0.0,0.0,0.0,0.0,10000.0,10000.0,100000.0,Recall,1500000.0,1500000.0,,,Pending Review,,1500000.0,10713,96353,7914,,Net,USD,0.0,,2026-06-10
0.0,0.0,0.0,250000.0,10000.0,10000.0,200000.0,Call,3700000.0,3700000.0,,,Pending Review,,3700000.0,11538,98934,7922,,Net,USD,0.0,,2026-06-10
0.0,0.0,0.0,250000.0,10000.0,10000.0,-200000.0,Recall,4800000.0,4800000.0,,,Pending Review,,4800000.0,10070,96776,7820,,Net,USD,0.0,,2026-06-03
0.0,0.0,0.0,0.0,10000.0,10000.0,0.0,Recall,2200000.0,2200000.0,,,No Call Required,,2200000.0,11819,95241,7939,,Net,USD,0.0,,2026-07-01
0.0,0.0,0.0,250000.0,10000.0,10000.0,500000.0,ITM No Calls,2000000.0,2000000.0,,,Pending Review,,2000000.0,11089,99909,7752,,Net,USD,,,2026-06-03
0.0,0.0,0.0,250000.0,10000.0,10000.0,0.0,Call,2900000.0,2900000.0,,,Pending Review,,2900000.0,10299,99441,7684,,Net,USD,0.0,,2026-06-10
0.0,250000.0,0.0,250000.0,10000.0,10000.0,100000.0,Call,4600000.0,4600000.0,,,Pending Review,,4600000.0,10285,90517,7502,,Net,USD,,,2026-07-01
0.0,0.0,0.0,0.0,10000.0,10000.0,400000.0,Call,1300000.0,1300000.0,,,Pending Review,,1300000.0,11478,96966,7669,,Net,USD,0.0,,2026-06-03
0.0,0.0,0.0,250000.0,10000.0,10000.0,100000.0,ITM No Calls,4800000.0,4800000.0,,,No Call Required,,4800000.0,11778,91010,7238,,Net,USD,,,2026-06-03
0.0,250000.0,0.0,250000.0,10000.0,10000.0,400000.0,Recall,4200000.0,4200000.0,,,No Call Required,,4200000.0,11819,94995,7974,,Net,USD,0.0,,2026-07-01
0.0,250000.0,0.0,250000.0,10000.0,10000.0,100000.0,Call,2100000.0,2100000.0,,,No Call Required,,2100000.0,10895,94816,7554,,Net,USD,0.0,,2026-06-17
0.0,0.0,0.0,0.0,10000.0,10000.0,-100000.0,Recall,1700000.0,1700000.0,,,No Call Required,,1700000.0,11528,98013,7707,,Net,USD,0.0,,2026-06-17
0.0,250000.0,0.0,250000.0,10000.0,10000.0,100000.0,ITM No Calls,400000.0,400000.0,,,Pending Review,,400000.0,11055,97295,7389,,Net,USD,0.0,,2026-06-17
0.0,0.0,0.0,250000.0,10000.0,10000.0,500000.0,Call,1000000.0,1000000.0,,,Pending Review,,1000000.0,10357,92976,7931,,Net,USD,,,2026-06-10
0.0,0.0,0.0,0.0,10000.0,10000.0,-200000.0,Call,1400000.0,1400000.0,,,No Call Required,,1400000.0,10485,98996,7875,,Net,USD,0.0,,2026-06-24
0.0,0.0,0.0,0.0,10000.0,10000.0,200000.0,ITM No Calls,2900000.0,2900000.0,,,No Call Required,,2900000.0,11233,94189,7060,,Net,USD,0.0,,2026-06-03
0.0,0.0,0.0,250000.0,10000.0,10000.0,-100000.0,Recall,3800000.0,3800000.0,,,No Call Required,,3800000.0,10183,91005,7984,,Net,USD,0.0,,2026-06-10
0.0,0.0,0.0,0.0,10000.0,10000.0,400000.0,Call,1200000.0,1200000.0,,,No Call Required,,1200000.0,11673,99411,7481,,Net,USD,0.0,,2026-07-01
0.0,250000.0,0.0,250000.0,10000.0,10000.0,400000.0,ITM No Calls,200000.0,200000.0,,,No Call Required,,200000.0,10015,91380,7490,,Net,USD,,,2026-06-17
0.0,0.0,0.0,250000.0,10000.0,10000.0,300000.0,Recall,5000000.0,5000000.0,,,No Call Required,,5000000.0,11350,98279,7307,,Net,USD,0.0,,2026-06-24
0.0,250000.0,0.0,0.0,10000.0,10000.0,-100000.0,Recall,3400000.0,3400000.0,,,No Call Required,,3400000.0,10211,98147,7313,,Net,USD,0.0,,2026-06-24
0.0,250000.0,0.0,250000.0,10000.0,10000.0,-200000.0,Recall,3300000.0,3300000.0,,,Pending Review,,3300000.0,10857,93856,7304,,Net,USD,0.0,,2026-06-17
0.0,0.0,0.0,0.0,10000.0,10000.0,500000.0,Recall,2100000.0,2100000.0,,,No Call Required,,2100000.0,11658,96057,7833,,Net,USD,0.0,,2026-07-01
0.0,250000.0,0.0,0.0,10000.0,10000.0,-200000.0,ITM No Calls,3100000.0,3100000.0,,,No Call Required,,3100000.0,11956,91053,7059,,Net,USD,0.0,,2026-06-10
0.0,0.0,0.0,0.0,10000.0,10000.0,100000.0,Call,200000.0,200000.0,,,Pending Review,,200000.0,11601,90455,7257,,Net,USD,0.0,,2026-06-10
0.0,0.0,0.0,250000.0,10000.0,10000.0,500000.0,Call,4600000.0,4600000.0,,,Pending Review,,4600000.0,11988,95084,7168,,Net,USD,0.0,,2026-06-03
0.0,0.0,0.0,0.0,10000.0,10000.0,200000.0,Call,2300000.0,2300000.0,,,Pending Review,,2300000.0,11163,94322,7139,,Net,USD,0.0,,2026-06-17
0.0,250000.0,0.0,250000.0,10000.0,10000.0,-100000.0,ITM No Calls,500000.0,500000.0,,,No Call Required,,500000.0,11794,93801,7291,,Net,USD,0.0,,2026-07-01
0.0,0.0,0.0,250000.0,10000.0,10000.0,300000.0,Recall,2100000.0,2100000.0,,,Pending Review,,2100000.0,11408,96140,7234,,Net,USD,0.0,,2026-06-24
0.0,0.0,0.0,0.0,10000.0,10000.0,300000.0,ITM No Calls,2400000.0,2400000.0,,,Pending Review,,2400000.0,10835,99901,7997,,Net,USD,,,2026-07-01
0.0,0.0,0.0,250000.0,10000.0,10000.0,400000.0,Call,4200000.0,4200000.0,,,Pending Review,,4200000.0,10264,91311,7947,,Net,USD,0.0,,2026-06-17
0.0,0.0,0.0,250000.0,10000.0,10000.0,-200000.0,Recall,2200000.0,2200000.0,,,Pending Review,,2200000.0,10377,90647,7203,,Net,USD,0.0,,2026-06-03
0.0,250000.0,0.0,250000.0,10000.0,10000.0,-100000.0,Call,1900000.0,1900000.0,,,No Call Required,,1900000.0,11575,96954,7584,,Net,USD,0.0,,2026-06-03
0.0,0.0,0.0,250000.0,10000.0,10000.0,100000.0,Call,600000.0,600000.0,,,Pending Review,,600000.0,10542,92825,7083,,Net,USD,0.0,,2026-06-10
0.0,0.0,0.0,250000.0,10000.0,10000.0,500000.0,Recall,4100000.0,4100000.0,,,Pending Review,,4100000.0,11534,98099,7629,,Net,USD,0.0,,2026-06-17
0.0,250000.0,0.0,0.0,10000.0,10000.0,-100000.0,Recall,3500000.0,3500000.0,,,Pending Review,,3500000.0,11275,99263,7003,,Net,USD,0.0,,2026-06-03
0.0,0.0,0.0,0.0,10000.0,10000.0,400000.0,Call,3200000.0,3200000.0,,,Pending Review,,3200000.0,11082,97807,7267,,Net,USD,0.0,,2026-06-17
0.0,250000.0,0.0,250000.0,10000.0,10000.0,400000.0,ITM No Calls,500000.0,500000.0,,,No Call Required,,500000.0,11601,91739,7887,,Net,USD,0.0,,2026-07-01
0.0,0.0,0.0,0.0,10000.0,10000.0,0.0,Recall,2200000.0,2200000.0,,,Pending Review,,2200000.0,11647,96558,7383,,Net,USD,0.0,,2026-07-01
0.0,0.0,0.0,250000.0,10000.0,10000.0,-100000.0,Recall,4200000.0,4200000.0,,,No Call Required,,4200000.0,11272,98387,7167,,Net,USD,0.0,,2026-07-01
0.0,250000.0,0.0,250000.0,10000.0,10000.0,100000.0,Recall,1600000.0,1600000.0,,,Pending Review,,1600000.0,11532,91292,7973,,Net,USD,0.0,,2026-06-17
0.0,0.0,0.0,250000.0,10000.0,10000.0,-100000.0,Call,3100000.0,3100000.0,,,No Call Required,,3100000.0,11717,92183,7624,,Net,USD,0.0,,2026-06-24
0.0,0.0,0.0,250000.0,10000.0,10000.0,0.0,Recall,2900000.0,2900000.0,,,No Call Required,,2900000.0,11094,93676,7009,,Net,USD,0.0,,2026-06-17
0.0,250000.0,0.0,0.0,10000.0,10000.0,200000.0,Call,900000.0,900000.0,,,Pending Review,,900000.0,11958,98806,7397,,Net,USD,,,2026-06-17
0.0,250000.0,0.0,250000.0,10000.0,10000.0,300000.0,Recall,4300000.0,4300000.0,,,No Call Required,,4300000.0,10461,91530,7360,,Net,USD,0.0,,2026-06-17
0.0,250000.0,0.0,0.0,10000.0,10000.0,0.0,ITM No Calls,1800000.0,1800000.0,,,No Call Required,,1800000.0,11075,94546,7722,,Net,USD,0.0,,2026-07-01
0.0,250000.0,0.0,250000.0,10000.0,10000.0,0.0,ITM No Calls,1400000.0,1400000.0,,,No Call Required,,1400000.0,11823,98435,7960,,Net,USD,0.0,,2026-06-10
0.0,0.0,0.0,250000.0,10000.0,10000.0,500000.0,Recall,2600000.0,2600000.0,,,Pending Review,,2600000.0,10790,92333,7300,,Net,USD,0.0,,2026-06-03
0.0,250000.0,0.0,0.0,10000.0,10000.0,500000.0,Recall,4400000.0,4400000.0,,,No Call Required,,4400000.0,11917,92761,7752,,Net,USD,0.0,,2026-07-01
0.0,0.0,0.0,250000.0,10000.0,10000.0,-100000.0,ITM No Calls,500000.0,500000.0,,,No Call Required,,500000.0,11619,97863,7862,,Net,USD,0.0,,2026-06-03
0.0,0.0,0.0,0.0,10000.0,10000.0,100000.0,Call,4500000.0,4500000.0,,,No Call Required,,4500000.0,10843,97745,7305,,Net,USD,0.0,,2026-06-03
0.0,250000.0,0.0,0.0,10000.0,10000.0,200000.0,Recall,3400000.0,3400000.0,,,Pending Review,,3400000.0,11326,96762,7984,,Net,USD,0.0,,2026-06-24
0.0,250000.0,0.0,250000.0,10000.0,10000.0,400000.0,ITM No Calls,600000.0,600000.0,,,No Call Required,,600000.0,10175,93812,7632,,Net,USD,0.0,,2026-06-10
0.0,0.0,0.0,250000.0,10000.0,10000.0,400000.0,Recall,5000000.0,5000000.0,,,No Call Required,,5000000.0,10139,90721,7811,,Net,USD,0.0,,2026-07-01
0.0,250000.0,0.0,0.0,10000.0,10000.0,200000.0,Recall,4000000.0,4000000.0,,,No Call Required,,4000000.0,11444,90533,7987,,Net,USD,0.0,,2026-06-03
0.0,0.0,0.0,250000.0,10000.0,10000.0,200000.0,Call,1400000.0,1400000.0,,,Pending Review,,1400000.0,10282,96079,7764,,Net,USD,0.0,,2026-07-01
0.0,0.0,0.0,0.0,10000.0,10000.0,0.0,ITM No Calls,2900000.0,2900000.0,,,No Call Required,,2900000.0,10350,97169,7970,,Net,USD,0.0,,2026-06-17
0.0,250000.0,0.0,250000.0,10000.0,10000.0,-200000.0,Recall,1200000.0,1200000.0,,,No Call Required,,1200000.0,10708,91614,7493,,Net,USD,0.0,,2026-07-01
0.0,0.0,0.0,0.0,10000.0,10000.0,100000.0,ITM No Calls,700000.0,700000.0,,,No Call Required,,700000.0,10273,94599,7985,,Net,USD,0.0,,2026-07-01
0.0,0.0,0.0,250000.0,10000.0,10000.0,-100000.0,Call,200000.0,200000.0,,,Pending Review,,200000.0,11257,99350,7389,,Net,USD,,,2026-06-24
0.0,0.0,0.0,0.0,10000.0,10000.0,-200000.0,ITM No Calls,3400000.0,3400000.0,,,Pending Review,,3400000.0,10196,97940,7757,,Net,USD,0.0,,2026-06-17
0.0,250000.0,0.0,250000.0,10000.0,10000.0,200000.0,Call,1600000.0,1600000.0,,,Pending Review,,1600000.0,11050,91104,7802,,Net,USD,0.0,,2026-06-17
0.0,0.0,0.0,0.0,10000.0,10000.0,200000.0,Recall,2400000.0,2400000.0,,,Pending Review,,2400000.0,10443,90096,7593,,Net,USD,,,2026-07-01
0.0,0.0,0.0,0.0,10000.0,10000.0,0.0,ITM No Calls,5000000.0,5000000.0,,,No Call Required,,5000000.0,11321,93389,7545,,Net,USD,0.0,,2026-07-01
0.0,250000.0,0.0,0.0,10000.0,10000.0,-100000.0,Recall,2600000.0,2600000.0,,,No Call Required,,2600000.0,10543,92306,7149,,Net,USD,0.0,,2026-06-03
0.0,250000.0,0.0,0.0,10000.0,10000.0,400000.0,ITM No Calls,0.0,0.0,,,No Call Required,,0.0,10801,94744,7071,,Net,USD,0.0,,2026-06-24
0.0,250000.0,0.0,250000.0,10000.0,10000.0,-100000.0,Recall,2200000.0,2200000.0,,,No Call Required,,2200000.0,11086,93612,7934,,Net,USD,0.0,,2026-06-03
0.0,0.0,0.0,0.0,10000.0,10000.0,0.0,Call,600000.0,600000.0,,,Pending Review,,600000.0,10343,91847,7224,,Net,USD,0.0,,2026-06-10
0.0,250000.0,0.0,250000.0,10000.0,10000.0,0.0,Call,3100000.0,3100000.0,,,No Call Required,,3100000.0,10273,99773,7079,,Net,USD,0.0,,2026-06-03
0.0,0.0,0.0,250000.0,10000.0,10000.0,300000.0,Call,100000.0,100000.0,,,No Call Required,,100000.0,11016,95127,7755,,Net,USD,,,2026-07-01
0.0,250000.0,0.0,250000.0,10000.0,10000.0,-200000.0,Recall,300000.0,300000.0,,,No Call Required,,300000.0,10260,95529,7577,,Net,USD,0.0,,2026-06-24
0.0,250000.0,0.0,0.0,10000.0,10000.0,400000.0,ITM No Calls,2000000.0,2000000.0,,,Pending Review,,2000000.0,11433,93720,7845,,Net,USD,0.0,,2026-06-17
0.0,0.0,0.0,0.0,10000.0,10000.0,500000.0,ITM No Calls,2200000.0,2200000.0,,,No Call Required,,2200000.0,11578,99469,7294,,Net,USD,0.0,,2026-07-01
0.0,0.0,0.0,0.0,10000.0,10000.0,0.0,ITM No Calls,5000000.0,5000000.0,,,Pending Review,,5000000.0,10016,92987,7233,,Net,USD,0.0,,2026-06-24
0.0,0.0,0.0,0.0,10000.0,10000.0,100000.0,Recall,1700000.0,1700000.0,,,Pending Review,,1700000.0,10780,98650,7016,,Net,USD,0.0,,2026-07-01
0.0,250000.0,0.0,250000.0,10000.0,10000.0,200000.0,Recall,800000.0,800000.0,,,Pending Review,,800000.0,10702,92947,7875,,Net,USD,0.0,,2026-06-17
0.0,0.0,0.0,250000.0,10000.0,10000.0,300000.0,Recall,2400000.0,2400000.0,,,No Call Required,,2400000.0,10919,91487,7616,,Net,USD,0.0,,2026-07-01
0.0,250000.0,0.0,0.0,10000.0,10000.0,-100000.0,ITM No Calls,4800000.0,4800000.0,,,Pending Review,,4800000.0,11796,98996,7774,,Net,USD,0.0,,2026-06-17
0.0,250000.0,0.0,0.0,10000.0,10000.0,100000.0,Recall,1800000.0,1800000.0,,,Pending Review,,1800000.0,11770,97484,7808,,Net,USD,0.0,,2026-06-17
0.0,250000.0,0.0,0.0,10000.0,10000.0,400000.0,Recall,4500000.0,4500000.0,,,No Call Required,,4500000.0,10784,93406,7288,,Net,USD,,,2026-06-03
0.0,250000.0,0.0,0.0,10000.0,10000.0,400000.0,Recall,3600000.0,3600000.0,,,No Call Required,,3600000.0,10650,97442,7002,,Net,USD,0.0,,2026-06-10
0.0,0.0,0.0,0.0,10000.0,10000.0,0.0,Call,1200000.0,1200000.0,,,No Call Required,,1200000.0,11617,94901,7864,,Net,USD,0.0,,2026-06-24
0.0,250000.0,0.0,0.0,10000.0,10000.0,100000.0,Recall,4300000.0,4300000.0,,,Pending Review,,4300000.0,11462,93724,7620,,Net,USD,0.0,,2026-07-01
0.0,0.0,0.0,250000.0,10000.0,10000.0,0.0,ITM No Calls,1000000.0,1000000.0,,,Pending Review,,1000000.0,10936,95587,7691,,Net,USD,0.0,,2026-06-10
0.0,0.0,0.0,250000.0,10000.0,10000.0,300000.0,Call,2700000.0,2700000.0,,,Pending Review,,2700000.0,10141,97915,7444,,Net,USD,,,2026-06-24
0.0,0.0,0.0,0.0,10000.0,10000.0,0.0,Recall,3500000.0,3500000.0,,,Pending Review,,3500000.0,11214,94205,7239,,Net,USD,0.0,,2026-06-17
0.0,250000.0,0.0,250000.0,10000.0,10000.0,0.0,ITM No Calls,1300000.0,1300000.0,,,No Call Required,,1300000.0,10449,99599,7832,,Net,USD,0.0,,2026-06-17
0.0,250000.0,0.0,0.0,10000.0,10000.0,-100000.0,Call,300000.0,300000.0,,,Pending Review,,300000.0,11753,98987,7761,,Net,USD,0.0,,2026-07-01
0.0,0.0,0.0,250000.0,10000.0,10000.0,-100000.0,ITM No Calls,4300000.0,4300000.0,,,Pending Review,,4300000.0,10654,95716,7631,,Net,USD,0.0,,2026-06-17
0.0,0.0,0.0,250000.0,10000.0,10000.0,100000.0,Call,400000.0,400000.0,,,Pending Review,,400000.0,11317,94988,7448,,Net,USD,0.0,,2026-06-24
0.0,0.0,0.0,250000.0,10000.0,10000.0,0.0,ITM No Calls,3500000.0,3500000.0,,,No Call Required,,3500000.0,11471,98295,7752,,Net,USD,0.0,,2026-06-03
0.0,0.0,0.0,250000.0,10000.0,10000.0,200000.0,ITM No Calls,4500000.0,4500000.0,,,No Call Required,,4500000.0,10834,93496,7117,,Net,USD,0.0,,2026-06-24
0.0,250000.0,0.0,0.0,10000.0,10000.0,100000.0,Call,4900000.0,4900000.0,,,No Call Required,,4900000.0,10987,91297,7915,,Net,USD,0.0,,2026-06-24
0.0,250000.0,0.0,0.0,10000.0,10000.0,100000.0,Recall,2500000.0,2500000.0,,,Pending Review,,2500000.0,10367,98844,7392,,Net,USD,0.0,,2026-07-01
0.0,0.0,0.0,0.0,10000.0,10000.0,400000.0,Call,4500000.0,4500000.0,,,Pending Review,,4500000.0,11063,96458,7100,,Net,USD,0.0,,2026-06-03
0.0,0.0,0.0,0.0,10000.0,10000.0,500000.0,Recall,500000.0,500000.0,,,No Call Required,,500000.0,10616,99714,7004,,Net,USD,0.0,,2026-06-17
0.0,250000.0,0.0,0.0,10000.0,10000.0,400000.0,ITM No Calls,4900000.0,4900000.0,,,Pending Review,,4900000.0,10832,95584,7376,,Net,USD,0.0,,2026-06-10
0.0,0.0,0.0,0.0,10000.0,10000.0,100000.0,ITM No Calls,400000.0,400000.0,,,No Call Required,,400000.0,11836,91503,7999,,Net,USD,0.0,,2026-06-03
0.0,0.0,0.0,250000.0,10000.0,10000.0,0.0,ITM No Calls,2700000.0,2700000.0,,,Pending Review,,2700000.0,10868,92538,7266,,Net,USD,0.0,,2026-06-24
0.0,0.0,0.0,250000.0,10000.0,10000.0,200000.0,Call,600000.0,600000.0,,,No Call Required,,600000.0,10024,93730,7876,,Net,USD,0.0,,2026-06-03
0.0,250000.0,0.0,250000.0,10000.0,10000.0,500000.0,Call,3900000.0,3900000.0,,,No Call Required,,3900000.0,10416,95166,7477,,Net,USD,0.0,,2026-06-24
0.0,0.0,0.0,0.0,10000.0,10000.0,200000.0,Call,400000.0,400000.0,,,Pending Review,,400000.0,10991,90396,7777,,Net,USD,0.0,,2026-06-10
0.0,250000.0,0.0,250000.0,10000.0,10000.0,0.0,ITM No Calls,4500000.0,4500000.0,,,Pending Review,,4500000.0,11860,91568,7418,,Net,USD,0.0,,2026-06-24
0.0,0.0,0.0,250000.0,10000.0,10000.0,-200000.0,ITM No Calls,1400000.0,1400000.0,,,Pending Review,,1400000.0,10167,92124,7357,,Net,USD,0.0,,2026-07-01
0.0,250000.0,0.0,0.0,10000.0,10000.0,500000.0,ITM No Calls,5000000.0,5000000.0,,,No Call Required,,5000000.0,10818,97794,7165,,Net,USD,0.0,,2026-06-03
0.0,250000.0,0.0,250000.0,10000.0,10000.0,-100000.0,Call,2100000.0,2100000.0,,,Pending Review,,2100000.0,10881,94486,7097,,Net,USD,0.0,,2026-06-24
0.0,250000.0,0.0,0.0,10000.0,10000.0,0.0,Call,1700000.0,1700000.0,,,No Call Required,,1700000.0,10116,95631,7734,,Net,USD,0.0,,2026-07-01
0.0,0.0,0.0,250000.0,10000.0,10000.0,-100000.0,ITM No Calls,5000000.0,5000000.0,,,Pending Review,,5000000.0,11257,99754,7214,,Net,USD,0.0,,2026-07-01
0.0,250000.0,0.0,0.0,10000.0,10000.0,500000.0,ITM No Calls,2400000.0,2400000.0,,,No Call Required,,2400000.0,11983,95626,7820,,Net,USD,0.0,,2026-06-10
0.0,250000.0,0.0,0.0,10000.0,10000.0,100000.0,Recall,2900000.0,2900000.0,,,Pending Review,,2900000.0,11148,94459,7727,,Net,USD,0.0,,2026-06-24
0.0,0.0,0.0,250000.0,10000.0,10000.0,-100000.0,Recall,1000000.0,1000000.0,,,No Call Required,,1000000.0,11489,95751,7896,,Net,USD,,,2026-06-10
0.0,250000.0,0.0,0.0,10000.0,10000.0,500000.0,Recall,2500000.0,2500000.0,,,Pending Review,,2500000.0,11383,97115,7761,,Net,USD,0.0,,2026-06-17
0.0,250000.0,0.0,0.0,10000.0,10000.0,-100000.0,Recall,3800000.0,3800000.0,,,No Call Required,,3800000.0,10278,99632,7804,,Net,USD,0.0,,2026-06-10
0.0,250000.0,0.0,0.0,10000.0,10000.0,-100000.0,Recall,0.0,0.0,,,Pending Review,,0.0,11919,96478,7796,,Net,USD,0.0,,2026-06-24
0.0,0.0,0.0,250000.0,10000.0,10000.0,300000.0,Call,1600000.0,1600000.0,,,No Call Required,,1600000.0,11617,93524,7788,,Net,USD,0.0,,2026-06-10
0.0,250000.0,0.0,250000.0,10000.0,10000.0,400000.0,Call,1100000.0,1100000.0,,,No Call Required,,1100000.0,11240,97751,7479,,Net,USD,0.0,,2026-06-24
0.0,0.0,0.0,250000.0,10000.0,10000.0,400000.0,ITM No Calls,3500000.0,3500000.0,,,No Call Required,,3500000.0,10458,98894,7328,,Net,USD,0.0,,2026-07-01
0.0,250000.0,0.0,250000.0,10000.0,10000.0,-200000.0,ITM No Calls,3000000.0,3000000.0,,,No Call Required,,3000000.0,11622,95498,7128,,Net,USD,0.0,,2026-06-10
0.0,0.0,0.0,0.0,10000.0,10000.0,400000.0,Recall,2500000.0,2500000.0,,,No Call Required,,2500000.0,11150,94559,7824,,Net,USD,0.0,,2026-06-10
0.0,250000.0,0.0,250000.0,10000.0,10000.0,0.0,Recall,1600000.0,1600000.0,,,Pending Review,,1600000.0,11407,97914,7117,,Net,USD,0.0,,2026-06-03
0.0,250000.0,0.0,0.0,10000.0,10000.0,0.0,Call,1400000.0,1400000.0,,,Pending Review,,1400000.0,10891,91572,7344,,Net,USD,0.0,,2026-06-24
0.0,0.0,0.0,0.0,10000.0,10000.0,500000.0,Call,900000.0,900000.0,,,No Call Required,,900000.0,11001,92111,7773,,Net,USD,,,2026-06-24
0.0,250000.0,0.0,250000.0,10000.0,10000.0,100000.0,Recall,3400000.0,3400000.0,,,No Call Required,,3400000.0,10896,95384,7814,,Net,USD,0.0,,2026-06-17
0.0,250000.0,0.0,250000.0,10000.0,10000.0,200000.0,ITM No Calls,4600000.0,4600000.0,,,No Call Required,,4600000.0,11501,91052,7170,,Net,USD,0.0,,2026-06-10
0.0,0.0,0.0,0.0,10000.0,10000.0,400000.0,ITM No Calls,4400000.0,4400000.0,,,No Call Required,,4400000.0,11866,95550,7126,,Net,USD,0.0,,2026-06-03
0.0,250000.0,0.0,0.0,10000.0,10000.0,300000.0,Recall,1300000.0,1300000.0,,,Pending Review,,1300000.0,11556,96590,7725,,Net,USD,0.0,,2026-06-24
0.0,0.0,0.0,250000.0,10000.0,10000.0,300000.0,ITM No Calls,1800000.0,1800000.0,,,Pending Review,,1800000.0,11656,93926,7325,,Net,USD,0.0,,2026-07-01
0.0,0.0,0.0,250000.0,10000.0,10000.0,400000.0,ITM No Calls,2200000.0,2200000.0,,,Pending Review,,2200000.0,11735,91495,7022,,Net,USD,0.0,,2026-07-01
0.0,0.0,0.0,0.0,10000.0,10000.0,300000.0,Recall,2400000.0,2400000.0,,,No Call Required,,2400000.0,11401,93047,7291,,Net,USD,0.0,,2026-06-03
0.0,0.0,0.0,250000.0,10000.0,10000.0,-200000.0,ITM No Calls,900000.0,900000.0,,,Pending Review,,900000.0,10733,94816,7850,,Net,USD,0.0,,2026-06-24
0.0,0.0,0.0,250000.0,10000.0,10000.0,300000.0,Call,800000.0,800000.0,,,No Call Required,,800000.0,11696,99018,7769,,Net,USD,0.0,,2026-07-01
0.0,250000.0,0.0,0.0,10000.0,10000.0,0.0,Recall,2900000.0,2900000.0,,,No Call Required,,2900000.0,10581,92997,7715,,Net,USD,0.0,,2026-06-24
0.0,0.0,0.0,250000.0,10000.0,10000.0,500000.0,Recall,2600000.0,2600000.0,,,Pending Review,,2600000.0,11816,91403,7141,,Net,USD,0.0,,2026-06-17
0.0,0.0,0.0,250000.0,10000.0,10000.0,0.0,Recall,4400000.0,4400000.0,,,Pending Review,,4400000.0,10154,90916,7698,,Net,USD,0.0,,2026-06-03
0.0,0.0,0.0,0.0,10000.0,10000.0,-200000.0,ITM No Calls,600000.0,600000.0,,,No Call Required,,600000.0,11501,93479,7978,,Net,USD,0.0,,2026-06-17
0.0,0.0,0.0,250000.0,10000.0,10000.0,0.0,Recall,900000.0,900000.0,,,No Call Required,,900000.0,11131,97831,7038,,Net,USD,0.0,,2026-06-10
0.0,0.0,0.0,0.0,10000.0,10000.0,100000.0,Call,1900000.0,1900000.0,,,Pending Review,,1900000.0,11223,93793,7066,,Net,USD,0.0,,2026-06-03
0.0,0.0,0.0,250000.0,10000.0,10000.0,300000.0,ITM No Calls,600000.0,600000.0,,,Pending Review,,600000.0,10224,92244,7435,,Net,USD,0.0,,2026-07-01
0.0,250000.0,0.0,0.0,10000.0,10000.0,500000.0,Recall,100000.0,100000.0,,,No Call Required,,100000.0,11821,95166,7958,,Net,USD,0.0,,2026-06-03
0.0,0.0,0.0,250000.0,10000.0,10000.0,500000.0,Call,2700000.0,2700000.0,,,Pending Review,,2700000.0,10586,96419,7034,,Net,USD,0.0,,2026-06-17
0.0,250000.0,0.0,0.0,10000.0,10000.0,200000.0,Call,1800000.0,1800000.0,,,No Call Required,,1800000.0,10327,99559,7076,,Net,USD,0.0,,2026-07-01
0.0,0.0,0.0,0.0,10000.0,10000.0,-100000.0,Call,3800000.0,3800000.0,,,Pending Review,,3800000.0,10497,94996,7753,,Net,USD,0.0,,2026-06-10
0.0,250000.0,0.0,250000.0,10000.0,10000.0,-200000.0,Call,2600000.0,2600000.0,,,No Call Required,,2600000.0,11807,97004,7638,,Net,USD,0.0,,2026-07-01
0.0,0.0,0.0,0.0,10000.0,10000.0,-100000.0,Recall,1300000.0,1300000.0,,,Pending Review,,1300000.0,11816,98314,7700,,Net,USD,,,2026-06-24
0.0,0.0,0.0,250000.0,10000.0,10000.0,300000.0,ITM No Calls,100000.0,100000.0,,,Pending Review,,100000.0,11489,91010,7015,,Net,USD,0.0,,2026-06-03
0.0,250000.0,0.0,0.0,10000.0,10000.0,100000.0,Recall,3700000.0,3700000.0,,,Pending Review,,3700000.0,10618,98143,7167,,Net,USD,0.0,,2026-06-03
0.0,0.0,0.0,250000.0,10000.0,10000.0,400000.0,Recall,4700000.0,4700000.0,,,Pending Review,,4700000.0,11438,94339,7977,,Net,USD,0.0,,2026-06-10
0.0,0.0,0.0,250000.0,10000.0,10000.0,500000.0,Recall,3500000.0,3500000.0,,,No Call Required,,3500000.0,11324,99597,7516,,Net,USD,,,2026-06-03
0.0,0.0,0.0,250000.0,10000.0,10000.0,0.0,Call,3100000.0,3100000.0,,,Pending Review,,3100000.0,10356,94442,7768,,Net,USD,0.0,,2026-06-24
0.0,250000.0,0.0,250000.0,10000.0,10000.0,500000.0,Recall,3600000.0,3600000.0,,,Pending Review,,3600000.0,11257,90736,7316,,Net,USD,0.0,,2026-06-03
0.0,0.0,0.0,0.0,10000.0,10000.0,-100000.0,ITM No Calls,300000.0,300000.0,,,Pending Review,,300000.0,11276,94768,7497,,Net,USD,0.0,,2026-07-01
0.0,250000.0,0.0,0.0,10000.0,10000.0,400000.0,Call,1500000.0,1500000.0,,,Pending Review,,1500000.0,11686,91126,7117,,Net,USD,0.0,,2026-06-10
0.0,250000.0,0.0,250000.0,10000.0,10000.0,200000.0,Recall,4900000.0,4900000.0,,,No Call Required,,4900000.0,10187,98104,7497,,Net,USD,0.0,,2026-07-01
0.0,0.0,0.0,0.0,10000.0,10000.0,300000.0,Recall,2000000.0,2000000.0,,,Pending Review,,2000000.0,11366,92628,7246,,Net,USD,,,2026-06-03
0.0,0.0,0.0,250000.0,10000.0,10000.0,400000.0,Recall,4200000.0,4200000.0,,,No Call Required,,4200000.0,10476,93865,7141,,Net,USD,0.0,,2026-07-01
0.0,0.0,0.0,0.0,10000.0,10000.0,400000.0,ITM No Calls,3400000.0,3400000.0,,,No Call Required,,3400000.0,11719,90132,7817,,Net,USD,,,2026-06-03
0.0,0.0,0.0,0.0,10000.0,10000.0,300000.0,Recall,2600000.0,2600000.0,,,No Call Required,,2600000.0,10672,95505,7959,,Net,USD,0.0,,2026-06-03
0.0,0.0,0.0,0.0,10000.0,10000.0,400000.0,Recall,2100000.0,2100000.0,,,No Call Required,,2100000.0,10380,95533,7197,,Net,USD,0.0,,2026-06-17
0.0,250000.0,0.0,0.0,10000.0,10000.0,500000.0,Call,1400000.0,1400000.0,,,No Call Required,,1400000.0,10200,94133,7593,,Net,USD,0.0,,2026-06-24
0.0,0.0,0.0,0.0,10000.0,10000.0,300000.0,Recall,0.0,0.0,,,No Call Required,,0.0,10481,91540,7750,,Net,USD,0.0,,2026-07-01
0.0,0.0,0.0,250000.0,10000.0,10000.0,200000.0,ITM No Calls,4000000.0,4000000.0,,,No Call Required,,4000000.0,11562,93498,7524,,Net,USD,0.0,,2026-06-24
0.0,250000.0,0.0,0.0,10000.0,10000.0,500000.0,ITM No Calls,2600000.0,2600000.0,,,No Call Required,,2600000.0,11280,90760,7070,,Net,USD,0.0,,2026-06-24
0.0,250000.0,0.0,0.0,10000.0,10000.0,400000.0,Recall,1800000.0,1800000.0,,,No Call Required,,1800000.0,10467,91043,7534,,Net,USD,0.0,,2026-06-03
0.0,250000.0,0.0,0.0,10000.0,10000.0,0.0,Call,4300000.0,4300000.0,,,No Call Required,,4300000.0,10411,90843,7331,,Net,USD,0.0,,2026-06-24
0.0,250000.0,0.0,0.0,10000.0,10000.0,500000.0,ITM No Calls,5000000.0,5000000.0,,,No Call Required,,5000000.0,11636,97405,7727,,Net,USD,0.0,,2026-06-17
0.0,250000.0,0.0,250000.0,10000.0,10000.0,0.0,ITM No Calls,2900000.0,2900000.0,,,No Call Required,,2900000.0,10447,95993,7800,,Net,USD,0.0,,2026-07-01
0.0,0.0,0.0,0.0,10000.0,10000.0,400000.0,Recall,3700000.0,3700000.0,,,No Call Required,,3700000.0,10027,96936,7465,,Net,USD,0.0,,2026-06-24
0.0,250000.0,0.0,0.0,10000.0,10000.0,300000.0,Recall,1300000.0,1300000.0,,,No Call Required,,1300000.0,11052,91685,7399,,Net,USD,0.0,,2026-06-17
0.0,0.0,0.0,0.0,10000.0,10000.0,100000.0,Recall,600000.0,600000.0,,,Pending Review,,600000.0,10585,97047,7486,,Net,USD,0.0,,2026-06-10
0.0,250000.0,0.0,250000.0,10000.0,10000.0,200000.0,ITM No Calls,2400000.0,2400000.0,,,Pending Review,,2400000.0,11356,92315,7312,,Net,USD,,,2026-06-24
0.0,0.0,0.0,0.0,10000.0,10000.0,-200000.0,Recall,200000.0,200000.0,,,No Call Required,,200000.0,11526,98668,7269,,Net,USD,0.0,,2026-07-01
0.0,250000.0,0.0,0.0,10000.0,10000.0,400000.0,Recall,700000.0,700000.0,,,No Call Required,,700000.0,10479,94964,7087,,Net,USD,0.0,,2026-07-01
0.0,250000.0,0.0,0.0,10000.0,10000.0,300000.0,Recall,3600000.0,3600000.0,,,Pending Review,,3600000.0,11145,93923,7702,,Net,USD,0.0,,2026-06-10
0.0,250000.0,0.0,250000.0,10000.0,10000.0,300000.0,Call,2200000.0,2200000.0,,,No Call Required,,2200000.0,10987,93999,7679,,Net,USD,0.0,,2026-06-17
0.0,250000.0,0.0,250000.0,10000.0,10000.0,300000.0,ITM No Calls,3800000.0,3800000.0,,,No Call Required,,3800000.0,11004,94651,7345,,Net,USD,0.0,,2026-06-10
0.0,250000.0,0.0,250000.0,10000.0,10000.0,400000.0,Recall,800000.0,800000.0,,,Pending Review,,800000.0,11978,91849,7195,,Net,USD,0.0,,2026-06-10
0.0,0.0,0.0,0.0,10000.0,10000.0,400000.0,Recall,4300000.0,4300000.0,,,Pending Review,,4300000.0,10716,94518,7862,,Net,USD,,,2026-06-10
0.0,250000.0,0.0,250000.0,10000.0,10000.0,400000.0,Call,4100000.0,4100000.0,,,Pending Review,,4100000.0,11900,99978,7146,,Net,USD,0.0,,2026-07-01
0.0,250000.0,0.0,0.0,10000.0,10000.0,400000.0,Call,4000000.0,4000000.0,,,Pending Review,,4000000.0,11722,91309,7234,,Net,USD,0.0,,2026-06-24
0.0,250000.0,0.0,0.0,10000.0,10000.0,200000.0,Recall,4300000.0,4300000.0,,,Pending Review,,4300000.0,10300,99927,7330,,Net,USD,0.0,,2026-06-24
0.0,0.0,0.0,0.0,10000.0,10000.0,100000.0,Recall,5000000.0,5000000.0,,,No Call Required,,5000000.0,11766,96920,7329,,Net,USD,0.0,,2026-07-01
0.0,250000.0,0.0,250000.0,10000.0,10000.0,200000.0,ITM No Calls,2200000.0,2200000.0,,,Pending Review,,2200000.0,10585,97477,7858,,Net,USD,0.0,,2026-07-01
0.0,250000.0,0.0,250000.0,10000.0,10000.0,0.0,Call,2000000.0,2000000.0,,,Pending Review,,2000000.0,10714,99483,7871,,Net,USD,0.0,,2026-06-10
0.0,250000.0,0.0,250000.0,10000.0,10000.0,100000.0,Recall,3500000.0,3500000.0,,,No Call Required,,3500000.0,10306,94122,7599,,Net,USD,0.0,,2026-06-03
0.0,0.0,0.0,250000.0,10000.0,10000.0,100000.0,ITM No Calls,4500000.0,4500000.0,,,Pending Review,,4500000.0,10907,97020,7584,,Net,USD,0.0,,2026-06-10
0.0,250000.0,0.0,250000.0,10000.0,10000.0,500000.0,ITM No Calls,4600000.0,4600000.0,,,No Call Required,,4600000.0,11369,90741,7794,,Net,USD,0.0,,2026-06-10
0.0,0.0,0.0,0.0,10000.0,10000.0,100000.0,Recall,4900000.0,4900000.0,,,No Call Required,,4900000.0,10057,96300,7924,,Net,USD,0.0,,2026-06-17
0.0,0.0,0.0,0.0,10000.0,10000.0,500000.0,Recall,300000.0,300000.0,,,No Call Required,,300000.0,11014,98183,7053,,Net,USD,0.0,,2026-06-10
0.0,250000.0,0.0,0.0,10000.0,10000.0,100000.0,ITM No Calls,1400000.0,1400000.0,,,Pending Review,,1400000.0,11904,95910,7254,,Net,USD,0.0,,2026-07-01
0.0,0.0,0.0,250000.0,10000.0,10000.0,0.0,Call,200000.0,200000.0,,,No Call Required,,200000.0,11452,90875,7478,,Net,USD,0.0,,2026-07-01
0.0,0.0,0.0,0.0,10000.0,10000.0,-100000.0,Call,2800000.0,2800000.0,,,No Call Required,,2800000.0,11504,98578,7978,,Net,USD,0.0,,2026-06-03
0.0,0.0,0.0,250000.0,10000.0,10000.0,300000.0,Recall,1500000.0,1500000.0,,,No Call Required,,1500000.0,11722,97884,7760,,Net,USD,0.0,,2026-06-10
0.0,250000.0,0.0,0.0,10000.0,10000.0,100000.0,Call,4100000.0,4100000.0,,,No Call Required,,4100000.0,10631,92257,7575,,Net,USD,0.0,,2026-06-03
0.0,0.0,0.0,250000.0,10000.0,10000.0,100000.0,Call,3800000.0,3800000.0,,,No Call Required,,3800000.0,10400,93585,7082,,Net,USD,0.0,,2026-06-03
0.0,0.0,0.0,0.0,10000.0,10000.0,400000.0,Recall,1800000.0,1800000.0,,,Pending Review,,1800000.0,11226,95618,7370,,Net,USD,0.0,,2026-07-01
0.0,250000.0,0.0,250000.0,10000.0,10000.0,300000.0,Call,5000000.0,5000000.0,,,Pending Review,,5000000.0,10436,95333,7197,,Net,USD,0.0,,2026-06-17
0.0,250000.0,0.0,0.0,10000.0,10000.0,-100000.0,Call,1100000.0,1100000.0,,,Pending Review,,1100000.0,11459,93849,7486,,Net,USD,0.0,,2026-06-24
0.0,250000.0,0.0,250000.0,10000.0,10000.0,400000.0,Recall,4700000.0,4700000.0,,,Pending Review,,4700000.0,11394,98924,7512,,Net,USD,0.0,,2026-07-01
0.0,250000.0,0.0,250000.0,10000.0,10000.0,500000.0,ITM No Calls,3400000.0,3400000.0,,,No Call Required,,3400000.0,10957,94757,7546,,Net,USD,0.0,,2026-07-01
0.0,250000.0,0.0,0.0,10000.0,10000.0,0.0,Recall,1000000.0,1000000.0,,,Pending Review,,1000000.0,11010,91319,7919,,Net,USD,0.0,,2026-06-10
0.0,0.0,0.0,0.0,10000.0,10000.0,200000.0,Call,1100000.0,1100000.0,,,Pending Review,,1100000.0,10643,98493,7037,,Net,USD,0.0,,2026-06-03
0.0,250000.0,0.0,250000.0,10000.0,10000.0,-100000.0,Recall,1800000.0,1800000.0,,,Pending Review,,1800000.0,11456,98593,7975,,Net,USD,0.0,,2026-06-10
0.0,0.0,0.0,250000.0,10000.0,10000.0,400000.0,ITM No Calls,0.0,0.0,,,Pending Review,,0.0,11605,98384,7887,,Net,USD,0.0,,2026-06-24
0.0,0.0,0.0,250000.0,10000.0,10000.0,100000.0,Recall,2100000.0,2100000.0,,,Pending Review,,2100000.0,11427,92856,7926,,Net,USD,0.0,,2026-06-17
0.0,0.0,0.0,0.0,10000.0,10000.0,100000.0,Recall,2900000.0,2900000.0,,,Pending Review,,2900000.0,11441,99739,7139,,Net,USD,0.0,,2026-06-10
0.0,0.0,0.0,250000.0,10000.0,10000.0,300000.0,Recall,4800000.0,4800000.0,,,No Call Required,,4800000.0,10058,99998,7022,,Net,USD,0.0,,2026-06-17
0.0,0.0,0.0,0.0,10000.0,10000.0,400000.0,ITM No Calls,500000.0,500000.0,,,Pending Review,,500000.0,10896,92427,7823,,Net,USD,0.0,,2026-07-01
0.0,250000.0,0.0,0.0,10000.0,10000.0,0.0,Call,3600000.0,3600000.0,,,No Call Required,,3600000.0,10480,91983,7554,,Net,USD,0.0,,2026-06-24
0.0,0.0,0.0,0.0,10000.0,10000.0,400000.0,Call,300000.0,300000.0,,,Pending Review,,300000.0,11305,90392,7295,,Net,USD,0.0,,2026-06-03
0.0,0.0,0.0,250000.0,10000.0,10000.0,0.0,Recall,500000.0,500000.0,,,No Call Required,,500000.0,11861,96230,7438,,Net,USD,0.0,,2026-06-03
0.0,0.0,0.0,0.0,10000.0,10000.0,100000.0,Call,2000000.0,2000000.0,,,Pending Review,,2000000.0,11323,91984,7095,,Net,USD,0.0,,2026-06-17
0.0,0.0,0.0,0.0,10000.0,10000.0,-200000.0,ITM No Calls,2800000.0,2800000.0,,,Pending Review,,2800000.0,10480,98756,7475,,Net,USD,0.0,,2026-07-01
0.0,0.0,0.0,0.0,10000.0,10000.0,0.0,Recall,2700000.0,2700000.0,,,Pending Review,,2700000.0,11655,99180,7108,,Net,USD,0.0,,2026-06-24
0.0,0.0,0.0,250000.0,10000.0,10000.0,-100000.0,Recall,1200000.0,1200000.0,,,No Call Required,,1200000.0,11681,93945,7050,,Net,USD,0.0,,2026-06-10
0.0,250000.0,0.0,250000.0,10000.0,10000.0,400000.0,ITM No Calls,1500000.0,1500000.0,,,No Call Required,,1500000.0,11325,92049,7605,,Net,USD,,,2026-06-03
0.0,250000.0,0.0,0.0,10000.0,10000.0,-100000.0,Recall,3600000.0,3600000.0,,,No Call Required,,3600000.0,10976,97524,7177,,Net,USD,0.0,,2026-07-01
0.0,250000.0,0.0,250000.0,10000.0,10000.0,200000.0,Recall,3600000.0,3600000.0,,,Pending Review,,3600000.0,11499,98243,7879,,Net,USD,0.0,,2026-06-17
0.0,250000.0,0.0,250000.0,10000.0,10000.0,100000.0,Call,200000.0,200000.0,,,Pending Review,,200000.0,11883,98686,7137,,Net,USD,0.0,,2026-06-24
0.0,250000.0,0.0,0.0,10000.0,10000.0,400000.0,ITM No Calls,4900000.0,4900000.0,,,Pending Review,,4900000.0,10538,98450,7490,,Net,USD,0.0,,2026-06-24
0.0,250000.0,0.0,0.0,10000.0,10000.0,200000.0,Recall,800000.0,800000.0,,,No Call Required,,800000.0,10778,97975,7289,,Net,USD,0.0,,2026-06-17
0.0,0.0,0.0,250000.0,10000.0,10000.0,300000.0,Call,4400000.0,4400000.0,,,Pending Review,,4400000.0,11566,92974,7137,,Net,USD,0.0,,2026-06-17
0.0,250000.0,0.0,250000.0,10000.0,10000.0,500000.0,Recall,700000.0,700000.0,,,No Call Required,,700000.0,10058,93820,7151,,Net,USD,,,2026-06-24
0.0,250000.0,0.0,250000.0,10000.0,10000.0,400000.0,Call,2400000.0,2400000.0,,,No Call Required,,2400000.0,10338,93286,7631,,Net,USD,0.0,,2026-07-01
0.0,0.0,0.0,0.0,10000.0,10000.0,200000.0,ITM No Calls,1100000.0,1100000.0,,,Pending Review,,1100000.0,10022,95746,7302,,Net,USD,0.0,,2026-07-01
0.0,0.0,0.0,0.0,10000.0,10000.0,-100000.0,Recall,3600000.0,3600000.0,,,Pending Review,,3600000.0,11464,99442,7373,,Net,USD,0.0,,2026-06-24
0.0,250000.0,0.0,250000.0,10000.0,10000.0,100000.0,Recall,2500000.0,2500000.0,,,Pending Review,,2500000.0,10393,93265,7293,,Net,USD,0.0,,2026-07-01
0.0,0.0,0.0,0.0,10000.0,10000.0,-200000.0,Recall,400000.0,400000.0,,,Pending Review,,400000.0,11751,96616,7339,,Net,USD,0.0,,2026-06-24
0.0,250000.0,0.0,250000.0,10000.0,10000.0,200000.0,Call,4700000.0,4700000.0,,,Pending Review,,4700000.0,11626,93646,7102,,Net,USD,0.0,,2026-06-24
0.0,250000.0,0.0,250000.0,10000.0,10000.0,100000.0,ITM No Calls,0.0,0.0,,,Pending Review,,0.0,10797,91968,7073,,Net,USD,0.0,,2026-06-03
0.0,250000.0,0.0,250000.0,10000.0,10000.0,200000.0,Recall,1100000.0,1100000.0,,,Pending Review,,1100000.0,11710,91284,7828,,Net,USD,0.0,,2026-06-17
0.0,0.0,0.0,0.0,10000.0,10000.0,500000.0,Recall,2000000.0,2000000.0,,,No Call Required,,2000000.0,11556,92418,7797,,Net,USD,0.0,,2026-06-24
0.0,0.0,0.0,250000.0,10000.0,10000.0,-200000.0,Call,1800000.0,1800000.0,,,Pending Review,,1800000.0,10360,92723,7115,,Net,USD,0.0,,2026-06-10
0.0,0.0,0.0,250000.0,10000.0,10000.0,0.0,Recall,1400000.0,1400000.0,,,No Call Required,,1400000.0,11949,92036,7727,,Net,USD,0.0,,2026-06-24
0.0,0.0,0.0,250000.0,10000.0,10000.0,400000.0,ITM No Calls,3900000.0,3900000.0,,,Pending Review,,3900000.0,11407,96496,7627,,Net,USD,0.0,,2026-07-01
0.0,250000.0,0.0,0.0,10000.0,10000.0,-200000.0,ITM No Calls,800000.0,800000.0,,,Pending Review,,800000.0,11654,98843,7397,,Net,USD,0.0,,2026-06-17
0.0,250000.0,0.0,0.0,10000.0,10000.0,200000.0,Call,4100000.0,4100000.0,,,No Call Required,,4100000.0,11110,99035,7230,,Net,USD,0.0,,2026-06-24
0.0,0.0,0.0,250000.0,10000.0,10000.0,500000.0,Call,1300000.0,1300000.0,,,No Call Required,,1300000.0,11191,99278,7646,,Net,USD,0.0,,2026-06-10
0.0,250000.0,0.0,250000.0,10000.0,10000.0,100000.0,Call,2200000.0,2200000.0,,,Pending Review,,2200000.0,10802,97697,7340,,Net,USD,0.0,,2026-06-10
0.0,0.0,0.0,0.0,10000.0,10000.0,-100000.0,Call,4100000.0,4100000.0,,,No Call Required,,4100000.0,10360,98437,7023,,Net,USD,,,2026-06-10
0.0,0.0,0.0,0.0,10000.0,10000.0,200000.0,Call,100000.0,100000.0,,,Pending Review,,100000.0,10485,96779,7403,,Net,USD,0.0,,2026-06-24
0.0,0.0,0.0,0.0,10000.0,10000.0,100000.0,Call,2800000.0,2800000.0,,,No Call Required,,2800000.0,11819,96606,7125,,Net,USD,0.0,,2026-07-01
0.0,250000.0,0.0,250000.0,10000.0,10000.0,200000.0,Recall,3000000.0,3000000.0,,,No Call Required,,3000000.0,10149,96405,7598,,Net,USD,0.0,,2026-07-01
0.0,250000.0,0.0,0.0,10000.0,10000.0,100000.0,ITM No Calls,0.0,0.0,,,No Call Required,,0.0,10873,97933,7716,,Net,USD,0.0,,2026-06-17
0.0,0.0,0.0,250000.0,10000.0,10000.0,-100000.0,Recall,2300000.0,2300000.0,,,No Call Required,,2300000.0,11518,99110,7975,,Net,USD,0.0,,2026-06-10
0.0,250000.0,0.0,250000.0,10000.0,10000.0,500000.0,Recall,1500000.0,1500000.0,,,No Call Required,,1500000.0,11474,96843,7357,,Net,USD,0.0,,2026-06-24
0.0,250000.0,0.0,0.0,10000.0,10000.0,200000.0,ITM No Calls,800000.0,800000.0,,,Pending Review,,800000.0,11555,90031,7458,,Net,USD,0.0,,2026-06-03
0.0,0.0,0.0,250000.0,10000.0,10000.0,300000.0,Call,4700000.0,4700000.0,,,No Call Required,,4700000.0,10908,93253,7270,,Net,USD,0.0,,2026-07-01
0.0,250000.0,0.0,0.0,10000.0,10000.0,100000.0,Call,2600000.0,2600000.0,,,Pending Review,,2600000.0,11163,93738,7027,,Net,USD,0.0,,2026-06-17
0.0,0.0,0.0,250000.0,10000.0,10000.0,100000.0,Call,900000.0,900000.0,,,No Call Required,,900000.0,10612,97530,7940,,Net,USD,0.0,,2026-06-10
0.0,0.0,0.0,250000.0,10000.0,10000.0,100000.0,Recall,200000.0,200000.0,,,No Call Required,,200000.0,10209,90172,7785,,Net,USD,0.0,,2026-06-17
0.0,0.0,0.0,250000.0,10000.0,10000.0,300000.0,Call,4600000.0,4600000.0,,,Pending Review,,4600000.0,10103,99998,7449,,Net,USD,0.0,,2026-06-03
0.0,250000.0,0.0,250000.0,10000.0,10000.0,400000.0,Recall,1800000.0,1800000.0,,,No Call Required,,1800000.0,10647,91869,7911,,Net,USD,0.0,,2026-06-03
0.0,250000.0,0.0,250000.0,10000.0,10000.0,-100000.0,Call,1500000.0,1500000.0,,,No Call Required,,1500000.0,10410,93242,7972,,Net,USD,0.0,,2026-06-17
0.0,250000.0,0.0,250000.0,10000.0,10000.0,500000.0,Recall,3200000.0,3200000.0,,,No Call Required,,3200000.0,11307,91325,7941,,Net,USD,0.0,,2026-06-24
0.0,0.0,0.0,0.0,10000.0,10000.0,100000.0,Recall,2700000.0,2700000.0,,,Pending Review,,2700000.0,10517,97077,7234,,Net,USD,0.0,,2026-06-10
0.0,250000.0,0.0,0.0,10000.0,10000.0,400000.0,ITM No Calls,3200000.0,3200000.0,,,Pending Review,,3200000.0,10946,97689,7030,,Net,USD,0.0,,2026-07-01
0.0,0.0,0.0,250000.0,10000.0,10000.0,200000.0,Call,3700000.0,3700000.0,,,No Call Required,,3700000.0,10921,98281,7716,,Net,USD,0.0,,2026-06-17
0.0,0.0,0.0,250000.0,10000.0,10000.0,100000.0,ITM No Calls,1500000.0,1500000.0,,,Pending Review,,1500000.0,10436,94823,7778,,Net,USD,0.0,,2026-06-24
0.0,0.0,0.0,250000.0,10000.0,10000.0,100000.0,Call,4800000.0,4800000.0,,,No Call Required,,4800000.0,11626,97119,7702,,Net,USD,0.0,,2026-06-24
0.0,0.0,0.0,0.0,10000.0,10000.0,0.0,Call,100000.0,100000.0,,,Pending Review,,100000.0,10911,92712,7933,,Net,USD,0.0,,2026-07-01
0.0,0.0,0.0,0.0,10000.0,10000.0,0.0,Recall,3100000.0,3100000.0,,,Pending Review,,3100000.0,11480,93457,7767,,Net,USD,0.0,,2026-06-10
0.0,250000.0,0.0,0.0,10000.0,10000.0,500000.0,ITM No Calls,400000.0,400000.0,,,Pending Review,,400000.0,10038,92728,7134,,Net,USD,0.0,,2026-06-03
0.0,250000.0,0.0,250000.0,10000.0,10000.0,500000.0,Recall,1400000.0,1400000.0,,,No Call Required,,1400000.0,11178,96960,7540,,Net,USD,0.0,,2026-06-10
0.0,0.0,0.0,0.0,10000.0,10000.0,500000.0,Recall,3600000.0,3600000.0,,,Pending Review,,3600000.0,10990,92261,7005,,Net,USD,0.0,,2026-06-10
0.0,250000.0,0.0,0.0,10000.0,10000.0,-100000.0,Call,2600000.0,2600000.0,,,No Call Required,,2600000.0,11881,94014,7538,,Net,USD,,,2026-06-10
0.0,250000.0,0.0,0.0,10000.0,10000.0,300000.0,Call,700000.0,700000.0,,,Pending Review,,700000.0,10764,98305,7715,,Net,USD,,,2026-07-01
0.0,0.0,0.0,0.0,10000.0,10000.0,300000.0,Call,2000000.0,2000000.0,,,Pending Review,,2000000.0,10185,97862,7996,,Net,USD,0.0,,2026-06-10
0.0,0.0,0.0,250000.0,10000.0,10000.0,400000.0,ITM No Calls,1600000.0,1600000.0,,,No Call Required,,1600000.0,10254,92133,7894,,Net,USD,0.0,,2026-06-24
0.0,0.0,0.0,250000.0,10000.0,10000.0,-200000.0,Call,1400000.0,1400000.0,,,No Call Required,,1400000.0,10721,90839,7644,,Net,USD,,,2026-06-17
0.0,0.0,0.0,0.0,10000.0,10000.0,500000.0,Recall,4200000.0,4200000.0,,,No Call Required,,4200000.0,10596,96980,7442,,Net,USD,0.0,,2026-06-24
0.0,250000.0,0.0,250000.0,10000.0,10000.0,100000.0,Recall,2800000.0,2800000.0,,,No Call Required,,2800000.0,10504,91734,7777,,Net,USD,0.0,,2026-07-01
0.0,0.0,0.0,250000.0,10000.0,10000.0,0.0,Recall,1800000.0,1800000.0,,,No Call Required,,1800000.0,10735,91174,7275,,Net,USD,0.0,,2026-07-01
0.0,0.0,0.0,0.0,10000.0,10000.0,0.0,ITM No Calls,4800000.0,4800000.0,,,No Call Required,,4800000.0,11294,90893,7102,,Net,USD,0.0,,2026-06-17
0.0,0.0,0.0,0.0,10000.0,10000.0,-100000.0,Call,4500000.0,4500000.0,,,Pending Review,,4500000.0,10169,97200,7162,,Net,USD,0.0,,2026-07-01
0.0,250000.0,0.0,0.0,10000.0,10000.0,100000.0,Call,200000.0,200000.0,,,Pending Review,,200000.0,10219,98328,7934,,Net,USD,0.0,,2026-06-24
0.0,250000.0,0.0,0.0,10000.0,10000.0,-200000.0,Call,600000.0,600000.0,,,No Call Required,,600000.0,10900,99820,7793,,Net,USD,0.0,,2026-06-03
0.0,250000.0,0.0,0.0,10000.0,10000.0,-200000.0,ITM No Calls,1400000.0,1400000.0,,,No Call Required,,1400000.0,10270,97052,7975,,Net,USD,0.0,,2026-07-01
0.0,0.0,0.0,0.0,10000.0,10000.0,100000.0,Recall,2500000.0,2500000.0,,,Pending Review,,2500000.0,11892,95768,7953,,Net,USD,0.0,,2026-06-03
0.0,0.0,0.0,250000.0,10000.0,10000.0,500000.0,Recall,4900000.0,4900000.0,,,Pending Review,,4900000.0,10666,92890,7421,,Net,USD,0.0,,2026-07-01
0.0,250000.0,0.0,250000.0,10000.0,10000.0,300000.0,ITM No Calls,3100000.0,3100000.0,,,Pending Review,,3100000.0,11513,95276,7304,,Net,USD,0.0,,2026-06-10
0.0,250000.0,0.0,250000.0,10000.0,10000.0,400000.0,Recall,800000.0,800000.0,,,No Call Required,,800000.0,10357,94281,7659,,Net,USD,0.0,,2026-06-10
0.0,250000.0,0.0,0.0,10000.0,10000.0,-100000.0,Recall,1100000.0,1100000.0,,,Pending Review,,1100000.0,11758,97236,7084,,Net,USD,0.0,,2026-07-01
0.0,250000.0,0.0,0.0,10000.0,10000.0,400000.0,Call,2900000.0,2900000.0,,,No Call Required,,2900000.0,11986,90156,7016,,Net,USD,0.0,,2026-06-03
0.0,250000.0,0.0,0.0,10000.0,10000.0,400000.0,ITM No Calls,4800000.0,4800000.0,,,Pending Review,,4800000.0,11828,91242,7682,,Net,USD,,,2026-06-17
0.0,0.0,0.0,250000.0,10000.0,10000.0,-200000.0,ITM No Calls,700000.0,700000.0,,,Pending Review,,700000.0,10167,90481,7052,,Net,USD,0.0,,2026-07-01
0.0,0.0,0.0,0.0,10000.0,10000.0,-200000.0,Call,2100000.0,2100000.0,,,Pending Review,,2100000.0,11024,92324,7833,,Net,USD,0.0,,2026-06-24
0.0,250000.0,0.0,0.0,10000.0,10000.0,300000.0,Recall,1600000.0,1600000.0,,,Pending Review,,1600000.0,10996,91495,7415,,Net,USD,0.0,,2026-06-17
0.0,250000.0,0.0,0.0,10000.0,10000.0,0.0,Call,700000.0,700000.0,,,Pending Review,,700000.0,11358,90808,7586,,Net,USD,0.0,,2026-06-24
0.0,250000.0,0.0,250000.0,10000.0,10000.0,400000.0,Call,0.0,0.0,,,Pending Review,,0.0,10892,96366,7267,,Net,USD,0.0,,2026-06-10
0.0,250000.0,0.0,250000.0,10000.0,10000.0,100000.0,Recall,800000.0,800000.0,,,No Call Required,,800000.0,10968,90952,7474,,Net,USD,0.0,,2026-06-10
0.0,250000.0,0.0,250000.0,10000.0,10000.0,-100000.0,Call,400000.0,400000.0,,,Pending Review,,400000.0,10255,97404,7418,,Net,USD,,,2026-06-17
0.0,0.0,0.0,0.0,10000.0,10000.0,400000.0,Call,3300000.0,3300000.0,,,Pending Review,,3300000.0,11777,93880,7021,,Net,USD,0.0,,2026-07-01
0.0,250000.0,0.0,250000.0,10000.0,10000.0,300000.0,ITM No Calls,2200000.0,2200000.0,,,Pending Review,,2200000.0,11109,99213,7238,,Net,USD,0.0,,2026-06-17
0.0,0.0,0.0,250000.0,10000.0,10000.0,400000.0,Call,3800000.0,3800000.0,,,No Call Required,,3800000.0,11087,99664,7520,,Net,USD,0.0,,2026-06-03
0.0,0.0,0.0,0.0,10000.0,10000.0,100000.0,Recall,3100000.0,3100000.0,,,No Call Required,,3100000.0,10652,95273,7543,,Net,USD,0.0,,2026-06-10
0.0,0.0,0.0,250000.0,10000.0,10000.0,500000.0,Recall,900000.0,900000.0,,,Pending Review,,900000.0,11149,93231,7867,,Net,USD,0.0,,2026-06-10
0.0,0.0,0.0,250000.0,10000.0,10000.0,200000.0,Call,2700000.0,2700000.0,,,Pending Review,,2700000.0,11782,90404,7193,,Net,USD,0.0,,2026-06-10
0.0,250000.0,0.0,250000.0,10000.0,10000.0,0.0,Recall,4800000.0,4800000.0,,,No Call Required,,4800000.0,10486,93200,7294,,Net,USD,0.0,,2026-06-10
0.0,250000.0,0.0,250000.0,10000.0,10000.0,0.0,Call,500000.0,500000.0,,,No Call Required,,500000.0,10514,98102,7191,,Net,USD,0.0,,2026-06-17
0.0,250000.0,0.0,250000.0,10000.0,10000.0,400000.0,Call,1000000.0,1000000.0,,,Pending Review,,1000000.0,11207,94392,7663,,Net,USD,,,2026-06-10
0.0,0.0,0.0,0.0,10000.0,10000.0,300000.0,Call,4600000.0,4600000.0,,,No Call Required,,4600000.0,10532,95674,7773,,Net,USD,,,2026-06-10
0.0,250000.0,0.0,0.0,10000.0,10000.0,500000.0,Recall,4800000.0,4800000.0,,,No Call Required,,4800000.0,11044,90885,7937,,Net,USD,0.0,,2026-06-24
0.0,250000.0,0.0,0.0,10000.0,10000.0,200000.0,Call,500000.0,500000.0,,,No Call Required,,500000.0,10076,92049,7020,,Net,USD,0.0,,2026-06-03
0.0,0.0,0.0,0.0,10000.0,10000.0,-100000.0,Recall,4200000.0,4200000.0,,,Pending Review,,4200000.0,10002,94621,7094,,Net,USD,0.0,,2026-07-01
0.0,0.0,0.0,0.0,10000.0,10000.0,500000.0,Call,4500000.0,4500000.0,,,No Call Required,,4500000.0,11754,92788,7829,,Net,USD,0.0,,2026-07-01
0.0,250000.0,0.0,0.0,10000.0,10000.0,500000.0,Recall,1800000.0,1800000.0,,,Pending Review,,1800000.0,10001,90633,7335,,Net,USD,0.0,,2026-06-24
0.0,0.0,0.0,250000.0,10000.0,10000.0,400000.0,Recall,2000000.0,2000000.0,,,No Call Required,,2000000.0,11056,98351,7915,,Net,USD,0.0,,2026-06-17
0.0,250000.0,0.0,250000.0,10000.0,10000.0,0.0,Recall,600000.0,600000.0,,,Pending Review,,600000.0,11804,93095,7779,,Net,USD,0.0,,2026-07-01
0.0,0.0,0.0,0.0,10000.0,10000.0,-100000.0,Recall,200000.0,200000.0,,,Pending Review,,200000.0,10992,96372,7411,,Net,USD,0.0,,2026-06-03
0.0,250000.0,0.0,250000.0,10000.0,10000.0,100000.0,ITM No Calls,1800000.0,1800000.0,,,Pending Review,,1800000.0,11625,99806,7596,,Net,USD,,,2026-06-03
0.0,250000.0,0.0,0.0,10000.0,10000.0,-200000.0,Recall,3700000.0,3700000.0,,,No Call Required,,3700000.0,10553,90232,7321,,Net,USD,,,2026-06-03
0.0,250000.0,0.0,0.0,10000.0,10000.0,-100000.0,ITM No Calls,1800000.0,1800000.0,,,Pending Review,,1800000.0,11593,94629,7618,,Net,USD,0.0,,2026-06-03
0.0,0.0,0.0,250000.0,10000.0,10000.0,-200000.0,Recall,4900000.0,4900000.0,,,Pending Review,,4900000.0,10236,98537,7039,,Net,USD,0.0,,2026-06-17
0.0,250000.0,0.0,0.0,10000.0,10000.0,0.0,Call,700000.0,700000.0,,,Pending Review,,700000.0,11678,92843,7542,,Net,USD,0.0,,2026-06-17
0.0,250000.0,0.0,0.0,10000.0,10000.0,100000.0,Recall,4900000.0,4900000.0,,,Pending Review,,4900000.0,11912,90592,7263,,Net,USD,0.0,,2026-06-03
0.0,0.0,0.0,0.0,10000.0,10000.0,-100000.0,ITM No Calls,3500000.0,3500000.0,,,No Call Required,,3500000.0,11804,98514,7601,,Net,USD,0.0,,2026-06-10
0.0,250000.0,0.0,0.0,10000.0,10000.0,200000.0,ITM No Calls,0.0,0.0,,,No Call Required,,0.0,10627,92646,7053,,Net,USD,0.0,,2026-06-17
0.0,250000.0,0.0,0.0,10000.0,10000.0,500000.0,Recall,2700000.0,2700000.0,,,Pending Review,,2700000.0,11205,98628,7690,,Net,USD,0.0,,2026-07-01
0.0,250000.0,0.0,250000.0,10000.0,10000.0,0.0,Recall,400000.0,400000.0,,,Pending Review,,400000.0,11593,92069,7110,,Net,USD,0.0,,2026-07-01
0.0,0.0,0.0,250000.0,10000.0,10000.0,400000.0,Call,3500000.0,3500000.0,,,No Call Required,,3500000.0,11935,98682,7830,,Net,USD,0.0,,2026-06-10
0.0,250000.0,0.0,0.0,10000.0,10000.0,400000.0,Call,3100000.0,3100000.0,,,Pending Review,,3100000.0,11728,94173,7791,,Net,USD,0.0,,2026-07-01
0.0,250000.0,0.0,0.0,10000.0,10000.0,0.0,Recall,3000000.0,3000000.0,,,Pending Review,,3000000.0,10390,94341,7757,,Net,USD,,,2026-06-24
0.0,0.0,0.0,0.0,10000.0,10000.0,400000.0,Recall,1500000.0,1500000.0,,,No Call Required,,1500000.0,10214,97784,7983,,Net,USD,0.0,,2026-06-03
0.0,250000.0,0.0,250000.0,10000.0,10000.0,0.0,Recall,2800000.0,2800000.0,,,No Call Required,,2800000.0,11901,95077,7623,,Net,USD,,,2026-06-03
0.0,0.0,0.0,0.0,10000.0,10000.0,300000.0,Call,3400000.0,3400000.0,,,No Call Required,,3400000.0,10632,96499,7424,,Net,USD,0.0,,2026-06-24
0.0,250000.0,0.0,250000.0,10000.0,10000.0,200000.0,Call,3500000.0,3500000.0,,,Pending Review,,3500000.0,11514,95064,7054,,Net,USD,0.0,,2026-07-01
0.0,250000.0,0.0,0.0,10000.0,10000.0,400000.0,Recall,2700000.0,2700000.0,,,No Call Required,,2700000.0,10280,92497,7036,,Net,USD,0.0,,2026-07-01
0.0,250000.0,0.0,0.0,10000.0,10000.0,500000.0,Call,900000.0,900000.0,,,Pending Review,,900000.0,10424,95775,7122,,Net,USD,0.0,,2026-06-17
0.0,0.0,0.0,0.0,10000.0,10000.0,-200000.0,ITM No Calls,1000000.0,1000000.0,,,Pending Review,,1000000.0,11326,97700,7854,,Net,USD,0.0,,2026-06-17
0.0,250000.0,0.0,250000.0,10000.0,10000.0,0.0,Call,2500000.0,2500000.0,,,Pending Review,,2500000.0,10586,97379,7337,,Net,USD,0.0,,2026-06-17
0.0,0.0,0.0,0.0,10000.0,10000.0,100000.0,Call,4100000.0,4100000.0,,,Pending Review,,4100000.0,10212,98886,7008,,Net,USD,0.0,,2026-07-01
0.0,250000.0,0.0,250000.0,10000.0,10000.0,-200000.0,Recall,800000.0,800000.0,,,Pending Review,,800000.0,11603,91790,7791,,Net,USD,0.0,,2026-06-10
0.0,0.0,0.0,0.0,10000.0,10000.0,300000.0,ITM No Calls,300000.0,300000.0,,,No Call Required,,300000.0,11148,94577,7761,,Net,USD,0.0,,2026-06-17
0.0,0.0,0.0,0.0,10000.0,10000.0,500000.0,Call,4100000.0,4100000.0,,,Pending Review,,4100000.0,11320,95759,7631,,Net,USD,0.0,,2026-06-24
0.0,0.0,0.0,0.0,10000.0,10000.0,400000.0,ITM No Calls,800000.0,800000.0,,,Pending Review,,800000.0,11873,91653,7294,,Net,USD,0.0,,2026-06-10
0.0,250000.0,0.0,0.0,10000.0,10000.0,0.0,Recall,4900000.0,4900000.0,,,No Call Required,,4900000.0,11851,93752,7323,,Net,USD,0.0,,2026-06-03
0.0,250000.0,0.0,0.0,10000.0,10000.0,200000.0,Call,600000.0,600000.0,,,No Call Required,,600000.0,10778,90642,7631,,Net,USD,,,2026-06-17
0.0,0.0,0.0,250000.0,10000.0,10000.0,500000.0,Call,2900000.0,2900000.0,,,Pending Review,,2900000.0,11150,93820,7277,,Net,USD,0.0,,2026-07-01
0.0,250000.0,0.0,0.0,10000.0,10000.0,300000.0,ITM No Calls,3800000.0,3800000.0,,,Pending Review,,3800000.0,11444,93354,7784,,Net,USD,0.0,,2026-06-10
0.0,0.0,0.0,250000.0,10000.0,10000.0,400000.0,Call,2900000.0,2900000.0,,,No Call Required,,2900000.0,11979,91900,7637,,Net,USD,0.0,,2026-06-10
0.0,0.0,0.0,0.0,10000.0,10000.0,300000.0,ITM No Calls,500000.0,500000.0,,,No Call Required,,500000.0,11956,97417,7017,,Net,USD,0.0,,2026-06-24
0.0,0.0,0.0,250000.0,10000.0,10000.0,0.0,Call,3000000.0,3000000.0,,,No Call Required,,3000000.0,11485,94638,7059,,Net,USD,0.0,,2026-07-01
0.0,250000.0,0.0,0.0,10000.0,10000.0,0.0,Call,3100000.0,3100000.0,,,No Call Required,,3100000.0,10928,90425,7354,,Net,USD,0.0,,2026-06-17
0.0,0.0,0.0,0.0,10000.0,10000.0,300000.0,ITM No Calls,1900000.0,1900000.0,,,Pending Review,,1900000.0,11378,96260,7132,,Net,USD,0.0,,2026-06-03
0.0,0.0,0.0,250000.0,10000.0,10000.0,200000.0,Recall,2900000.0,2900000.0,,,No Call Required,,2900000.0,11132,93481,7173,,Net,USD,0.0,,2026-06-03
0.0,250000.0,0.0,250000.0,10000.0,10000.0,400000.0,Call,1000000.0,1000000.0,,,Pending Review,,1000000.0,10094,97101,7931,,Net,USD,0.0,,2026-07-01
0.0,0.0,0.0,0.0,10000.0,10000.0,500000.0,Call,1900000.0,1900000.0,,,No Call Required,,1900000.0,11901,97766,7048,,Net,USD,0.0,,2026-06-24
0.0,250000.0,0.0,0.0,10000.0,10000.0,-100000.0,Recall,2500000.0,2500000.0,,,No Call Required,,2500000.0,11766,93815,7408,,Net,USD,0.0,,2026-07-01
0.0,250000.0,0.0,0.0,10000.0,10000.0,-200000.0,Call,1400000.0,1400000.0,,,Pending Review,,1400000.0,10817,97120,7064,,Net,USD,0.0,,2026-06-10
0.0,250000.0,0.0,250000.0,10000.0,10000.0,400000.0,Call,2100000.0,2100000.0,,,Pending Review,,2100000.0,11453,99087,7294,,Net,USD,0.0,,2026-07-01
0.0,0.0,0.0,0.0,10000.0,10000.0,100000.0,Recall,4500000.0,4500000.0,,,Pending Review,,4500000.0,10934,91739,7484,,Net,USD,0.0,,2026-06-03
0.0,0.0,0.0,250000.0,10000.0,10000.0,-100000.0,Recall,4800000.0,4800000.0,,,Pending Review,,4800000.0,11209,93024,7009,,Net,USD,0.0,,2026-06-24
0.0,250000.0,0.0,0.0,10000.0,10000.0,-200000.0,ITM No Calls,900000.0,900000.0,,,Pending Review,,900000.0,10395,90018,7927,,Net,USD,0.0,,2026-06-10
0.0,250000.0,0.0,0.0,10000.0,10000.0,200000.0,ITM No Calls,4300000.0,4300000.0,,,Pending Review,,4300000.0,11371,92152,7913,,Net,USD,0.0,,2026-07-01
0.0,0.0,0.0,0.0,10000.0,10000.0,400000.0,ITM No Calls,4600000.0,4600000.0,,,No Call Required,,4600000.0,11133,97726,7696,,Net,USD,0.0,,2026-06-24
0.0,250000.0,0.0,0.0,10000.0,10000.0,0.0,ITM No Calls,2400000.0,2400000.0,,,No Call Required,,2400000.0,11544,97101,7761,,Net,USD,0.0,,2026-06-03
0.0,0.0,0.0,0.0,10000.0,10000.0,0.0,Call,900000.0,900000.0,,,No Call Required,,900000.0,10522,94646,7333,,Net,USD,0.0,,2026-06-24
0.0,250000.0,0.0,0.0,10000.0,10000.0,500000.0,Call,2000000.0,2000000.0,,,Pending Review,,2000000.0,11698,95377,7509,,Net,USD,0.0,,2026-06-10
0.0,250000.0,0.0,250000.0,10000.0,10000.0,-100000.0,Recall,3200000.0,3200000.0,,,No Call Required,,3200000.0,10226,97829,7472,,Net,USD,0.0,,2026-06-24
0.0,250000.0,0.0,250000.0,10000.0,10000.0,500000.0,Recall,3300000.0,3300000.0,,,No Call Required,,3300000.0,11363,95479,7683,,Net,USD,0.0,,2026-06-10
0.0,250000.0,0.0,250000.0,10000.0,10000.0,200000.0,Call,1400000.0,1400000.0,,,Pending Review,,1400000.0,10685,95456,7359,,Net,USD,0.0,,2026-06-17
0.0,0.0,0.0,0.0,10000.0,10000.0,0.0,Recall,2000000.0,2000000.0,,,No Call Required,,2000000.0,11400,93946,7929,,Net,USD,0.0,,2026-07-01
0.0,0.0,0.0,250000.0,10000.0,10000.0,300000.0,Recall,1700000.0,1700000.0,,,No Call Required,,1700000.0,10242,99968,7540,,Net,USD,0.0,,2026-06-24
0.0,250000.0,0.0,0.0,10000.0,10000.0,200000.0,Call,2700000.0,2700000.0,,,Pending Review,,2700000.0,10526,97384,7712,,Net,USD,0.0,,2026-06-24
0.0,0.0,0.0,250000.0,10000.0,10000.0,200000.0,ITM No Calls,300000.0,300000.0,,,Pending Review,,300000.0,11247,93102,7718,,Net,USD,0.0,,2026-06-24
0.0,250000.0,0.0,0.0,10000.0,10000.0,500000.0,Recall,1900000.0,1900000.0,,,No Call Required,,1900000.0,10884,92582,7922,,Net,USD,0.0,,2026-07-01
0.0,250000.0,0.0,0.0,10000.0,10000.0,300000.0,ITM No Calls,700000.0,700000.0,,,No Call Required,,700000.0,11832,99571,7512,,Net,USD,0.0,,2026-06-24
0.0,0.0,0.0,0.0,10000.0,10000.0,400000.0,ITM No Calls,1800000.0,1800000.0,,,Pending Review,,1800000.0,10831,91930,7485,,Net,USD,0.0,,2026-06-24
0.0,0.0,0.0,0.0,10000.0,10000.0,0.0,Recall,2800000.0,2800000.0,,,No Call Required,,2800000.0,10109,98813,7165,,Net,USD,0.0,,2026-06-10
0.0,250000.0,0.0,250000.0,10000.0,10000.0,200000.0,ITM No Calls,1500000.0,1500000.0,,,No Call Required,,1500000.0,10464,92146,7554,,Net,USD,0.0,,2026-07-01
0.0,250000.0,0.0,0.0,10000.0,10000.0,100000.0,Call,1100000.0,1100000.0,,,No Call Required,,1100000.0,11240,97685,7641,,Net,USD,,,2026-06-10
0.0,0.0,0.0,250000.0,10000.0,10000.0,400000.0,Call,3200000.0,3200000.0,,,Pending Review,,3200000.0,11883,98858,7019,,Net,USD,0.0,,2026-07-01
0.0,250000.0,0.0,250000.0,10000.0,10000.0,400000.0,ITM No Calls,3000000.0,3000000.0,,,Pending Review,,3000000.0,11535,98975,7888,,Net,USD,0.0,,2026-06-10
0.0,0.0,0.0,0.0,10000.0,10000.0,-200000.0,ITM No Calls,1600000.0,1600000.0,,,No Call Required,,1600000.0,10109,92275,7821,,Net,USD,0.0,,2026-06-03
0.0,250000.0,0.0,250000.0,10000.0,10000.0,0.0,Recall,1300000.0,1300000.0,,,Pending Review,,1300000.0,10000,90054,7627,,Net,USD,0.0,,2026-06-17
0.0,250000.0,0.0,0.0,10000.0,10000.0,200000.0,Call,2200000.0,2200000.0,,,Pending Review,,2200000.0,11186,99780,7220,,Net,USD,0.0,,2026-06-10
0.0,0.0,0.0,0.0,10000.0,10000.0,0.0,ITM No Calls,3900000.0,3900000.0,,,No Call Required,,3900000.0,11365,91609,7848,,Net,USD,0.0,,2026-06-24
0.0,0.0,0.0,250000.0,10000.0,10000.0,-200000.0,ITM No Calls,4300000.0,4300000.0,,,Pending Review,,4300000.0,10749,90525,7065,,Net,USD,0.0,,2026-06-03
0.0,250000.0,0.0,0.0,10000.0,10000.0,200000.0,Call,1100000.0,1100000.0,,,No Call Required,,1100000.0,10577,94310,7626,,Net,USD,0.0,,2026-07-01
0.0,250000.0,0.0,0.0,10000.0,10000.0,0.0,ITM No Calls,3900000.0,3900000.0,,,No Call Required,,3900000.0,10005,97745,7365,,Net,USD,0.0,,2026-06-24
0.0,0.0,0.0,0.0,10000.0,10000.0,500000.0,ITM No Calls,3500000.0,3500000.0,,,No Call Required,,3500000.0,10883,94962,7103,,Net,USD,0.0,,2026-06-10
0.0,250000.0,0.0,250000.0,10000.0,10000.0,400000.0,Recall,1000000.0,1000000.0,,,Pending Review,,1000000.0,11003,94188,7996,,Net,USD,0.0,,2026-06-10
0.0,0.0,0.0,250000.0,10000.0,10000.0,100000.0,ITM No Calls,4700000.0,4700000.0,,,Pending Review,,4700000.0,10398,96449,7276,,Net,USD,0.0,,2026-06-03
0.0,0.0,0.0,0.0,10000.0,10000.0,500000.0,ITM No Calls,1000000.0,1000000.0,,,No Call Required,,1000000.0,11036,99757,7220,,Net,USD,,,2026-06-24
0.0,0.0,0.0,250000.0,10000.0,10000.0,0.0,Call,4900000.0,4900000.0,,,Pending Review,,4900000.0,10903,95838,7436,,Net,USD,0.0,,2026-06-10
0.0,0.0,0.0,250000.0,10000.0,10000.0,500000.0,ITM No Calls,300000.0,300000.0,,,Pending Review,,300000.0,10845,90261,7463,,Net,USD,0.0,,2026-06-03
0.0,0.0,0.0,250000.0,10000.0,10000.0,-200000.0,Recall,1700000.0,1700000.0,,,No Call Required,,1700000.0,11710,97685,7367,,Net,USD,0.0,,2026-06-10
0.0,250000.0,0.0,0.0,10000.0,10000.0,500000.0,Recall,2500000.0,2500000.0,,,No Call Required,,2500000.0,10826,93563,7337,,Net,USD,,,2026-06-17
0.0,0.0,0.0,250000.0,10000.0,10000.0,-200000.0,Recall,3900000.0,3900000.0,,,Pending Review,,3900000.0,10081,99161,7088,,Net,USD,0.0,,2026-06-24
0.0,0.0,0.0,0.0,10000.0,10000.0,-100000.0,Recall,4700000.0,4700000.0,,,Pending Review,,4700000.0,10564,94986,7438,,Net,USD,0.0,,2026-06-03
0.0,0.0,0.0,0.0,10000.0,10000.0,100000.0,Call,1000000.0,1000000.0,,,Pending Review,,1000000.0,10841,99991,7478,,Net,USD,0.0,,2026-06-10
0.0,250000.0,0.0,250000.0,10000.0,10000.0,300000.0,ITM No Calls,3800000.0,3800000.0,,,Pending Review,,3800000.0,11673,97097,7410,,Net,USD,0.0,,2026-06-10
0.0,0.0,0.0,0.0,10000.0,10000.0,500000.0,Call,2500000.0,2500000.0,,,No Call Required,,2500000.0,10042,95191,7572,,Net,USD,0.0,,2026-06-10
0.0,0.0,0.0,0.0,10000.0,10000.0,300000.0,ITM No Calls,200000.0,200000.0,,,Pending Review,,200000.0,10221,90314,7965,,Net,USD,0.0,,2026-06-17
0.0,0.0,0.0,250000.0,10000.0,10000.0,200000.0,Call,4700000.0,4700000.0,,,Pending Review,,4700000.0,11115,94474,7500,,Net,USD,0.0,,2026-06-03
0.0,0.0,0.0,250000.0,10000.0,10000.0,-200000.0,ITM No Calls,4400000.0,4400000.0,,,Pending Review,,4400000.0,10177,94764,7964,,Net,USD,,,2026-06-03
0.0,250000.0,0.0,0.0,10000.0,10000.0,300000.0,Recall,1100000.0,1100000.0,,,No Call Required,,1100000.0,11048,92532,7538,,Net,USD,0.0,,2026-06-10
0.0,0.0,0.0,0.0,10000.0,10000.0,-200000.0,ITM No Calls,2700000.0,2700000.0,,,No Call Required,,2700000.0,10386,95679,7687,,Net,USD,0.0,,2026-06-10
0.0,0.0,0.0,250000.0,10000.0,10000.0,300000.0,Call,2100000.0,2100000.0,,,No Call Required,,2100000.0,11946,97695,7961,,Net,USD,0.0,,2026-06-10
0.0,0.0,0.0,0.0,10000.0,10000.0,100000.0,Call,2300000.0,2300000.0,,,Pending Review,,2300000.0,10512,90163,7770,,Net,USD,0.0,,2026-06-17
0.0,0.0,0.0,0.0,10000.0,10000.0,300000.0,Recall,900000.0,900000.0,,,Pending Review,,900000.0,11503,92408,7886,,Net,USD,0.0,,2026-07-01
0.0,250000.0,0.0,250000.0,10000.0,10000.0,0.0,Call,3100000.0,3100000.0,,,No Call Required,,3100000.0,10648,91140,7669,,Net,USD,0.0,,2026-06-03
0.0,0.0,0.0,250000.0,10000.0,10000.0,300000.0,Recall,600000.0,600000.0,,,No Call Required,,600000.0,11513,99883,7523,,Net,USD,0.0,,2026-06-17
0.0,0.0,0.0,250000.0,10000.0,10000.0,-100000.0,Recall,700000.0,700000.0,,,No Call Required,,700000.0,11522,98185,7745,,Net,USD,0.0,,2026-06-10
0.0,250000.0,0.0,0.0,10000.0,10000.0,300000.0,Call,600000.0,600000.0,,,No Call Required,,600000.0,11227,95730,7756,,Net,USD,0.0,,2026-06-03
0.0,250000.0,0.0,250000.0,10000.0,10000.0,400000.0,Recall,1800000.0,1800000.0,,,No Call Required,,1800000.0,11103,95418,7201,,Net,USD,0.0,,2026-06-17
0.0,0.0,0.0,0.0,10000.0,10000.0,-100000.0,ITM No Calls,4100000.0,4100000.0,,,No Call Required,,4100000.0,11447,96011,7779,,Net,USD,0.0,,2026-06-24
0.0,250000.0,0.0,250000.0,10000.0,10000.0,200000.0,ITM No Calls,2900000.0,2900000.0,,,No Call Required,,2900000.0,11598,95886,7832,,Net,USD,0.0,,2026-06-17
0.0,250000.0,0.0,250000.0,10000.0,10000.0,200000.0,Call,1200000.0,1200000.0,,,Pending Review,,1200000.0,10417,94773,7042,,Net,USD,0.0,,2026-06-10
0.0,250000.0,0.0,0.0,10000.0,10000.0,400000.0,Call,4700000.0,4700000.0,,,No Call Required,,4700000.0,10469,94802,7470,,Net,USD,0.0,,2026-07-01
0.0,0.0,0.0,250000.0,10000.0,10000.0,400000.0,ITM No Calls,300000.0,300000.0,,,No Call Required,,300000.0,11076,91561,7457,,Net,USD,0.0,,2026-06-03
0.0,0.0,0.0,250000.0,10000.0,10000.0,500000.0,Call,3800000.0,3800000.0,,,No Call Required,,3800000.0,11097,96500,7043,,Net,USD,0.0,,2026-07-01
0.0,250000.0,0.0,0.0,10000.0,10000.0,400000.0,Recall,2100000.0,2100000.0,,,Pending Review,,2100000.0,11966,90728,7622,,Net,USD,0.0,,2026-06-03
0.0,250000.0,0.0,0.0,10000.0,10000.0,500000.0,Recall,3500000.0,3500000.0,,,No Call Required,,3500000.0,10855,93325,7005,,Net,USD,0.0,,2026-06-03
0.0,250000.0,0.0,0.0,10000.0,10000.0,0.0,Call,2800000.0,2800000.0,,,Pending Review,,2800000.0,10822,91729,7605,,Net,USD,0.0,,2026-07-01
0.0,250000.0,0.0,0.0,10000.0,10000.0,-100000.0,Recall,2300000.0,2300000.0,,,Pending Review,,2300000.0,11944,96830,7369,,Net,USD,0.0,,2026-07-01
0.0,0.0,0.0,250000.0,10000.0,10000.0,500000.0,Call,700000.0,700000.0,,,No Call Required,,700000.0,11763,97907,7416,,Net,USD,0.0,,2026-06-24
0.0,0.0,0.0,250000.0,10000.0,10000.0,-200000.0,ITM No Calls,1100000.0,1100000.0,,,No Call Required,,1100000.0,11783,94113,7374,,Net,USD,0.0,,2026-06-10
0.0,250000.0,0.0,0.0,10000.0,10000.0,-200000.0,Recall,700000.0,700000.0,,,Pending Review,,700000.0,10314,91299,7959,,Net,USD,0.0,,2026-06-03
0.0,0.0,0.0,0.0,10000.0,10000.0,100000.0,Recall,4300000.0,4300000.0,,,Pending Review,,4300000.0,10075,95341,7929,,Net,USD,0.0,,2026-06-17
0.0,0.0,0.0,0.0,10000.0,10000.0,200000.0,Recall,5000000.0,5000000.0,,,No Call Required,,5000000.0,11537,97647,7932,,Net,USD,0.0,,2026-07-01
0.0,250000.0,0.0,250000.0,10000.0,10000.0,400000.0,Call,4400000.0,4400000.0,,,Pending Review,,4400000.0,10295,91784,7840,,Net,USD,0.0,,2026-06-10
0.0,250000.0,0.0,0.0,10000.0,10000.0,200000.0,Recall,800000.0,800000.0,,,Pending Review,,800000.0,11346,90156,7962,,Net,USD,0.0,,2026-07-01
0.0,0.0,0.0,0.0,10000.0,10000.0,200000.0,ITM No Calls,100000.0,100000.0,,,Pending Review,,100000.0,10190,93774,7080,,Net,USD,0.0,,2026-06-10
0.0,250000.0,0.0,0.0,10000.0,10000.0,200000.0,Recall,1300000.0,1300000.0,,,No Call Required,,1300000.0,11589,92631,7471,,Net,USD,0.0,,2026-06-24
0.0,0.0,0.0,250000.0,10000.0,10000.0,400000.0,ITM No Calls,1300000.0,1300000.0,,,No Call Required,,1300000.0,11171,93010,7144,,Net,USD,0.0,,2026-06-10
0.0,0.0,0.0,250000.0,10000.0,10000.0,500000.0,ITM No Calls,4000000.0,4000000.0,,,Pending Review,,4000000.0,10814,97361,7157,,Net,USD,,,2026-06-17
0.0,250000.0,0.0,250000.0,10000.0,10000.0,-200000.0,ITM No Calls,4600000.0,4600000.0,,,No Call Required,,4600000.0,10379,94602,7390,,Net,USD,0.0,,2026-06-17
0.0,250000.0,0.0,0.0,10000.0,10000.0,300000.0,ITM No Calls,4500000.0,4500000.0,,,No Call Required,,4500000.0,11689,98290,7864,,Net,USD,0.0,,2026-06-10
0.0,0.0,0.0,250000.0,10000.0,10000.0,300000.0,Recall,1400000.0,1400000.0,,,No Call Required,,1400000.0,10509,90097,7648,,Net,USD,0.0,,2026-06-03
0.0,250000.0,0.0,250000.0,10000.0,10000.0,300000.0,Call,4000000.0,4000000.0,,,No Call Required,,4000000.0,10574,97322,7033,,Net,USD,0.0,,2026-06-10
0.0,250000.0,0.0,0.0,10000.0,10000.0,300000.0,Call,4900000.0,4900000.0,,,No Call Required,,4900000.0,11780,93785,7268,,Net,USD,0.0,,2026-06-03
0.0,0.0,0.0,0.0,10000.0,10000.0,100000.0,ITM No Calls,3900000.0,3900000.0,,,No Call Required,,3900000.0,11132,94500,7118,,Net,USD,0.0,,2026-06-17
0.0,250000.0,0.0,250000.0,10000.0,10000.0,100000.0,Call,3400000.0,3400000.0,,,Pending Review,,3400000.0,10067,91034,7590,,Net,USD,0.0,,2026-06-10
0.0,0.0,0.0,250000.0,10000.0,10000.0,200000.0,Recall,3400000.0,3400000.0,,,Pending Review,,3400000.0,11979,97373,7792,,Net,USD,0.0,,2026-06-24
0.0,0.0,0.0,0.0,10000.0,10000.0,-200000.0,Recall,1200000.0,1200000.0,,,Pending Review,,1200000.0,11696,99698,7098,,Net,USD,0.0,,2026-06-17
0.0,0.0,0.0,250000.0,10000.0,10000.0,300000.0,Recall,2500000.0,2500000.0,,,No Call Required,,2500000.0,10859,99269,7863,,Net,USD,0.0,,2026-06-10
0.0,0.0,0.0,250000.0,10000.0,10000.0,400000.0,ITM No Calls,1900000.0,1900000.0,,,Pending Review,,1900000.0,11165,94217,7293,,Net,USD,0.0,,2026-07-01
0.0,250000.0,0.0,250000.0,10000.0,10000.0,100000.0,ITM No Calls,1400000.0,1400000.0,,,No Call Required,,1400000.0,11894,97099,7776,,Net,USD,0.0,,2026-06-24
0.0,250000.0,0.0,250000.0,10000.0,10000.0,400000.0,Recall,3200000.0,3200000.0,,,Pending Review,,3200000.0,11472,90582,7196,,Net,USD,0.0,,2026-06-24
0.0,0.0,0.0,250000.0,10000.0,10000.0,300000.0,Call,2500000.0,2500000.0,,,No Call Required,,2500000.0,10568,97962,7539,,Net,USD,0.0,,2026-06-17
0.0,0.0,0.0,0.0,10000.0,10000.0,200000.0,Recall,2300000.0,2300000.0,,,Pending Review,,2300000.0,10954,97045,7255,,Net,USD,0.0,,2026-06-03
0.0,250000.0,0.0,0.0,10000.0,10000.0,500000.0,ITM No Calls,3400000.0,3400000.0,,,No Call Required,,3400000.0,11531,97365,7127,,Net,USD,0.0,,2026-06-10
0.0,250000.0,0.0,250000.0,10000.0,10000.0,0.0,Call,2800000.0,2800000.0,,,No Call Required,,2800000.0,10010,95643,7456,,Net,USD,0.0,,2026-07-01
0.0,250000.0,0.0,250000.0,10000.0,10000.0,500000.0,Call,4200000.0,4200000.0,,,No Call Required,,4200000.0,11820,90203,7614,,Net,USD,0.0,,2026-06-24
0.0,0.0,0.0,250000.0,10000.0,10000.0,0.0,Recall,2300000.0,2300000.0,,,Pending Review,,2300000.0,10344,94046,7783,,Net,USD,0.0,,2026-06-10
0.0,250000.0,0.0,0.0,10000.0,10000.0,300000.0,ITM No Calls,4700000.0,4700000.0,,,Pending Review,,4700000.0,11633,90637,7223,,Net,USD,0.0,,2026-06-03
0.0,0.0,0.0,0.0,10000.0,10000.0,300000.0,Recall,1700000.0,1700000.0,,,Pending Review,,1700000.0,11306,99212,7315,,Net,USD,0.0,,2026-06-24
0.0,0.0,0.0,0.0,10000.0,10000.0,300000.0,Call,1500000.0,1500000.0,,,Pending Review,,1500000.0,10822,93152,7106,,Net,USD,0.0,,2026-06-17
0.0,250000.0,0.0,0.0,10000.0,10000.0,0.0,ITM No Calls,2600000.0,2600000.0,,,Pending Review,,2600000.0,11896,99966,7286,,Net,USD,0.0,,2026-06-03
0.0,0.0,0.0,250000.0,10000.0,10000.0,200000.0,Call,3200000.0,3200000.0,,,Pending Review,,3200000.0,10260,91231,7413,,Net,USD,0.0,,2026-07-01
0.0,0.0,0.0,0.0,10000.0,10000.0,400000.0,ITM No Calls,4400000.0,4400000.0,,,Pending Review,,4400000.0,11464,98215,7839,,Net,USD,0.0,,2026-07-01
0.0,0.0,0.0,250000.0,10000.0,10000.0,500000.0,Recall,2100000.0,2100000.0,,,Pending Review,,2100000.0,11714,90991,7550,,Net,USD,0.0,,2026-06-17
0.0,0.0,0.0,250000.0,10000.0,10000.0,0.0,Call,2700000.0,2700000.0,,,Pending Review,,2700000.0,10180,99123,7816,,Net,USD,0.0,,2026-07-01
0.0,250000.0,0.0,0.0,10000.0,10000.0,-100000.0,Recall,4200000.0,4200000.0,,,Pending Review,,4200000.0,11231,90311,7238,,Net,USD,0.0,,2026-07-01
0.0,250000.0,0.0,0.0,10000.0,10000.0,-200000.0,Call,4100000.0,4100000.0,,,No Call Required,,4100000.0,11664,94291,7505,,Net,USD,0.0,,2026-07-01
0.0,250000.0,0.0,250000.0,10000.0,10000.0,200000.0,ITM No Calls,800000.0,800000.0,,,No Call Required,,800000.0,11222,95513,7918,,Net,USD,0.0,,2026-06-24
0.0,0.0,0.0,250000.0,10000.0,10000.0,400000.0,Call,1000000.0,1000000.0,,,No Call Required,,1000000.0,11938,91425,7846,,Net,USD,0.0,,2026-06-03
0.0,0.0,0.0,0.0,10000.0,10000.0,-200000.0,Call,1800000.0,1800000.0,,,No Call Required,,1800000.0,10273,99372,7061,,Net,USD,0.0,,2026-07-01
0.0,0.0,0.0,0.0,10000.0,10000.0,-100000.0,Recall,600000.0,600000.0,,,Pending Review,,600000.0,11694,98932,7322,,Net,USD,0.0,,2026-07-01
0.0,250000.0,0.0,250000.0,10000.0,10000.0,400000.0,ITM No Calls,1700000.0,1700000.0,,,No Call Required,,1700000.0,10410,97071,7108,,Net,USD,0.0,,2026-06-24
0.0,0.0,0.0,250000.0,10000.0,10000.0,-100000.0,ITM No Calls,3600000.0,3600000.0,,,No Call Required,,3600000.0,10124,94367,7016,,Net,USD,0.0,,2026-06-10
0.0,250000.0,0.0,0.0,10000.0,10000.0,300000.0,Call,300000.0,300000.0,,,Pending Review,,300000.0,10993,95263,7987,,Net,USD,0.0,,2026-06-17
0.0,250000.0,0.0,0.0,10000.0,10000.0,-200000.0,ITM No Calls,2700000.0,2700000.0,,,Pending Review,,2700000.0,11212,94618,7835,,Net,USD,0.0,,2026-06-10
0.0,0.0,0.0,0.0,10000.0,10000.0,-100000.0,Recall,2100000.0,2100000.0,,,Pending Review,,2100000.0,10805,98636,7566,,Net,USD,,,2026-06-10
0.0,250000.0,0.0,250000.0,10000.0,10000.0,300000.0,Recall,2800000.0,2800000.0,,,No Call Required,,2800000.0,10795,93615,7403,,Net,USD,0.0,,2026-06-03
0.0,0.0,0.0,0.0,10000.0,10000.0,0.0,Recall,1900000.0,1900000.0,,,Pending Review,,1900000.0,10656,96535,7762,,Net,USD,0.0,,2026-06-03
0.0,0.0,0.0,250000.0,10000.0,10000.0,-100000.0,ITM No Calls,1600000.0,1600000.0,,,No Call Required,,1600000.0,10052,97550,7586,,Net,USD,0.0,,2026-06-03
0.0,0.0,0.0,0.0,10000.0,10000.0,-100000.0,ITM No Calls,100000.0,100000.0,,,No Call Required,,100000.0,11021,92791,7503,,Net,USD,0.0,,2026-06-24
0.0,250000.0,0.0,250000.0,10000.0,10000.0,0.0,Call,1900000.0,1900000.0,,,No Call Required,,1900000.0,11579,94587,7200,,Net,USD,0.0,,2026-06-17
0.0,250000.0,0.0,0.0,10000.0,10000.0,500000.0,Call,500000.0,500000.0,,,Pending Review,,500000.0,11692,91974,7347,,Net,USD,0.0,,2026-06-10
0.0,0.0,0.0,0.0,10000.0,10000.0,100000.0,Recall,2900000.0,2900000.0,,,No Call Required,,2900000.0,11122,91089,7618,,Net,USD,0.0,,2026-06-17
0.0,250000.0,0.0,250000.0,10000.0,10000.0,400000.0,ITM No Calls,5000000.0,5000000.0,,,No Call Required,,5000000.0,11551,92474,7724,,Net,USD,0.0,,2026-06-17
0.0,0.0,0.0,0.0,10000.0,10000.0,-100000.0,Call,100000.0,100000.0,,,Pending Review,,100000.0,11727,96269,7269,,Net,USD,0.0,,2026-06-03
0.0,0.0,0.0,0.0,10000.0,10000.0,100000.0,Call,2500000.0,2500000.0,,,Pending Review,,2500000.0,10483,91355,7179,,Net,USD,0.0,,2026-07-01
0.0,0.0,0.0,0.0,10000.0,10000.0,100000.0,ITM No Calls,1900000.0,1900000.0,,,No Call Required,,1900000.0,10259,98588,7236,,Net,USD,0.0,,2026-07-01
0.0,250000.0,0.0,0.0,10000.0,10000.0,-200000.0,ITM No Calls,3400000.0,3400000.0,,,Pending Review,,3400000.0,11964,97277,7941,,Net,USD,0.0,,2026-06-17
0.0,0.0,0.0,250000.0,10000.0,10000.0,300000.0,Recall,2500000.0,2500000.0,,,Pending Review,,2500000.0,11383,95407,7432,,Net,USD,0.0,,2026-06-03
0.0,250000.0,0.0,0.0,10000.0,10000.0,-200000.0,Call,1400000.0,1400000.0,,,Pending Review,,1400000.0,11742,92097,7071,,Net,USD,,,2026-06-03
0.0,0.0,0.0,0.0,10000.0,10000.0,400000.0,Recall,2000000.0,2000000.0,,,Pending Review,,2000000.0,10753,90121,7897,,Net,USD,0.0,,2026-06-03
0.0,250000.0,0.0,250000.0,10000.0,10000.0,200000.0,Call,900000.0,900000.0,,,No Call Required,,900000.0,10346,91658,7506,,Net,USD,0.0,,2026-06-10
0.0,0.0,0.0,0.0,10000.0,10000.0,500000.0,Call,4300000.0,4300000.0,,,Pending Review,,4300000.0,11480,99692,7701,,Net,USD,0.0,,2026-06-17
0.0,250000.0,0.0,250000.0,10000.0,10000.0,0.0,ITM No Calls,500000.0,500000.0,,,Pending Review,,500000.0,10244,96692,7480,,Net,USD,0.0,,2026-06-24
0.0,0.0,0.0,0.0,10000.0,10000.0,400000.0,Call,500000.0,500000.0,,,Pending Review,,500000.0,10046,99854,7595,,Net,USD,0.0,,2026-06-17
0.0,0.0,0.0,0.0,10000.0,10000.0,-200000.0,Recall,3400000.0,3400000.0,,,No Call Required,,3400000.0,11739,97711,7240,,Net,USD,,,2026-07-01
0.0,250000.0,0.0,250000.0,10000.0,10000.0,0.0,Call,3300000.0,3300000.0,,,No Call Required,,3300000.0,11683,90759,7907,,Net,USD,0.0,,2026-07-01
0.0,0.0,0.0,250000.0,10000.0,10000.0,0.0,Recall,0.0,0.0,,,Pending Review,,0.0,10668,98856,7873,,Net,USD,,,2026-06-03
0.0,0.0,0.0,250000.0,10000.0,10000.0,300000.0,ITM No Calls,1800000.0,1800000.0,,,No Call Required,,1800000.0,10847,95348,7852,,Net,USD,0.0,,2026-06-24
0.0,0.0,0.0,250000.0,10000.0,10000.0,-100000.0,Call,3700000.0,3700000.0,,,Pending Review,,3700000.0,10507,97194,7859,,Net,USD,0.0,,2026-06-10
0.0,0.0,0.0,250000.0,10000.0,10000.0,500000.0,Recall,200000.0,200000.0,,,No Call Required,,200000.0,10542,98954,7699,,Net,USD,0.0,,2026-07-01
0.0,250000.0,0.0,250000.0,10000.0,10000.0,0.0,Recall,2200000.0,2200000.0,,,No Call Required,,2200000.0,10426,96230,7867,,Net,USD,0.0,,2026-06-10
0.0,250000.0,0.0,250000.0,10000.0,10000.0,500000.0,Recall,2000000.0,2000000.0,,,Pending Review,,2000000.0,10298,98747,7660,,Net,USD,0.0,,2026-06-17
0.0,0.0,0.0,250000.0,10000.0,10000.0,500000.0,Recall,300000.0,300000.0,,,No Call Required,,300000.0,10263,97321,7985,,Net,USD,0.0,,2026-06-17
0.0,0.0,0.0,250000.0,10000.0,10000.0,-100000.0,Call,600000.0,600000.0,,,No Call Required,,600000.0,11211,91523,7335,,Net,USD,0.0,,2026-06-03
0.0,250000.0,0.0,0.0,10000.0,10000.0,0.0,Call,4300000.0,4300000.0,,,Pending Review,,4300000.0,11992,91275,7166,,Net,USD,0.0,,2026-06-17
0.0,0.0,0.0,250000.0,10000.0,10000.0,200000.0,ITM No Calls,5000000.0,5000000.0,,,No Call Required,,5000000.0,10556,90468,7746,,Net,USD,0.0,,2026-06-10
0.0,0.0,0.0,250000.0,10000.0,10000.0,400000.0,Recall,3900000.0,3900000.0,,,Pending Review,,3900000.0,11801,93321,7295,,Net,USD,0.0,,2026-06-17
0.0,0.0,0.0,0.0,10000.0,10000.0,-200000.0,Recall,3200000.0,3200000.0,,,No Call Required,,3200000.0,10885,99453,7502,,Net,USD,0.0,,2026-07-01
0.0,0.0,0.0,250000.0,10000.0,10000.0,100000.0,ITM No Calls,1400000.0,1400000.0,,,No Call Required,,1400000.0,10423,99673,7094,,Net,USD,0.0,,2026-06-17
0.0,0.0,0.0,250000.0,10000.0,10000.0,-100000.0,Recall,0.0,0.0,,,No Call Required,,0.0,11949,95995,7780,,Net,USD,0.0,,2026-06-24
0.0,250000.0,0.0,0.0,10000.0,10000.0,300000.0,ITM No Calls,300000.0,300000.0,,,No Call Required,,300000.0,10579,99412,7736,,Net,USD,,,2026-06-10
0.0,0.0,0.0,0.0,10000.0,10000.0,-200000.0,Call,4900000.0,4900000.0,,,No Call Required,,4900000.0,11128,92371,7277,,Net,USD,0.0,,2026-06-03
0.0,250000.0,0.0,250000.0,10000.0,10000.0,200000.0,Recall,2400000.0,2400000.0,,,Pending Review,,2400000.0,11195,99553,7139,,Net,USD,,,2026-06-17
0.0,250000.0,0.0,0.0,10000.0,10000.0,500000.0,ITM No Calls,4200000.0,4200000.0,,,Pending Review,,4200000.0,11602,99456,7698,,Net,USD,0.0,,2026-06-10
0.0,0.0,0.0,250000.0,10000.0,10000.0,0.0,ITM No Calls,1400000.0,1400000.0,,,No Call Required,,1400000.0,10915,95305,7243,,Net,USD,0.0,,2026-07-01
0.0,250000.0,0.0,250000.0,10000.0,10000.0,400000.0,Call,3500000.0,3500000.0,,,No Call Required,,3500000.0,10035,99012,7825,,Net,USD,,,2026-06-17
0.0,0.0,0.0,0.0,10000.0,10000.0,400000.0,Recall,2900000.0,2900000.0,,,Pending Review,,2900000.0,11027,99299,7028,,Net,USD,0.0,,2026-06-17
0.0,0.0,0.0,0.0,10000.0,10000.0,200000.0,ITM No Calls,2700000.0,2700000.0,,,No Call Required,,2700000.0,11760,98287,7785,,Net,USD,,,2026-06-24
0.0,0.0,0.0,250000.0,10000.0,10000.0,500000.0,ITM No Calls,3500000.0,3500000.0,,,Pending Review,,3500000.0,10962,95740,7757,,Net,USD,,,2026-06-10
0.0,250000.0,0.0,0.0,10000.0,10000.0,300000.0,Call,1400000.0,1400000.0,,,Pending Review,,1400000.0,11882,90515,7324,,Net,USD,0.0,,2026-06-24
0.0,250000.0,0.0,0.0,10000.0,10000.0,100000.0,Recall,2300000.0,2300000.0,,,No Call Required,,2300000.0,10812,93034,7221,,Net,USD,,,2026-07-01
0.0,0.0,0.0,0.0,10000.0,10000.0,0.0,ITM No Calls,4900000.0,4900000.0,,,No Call Required,,4900000.0,10909,96268,7909,,Net,USD,0.0,,2026-07-01
0.0,0.0,0.0,0.0,10000.0,10000.0,0.0,ITM No Calls,0.0,0.0,,,Pending Review,,0.0,11130,93573,7508,,Net,USD,,,2026-06-24
0.0,250000.0,0.0,250000.0,10000.0,10000.0,200000.0,Recall,3800000.0,3800000.0,,,Pending Review,,3800000.0,10316,92729,7335,,Net,USD,0.0,,2026-07-01
0.0,0.0,0.0,0.0,10000.0,10000.0,200000.0,Call,3500000.0,3500000.0,,,Pending Review,,3500000.0,11908,90664,7104,,Net,USD,0.0,,2026-06-03
0.0,250000.0,0.0,0.0,10000.0,10000.0,-200000.0,Call,0.0,0.0,,,No Call Required,,0.0,11128,99225,7883,,Net,USD,0.0,,2026-06-03
0.0,0.0,0.0,250000.0,10000.0,10000.0,-100000.0,ITM No Calls,2200000.0,2200000.0,,,Pending Review,,2200000.0,11434,96710,7129,,Net,USD,0.0,,2026-06-17
0.0,250000.0,0.0,250000.0,10000.0,10000.0,400000.0,Call,1500000.0,1500000.0,,,No Call Required,,1500000.0,10840,90106,7963,,Net,USD,0.0,,2026-06-10
0.0,250000.0,0.0,250000.0,10000.0,10000.0,-100000.0,ITM No Calls,4000000.0,4000000.0,,,No Call Required,,4000000.0,10257,93320,7233,,Net,USD,0.0,,2026-06-10
0.0,250000.0,0.0,250000.0,10000.0,10000.0,0.0,Recall,800000.0,800000.0,,,Pending Review,,800000.0,10023,96671,7088,,Net,USD,0.0,,2026-06-17
0.0,0.0,0.0,0.0,10000.0,10000.0,100000.0,ITM No Calls,900000.0,900000.0,,,No Call Required,,900000.0,10673,99491,7486,,Net,USD,0.0,,2026-06-24
0.0,0.0,0.0,0.0,10000.0,10000.0,500000.0,ITM No Calls,4200000.0,4200000.0,,,Pending Review,,4200000.0,11448,91079,7526,,Net,USD,0.0,,2026-06-24
0.0,250000.0,0.0,250000.0,10000.0,10000.0,400000.0,Call,600000.0,600000.0,,,No Call Required,,600000.0,11723,92532,7620,,Net,USD,0.0,,2026-06-24
0.0,0.0,0.0,0.0,10000.0,10000.0,300000.0,ITM No Calls,600000.0,600000.0,,,No Call Required,,600000.0,11505,98886,7791,,Net,USD,0.0,,2026-06-17
0.0,0.0,0.0,0.0,10000.0,10000.0,500000.0,Recall,4800000.0,4800000.0,,,Pending Review,,4800000.0,10899,98970,7243,,Net,USD,0.0,,2026-07-01
0.0,250000.0,0.0,0.0,10000.0,10000.0,100000.0,ITM No Calls,1200000.0,1200000.0,,,No Call Required,,1200000.0,11257,97860,7881,,Net,USD,0.0,,2026-06-10
0.0,0.0,0.0,0.0,10000.0,10000.0,300000.0,Recall,4600000.0,4600000.0,,,No Call Required,,4600000.0,11301,98092,7228,,Net,USD,0.0,,2026-06-17
0.0,250000.0,0.0,250000.0,10000.0,10000.0,-200000.0,ITM No Calls,700000.0,700000.0,,,Pending Review,,700000.0,11162,95743,7965,,Net,USD,0.0,,2026-06-03
0.0,250000.0,0.0,250000.0,10000.0,10000.0,200000.0,Recall,900000.0,900000.0,,,Pending Review,,900000.0,10047,98948,7433,,Net,USD,,,2026-06-10
0.0,250000.0,0.0,250000.0,10000.0,10000.0,-200000.0,Recall,4700000.0,4700000.0,,,No Call Required,,4700000.0,11441,97678,7704,,Net,USD,0.0,,2026-06-24
0.0,250000.0,0.0,0.0,10000.0,10000.0,-200000.0,Call,1200000.0,1200000.0,,,No Call Required,,1200000.0,11883,99219,7082,,Net,USD,0.0,,2026-06-17
0.0,0.0,0.0,250000.0,10000.0,10000.0,100000.0,Call,4600000.0,4600000.0,,,Pending Review,,4600000.0,11673,91782,7031,,Net,USD,0.0,,2026-07-01
0.0,0.0,0.0,0.0,10000.0,10000.0,500000.0,Recall,900000.0,900000.0,,,No Call Required,,900000.0,11689,99323,7555,,Net,USD,0.0,,2026-07-01
0.0,250000.0,0.0,0.0,10000.0,10000.0,500000.0,Recall,100000.0,100000.0,,,Pending Review,,100000.0,11390,98354,7079,,Net,USD,0.0,,2026-06-03
0.0,250000.0,0.0,0.0,10000.0,10000.0,500000.0,Call,4900000.0,4900000.0,,,No Call Required,,4900000.0,11723,90367,7694,,Net,USD,0.0,,2026-06-03
0.0,0.0,0.0,0.0,10000.0,10000.0,-200000.0,Recall,400000.0,400000.0,,,No Call Required,,400000.0,10432,97588,7110,,Net,USD,0.0,,2026-06-17
0.0,0.0,0.0,0.0,10000.0,10000.0,300000.0,Call,3400000.0,3400000.0,,,Pending Review,,3400000.0,10070,92143,7614,,Net,USD,0.0,,2026-06-24
0.0,250000.0,0.0,0.0,10000.0,10000.0,-100000.0,Recall,1100000.0,1100000.0,,,Pending Review,,1100000.0,11077,93552,7032,,Net,USD,,,2026-07-01
0.0,0.0,0.0,250000.0,10000.0,10000.0,0.0,Recall,2500000.0,2500000.0,,,Pending Review,,2500000.0,11432,90560,7346,,Net,USD,0.0,,2026-06-03
0.0,0.0,0.0,0.0,10000.0,10000.0,-100000.0,Recall,1900000.0,1900000.0,,,Pending Review,,1900000.0,10106,97202,7881,,Net,USD,0.0,,2026-07-01
0.0,0.0,0.0,250000.0,10000.0,10000.0,500000.0,ITM No Calls,1700000.0,1700000.0,,,No Call Required,,1700000.0,11027,90372,7450,,Net,USD,0.0,,2026-06-17
0.0,0.0,0.0,0.0,10000.0,10000.0,200000.0,Call,800000.0,800000.0,,,No Call Required,,800000.0,11963,91306,7541,,Net,USD,0.0,,2026-06-24
0.0,0.0,0.0,0.0,10000.0,10000.0,200000.0,Call,2900000.0,2900000.0,,,No Call Required,,2900000.0,11247,98776,7373,,Net,USD,0.0,,2026-07-01
0.0,0.0,0.0,250000.0,10000.0,10000.0,-100000.0,Recall,2100000.0,2100000.0,,,Pending Review,,2100000.0,10300,96926,7377,,Net,USD,0.0,,2026-06-03
0.0,0.0,0.0,0.0,10000.0,10000.0,200000.0,ITM No Calls,0.0,0.0,,,Pending Review,,0.0,10870,93269,7945,,Net,USD,0.0,,2026-06-10
0.0,250000.0,0.0,250000.0,10000.0,10000.0,0.0,Recall,4800000.0,4800000.0,,,No Call Required,,4800000.0,11280,94612,7351,,Net,USD,0.0,,2026-06-03
0.0,0.0,0.0,250000.0,10000.0,10000.0,-200000.0,Call,4600000.0,4600000.0,,,Pending Review,,4600000.0,11199,91761,7663,,Net,USD,0.0,,2026-06-24
0.0,250000.0,0.0,250000.0,10000.0,10000.0,100000.0,Recall,1000000.0,1000000.0,,,No Call Required,,1000000.0,10561,93768,7094,,Net,USD,0.0,,2026-07-01
0.0,0.0,0.0,0.0,10000.0,10000.0,200000.0,ITM No Calls,2400000.0,2400000.0,,,Pending Review,,2400000.0,10157,99126,7263,,Net,USD,0.0,,2026-06-24
0.0,250000.0,0.0,250000.0,10000.0,10000.0,-100000.0,Recall,3800000.0,3800000.0,,,No Call Required,,3800000.0,11752,96790,7767,,Net,USD,0.0,,2026-06-24
0.0,250000.0,0.0,250000.0,10000.0,10000.0,500000.0,ITM No Calls,1300000.0,1300000.0,,,No Call Required,,1300000.0,10924,97810,7067,,Net,USD,0.0,,2026-06-10
0.0,250000.0,0.0,0.0,10000.0,10000.0,400000.0,Call,700000.0,700000.0,,,Pending Review,,700000.0,10194,99995,7280,,Net,USD,0.0,,2026-06-24
0.0,0.0,0.0,0.0,10000.0,10000.0,0.0,Call,400000.0,400000.0,,,Pending Review,,400000.0,11841,91150,7779,,Net,USD,0.0,,2026-06-10
0.0,0.0,0.0,0.0,10000.0,10000.0,500000.0,Recall,4200000.0,4200000.0,,,Pending Review,,4200000.0,11465,96170,7682,,Net,USD,0.0,,2026-06-17
0.0,250000.0,0.0,0.0,10000.0,10000.0,0.0,ITM No Calls,2900000.0,2900000.0,,,Pending Review,,2900000.0,10958,97027,7281,,Net,USD,0.0,,2026-06-17
0.0,0.0,0.0,0.0,10000.0,10000.0,500000.0,Call,4200000.0,4200000.0,,,No Call Required,,4200000.0,10007,96581,7032,,Net,USD,0.0,,2026-06-03
0.0,0.0,0.0,0.0,10000.0,10000.0,500000.0,Call,100000.0,100000.0,,,Pending Review,,100000.0,10146,90444,7594,,Net,USD,0.0,,2026-06-24
0.0,0.0,0.0,0.0,10000.0,10000.0,400000.0,Call,600000.0,600000.0,,,No Call Required,,600000.0,10417,95004,7483,,Net,USD,0.0,,2026-06-10
0.0,0.0,0.0,250000.0,10000.0,10000.0,-200000.0,Call,2900000.0,2900000.0,,,No Call Required,,2900000.0,10771,94835,7859,,Net,USD,0.0,,2026-07-01
0.0,0.0,0.0,250000.0,10000.0,10000.0,400000.0,Recall,2200000.0,2200000.0,,,No Call Required,,2200000.0,11117,93589,7107,,Net,USD,0.0,,2026-07-01
0.0,250000.0,0.0,250000.0,10000.0,10000.0,400000.0,Recall,2700000.0,2700000.0,,,No Call Required,,2700000.0,11906,91689,7414,,Net,USD,0.0,,2026-06-10
0.0,0.0,0.0,250000.0,10000.0,10000.0,-100000.0,ITM No Calls,2700000.0,2700000.0,,,No Call Required,,2700000.0,10062,96952,7083,,Net,USD,0.0,,2026-07-01
0.0,0.0,0.0,0.0,10000.0,10000.0,100000.0,Recall,4000000.0,4000000.0,,,Pending Review,,4000000.0,11525,95131,7199,,Net,USD,0.0,,2026-06-17
0.0,250000.0,0.0,250000.0,10000.0,10000.0,-200000.0,Recall,1000000.0,1000000.0,,,No Call Required,,1000000.0,10180,94494,7823,,Net,USD,0.0,,2026-06-10
0.0,0.0,0.0,250000.0,10000.0,10000.0,-200000.0,Recall,4600000.0,4600000.0,,,Pending Review,,4600000.0,11225,92281,7606,,Net,USD,0.0,,2026-06-10
0.0,250000.0,0.0,0.0,10000.0,10000.0,100000.0,Call,5000000.0,5000000.0,,,No Call Required,,5000000.0,11658,92634,7200,,Net,USD,0.0,,2026-06-24
0.0,250000.0,0.0,0.0,10000.0,10000.0,200000.0,ITM No Calls,4300000.0,4300000.0,,,Pending Review,,4300000.0,11921,91257,7690,,Net,USD,0.0,,2026-06-03
0.0,0.0,0.0,0.0,10000.0,10000.0,-100000.0,ITM No Calls,800000.0,800000.0,,,No Call Required,,800000.0,11126,92441,7662,,Net,USD,0.0,,2026-06-17
0.0,250000.0,0.0,250000.0,10000.0,10000.0,400000.0,Recall,2300000.0,2300000.0,,,No Call Required,,2300000.0,10202,92220,7495,,Net,USD,0.0,,2026-06-10
0.0,250000.0,0.0,250000.0,10000.0,10000.0,500000.0,Recall,800000.0,800000.0,,,No Call Required,,800000.0,11268,91282,7488,,Net,USD,0.0,,2026-06-24
0.0,0.0,0.0,250000.0,10000.0,10000.0,0.0,ITM No Calls,3400000.0,3400000.0,,,No Call Required,,3400000.0,10884,99234,7847,,Net,USD,0.0,,2026-07-01
0.0,0.0,0.0,0.0,10000.0,10000.0,100000.0,Recall,1600000.0,1600000.0,,,No Call Required,,1600000.0,10301,94731,7689,,Net,USD,0.0,,2026-06-17
0.0,250000.0,0.0,0.0,10000.0,10000.0,400000.0,Recall,5000000.0,5000000.0,,,No Call Required,,5000000.0,10820,97922,7729,,Net,USD,0.0,,2026-06-24
0.0,250000.0,0.0,250000.0,10000.0,10000.0,300000.0,ITM No Calls,1300000.0,1300000.0,,,No Call Required,,1300000.0,11026,93626,7262,,Net,USD,0.0,,2026-07-01
0.0,250000.0,0.0,0.0,10000.0,10000.0,300000.0,Call,1200000.0,1200000.0,,,No Call Required,,1200000.0,11943,95798,7253,,Net,USD,0.0,,2026-07-01
0.0,250000.0,0.0,0.0,10000.0,10000.0,100000.0,Recall,4600000.0,4600000.0,,,Pending Review,,4600000.0,11433,94948,7564,,Net,USD,0.0,,2026-06-17
0.0,250000.0,0.0,0.0,10000.0,10000.0,300000.0,Call,4000000.0,4000000.0,,,No Call Required,,4000000.0,11645,93022,7891,,Net,USD,0.0,,2026-07-01
0.0,0.0,0.0,0.0,10000.0,10000.0,500000.0,ITM No Calls,2000000.0,2000000.0,,,No Call Required,,2000000.0,10219,97212,7107,,Net,USD,0.0,,2026-06-10
0.0,0.0,0.0,0.0,10000.0,10000.0,200000.0,ITM No Calls,4900000.0,4900000.0,,,Pending Review,,4900000.0,11580,97641,7979,,Net,USD,0.0,,2026-06-10
0.0,0.0,0.0,250000.0,10000.0,10000.0,200000.0,Call,5000000.0,5000000.0,,,No Call Required,,5000000.0,10870,99246,7156,,Net,USD,0.0,,2026-06-17
0.0,250000.0,0.0,0.0,10000.0,10000.0,0.0,Call,3200000.0,3200000.0,,,No Call Required,,3200000.0,10073,93256,7666,,Net,USD,0.0,,2026-07-01
0.0,0.0,0.0,0.0,10000.0,10000.0,0.0,Recall,2000000.0,2000000.0,,,Pending Review,,2000000.0,10628,96333,7292,,Net,USD,0.0,,2026-06-24
0.0,0.0,0.0,0.0,10000.0,10000.0,-100000.0,Recall,3400000.0,3400000.0,,,Pending Review,,3400000.0,10200,92091,7912,,Net,USD,0.0,,2026-06-17
0.0,250000.0,0.0,0.0,10000.0,10000.0,0.0,Call,2600000.0,2600000.0,,,No Call Required,,2600000.0,10271,95218,7044,,Net,USD,0.0,,2026-06-17
0.0,0.0,0.0,250000.0,10000.0,10000.0,200000.0,ITM No Calls,1400000.0,1400000.0,,,No Call Required,,1400000.0,11849,98992,7040,,Net,USD,0.0,,2026-06-03
0.0,0.0,0.0,0.0,10000.0,10000.0,200000.0,Call,300000.0,300000.0,,,No Call Required,,300000.0,11807,92208,7451,,Net,USD,0.0,,2026-06-03
0.0,250000.0,0.0,250000.0,10000.0,10000.0,500000.0,Call,1800000.0,1800000.0,,,No Call Required,,1800000.0,10341,95543,7351,,Net,USD,0.0,,2026-06-24
0.0,0.0,0.0,250000.0,10000.0,10000.0,500000.0,Call,800000.0,800000.0,,,No Call Required,,800000.0,11471,98669,7362,,Net,USD,0.0,,2026-06-24
0.0,250000.0,0.0,0.0,10000.0,10000.0,-100000.0,Call,3300000.0,3300000.0,,,No Call Required,,3300000.0,10145,99162,7633,,Net,USD,0.0,,2026-06-17
0.0,0.0,0.0,250000.0,10000.0,10000.0,0.0,Recall,3700000.0,3700000.0,,,No Call Required,,3700000.0,10030,90218,7183,,Net,USD,0.0,,2026-07-01
0.0,0.0,0.0,250000.0,10000.0,10000.0,300000.0,Call,3500000.0,3500000.0,,,No Call Required,,3500000.0,11850,97700,7481,,Net,USD,0.0,,2026-06-17
0.0,0.0,0.0,0.0,10000.0,10000.0,0.0,Call,300000.0,300000.0,,,Pending Review,,300000.0,10794,90221,7372,,Net,USD,0.0,,2026-06-17
0.0,0.0,0.0,250000.0,10000.0,10000.0,300000.0,Recall,400000.0,400000.0,,,No Call Required,,400000.0,11842,97008,7709,,Net,USD,0.0,,2026-07-01
0.0,250000.0,0.0,0.0,10000.0,10000.0,200000.0,Call,4900000.0,4900000.0,,,Pending Review,,4900000.0,10665,96488,7043,,Net,USD,0.0,,2026-07-01
0.0,250000.0,0.0,250000.0,10000.0,10000.0,400000.0,ITM No Calls,2800000.0,2800000.0,,,No Call Required,,2800000.0,10861,93499,7213,,Net,USD,0.0,,2026-06-24
0.0,250000.0,0.0,250000.0,10000.0,10000.0,500000.0,ITM No Calls,4100000.0,4100000.0,,,No Call Required,,4100000.0,10681,96642,7071,,Net,USD,0.0,,2026-06-10
0.0,0.0,0.0,250000.0,10000.0,10000.0,-200000.0,Call,200000.0,200000.0,,,Pending Review,,200000.0,10125,96786,7486,,Net,USD,0.0,,2026-07-01
0.0,250000.0,0.0,0.0,10000.0,10000.0,100000.0,Recall,4400000.0,4400000.0,,,No Call Required,,4400000.0,10703,93430,7507,,Net,USD,0.0,,2026-06-24
0.0,250000.0,0.0,0.0,10000.0,10000.0,300000.0,ITM No Calls,1600000.0,1600000.0,,,No Call Required,,1600000.0,10770,95556,7681,,Net,USD,0.0,,2026-06-10
0.0,0.0,0.0,250000.0,10000.0,10000.0,300000.0,Recall,2500000.0,2500000.0,,,No Call Required,,2500000.0,10768,99013,7206,,Net,USD,0.0,,2026-07-01
0.0,250000.0,0.0,250000.0,10000.0,10000.0,100000.0,Call,200000.0,200000.0,,,Pending Review,,200000.0,10503,97630,7897,,Net,USD,0.0,,2026-06-24
0.0,0.0,0.0,0.0,10000.0,10000.0,-200000.0,Call,2300000.0,2300000.0,,,No Call Required,,2300000.0,10485,98114,7137,,Net,USD,0.0,,2026-06-24
0.0,0.0,0.0,0.0,10000.0,10000.0,-100000.0,Call,4300000.0,4300000.0,,,Pending Review,,4300000.0,10674,93606,7637,,Net,USD,0.0,,2026-07-01
0.0,250000.0,0.0,250000.0,10000.0,10000.0,300000.0,Recall,100000.0,100000.0,,,No Call Required,,100000.0,10561,97318,7362,,Net,USD,0.0,,2026-06-10
0.0,0.0,0.0,250000.0,10000.0,10000.0,200000.0,Recall,3900000.0,3900000.0,,,No Call Required,,3900000.0,10416,95660,7402,,Net,USD,0.0,,2026-06-10
0.0,0.0,0.0,250000.0,10000.0,10000.0,200000.0,Call,4000000.0,4000000.0,,,No Call Required,,4000000.0,11789,96623,7548,,Net,USD,0.0,,2026-06-17
0.0,0.0,0.0,0.0,10000.0,10000.0,500000.0,Call,0.0,0.0,,,No Call Required,,0.0,10110,92393,7555,,Net,USD,0.0,,2026-07-01
0.0,0.0,0.0,250000.0,10000.0,10000.0,0.0,Call,200000.0,200000.0,,,No Call Required,,200000.0,11305,92728,7706,,Net,USD,0.0,,2026-06-24
0.0,0.0,0.0,0.0,10000.0,10000.0,-200000.0,Recall,3500000.0,3500000.0,,,Pending Review,,3500000.0,11132,92871,7551,,Net,USD,0.0,,2026-06-17
0.0,250000.0,0.0,0.0,10000.0,10000.0,-200000.0,ITM No Calls,3100000.0,3100000.0,,,No Call Required,,3100000.0,10662,94924,7324,,Net,USD,0.0,,2026-06-03
0.0,250000.0,0.0,250000.0,10000.0,10000.0,100000.0,ITM No Calls,0.0,0.0,,,Pending Review,,0.0,11222,90786,7657,,Net,USD,0.0,,2026-07-01
0.0,250000.0,0.0,250000.0,10000.0,10000.0,-100000.0,ITM No Calls,4500000.0,4500000.0,,,Pending Review,,4500000.0,10470,98093,7735,,Net,USD,0.0,,2026-06-24
0.0,0.0,0.0,250000.0,10000.0,10000.0,400000.0,ITM No Calls,4600000.0,4600000.0,,,Pending Review,,4600000.0,11328,98099,7608,,Net,USD,0.0,,2026-06-24
0.0,250000.0,0.0,250000.0,10000.0,10000.0,100000.0,Call,3000000.0,3000000.0,,,No Call Required,,3000000.0,10982,90591,7078,,Net,USD,,,2026-06-03
0.0,0.0,0.0,250000.0,10000.0,10000.0,-100000.0,Call,800000.0,800000.0,,,Pending Review,,800000.0,10339,94402,7416,,Net,USD,0.0,,2026-06-24
0.0,0.0,0.0,0.0,10000.0,10000.0,0.0,Recall,200000.0,200000.0,,,No Call Required,,200000.0,10595,96538,7013,,Net,USD,0.0,,2026-06-03
0.0,250000.0,0.0,250000.0,10000.0,10000.0,300000.0,Recall,2100000.0,2100000.0,,,Pending Review,,2100000.0,11118,97177,7841,,Net,USD,0.0,,2026-07-01
0.0,0.0,0.0,250000.0,10000.0,10000.0,-100000.0,Recall,3800000.0,3800000.0,,,Pending Review,,3800000.0,11420,99481,7341,,Net,USD,0.0,,2026-07-01
0.0,250000.0,0.0,250000.0,10000.0,10000.0,400000.0,Recall,2000000.0,2000000.0,,,Pending Review,,2000000.0,11904,93602,7918,,Net,USD,0.0,,2026-06-17
0.0,250000.0,0.0,0.0,10000.0,10000.0,500000.0,Recall,5000000.0,5000000.0,,,No Call Required,,5000000.0,11582,96092,7855,,Net,USD,0.0,,2026-06-03
0.0,250000.0,0.0,250000.0,10000.0,10000.0,400000.0,ITM No Calls,1700000.0,1700000.0,,,Pending Review,,1700000.0,10632,93388,7636,,Net,USD,0.0,,2026-06-03
0.0,250000.0,0.0,0.0,10000.0,10000.0,-200000.0,Recall,3600000.0,3600000.0,,,No Call Required,,3600000.0,11352,95926,7069,,Net,USD,0.0,,2026-07-01
0.0,0.0,0.0,250000.0,10000.0,10000.0,400000.0,Call,3900000.0,3900000.0,,,No Call Required,,3900000.0,10227,97368,7119,,Net,USD,0.0,,2026-06-03
0.0,0.0,0.0,250000.0,10000.0,10000.0,-200000.0,Recall,1200000.0,1200000.0,,,Pending Review,,1200000.0,11192,95642,7759,,Net,USD,0.0,,2026-06-24
0.0,0.0,0.0,0.0,10000.0,10000.0,200000.0,Call,2900000.0,2900000.0,,,No Call Required,,2900000.0,10723,92785,7640,,Net,USD,0.0,,2026-06-10
0.0,250000.0,0.0,250000.0,10000.0,10000.0,0.0,Recall,2600000.0,2600000.0,,,Pending Review,,2600000.0,11577,93682,7517,,Net,USD,0.0,,2026-06-17
0.0,250000.0,0.0,0.0,10000.0,10000.0,300000.0,Call,600000.0,600000.0,,,Pending Review,,600000.0,11563,92371,7010,,Net,USD,0.0,,2026-06-24
0.0,250000.0,0.0,0.0,10000.0,10000.0,400000.0,Call,900000.0,900000.0,,,No Call Required,,900000.0,11057,90173,7408,,Net,USD,,,2026-06-03
0.0,250000.0,0.0,250000.0,10000.0,10000.0,100000.0,Recall,4900000.0,4900000.0,,,Pending Review,,4900000.0,10521,96382,7810,,Net,USD,0.0,,2026-06-24
0.0,250000.0,0.0,250000.0,10000.0,10000.0,0.0,ITM No Calls,2100000.0,2100000.0,,,Pending Review,,2100000.0,10950,93564,7828,,Net,USD,0.0,,2026-06-17
0.0,0.0,0.0,0.0,10000.0,10000.0,300000.0,Call,1800000.0,1800000.0,,,No Call Required,,1800000.0,11533,97493,7671,,Net,USD,0.0,,2026-06-24
0.0,0.0,0.0,250000.0,10000.0,10000.0,300000.0,Call,800000.0,800000.0,,,No Call Required,,800000.0,11924,91874,7517,,Net,USD,0.0,,2026-06-10
0.0,0.0,0.0,250000.0,10000.0,10000.0,400000.0,Call,900000.0,900000.0,,,No Call Required,,900000.0,11449,90327,7971,,Net,USD,0.0,,2026-06-24
0.0,250000.0,0.0,250000.0,10000.0,10000.0,500000.0,ITM No Calls,900000.0,900000.0,,,No Call Required,,900000.0,11609,99539,7093,,Net,USD,0.0,,2026-06-17
0.0,250000.0,0.0,250000.0,10000.0,10000.0,100000.0,Call,2400000.0,2400000.0,,,No Call Required,,2400000.0,11266,92784,7173,,Net,USD,0.0,,2026-07-01
0.0,0.0,0.0,250000.0,10000.0,10000.0,0.0,Recall,200000.0,200000.0,,,No Call Required,,200000.0,11856,96590,7288,,Net,USD,0.0,,2026-07-01
0.0,0.0,0.0,0.0,10000.0,10000.0,-200000.0,ITM No Calls,3100000.0,3100000.0,,,No Call Required,,3100000.0,11020,90237,7409,,Net,USD,0.0,,2026-06-24
0.0,0.0,0.0,0.0,10000.0,10000.0,0.0,ITM No Calls,3000000.0,3000000.0,,,Pending Review,,3000000.0,11716,95820,7031,,Net,USD,0.0,,2026-06-10
0.0,0.0,0.0,0.0,10000.0,10000.0,-200000.0,Call,1700000.0,1700000.0,,,No Call Required,,1700000.0,10140,91195,7573,,Net,USD,0.0,,2026-07-01
0.0,250000.0,0.0,250000.0,10000.0,10000.0,0.0,ITM No Calls,500000.0,500000.0,,,Pending Review,,500000.0,11605,96678,7326,,Net,USD,0.0,,2026-06-03
0.0,250000.0,0.0,250000.0,10000.0,10000.0,400000.0,ITM No Calls,1300000.0,1300000.0,,,Pending Review,,1300000.0,11037,98172,7306,,Net,USD,0.0,,2026-06-03
0.0,0.0,0.0,250000.0,10000.0,10000.0,-200000.0,Recall,3300000.0,3300000.0,,,Pending Review,,3300000.0,10817,91806,7853,,Net,USD,0.0,,2026-06-17
0.0,0.0,0.0,250000.0,10000.0,10000.0,100000.0,Call,2700000.0,2700000.0,,,No Call Required,,2700000.0,10525,95699,7304,,Net,USD,0.0,,2026-07-01
0.0,250000.0,0.0,0.0,10000.0,10000.0,100000.0,Recall,3000000.0,3000000.0,,,No Call Required,,3000000.0,11185,94194,7014,,Net,USD,0.0,,2026-06-03
0.0,0.0,0.0,250000.0,10000.0,10000.0,300000.0,ITM No Calls,2300000.0,2300000.0,,,Pending Review,,2300000.0,11916,98912,7656,,Net,USD,0.0,,2026-06-24
0.0,0.0,0.0,250000.0,10000.0,10000.0,400000.0,ITM No Calls,200000.0,200000.0,,,Pending Review,,200000.0,10646,91185,7462,,Net,USD,0.0,,2026-07-01
0.0,0.0,0.0,250000.0,10000.0,10000.0,-100000.0,ITM No Calls,2700000.0,2700000.0,,,Pending Review,,2700000.0,11431,90570,7379,,Net,USD,0.0,,2026-07-01
0.0,250000.0,0.0,250000.0,10000.0,10000.0,-100000.0,Call,2300000.0,2300000.0,,,Pending Review,,2300000.0,10964,99842,7325,,Net,USD,,,2026-06-17
0.0,0.0,0.0,250000.0,10000.0,10000.0,300000.0,Recall,300000.0,300000.0,,,Pending Review,,300000.0,11609,99582,7124,,Net,USD,0.0,,2026-06-24
0.0,0.0,0.0,0.0,10000.0,10000.0,400000.0,Recall,3900000.0,3900000.0,,,No Call Required,,3900000.0,10129,90658,7146,,Net,USD,0.0,,2026-06-17
0.0,250000.0,0.0,250000.0,10000.0,10000.0,500000.0,Call,1700000.0,1700000.0,,,Pending Review,,1700000.0,11585,90240,7465,,Net,USD,0.0,,2026-06-24
0.0,0.0,0.0,0.0,10000.0,10000.0,500000.0,Recall,4500000.0,4500000.0,,,No Call Required,,4500000.0,11411,93142,7778,,Net,USD,0.0,,2026-06-24
0.0,0.0,0.0,250000.0,10000.0,10000.0,100000.0,ITM No Calls,4300000.0,4300000.0,,,No Call Required,,4300000.0,11577,97351,7405,,Net,USD,0.0,,2026-06-10
0.0,250000.0,0.0,0.0,10000.0,10000.0,0.0,Call,3400000.0,3400000.0,,,Pending Review,,3400000.0,11328,99896,7999,,Net,USD,0.0,,2026-06-17
0.0,250000.0,0.0,250000.0,10000.0,10000.0,500000.0,Call,3800000.0,3800000.0,,,Pending Review,,3800000.0,11798,92037,7124,,Net,USD,0.0,,2026-06-24
0.0,0.0,0.0,0.0,10000.0,10000.0,-100000.0,Call,4600000.0,4600000.0,,,No Call Required,,4600000.0,10240,93672,7675,,Net,USD,0.0,,2026-06-03
0.0,0.0,0.0,250000.0,10000.0,10000.0,-200000.0,Call,1300000.0,1300000.0,,,Pending Review,,1300000.0,11771,97161,7450,,Net,USD,0.0,,2026-07-01
0.0,250000.0,0.0,0.0,10000.0,10000.0,200000.0,Call,4300000.0,4300000.0,,,Pending Review,,4300000.0,10857,98764,7613,,Net,USD,0.0,,2026-06-17
0.0,0.0,0.0,250000.0,10000.0,10000.0,200000.0,Recall,4000000.0,4000000.0,,,Pending Review,,4000000.0,10151,94406,7667,,Net,USD,0.0,,2026-06-03
0.0,250000.0,0.0,250000.0,10000.0,10000.0,500000.0,Recall,2900000.0,2900000.0,,,No Call Required,,2900000.0,11760,95806,7774,,Net,USD,0.0,,2026-06-24
0.0,0.0,0.0,250000.0,10000.0,10000.0,-100000.0,ITM No Calls,4100000.0,4100000.0,,,No Call Required,,4100000.0,10689,91945,7046,,Net,USD,0.0,,2026-06-24
0.0,250000.0,0.0,250000.0,10000.0,10000.0,400000.0,Recall,2900000.0,2900000.0,,,Pending Review,,2900000.0,11861,95984,7098,,Net,USD,,,2026-06-03
0.0,0.0,0.0,0.0,10000.0,10000.0,300000.0,Recall,4600000.0,4600000.0,,,No Call Required,,4600000.0,10213,97520,7609,,Net,USD,0.0,,2026-07-01
0.0,250000.0,0.0,0.0,10000.0,10000.0,0.0,Call,1000000.0,1000000.0,,,Pending Review,,1000000.0,11978,91069,7207,,Net,USD,0.0,,2026-06-10
0.0,0.0,0.0,250000.0,10000.0,10000.0,400000.0,Call,3500000.0,3500000.0,,,Pending Review,,3500000.0,10180,90769,7907,,Net,USD,0.0,,2026-06-03
0.0,250000.0,0.0,250000.0,10000.0,10000.0,100000.0,Recall,5000000.0,5000000.0,,,Pending Review,,5000000.0,11158,98738,7979,,Net,USD,0.0,,2026-07-01
0.0,0.0,0.0,0.0,10000.0,10000.0,400000.0,Call,200000.0,200000.0,,,No Call Required,,200000.0,11220,92746,7536,,Net,USD,0.0,,2026-06-24
0.0,0.0,0.0,250000.0,10000.0,10000.0,500000.0,Call,900000.0,900000.0,,,No Call Required,,900000.0,11062,97702,7077,,Net,USD,0.0,,2026-06-03
0.0,250000.0,0.0,0.0,10000.0,10000.0,200000.0,Recall,3300000.0,3300000.0,,,No Call Required,,3300000.0,11551,97335,7010,,Net,USD,0.0,,2026-07-01
0.0,0.0,0.0,250000.0,10000.0,10000.0,500000.0,ITM No Calls,4400000.0,4400000.0,,,Pending Review,,4400000.0,10998,99917,7898,,Net,USD,0.0,,2026-07-01
0.0,0.0,0.0,250000.0,10000.0,10000.0,-100000.0,ITM No Calls,3400000.0,3400000.0,,,No Call Required,,3400000.0,11825,97899,7596,,Net,USD,0.0,,2026-06-03
0.0,250000.0,0.0,250000.0,10000.0,10000.0,-100000.0,Call,1500000.0,1500000.0,,,No Call Required,,1500000.0,10772,97895,7555,,Net,USD,0.0,,2026-06-24
0.0,250000.0,0.0,250000.0,10000.0,10000.0,0.0,ITM No Calls,4400000.0,4400000.0,,,Pending Review,,4400000.0,10094,97387,7670,,Net,USD,0.0,,2026-06-10
0.0,250000.0,0.0,250000.0,10000.0,10000.0,200000.0,Call,3800000.0,3800000.0,,,No Call Required,,3800000.0,10066,96315,7200,,Net,USD,0.0,,2026-07-01
0.0,0.0,0.0,0.0,10000.0,10000.0,200000.0,Recall,2600000.0,2600000.0,,,Pending Review,,2600000.0,11986,98426,7386,,Net,USD,0.0,,2026-06-03
0.0,0.0,0.0,250000.0,10000.0,10000.0,-100000.0,Recall,600000.0,600000.0,,,No Call Required,,600000.0,11918,91977,7880,,Net,USD,0.0,,2026-06-10
0.0,250000.0,0.0,250000.0,10000.0,10000.0,200000.0,Recall,600000.0,600000.0,,,Pending Review,,600000.0,10868,92019,7309,,Net,USD,0.0,,2026-06-24
0.0,250000.0,0.0,250000.0,10000.0,10000.0,300000.0,Call,4800000.0,4800000.0,,,Pending Review,,4800000.0,11555,94849,7048,,Net,USD,0.0,,2026-07-01
0.0,250000.0,0.0,0.0,10000.0,10000.0,100000.0,Recall,3400000.0,3400000.0,,,No Call Required,,3400000.0,10996,90282,7771,,Net,USD,,,2026-06-10
0.0,250000.0,0.0,0.0,10000.0,10000.0,200000.0,ITM No Calls,1400000.0,1400000.0,,,Pending Review,,1400000.0,11852,93879,7448,,Net,USD,0.0,,2026-07-01
0.0,0.0,0.0,0.0,10000.0,10000.0,-200000.0,ITM No Calls,1100000.0,1100000.0,,,Pending Review,,1100000.0,11812,90609,7490,,Net,USD,0.0,,2026-06-24
0.0,0.0,0.0,250000.0,10000.0,10000.0,-100000.0,Call,1500000.0,1500000.0,,,Pending Review,,1500000.0,10875,94126,7168,,Net,USD,0.0,,2026-06-17
0.0,250000.0,0.0,0.0,10000.0,10000.0,-200000.0,ITM No Calls,3400000.0,3400000.0,,,Pending Review,,3400000.0,11618,97128,7142,,Net,USD,,,2026-06-10
0.0,0.0,0.0,0.0,10000.0,10000.0,400000.0,Call,0.0,0.0,,,No Call Required,,0.0,10986,91420,7214,,Net,USD,0.0,,2026-06-17
0.0,0.0,0.0,0.0,10000.0,10000.0,0.0,ITM No Calls,0.0,0.0,,,No Call Required,,0.0,11820,96829,7173,,Net,USD,0.0,,2026-06-10
0.0,250000.0,0.0,0.0,10000.0,10000.0,-100000.0,Recall,3600000.0,3600000.0,,,No Call Required,,3600000.0,10224,95078,7919,,Net,USD,0.0,,2026-06-03
0.0,0.0,0.0,250000.0,10000.0,10000.0,400000.0,Recall,4500000.0,4500000.0,,,Pending Review,,4500000.0,11965,93969,7739,,Net,USD,0.0,,2026-06-03
0.0,0.0,0.0,250000.0,10000.0,10000.0,500000.0,Call,4500000.0,4500000.0,,,No Call Required,,4500000.0,11756,93556,7505,,Net,USD,0.0,,2026-06-10
0.0,0.0,0.0,0.0,10000.0,10000.0,0.0,Call,600000.0,600000.0,,,No Call Required,,600000.0,10334,99729,7924,,Net,USD,0.0,,2026-06-03
0.0,250000.0,0.0,0.0,10000.0,10000.0,500000.0,Recall,300000.0,300000.0,,,No Call Required,,300000.0,11154,97788,7649,,Net,USD,0.0,,2026-06-10
0.0,250000.0,0.0,250000.0,10000.0,10000.0,200000.0,Recall,2700000.0,2700000.0,,,Pending Review,,2700000.0,10448,99876,7045,,Net,USD,0.0,,2026-06-17
0.0,250000.0,0.0,250000.0,10000.0,10000.0,100000.0,Recall,1800000.0,1800000.0,,,No Call Required,,1800000.0,11830,93677,7778,,Net,USD,0.0,,2026-06-17
0.0,250000.0,0.0,250000.0,10000.0,10000.0,200000.0,Call,1200000.0,1200000.0,,,Pending Review,,1200000.0,10961,96774,7008,,Net,USD,0.0,,2026-06-17
0.0,0.0,0.0,0.0,10000.0,10000.0,0.0,ITM No Calls,1900000.0,1900000.0,,,Pending Review,,1900000.0,11144,91173,7642,,Net,USD,0.0,,2026-06-17
0.0,0.0,0.0,0.0,10000.0,10000.0,0.0,Call,1300000.0,1300000.0,,,No Call Required,,1300000.0,10783,93464,7873,,Net,USD,0.0,,2026-06-17
0.0,0.0,0.0,0.0,10000.0,10000.0,200000.0,Call,4500000.0,4500000.0,,,Pending Review,,4500000.0,10829,98398,7276,,Net,USD,,,2026-06-17
0.0,0.0,0.0,0.0,10000.0,10000.0,-200000.0,Recall,1900000.0,1900000.0,,,Pending Review,,1900000.0,10060,96177,7943,,Net,USD,0.0,,2026-06-24
0.0,250000.0,0.0,250000.0,10000.0,10000.0,-200000.0,Call,1500000.0,1500000.0,,,Pending Review,,1500000.0,10308,97761,7566,,Net,USD,0.0,,2026-07-01
0.0,250000.0,0.0,0.0,10000.0,10000.0,200000.0,Recall,2900000.0,2900000.0,,,Pending Review,,2900000.0,10387,93322,7561,,Net,USD,0.0,,2026-06-24
0.0,0.0,0.0,250000.0,10000.0,10000.0,300000.0,Recall,5000000.0,5000000.0,,,Pending Review,,5000000.0,10901,92579,7669,,Net,USD,0.0,,2026-06-10
0.0,0.0,0.0,250000.0,10000.0,10000.0,400000.0,Recall,3500000.0,3500000.0,,,Pending Review,,3500000.0,11978,92199,7314,,Net,USD,0.0,,2026-07-01
0.0,250000.0,0.0,250000.0,10000.0,10000.0,-100000.0,Call,700000.0,700000.0,,,Pending Review,,700000.0,10125,90113,7908,,Net,USD,0.0,,2026-07-01
0.0,0.0,0.0,0.0,10000.0,10000.0,-200000.0,ITM No Calls,1100000.0,1100000.0,,,Pending Review,,1100000.0,10167,99929,7236,,Net,USD,0.0,,2026-06-10
0.0,250000.0,0.0,0.0,10000.0,10000.0,300000.0,ITM No Calls,4800000.0,4800000.0,,,Pending Review,,4800000.0,10219,98451,7585,,Net,USD,0.0,,2026-07-01
0.0,0.0,0.0,250000.0,10000.0,10000.0,100000.0,ITM No Calls,2800000.0,2800000.0,,,Pending Review,,2800000.0,10960,90146,7537,,Net,USD,0.0,,2026-06-24
0.0,250000.0,0.0,250000.0,10000.0,10000.0,-200000.0,ITM No Calls,900000.0,900000.0,,,Pending Review,,900000.0,11558,99500,7878,,Net,USD,0.0,,2026-06-17
0.0,0.0,0.0,0.0,10000.0,10000.0,500000.0,Recall,800000.0,800000.0,,,Pending Review,,800000.0,11622,93178,7254,,Net,USD,0.0,,2026-06-24
0.0,0.0,0.0,0.0,10000.0,10000.0,-200000.0,Recall,1700000.0,1700000.0,,,Pending Review,,1700000.0,11598,93498,7126,,Net,USD,0.0,,2026-06-10
0.0,250000.0,0.0,0.0,10000.0,10000.0,200000.0,Call,2900000.0,2900000.0,,,Pending Review,,2900000.0,11231,94124,7796,,Net,USD,0.0,,2026-07-01
0.0,250000.0,0.0,0.0,10000.0,10000.0,0.0,Recall,2800000.0,2800000.0,,,Pending Review,,2800000.0,11689,92193,7157,,Net,USD,0.0,,2026-06-03
0.0,250000.0,0.0,0.0,10000.0,10000.0,500000.0,Call,3500000.0,3500000.0,,,Pending Review,,3500000.0,10109,90516,7509,,Net,USD,0.0,,2026-06-24
0.0,250000.0,0.0,0.0,10000.0,10000.0,-100000.0,ITM No Calls,2700000.0,2700000.0,,,No Call Required,,2700000.0,11000,97899,7602,,Net,USD,0.0,,2026-06-17
0.0,250000.0,0.0,250000.0,10000.0,10000.0,200000.0,ITM No Calls,3700000.0,3700000.0,,,Pending Review,,3700000.0,11932,98080,7798,,Net,USD,0.0,,2026-06-10
0.0,0.0,0.0,250000.0,10000.0,10000.0,400000.0,Recall,4100000.0,4100000.0,,,Pending Review,,4100000.0,10945,91954,7342,,Net,USD,0.0,,2026-07-01
0.0,0.0,0.0,0.0,10000.0,10000.0,400000.0,Recall,3700000.0,3700000.0,,,Pending Review,,3700000.0,11196,91112,7692,,Net,USD,0.0,,2026-06-03
0.0,0.0,0.0,0.0,10000.0,10000.0,100000.0,Call,1900000.0,1900000.0,,,Pending Review,,1900000.0,10053,97167,7155,,Net,USD,0.0,,2026-07-01
0.0,0.0,0.0,0.0,10000.0,10000.0,0.0,ITM No Calls,1200000.0,1200000.0,,,Pending Review,,1200000.0,11793,96792,7913,,Net,USD,0.0,,2026-06-17
0.0,0.0,0.0,250000.0,10000.0,10000.0,300000.0,ITM No Calls,100000.0,100000.0,,,Pending Review,,100000.0,10809,93544,7578,,Net,USD,0.0,,2026-07-01
0.0,0.0,0.0,0.0,10000.0,10000.0,500000.0,Call,4700000.0,4700000.0,,,Pending Review,,4700000.0,11055,90598,7585,,Net,USD,0.0,,2026-06-03
0.0,250000.0,0.0,0.0,10000.0,10000.0,200000.0,Call,3800000.0,3800000.0,,,No Call Required,,3800000.0,10098,95474,7265,,Net,USD,0.0,,2026-06-03
0.0,0.0,0.0,0.0,10000.0,10000.0,-100000.0,Call,3000000.0,3000000.0,,,No Call Required,,3000000.0,10491,96717,7974,,Net,USD,0.0,,2026-06-10
0.0,0.0,0.0,0.0,10000.0,10000.0,-100000.0,ITM No Calls,3700000.0,3700000.0,,,No Call Required,,3700000.0,10659,97209,7163,,Net,USD,0.0,,2026-06-10
0.0,0.0,0.0,0.0,10000.0,10000.0,100000.0,ITM No Calls,400000.0,400000.0,,,No Call Required,,400000.0,11607,98643,7194,,Net,USD,0.0,,2026-07-01
0.0,250000.0,0.0,250000.0,10000.0,10000.0,100000.0,ITM No Calls,800000.0,800000.0,,,No Call Required,,800000.0,10872,91191,7165,,Net,USD,0.0,,2026-06-17
0.0,250000.0,0.0,250000.0,10000.0,10000.0,-100000.0,Recall,4800000.0,4800000.0,,,Pending Review,,4800000.0,11540,91661,7683,,Net,USD,0.0,,2026-07-01
0.0,0.0,0.0,0.0,10000.0,10000.0,300000.0,Recall,1100000.0,1100000.0,,,Pending Review,,1100000.0,10334,97055,7708,,Net,USD,0.0,,2026-06-10
0.0,0.0,0.0,0.0,10000.0,10000.0,-200000.0,Call,4400000.0,4400000.0,,,No Call Required,,4400000.0,10705,96085,7749,,Net,USD,0.0,,2026-07-01
0.0,250000.0,0.0,250000.0,10000.0,10000.0,200000.0,Recall,3000000.0,3000000.0,,,Pending Review,,3000000.0,11706,91322,7543,,Net,USD,0.0,,2026-06-17
0.0,250000.0,0.0,250000.0,10000.0,10000.0,400000.0,Call,2500000.0,2500000.0,,,Pending Review,,2500000.0,10398,90266,7779,,Net,USD,0.0,,2026-06-03
0.0,0.0,0.0,250000.0,10000.0,10000.0,0.0,Call,3500000.0,3500000.0,,,Pending Review,,3500000.0,10343,91017,7034,,Net,USD,0.0,,2026-06-10
0.0,0.0,0.0,0.0,10000.0,10000.0,-200000.0,Call,1900000.0,1900000.0,,,Pending Review,,1900000.0,10556,92282,7110,,Net,USD,0.0,,2026-06-10
0.0,250000.0,0.0,250000.0,10000.0,10000.0,400000.0,Call,800000.0,800000.0,,,Pending Review,,800000.0,10531,92177,7971,,Net,USD,0.0,,2026-07-01
0.0,250000.0,0.0,250000.0,10000.0,10000.0,400000.0,ITM No Calls,1300000.0,1300000.0,,,Pending Review,,1300000.0,11235,91250,7450,,Net,USD,0.0,,2026-07-01
0.0,250000.0,0.0,250000.0,10000.0,10000.0,0.0,Call,2000000.0,2000000.0,,,No Call Required,,2000000.0,10616,98029,7217,,Net,USD,0.0,,2026-07-01
0.0,0.0,0.0,0.0,10000.0,10000.0,500000.0,ITM No Calls,0.0,0.0,,,No Call Required,,0.0,11471,95534,7476,,Net,USD,0.0,,2026-06-03
0.0,250000.0,0.0,250000.0,10000.0,10000.0,-200000.0,Call,2000000.0,2000000.0,,,Pending Review,,2000000.0,10164,97253,7481,,Net,USD,0.0,,2026-06-10
0.0,0.0,0.0,250000.0,10000.0,10000.0,300000.0,ITM No Calls,4600000.0,4600000.0,,,No Call Required,,4600000.0,11697,95000,7742,,Net,USD,0.0,,2026-06-03
0.0,0.0,0.0,250000.0,10000.0,10000.0,0.0,ITM No Calls,4400000.0,4400000.0,,,No Call Required,,4400000.0,11260,94171,7160,,Net,USD,0.0,,2026-06-17
0.0,0.0,0.0,250000.0,10000.0,10000.0,-100000.0,Recall,2800000.0,2800000.0,,,No Call Required,,2800000.0,10593,97933,7643,,Net,USD,0.0,,2026-06-10
0.0,0.0,0.0,0.0,10000.0,10000.0,-100000.0,ITM No Calls,3800000.0,3800000.0,,,Pending Review,,3800000.0,11067,97789,7551,,Net,USD,0.0,,2026-06-03
0.0,250000.0,0.0,0.0,10000.0,10000.0,200000.0,ITM No Calls,4400000.0,4400000.0,,,No Call Required,,4400000.0,11465,94401,7225,,Net,USD,0.0,,2026-07-01
0.0,0.0,0.0,250000.0,10000.0,10000.0,500000.0,ITM No Calls,3000000.0,3000000.0,,,No Call Required,,3000000.0,11544,93075,7440,,Net,USD,0.0,,2026-07-01
0.0,0.0,0.0,250000.0,10000.0,10000.0,100000.0,ITM No Calls,400000.0,400000.0,,,Pending Review,,400000.0,11001,96262,7518,,Net,USD,0.0,,2026-06-17
0.0,250000.0,0.0,250000.0,10000.0,10000.0,400000.0,Call,100000.0,100000.0,,,Pending Review,,100000.0,11483,91188,7959,,Net,USD,,,2026-06-17
0.0,250000.0,0.0,0.0,10000.0,10000.0,-200000.0,Recall,4000000.0,4000000.0,,,Pending Review,,4000000.0,11008,97013,7992,,Net,USD,0.0,,2026-06-24
0.0,250000.0,0.0,0.0,10000.0,10000.0,300000.0,Recall,2300000.0,2300000.0,,,No Call Required,,2300000.0,11536,95066,7000,,Net,USD,,,2026-06-03
0.0,0.0,0.0,0.0,10000.0,10000.0,300000.0,Call,4400000.0,4400000.0,,,Pending Review,,4400000.0,10429,94521,7790,,Net,USD,0.0,,2026-06-17
0.0,250000.0,0.0,250000.0,10000.0,10000.0,0.0,ITM No Calls,4100000.0,4100000.0,,,No Call Required,,4100000.0,10487,94989,7868,,Net,USD,0.0,,2026-06-24
0.0,0.0,0.0,250000.0,10000.0,10000.0,200000.0,Call,4100000.0,4100000.0,,,Pending Review,,4100000.0,11224,95671,7256,,Net,USD,0.0,,2026-06-24
0.0,0.0,0.0,0.0,10000.0,10000.0,400000.0,Recall,1100000.0,1100000.0,,,No Call Required,,1100000.0,11454,94119,7529,,Net,USD,0.0,,2026-06-24
0.0,250000.0,0.0,250000.0,10000.0,10000.0,300000.0,Recall,3600000.0,3600000.0,,,No Call Required,,3600000.0,11229,99512,7355,,Net,USD,0.0,,2026-07-01
0.0,250000.0,0.0,0.0,10000.0,10000.0,100000.0,Call,5000000.0,5000000.0,,,No Call Required,,5000000.0,11158,94356,7713,,Net,USD,0.0,,2026-07-01
0.0,0.0,0.0,0.0,10000.0,10000.0,100000.0,ITM No Calls,4900000.0,4900000.0,,,Pending Review,,4900000.0,11330,99624,7524,,Net,USD,0.0,,2026-07-01
0.0,250000.0,0.0,250000.0,10000.0,10000.0,0.0,ITM No Calls,2800000.0,2800000.0,,,No Call Required,,2800000.0,11275,99124,7273,,Net,USD,0.0,,2026-06-03
0.0,0.0,0.0,250000.0,10000.0,10000.0,200000.0,Call,0.0,0.0,,,No Call Required,,0.0,11229,95268,7554,,Net,USD,0.0,,2026-06-24
0.0,250000.0,0.0,0.0,10000.0,10000.0,500000.0,Recall,3000000.0,3000000.0,,,Pending Review,,3000000.0,11447,96067,7503,,Net,USD,0.0,,2026-07-01
0.0,250000.0,0.0,0.0,10000.0,10000.0,-100000.0,Recall,4200000.0,4200000.0,,,Pending Review,,4200000.0,11806,96522,7797,,Net,USD,0.0,,2026-06-17
0.0,0.0,0.0,250000.0,10000.0,10000.0,-200000.0,Recall,3100000.0,3100000.0,,,Pending Review,,3100000.0,11115,93256,7775,,Net,USD,0.0,,2026-06-03
0.0,250000.0,0.0,250000.0,10000.0,10000.0,-100000.0,Recall,1900000.0,1900000.0,,,Pending Review,,1900000.0,11148,92244,7533,,Net,USD,0.0,,2026-06-03
0.0,0.0,0.0,0.0,10000.0,10000.0,500000.0,Call,1700000.0,1700000.0,,,No Call Required,,1700000.0,10316,93539,7392,,Net,USD,0.0,,2026-07-01
0.0,250000.0,0.0,250000.0,10000.0,10000.0,300000.0,ITM No Calls,2400000.0,2400000.0,,,No Call Required,,2400000.0,10749,98466,7707,,Net,USD,0.0,,2026-06-24
0.0,250000.0,0.0,0.0,10000.0,10000.0,-100000.0,Recall,3000000.0,3000000.0,,,No Call Required,,3000000.0,11053,92060,7559,,Net,USD,0.0,,2026-07-01
0.0,0.0,0.0,250000.0,10000.0,10000.0,400000.0,Call,4300000.0,4300000.0,,,No Call Required,,4300000.0,10544,90097,7340,,Net,USD,0.0,,2026-06-10
0.0,0.0,0.0,250000.0,10000.0,10000.0,400000.0,ITM No Calls,1800000.0,1800000.0,,,No Call Required,,1800000.0,10801,95322,7513,,Net,USD,0.0,,2026-06-17
0.0,0.0,0.0,250000.0,10000.0,10000.0,100000.0,ITM No Calls,2100000.0,2100000.0,,,No Call Required,,2100000.0,11787,90311,7535,,Net,USD,0.0,,2026-06-03
0.0,250000.0,0.0,250000.0,10000.0,10000.0,400000.0,Recall,1500000.0,1500000.0,,,No Call Required,,1500000.0,11194,98330,7521,,Net,USD,0.0,,2026-07-01
0.0,0.0,0.0,250000.0,10000.0,10000.0,500000.0,ITM No Calls,600000.0,600000.0,,,No Call Required,,600000.0,11051,95968,7035,,Net,USD,0.0,,2026-06-24
0.0,0.0,0.0,0.0,10000.0,10000.0,500000.0,Recall,400000.0,400000.0,,,No Call Required,,400000.0,11194,93241,7828,,Net,USD,0.0,,2026-06-10
0.0,0.0,0.0,250000.0,10000.0,10000.0,300000.0,Call,1800000.0,1800000.0,,,Pending Review,,1800000.0,10462,98927,7922,,Net,USD,0.0,,2026-06-24
0.0,0.0,0.0,250000.0,10000.0,10000.0,400000.0,ITM No Calls,2700000.0,2700000.0,,,No Call Required,,2700000.0,10864,92636,7467,,Net,USD,0.0,,2026-06-17
0.0,250000.0,0.0,0.0,10000.0,10000.0,-100000.0,Call,1800000.0,1800000.0,,,No Call Required,,1800000.0,10181,90552,7099,,Net,USD,0.0,,2026-06-10
0.0,0.0,0.0,0.0,10000.0,10000.0,100000.0,ITM No Calls,2600000.0,2600000.0,,,Pending Review,,2600000.0,11159,90264,7300,,Net,USD,0.0,,2026-07-01
0.0,250000.0,0.0,0.0,10000.0,10000.0,-200000.0,Call,1100000.0,1100000.0,,,No Call Required,,1100000.0,10980,98239,7773,,Net,USD,0.0,,2026-06-17
0.0,0.0,0.0,250000.0,10000.0,10000.0,-100000.0,ITM No Calls,4800000.0,4800000.0,,,Pending Review,,4800000.0,10426,95466,7433,,Net,USD,0.0,,2026-06-10
0.0,250000.0,0.0,0.0,10000.0,10000.0,200000.0,ITM No Calls,4600000.0,4600000.0,,,No Call Required,,4600000.0,11917,94908,7717,,Net,USD,,,2026-06-03
0.0,250000.0,0.0,250000.0,10000.0,10000.0,100000.0,Call,3000000.0,3000000.0,,,No Call Required,,3000000.0,11876,94355,7646,,Net,USD,0.0,,2026-06-03
0.0,0.0,0.0,250000.0,10000.0,10000.0,200000.0,ITM No Calls,2100000.0,2100000.0,,,Pending Review,,2100000.0,10786,90898,7145,,Net,USD,0.0,,2026-06-10
0.0,0.0,0.0,0.0,10000.0,10000.0,-200000.0,Recall,1500000.0,1500000.0,,,Pending Review,,1500000.0,11170,93168,7975,,Net,USD,0.0,,2026-06-17
0.0,0.0,0.0,0.0,10000.0,10000.0,-100000.0,Recall,4600000.0,4600000.0,,,Pending Review,,4600000.0,10885,97159,7446,,Net,USD,0.0,,2026-06-10
0.0,250000.0,0.0,250000.0,10000.0,10000.0,100000.0,ITM No Calls,3500000.0,3500000.0,,,Pending Review,,3500000.0,11875,96318,7999,,Net,USD,0.0,,2026-07-01
0.0,250000.0,0.0,0.0,10000.0,10000.0,300000.0,Recall,200000.0,200000.0,,,No Call Required,,200000.0,10275,90587,7252,,Net,USD,0.0,,2026-06-10
0.0,250000.0,0.0,0.0,10000.0,10000.0,0.0,ITM No Calls,3900000.0,3900000.0,,,No Call Required,,3900000.0,10249,92932,7723,,Net,USD,0.0,,2026-06-03
0.0,250000.0,0.0,250000.0,10000.0,10000.0,500000.0,ITM No Calls,3100000.0,3100000.0,,,Pending Review,,3100000.0,10241,93931,7195,,Net,USD,0.0,,2026-07-01
0.0,0.0,0.0,250000.0,10000.0,10000.0,500000.0,ITM No Calls,1000000.0,1000000.0,,,Pending Review,,1000000.0,10826,90097,7090,,Net,USD,0.0,,2026-06-17
0.0,250000.0,0.0,0.0,10000.0,10000.0,300000.0,Call,1900000.0,1900000.0,,,No Call Required,,1900000.0,11691,90655,7787,,Net,USD,,,2026-06-03
0.0,250000.0,0.0,250000.0,10000.0,10000.0,-200000.0,Call,2000000.0,2000000.0,,,No Call Required,,2000000.0,10445,97114,7196,,Net,USD,0.0,,2026-06-24
0.0,250000.0,0.0,0.0,10000.0,10000.0,-100000.0,Recall,3600000.0,3600000.0,,,Pending Review,,3600000.0,10182,98519,7125,,Net,USD,,,2026-06-03
0.0,250000.0,0.0,0.0,10000.0,10000.0,-200000.0,Call,0.0,0.0,,,No Call Required,,0.0,10984,97766,7159,,Net,USD,0.0,,2026-07-01
0.0,250000.0,0.0,250000.0,10000.0,10000.0,300000.0,ITM No Calls,1400000.0,1400000.0,,,Pending Review,,1400000.0,11074,99600,7977,,Net,USD,0.0,,2026-07-01
0.0,0.0,0.0,0.0,10000.0,10000.0,-100000.0,ITM No Calls,4900000.0,4900000.0,,,No Call Required,,4900000.0,11382,98089,7630,,Net,USD,0.0,,2026-07-01
0.0,0.0,0.0,250000.0,10000.0,10000.0,400000.0,ITM No Calls,1700000.0,1700000.0,,,No Call Required,,1700000.0,11893,90365,7262,,Net,USD,0.0,,2026-07-01
0.0,250000.0,0.0,0.0,10000.0,10000.0,100000.0,ITM No Calls,2400000.0,2400000.0,,,Pending Review,,2400000.0,10134,94747,7662,,Net,USD,0.0,,2026-06-24
0.0,0.0,0.0,0.0,10000.0,10000.0,500000.0,ITM No Calls,3900000.0,3900000.0,,,No Call Required,,3900000.0,10016,97817,7239,,Net,USD,0.0,,2026-06-03
0.0,250000.0,0.0,0.0,10000.0,10000.0,500000.0,Recall,4700000.0,4700000.0,,,No Call Required,,4700000.0,10038,92191,7828,,Net,USD,0.0,,2026-06-24
0.0,0.0,0.0,250000.0,10000.0,10000.0,100000.0,Recall,900000.0,900000.0,,,No Call Required,,900000.0,10104,96541,7765,,Net,USD,0.0,,2026-07-01
0.0,250000.0,0.0,0.0,10000.0,10000.0,0.0,Recall,4200000.0,4200000.0,,,Pending Review,,4200000.0,10739,96167,7179,,Net,USD,0.0,,2026-06-03
0.0,0.0,0.0,0.0,10000.0,10000.0,-200000.0,Recall,2200000.0,2200000.0,,,Pending Review,,2200000.0,11556,95218,7201,,Net,USD,0.0,,2026-06-24
0.0,0.0,0.0,250000.0,10000.0,10000.0,400000.0,Call,3000000.0,3000000.0,,,No Call Required,,3000000.0,11544,95351,7923,,Net,USD,0.0,,2026-06-24
0.0,0.0,0.0,250000.0,10000.0,10000.0,500000.0,Call,1600000.0,1600000.0,,,No Call Required,,1600000.0,10799,98692,7603,,Net,USD,0.0,,2026-06-10
0.0,0.0,0.0,250000.0,10000.0,10000.0,200000.0,Call,3300000.0,3300000.0,,,No Call Required,,3300000.0,10818,92653,7454,,Net,USD,0.0,,2026-07-01
0.0,0.0,0.0,250000.0,10000.0,10000.0,400000.0,Call,0.0,0.0,,,Pending Review,,0.0,11605,95402,7971,,Net,USD,,,2026-06-03
0.0,250000.0,0.0,250000.0,10000.0,10000.0,-100000.0,Recall,1300000.0,1300000.0,,,Pending Review,,1300000.0,10578,95829,7935,,Net,USD,0.0,,2026-06-10
0.0,0.0,0.0,250000.0,10000.0,10000.0,300000.0,Recall,3800000.0,3800000.0,,,Pending Review,,3800000.0,10746,92129,7107,,Net,USD,0.0,,2026-07-01
0.0,250000.0,0.0,0.0,10000.0,10000.0,400000.0,Call,900000.0,900000.0,,,No Call Required,,900000.0,10458,99185,7015,,Net,USD,0.0,,2026-06-03
0.0,0.0,0.0,250000.0,10000.0,10000.0,100000.0,Recall,2800000.0,2800000.0,,,No Call Required,,2800000.0,11295,91352,7265,,Net,USD,0.0,,2026-07-01
0.0,0.0,0.0,0.0,10000.0,10000.0,100000.0,ITM No Calls,1000000.0,1000000.0,,,Pending Review,,1000000.0,11385,92377,7851,,Net,USD,0.0,,2026-07-01
0.0,250000.0,0.0,0.0,10000.0,10000.0,500000.0,Call,4100000.0,4100000.0,,,Pending Review,,4100000.0,10602,92286,7748,,Net,USD,0.0,,2026-06-03
0.0,0.0,0.0,250000.0,10000.0,10000.0,-100000.0,Recall,4900000.0,4900000.0,,,Pending Review,,4900000.0,10818,96006,7382,,Net,USD,0.0,,2026-06-03
0.0,0.0,0.0,0.0,10000.0,10000.0,500000.0,ITM No Calls,800000.0,800000.0,,,No Call Required,,800000.0,11926,92575,7931,,Net,USD,0.0,,2026-07-01
0.0,0.0,0.0,0.0,10000.0,10000.0,400000.0,Call,3200000.0,3200000.0,,,No Call Required,,3200000.0,11028,94727,7728,,Net,USD,0.0,,2026-06-10
0.0,250000.0,0.0,0.0,10000.0,10000.0,-200000.0,ITM No Calls,2200000.0,2200000.0,,,No Call Required,,2200000.0,10523,92127,7434,,Net,USD,0.0,,2026-06-24
0.0,0.0,0.0,0.0,10000.0,10000.0,100000.0,Call,1300000.0,1300000.0,,,Pending Review,,1300000.0,11053,91805,7220,,Net,USD,0.0,,2026-06-24
0.0,0.0,0.0,0.0,10000.0,10000.0,0.0,ITM No Calls,3400000.0,3400000.0,,,No Call Required,,3400000.0,11921,99115,7419,,Net,USD,0.0,,2026-06-10
0.0,250000.0,0.0,250000.0,10000.0,10000.0,100000.0,Recall,3200000.0,3200000.0,,,No Call Required,,3200000.0,11719,92290,7370,,Net,USD,0.0,,2026-06-03
0.0,250000.0,0.0,0.0,10000.0,10000.0,-100000.0,ITM No Calls,2200000.0,2200000.0,,,No Call Required,,2200000.0,11037,91009,7568,,Net,USD,,,2026-06-17
0.0,0.0,0.0,250000.0,10000.0,10000.0,300000.0,Recall,1500000.0,1500000.0,,,Pending Review,,1500000.0,11795,98573,7158,,Net,USD,0.0,,2026-06-24
0.0,0.0,0.0,250000.0,10000.0,10000.0,200000.0,ITM No Calls,4100000.0,4100000.0,,,Pending Review,,4100000.0,10883,94551,7033,,Net,USD,0.0,,2026-06-03
0.0,0.0,0.0,250000.0,10000.0,10000.0,500000.0,Call,4300000.0,4300000.0,,,Pending Review,,4300000.0,11770,93788,7627,,Net,USD,0.0,,2026-06-10
0.0,0.0,0.0,0.0,10000.0,10000.0,500000.0,Call,1900000.0,1900000.0,,,Pending Review,,1900000.0,10112,97850,7689,,Net,USD,0.0,,2026-06-17
0.0,250000.0,0.0,0.0,10000.0,10000.0,200000.0,Call,2500000.0,2500000.0,,,Pending Review,,2500000.0,11150,92957,7757,,Net,USD,0.0,,2026-06-17
0.0,0.0,0.0,0.0,10000.0,10000.0,500000.0,ITM No Calls,4200000.0,4200000.0,,,No Call Required,,4200000.0,10186,94141,7801,,Net,USD,0.0,,2026-07-01
0.0,250000.0,0.0,250000.0,10000.0,10000.0,300000.0,ITM No Calls,1400000.0,1400000.0,,,No Call Required,,1400000.0,10522,96308,7477,,Net,USD,0.0,,2026-07-01
0.0,250000.0,0.0,250000.0,10000.0,10000.0,0.0,Recall,3600000.0,3600000.0,,,No Call Required,,3600000.0,10670,99678,7420,,Net,USD,0.0,,2026-06-24
0.0,250000.0,0.0,250000.0,10000.0,10000.0,200000.0,Call,4700000.0,4700000.0,,,No Call Required,,4700000.0,11433,98749,7388,,Net,USD,0.0,,2026-06-10
0.0,0.0,0.0,0.0,10000.0,10000.0,100000.0,Recall,4700000.0,4700000.0,,,No Call Required,,4700000.0,11375,98592,7221,,Net,USD,0.0,,2026-07-01
0.0,0.0,0.0,0.0,10000.0,10000.0,-200000.0,Recall,1100000.0,1100000.0,,,Pending Review,,1100000.0,11572,90305,7496,,Net,USD,0.0,,2026-06-03
0.0,250000.0,0.0,250000.0,10000.0,10000.0,-100000.0,Recall,3700000.0,3700000.0,,,Pending Review,,3700000.0,10634,99769,7220,,Net,USD,0.0,,2026-06-10
0.0,250000.0,0.0,0.0,10000.0,10000.0,-200000.0,Recall,500000.0,500000.0,,,No Call Required,,500000.0,11874,94645,7369,,Net,USD,,,2026-07-01
0.0,250000.0,0.0,0.0,10000.0,10000.0,-200000.0,Call,200000.0,200000.0,,,No Call Required,,200000.0,11849,93433,7262,,Net,USD,,,2026-06-17
0.0,250000.0,0.0,0.0,10000.0,10000.0,-100000.0,Call,2100000.0,2100000.0,,,Pending Review,,2100000.0,11276,98908,7900,,Net,USD,0.0,,2026-06-10
0.0,250000.0,0.0,0.0,10000.0,10000.0,-100000.0,Recall,1300000.0,1300000.0,,,No Call Required,,1300000.0,10416,97143,7848,,Net,USD,0.0,,2026-06-17
0.0,250000.0,0.0,250000.0,10000.0,10000.0,300000.0,Call,2000000.0,2000000.0,,,No Call Required,,2000000.0,10578,94569,7929,,Net,USD,0.0,,2026-06-10
0.0,0.0,0.0,0.0,10000.0,10000.0,-200000.0,Call,900000.0,900000.0,,,No Call Required,,900000.0,11837,93251,7289,,Net,USD,0.0,,2026-06-24
0.0,0.0,0.0,0.0,10000.0,10000.0,-200000.0,Call,5000000.0,5000000.0,,,Pending Review,,5000000.0,11233,93015,7329,,Net,USD,0.0,,2026-06-10
0.0,0.0,0.0,250000.0,10000.0,10000.0,100000.0,ITM No Calls,1900000.0,1900000.0,,,Pending Review,,1900000.0,11456,94006,7115,,Net,USD,0.0,,2026-07-01
0.0,0.0,0.0,250000.0,10000.0,10000.0,-100000.0,Call,100000.0,100000.0,,,No Call Required,,100000.0,11310,90431,7135,,Net,USD,0.0,,2026-06-17
0.0,250000.0,0.0,250000.0,10000.0,10000.0,-100000.0,Recall,400000.0,400000.0,,,Pending Review,,400000.0,10814,98496,7423,,Net,USD,0.0,,2026-06-24
0.0,250000.0,0.0,250000.0,10000.0,10000.0,300000.0,Call,3300000.0,3300000.0,,,No Call Required,,3300000.0,10671,98595,7347,,Net,USD,,,2026-06-17
0.0,250000.0,0.0,0.0,10000.0,10000.0,0.0,Recall,3000000.0,3000000.0,,,No Call Required,,3000000.0,11894,94935,7068,,Net,USD,0.0,,2026-07-01
0.0,250000.0,0.0,250000.0,10000.0,10000.0,-100000.0,Recall,2700000.0,2700000.0,,,No Call Required,,2700000.0,10862,90396,7936,,Net,USD,0.0,,2026-06-10
0.0,0.0,0.0,250000.0,10000.0,10000.0,-100000.0,Call,800000.0,800000.0,,,Pending Review,,800000.0,11547,97255,7931,,Net,USD,0.0,,2026-06-24
0.0,0.0,0.0,0.0,10000.0,10000.0,100000.0,Recall,1000000.0,1000000.0,,,Pending Review,,1000000.0,10644,95583,7837,,Net,USD,0.0,,2026-06-17
0.0,250000.0,0.0,0.0,10000.0,10000.0,-200000.0,Recall,3100000.0,3100000.0,,,No Call Required,,3100000.0,11676,99218,7025,,Net,USD,0.0,,2026-06-17
0.0,0.0,0.0,250000.0,10000.0,10000.0,0.0,Recall,0.0,0.0,,,No Call Required,,0.0,10838,93613,7122,,Net,USD,0.0,,2026-06-10
0.0,250000.0,0.0,0.0,10000.0,10000.0,300000.0,Call,4900000.0,4900000.0,,,Pending Review,,4900000.0,10955,91609,7199,,Net,USD,0.0,,2026-06-10
0.0,0.0,0.0,250000.0,10000.0,10000.0,-100000.0,Call,800000.0,800000.0,,,Pending Review,,800000.0,10021,99490,7424,,Net,USD,0.0,,2026-06-10
0.0,0.0,0.0,250000.0,10000.0,10000.0,300000.0,Call,3000000.0,3000000.0,,,Pending Review,,3000000.0,11941,99225,7141,,Net,USD,0.0,,2026-06-10
0.0,0.0,0.0,0.0,10000.0,10000.0,500000.0,Call,1000000.0,1000000.0,,,Pending Review,,1000000.0,10723,97467,7581,,Net,USD,0.0,,2026-07-01
0.0,0.0,0.0,0.0,10000.0,10000.0,300000.0,Recall,900000.0,900000.0,,,Pending Review,,900000.0,11864,91250,7358,,Net,USD,0.0,,2026-06-10
0.0,0.0,0.0,0.0,10000.0,10000.0,100000.0,Call,1500000.0,1500000.0,,,Pending Review,,1500000.0,11312,92692,7782,,Net,USD,0.0,,2026-06-17
0.0,250000.0,0.0,250000.0,10000.0,10000.0,500000.0,ITM No Calls,1100000.0,1100000.0,,,Pending Review,,1100000.0,11717,95700,7824,,Net,USD,0.0,,2026-06-24
0.0,0.0,0.0,250000.0,10000.0,10000.0,500000.0,Recall,4900000.0,4900000.0,,,No Call Required,,4900000.0,10872,95244,7292,,Net,USD,0.0,,2026-06-17
0.0,250000.0,0.0,0.0,10000.0,10000.0,300000.0,ITM No Calls,4200000.0,4200000.0,,,No Call Required,,4200000.0,10955,91084,7592,,Net,USD,0.0,,2026-06-10
0.0,250000.0,0.0,0.0,10000.0,10000.0,-200000.0,Call,1600000.0,1600000.0,,,No Call Required,,1600000.0,11801,98726,7418,,Net,USD,0.0,,2026-07-01
0.0,0.0,0.0,0.0,10000.0,10000.0,400000.0,Call,3900000.0,3900000.0,,,No Call Required,,3900000.0,10013,94318,7176,,Net,USD,0.0,,2026-06-10
0.0,250000.0,0.0,250000.0,10000.0,10000.0,500000.0,Recall,500000.0,500000.0,,,No Call Required,,500000.0,11101,97979,7293,,Net,USD,0.0,,2026-06-24
0.0,0.0,0.0,0.0,10000.0,10000.0,-200000.0,ITM No Calls,4400000.0,4400000.0,,,No Call Required,,4400000.0,10858,93327,7606,,Net,USD,0.0,,2026-06-03
0.0,0.0,0.0,0.0,10000.0,10000.0,400000.0,Call,200000.0,200000.0,,,Pending Review,,200000.0,10311,96288,7942,,Net,USD,0.0,,2026-07-01
0.0,250000.0,0.0,250000.0,10000.0,10000.0,100000.0,Recall,2600000.0,2600000.0,,,No Call Required,,2600000.0,10700,98471,7884,,Net,USD,0.0,,2026-06-24
0.0,250000.0,0.0,0.0,10000.0,10000.0,-200000.0,Recall,4800000.0,4800000.0,,,Pending Review,,4800000.0,11782,91444,7210,,Net,USD,0.0,,2026-06-24
0.0,250000.0,0.0,0.0,10000.0,10000.0,-100000.0,ITM No Calls,3900000.0,3900000.0,,,No Call Required,,3900000.0,11778,90545,7094,,Net,USD,0.0,,2026-06-24
0.0,0.0,0.0,250000.0,10000.0,10000.0,400000.0,Call,4400000.0,4400000.0,,,No Call Required,,4400000.0,11235,97057,7789,,Net,USD,0.0,,2026-06-17
0.0,0.0,0.0,0.0,10000.0,10000.0,100000.0,ITM No Calls,700000.0,700000.0,,,No Call Required,,700000.0,11901,91555,7113,,Net,USD,0.0,,2026-07-01
0.0,0.0,0.0,0.0,10000.0,10000.0,0.0,Call,200000.0,200000.0,,,Pending Review,,200000.0,11522,96044,7473,,Net,USD,0.0,,2026-06-03
0.0,0.0,0.0,250000.0,10000.0,10000.0,-200000.0,Recall,4400000.0,4400000.0,,,No Call Required,,4400000.0,10968,95545,7417,,Net,USD,0.0,,2026-06-03
0.0,250000.0,0.0,0.0,10000.0,10000.0,400000.0,ITM No Calls,300000.0,300000.0,,,No Call Required,,300000.0,11415,97299,7043,,Net,USD,0.0,,2026-07-01
0.0,0.0,0.0,0.0,10000.0,10000.0,500000.0,Recall,2400000.0,2400000.0,,,Pending Review,,2400000.0,10846,92007,7862,,Net,USD,0.0,,2026-07-01
0.0,250000.0,0.0,250000.0,10000.0,10000.0,100000.0,ITM No Calls,900000.0,900000.0,,,Pending Review,,900000.0,10755,91903,7374,,Net,USD,0.0,,2026-06-24
0.0,0.0,0.0,0.0,10000.0,10000.0,-200000.0,ITM No Calls,2900000.0,2900000.0,,,No Call Required,,2900000.0,11777,98465,7837,,Net,USD,0.0,,2026-06-24
0.0,0.0,0.0,250000.0,10000.0,10000.0,200000.0,Recall,4400000.0,4400000.0,,,No Call Required,,4400000.0,11904,99674,7358,,Net,USD,0.0,,2026-06-17
0.0,250000.0,0.0,0.0,10000.0,10000.0,200000.0,Recall,3200000.0,3200000.0,,,Pending Review,,3200000.0,11805,95503,7731,,Net,USD,0.0,,2026-07-01
0.0,250000.0,0.0,0.0,10000.0,10000.0,300000.0,ITM No Calls,1700000.0,1700000.0,,,Pending Review,,1700000.0,10776,95981,7646,,Net,USD,0.0,,2026-06-03
0.0,0.0,0.0,0.0,10000.0,10000.0,-100000.0,ITM No Calls,1700000.0,1700000.0,,,No Call Required,,1700000.0,10306,97710,7365,,Net,USD,0.0,,2026-06-24
0.0,0.0,0.0,0.0,10000.0,10000.0,500000.0,Recall,1900000.0,1900000.0,,,Pending Review,,1900000.0,10639,93866,7410,,Net,USD,,,2026-06-17
0.0,0.0,0.0,0.0,10000.0,10000.0,400000.0,ITM No Calls,3500000.0,3500000.0,,,No Call Required,,3500000.0,11224,92849,7798,,Net,USD,0.0,,2026-06-10
0.0,250000.0,0.0,0.0,10000.0,10000.0,500000.0,ITM No Calls,3600000.0,3600000.0,,,Pending Review,,3600000.0,11658,97885,7021,,Net,USD,0.0,,2026-06-24
0.0,0.0,0.0,0.0,10000.0,10000.0,100000.0,Recall,1300000.0,1300000.0,,,Pending Review,,1300000.0,10314,98748,7420,,Net,USD,0.0,,2026-06-17
0.0,250000.0,0.0,0.0,10000.0,10000.0,200000.0,ITM No Calls,5000000.0,5000000.0,,,No Call Required,,5000000.0,10641,98733,7904,,Net,USD,0.0,,2026-06-10
0.0,0.0,0.0,0.0,10000.0,10000.0,200000.0,Recall,200000.0,200000.0,,,No Call Required,,200000.0,11286,95243,7726,,Net,USD,0.0,,2026-06-03
0.0,0.0,0.0,250000.0,10000.0,10000.0,400000.0,Call,2400000.0,2400000.0,,,No Call Required,,2400000.0,11311,98253,7397,,Net,USD,0.0,,2026-07-01
0.0,250000.0,0.0,250000.0,10000.0,10000.0,100000.0,ITM No Calls,1100000.0,1100000.0,,,No Call Required,,1100000.0,10042,91916,7398,,Net,USD,0.0,,2026-06-10
0.0,250000.0,0.0,0.0,10000.0,10000.0,300000.0,ITM No Calls,4100000.0,4100000.0,,,Pending Review,,4100000.0,11657,90111,7461,,Net,USD,0.0,,2026-06-24
0.0,0.0,0.0,0.0,10000.0,10000.0,200000.0,Recall,4800000.0,4800000.0,,,Pending Review,,4800000.0,10844,99864,7429,,Net,USD,0.0,,2026-06-24
0.0,250000.0,0.0,250000.0,10000.0,10000.0,200000.0,Recall,4800000.0,4800000.0,,,No Call Required,,4800000.0,10518,97975,7341,,Net,USD,0.0,,2026-06-03
0.0,250000.0,0.0,0.0,10000.0,10000.0,300000.0,Recall,4300000.0,4300000.0,,,Pending Review,,4300000.0,11011,90593,7474,,Net,USD,0.0,,2026-06-03
0.0,0.0,0.0,250000.0,10000.0,10000.0,100000.0,Call,0.0,0.0,,,Pending Review,,0.0,10330,92871,7611,,Net,USD,0.0,,2026-06-03
0.0,0.0,0.0,0.0,10000.0,10000.0,500000.0,Call,4000000.0,4000000.0,,,No Call Required,,4000000.0,10129,92649,7618,,Net,USD,0.0,,2026-07-01
0.0,250000.0,0.0,0.0,10000.0,10000.0,200000.0,Recall,3100000.0,3100000.0,,,Pending Review,,3100000.0,11038,96659,7883,,Net,USD,0.0,,2026-07-01
0.0,0.0,0.0,250000.0,10000.0,10000.0,100000.0,Call,400000.0,400000.0,,,No Call Required,,400000.0,10918,96536,7605,,Net,USD,0.0,,2026-06-10
0.0,250000.0,0.0,250000.0,10000.0,10000.0,300000.0,Recall,4400000.0,4400000.0,,,Pending Review,,4400000.0,11665,99079,7870,,Net,USD,0.0,,2026-06-03
0.0,0.0,0.0,0.0,10000.0,10000.0,500000.0,Call,4300000.0,4300000.0,,,Pending Review,,4300000.0,11560,90017,7513,,Net,USD,0.0,,2026-07-01
0.0,250000.0,0.0,0.0,10000.0,10000.0,200000.0,Call,5000000.0,5000000.0,,,Pending Review,,5000000.0,11265,92983,7269,,Net,USD,0.0,,2026-06-24
0.0,0.0,0.0,250000.0,10000.0,10000.0,-100000.0,ITM No Calls,900000.0,900000.0,,,Pending Review,,900000.0,10523,95947,7984,,Net,USD,,,2026-07-01
0.0,0.0,0.0,0.0,10000.0,10000.0,-200000.0,Recall,2900000.0,2900000.0,,,Pending Review,,2900000.0,10723,92835,7053,,Net,USD,0.0,,2026-06-03
0.0,250000.0,0.0,0.0,10000.0,10000.0,0.0,ITM No Calls,2300000.0,2300000.0,,,Pending Review,,2300000.0,10293,90564,7004,,Net,USD,0.0,,2026-06-03
0.0,250000.0,0.0,250000.0,10000.0,10000.0,500000.0,ITM No Calls,4800000.0,4800000.0,,,No Call Required,,4800000.0,10965,92292,7773,,Net,USD,0.0,,2026-06-03
0.0,250000.0,0.0,250000.0,10000.0,10000.0,300000.0,ITM No Calls,2300000.0,2300000.0,,,No Call Required,,2300000.0,11320,96352,7324,,Net,USD,0.0,,2026-07-01
0.0,0.0,0.0,250000.0,10000.0,10000.0,100000.0,Recall,3400000.0,3400000.0,,,Pending Review,,3400000.0,11720,91196,7122,,Net,USD,0.0,,2026-07-01
0.0,0.0,0.0,250000.0,10000.0,10000.0,0.0,ITM No Calls,1700000.0,1700000.0,,,No Call Required,,1700000.0,10082,97169,7737,,Net,USD,0.0,,2026-06-03
0.0,250000.0,0.0,250000.0,10000.0,10000.0,-100000.0,ITM No Calls,3700000.0,3700000.0,,,Pending Review,,3700000.0,11303,98281,7460,,Net,USD,0.0,,2026-06-10
0.0,250000.0,0.0,250000.0,10000.0,10000.0,-200000.0,Recall,800000.0,800000.0,,,No Call Required,,800000.0,10440,95614,7669,,Net,USD,0.0,,2026-06-17
0.0,250000.0,0.0,0.0,10000.0,10000.0,200000.0,Recall,2600000.0,2600000.0,,,No Call Required,,2600000.0,10953,92054,7207,,Net,USD,0.0,,2026-07-01
0.0,0.0,0.0,0.0,10000.0,10000.0,-200000.0,Recall,4500000.0,4500000.0,,,No Call Required,,4500000.0,11612,98055,7603,,Net,USD,0.0,,2026-06-03
0.0,0.0,0.0,0.0,10000.0,10000.0,100000.0,ITM No Calls,2200000.0,2200000.0,,,Pending Review,,2200000.0,10119,93189,7619,,Net,USD,0.0,,2026-06-03
0.0,0.0,0.0,250000.0,10000.0,10000.0,300000.0,ITM No Calls,0.0,0.0,,,Pending Review,,0.0,10912,98195,7179,,Net,USD,0.0,,2026-06-17
0.0,0.0,0.0,0.0,10000.0,10000.0,400000.0,Call,200000.0,200000.0,,,Pending Review,,200000.0,10949,98369,7055,,Net,USD,0.0,,2026-06-17
0.0,0.0,0.0,0.0,10000.0,10000.0,500000.0,ITM No Calls,2300000.0,2300000.0,,,Pending Review,,2300000.0,10243,94823,7295,,Net,USD,0.0,,2026-06-17
0.0,0.0,0.0,0.0,10000.0,10000.0,-200000.0,Call,3900000.0,3900000.0,,,No Call Required,,3900000.0,10900,96202,7233,,Net,USD,0.0,,2026-06-17
0.0,0.0,0.0,0.0,10000.0,10000.0,-200000.0,ITM No Calls,4100000.0,4100000.0,,,No Call Required,,4100000.0,11783,90875,7772,,Net,USD,0.0,,2026-06-24
0.0,250000.0,0.0,0.0,10000.0,10000.0,300000.0,ITM No Calls,2200000.0,2200000.0,,,Pending Review,,2200000.0,11183,95250,7721,,Net,USD,0.0,,2026-06-03
0.0,0.0,0.0,250000.0,10000.0,10000.0,-100000.0,Recall,3200000.0,3200000.0,,,Pending Review,,3200000.0,11419,95335,7080,,Net,USD,0.0,,2026-06-17
0.0,0.0,0.0,250000.0,10000.0,10000.0,300000.0,ITM No Calls,1500000.0,1500000.0,,,No Call Required,,1500000.0,10914,95695,7261,,Net,USD,0.0,,2026-06-10
0.0,0.0,0.0,0.0,10000.0,10000.0,-100000.0,Recall,1400000.0,1400000.0,,,Pending Review,,1400000.0,10468,98026,7864,,Net,USD,0.0,,2026-06-03
0.0,0.0,0.0,0.0,10000.0,10000.0,500000.0,Recall,2900000.0,2900000.0,,,No Call Required,,2900000.0,11248,90084,7598,,Net,USD,0.0,,2026-06-10
0.0,0.0,0.0,0.0,10000.0,10000.0,500000.0,Call,500000.0,500000.0,,,No Call Required,,500000.0,10994,99824,7905,,Net,USD,0.0,,2026-07-01
0.0,250000.0,0.0,250000.0,10000.0,10000.0,500000.0,Call,2300000.0,2300000.0,,,Pending Review,,2300000.0,11178,93303,7950,,Net,USD,0.0,,2026-07-01
0.0,0.0,0.0,0.0,10000.0,10000.0,-200000.0,Recall,3500000.0,3500000.0,,,Pending Review,,3500000.0,10518,90414,7674,,Net,USD,,,2026-06-17
0.0,250000.0,0.0,250000.0,10000.0,10000.0,400000.0,Recall,3700000.0,3700000.0,,,Pending Review,,3700000.0,11671,91981,7876,,Net,USD,0.0,,2026-06-17
0.0,250000.0,0.0,0.0,10000.0,10000.0,-200000.0,ITM No Calls,2300000.0,2300000.0,,,No Call Required,,2300000.0,11098,95063,7254,,Net,USD,,,2026-06-03
0.0,0.0,0.0,0.0,10000.0,10000.0,100000.0,Call,4300000.0,4300000.0,,,Pending Review,,4300000.0,10999,90674,7607,,Net,USD,0.0,,2026-06-17
0.0,0.0,0.0,0.0,10000.0,10000.0,100000.0,Recall,500000.0,500000.0,,,Pending Review,,500000.0,11874,97501,7439,,Net,USD,0.0,,2026-06-03
0.0,0.0,0.0,0.0,10000.0,10000.0,-100000.0,Recall,4900000.0,4900000.0,,,Pending Review,,4900000.0,11209,90324,7530,,Net,USD,0.0,,2026-06-24
0.0,250000.0,0.0,250000.0,10000.0,10000.0,500000.0,Call,4700000.0,4700000.0,,,No Call Required,,4700000.0,11550,93434,7041,,Net,USD,0.0,,2026-07-01
0.0,0.0,0.0,0.0,10000.0,10000.0,-100000.0,ITM No Calls,1600000.0,1600000.0,,,Pending Review,,1600000.0,11975,98339,7657,,Net,USD,0.0,,2026-06-03
0.0,0.0,0.0,250000.0,10000.0,10000.0,-200000.0,Call,4600000.0,4600000.0,,,No Call Required,,4600000.0,10616,94782,7243,,Net,USD,0.0,,2026-06-03
0.0,250000.0,0.0,250000.0,10000.0,10000.0,-200000.0,Call,4700000.0,4700000.0,,,Pending Review,,4700000.0,10854,90477,7409,,Net,USD,0.0,,2026-06-10
0.0,250000.0,0.0,0.0,10000.0,10000.0,-200000.0,ITM No Calls,100000.0,100000.0,,,Pending Review,,100000.0,11532,95321,7424,,Net,USD,0.0,,2026-06-03
0.0,250000.0,0.0,0.0,10000.0,10000.0,0.0,Call,2400000.0,2400000.0,,,No Call Required,,2400000.0,11228,92755,7265,,Net,USD,0.0,,2026-06-24
0.0,250000.0,0.0,0.0,10000.0,10000.0,400000.0,ITM No Calls,400000.0,400000.0,,,Pending Review,,400000.0,11440,94589,7445,,Net,USD,0.0,,2026-06-03
0.0,0.0,0.0,250000.0,10000.0,10000.0,500000.0,Recall,1300000.0,1300000.0,,,No Call Required,,1300000.0,11028,96470,7724,,Net,USD,,,2026-06-03
0.0,250000.0,0.0,250000.0,10000.0,10000.0,400000.0,Call,1900000.0,1900000.0,,,No Call Required,,1900000.0,11692,92714,7887,,Net,USD,0.0,,2026-07-01
0.0,250000.0,0.0,250000.0,10000.0,10000.0,200000.0,ITM No Calls,5000000.0,5000000.0,,,No Call Required,,5000000.0,10505,90223,7717,,Net,USD,0.0,,2026-06-10
0.0,0.0,0.0,250000.0,10000.0,10000.0,300000.0,ITM No Calls,300000.0,300000.0,,,Pending Review,,300000.0,11956,91932,7231,,Net,USD,0.0,,2026-06-24
0.0,0.0,0.0,0.0,10000.0,10000.0,-100000.0,ITM No Calls,4400000.0,4400000.0,,,Pending Review,,4400000.0,10238,90531,7412,,Net,USD,0.0,,2026-06-17
0.0,0.0,0.0,0.0,10000.0,10000.0,400000.0,Recall,2000000.0,2000000.0,,,Pending Review,,2000000.0,10401,91797,7259,,Net,USD,0.0,,2026-06-17
0.0,250000.0,0.0,0.0,10000.0,10000.0,100000.0,Recall,0.0,0.0,,,Pending Review,,0.0,10175,97837,7835,,Net,USD,0.0,,2026-06-10
0.0,250000.0,0.0,250000.0,10000.0,10000.0,-100000.0,Call,800000.0,800000.0,,,No Call Required,,800000.0,11321,95964,7080,,Net,USD,,,2026-06-17
0.0,250000.0,0.0,0.0,10000.0,10000.0,-200000.0,Call,3800000.0,3800000.0,,,Pending Review,,3800000.0,10995,91031,7502,,Net,USD,0.0,,2026-06-17
0.0,250000.0,0.0,250000.0,10000.0,10000.0,100000.0,Recall,400000.0,400000.0,,,Pending Review,,400000.0,10800,99760,7254,,Net,USD,0.0,,2026-07-01
0.0,250000.0,0.0,250000.0,10000.0,10000.0,400000.0,ITM No Calls,500000.0,500000.0,,,No Call Required,,500000.0,11160,99762,7913,,Net,USD,0.0,,2026-06-24
0.0,250000.0,0.0,250000.0,10000.0,10000.0,-100000.0,Call,4000000.0,4000000.0,,,No Call Required,,4000000.0,10896,92382,7473,,Net,USD,0.0,,2026-06-24
0.0,250000.0,0.0,250000.0,10000.0,10000.0,200000.0,Recall,4500000.0,4500000.0,,,No Call Required,,4500000.0,11353,98415,7927,,Net,USD,0.0,,2026-06-24
0.0,0.0,0.0,250000.0,10000.0,10000.0,0.0,Recall,4700000.0,4700000.0,,,Pending Review,,4700000.0,11328,92554,7124,,Net,USD,0.0,,2026-07-01
0.0,0.0,0.0,0.0,10000.0,10000.0,0.0,Call,1100000.0,1100000.0,,,No Call Required,,1100000.0,11638,95851,7111,,Net,USD,,,2026-07-01
0.0,250000.0,0.0,250000.0,10000.0,10000.0,0.0,Call,600000.0,600000.0,,,Pending Review,,600000.0,11403,94251,7699,,Net,USD,0.0,,2026-06-24
0.0,250000.0,0.0,250000.0,10000.0,10000.0,-200000.0,ITM No Calls,0.0,0.0,,,No Call Required,,0.0,11638,99607,7651,,Net,USD,,,2026-06-03
0.0,250000.0,0.0,250000.0,10000.0,10000.0,300000.0,Call,1100000.0,1100000.0,,,Pending Review,,1100000.0,10792,93728,7015,,Net,USD,0.0,,2026-06-10
0.0,250000.0,0.0,250000.0,10000.0,10000.0,200000.0,Recall,3700000.0,3700000.0,,,Pending Review,,3700000.0,11459,91081,7500,,Net,USD,0.0,,2026-06-24
0.0,0.0,0.0,250000.0,10000.0,10000.0,300000.0,ITM No Calls,1000000.0,1000000.0,,,No Call Required,,1000000.0,11250,98771,7717,,Net,USD,0.0,,2026-06-24
0.0,250000.0,0.0,0.0,10000.0,10000.0,500000.0,ITM No Calls,3500000.0,3500000.0,,,No Call Required,,3500000.0,10810,93647,7159,,Net,USD,0.0,,2026-06-10
0.0,0.0,0.0,250000.0,10000.0,10000.0,200000.0,Call,500000.0,500000.0,,,No Call Required,,500000.0,11105,98262,7719,,Net,USD,0.0,,2026-06-24
0.0,250000.0,0.0,0.0,10000.0,10000.0,400000.0,ITM No Calls,2200000.0,2200000.0,,,No Call Required,,2200000.0,11157,93219,7589,,Net,USD,0.0,,2026-06-24
0.0,250000.0,0.0,0.0,10000.0,10000.0,500000.0,Recall,1600000.0,1600000.0,,,No Call Required,,1600000.0,10382,91994,7586,,Net,USD,0.0,,2026-06-24
0.0,0.0,0.0,250000.0,10000.0,10000.0,200000.0,Call,4400000.0,4400000.0,,,Pending Review,,4400000.0,12000,98895,7895,,Net,USD,0.0,,2026-06-03
0.0,0.0,0.0,250000.0,10000.0,10000.0,100000.0,ITM No Calls,3200000.0,3200000.0,,,No Call Required,,3200000.0,11595,97089,7471,,Net,USD,0.0,,2026-06-03
0.0,250000.0,0.0,250000.0,10000.0,10000.0,-100000.0,ITM No Calls,800000.0,800000.0,,,No Call Required,,800000.0,10023,98370,7659,,Net,USD,0.0,,2026-06-24
0.0,0.0,0.0,0.0,10000.0,10000.0,100000.0,Recall,4800000.0,4800000.0,,,Pending Review,,4800000.0,10274,99819,7081,,Net,USD,0.0,,2026-06-03
0.0,0.0,0.0,250000.0,10000.0,10000.0,500000.0,Call,400000.0,400000.0,,,Pending Review,,400000.0,10050,97622,7566,,Net,USD,0.0,,2026-06-10
0.0,0.0,0.0,0.0,10000.0,10000.0,0.0,Recall,900000.0,900000.0,,,Pending Review,,900000.0,10433,99811,7610,,Net,USD,0.0,,2026-06-10
0.0,0.0,0.0,0.0,10000.0,10000.0,0.0,ITM No Calls,2900000.0,2900000.0,,,Pending Review,,2900000.0,11048,91887,7800,,Net,USD,0.0,,2026-06-03
0.0,0.0,0.0,0.0,10000.0,10000.0,100000.0,ITM No Calls,3800000.0,3800000.0,,,No Call Required,,3800000.0,11381,96444,7542,,Net,USD,,,2026-06-03
0.0,250000.0,0.0,250000.0,10000.0,10000.0,0.0,Call,1800000.0,1800000.0,,,No Call Required,,1800000.0,11553,98183,7451,,Net,USD,0.0,,2026-06-17
0.0,0.0,0.0,250000.0,10000.0,10000.0,-100000.0,Call,500000.0,500000.0,,,No Call Required,,500000.0,10674,95558,7845,,Net,USD,0.0,,2026-07-01
0.0,250000.0,0.0,250000.0,10000.0,10000.0,-100000.0,ITM No Calls,4800000.0,4800000.0,,,Pending Review,,4800000.0,11124,99039,7439,,Net,USD,0.0,,2026-06-24
0.0,250000.0,0.0,250000.0,10000.0,10000.0,500000.0,Call,200000.0,200000.0,,,Pending Review,,200000.0,11048,99123,7446,,Net,USD,0.0,,2026-07-01
0.0,0.0,0.0,250000.0,10000.0,10000.0,0.0,Call,3700000.0,3700000.0,,,Pending Review,,3700000.0,10366,95655,7384,,Net,USD,0.0,,2026-06-24
0.0,250000.0,0.0,250000.0,10000.0,10000.0,500000.0,ITM No Calls,2400000.0,2400000.0,,,No Call Required,,2400000.0,11324,97527,7041,,Net,USD,0.0,,2026-06-10
0.0,250000.0,0.0,0.0,10000.0,10000.0,200000.0,Recall,800000.0,800000.0,,,Pending Review,,800000.0,11129,99192,7263,,Net,USD,0.0,,2026-07-01
0.0,0.0,0.0,0.0,10000.0,10000.0,100000.0,Call,200000.0,200000.0,,,No Call Required,,200000.0,10517,90748,7059,,Net,USD,0.0,,2026-06-24
0.0,0.0,0.0,250000.0,10000.0,10000.0,200000.0,Call,2800000.0,2800000.0,,,No Call Required,,2800000.0,11857,95252,7207,,Net,USD,0.0,,2026-06-17
0.0,250000.0,0.0,250000.0,10000.0,10000.0,200000.0,Call,1500000.0,1500000.0,,,Pending Review,,1500000.0,11387,90697,7790,,Net,USD,0.0,,2026-07-01
0.0,250000.0,0.0,250000.0,10000.0,10000.0,300000.0,Recall,2500000.0,2500000.0,,,No Call Required,,2500000.0,10767,97971,7078,,Net,USD,0.0,,2026-06-17
0.0,0.0,0.0,250000.0,10000.0,10000.0,500000.0,Recall,4800000.0,4800000.0,,,Pending Review,,4800000.0,11989,98712,7916,,Net,USD,0.0,,2026-07-01
0.0,0.0,0.0,0.0,10000.0,10000.0,500000.0,ITM No Calls,3000000.0,3000000.0,,,No Call Required,,3000000.0,11044,92368,7887,,Net,USD,0.0,,2026-06-24
0.0,250000.0,0.0,250000.0,10000.0,10000.0,-100000.0,ITM No Calls,4700000.0,4700000.0,,,Pending Review,,4700000.0,10441,94613,7491,,Net,USD,0.0,,2026-06-03
0.0,250000.0,0.0,250000.0,10000.0,10000.0,0.0,Call,1600000.0,1600000.0,,,Pending Review,,1600000.0,11446,90014,7186,,Net,USD,0.0,,2026-06-03
0.0,250000.0,0.0,250000.0,10000.0,10000.0,400000.0,Recall,1100000.0,1100000.0,,,No Call Required,,1100000.0,10227,99280,7896,,Net,USD,0.0,,2026-07-01
0.0,250000.0,0.0,250000.0,10000.0,10000.0,400000.0,ITM No Calls,3900000.0,3900000.0,,,Pending Review,,3900000.0,11190,96066,7604,,Net,USD,0.0,,2026-06-03
0.0,250000.0,0.0,0.0,10000.0,10000.0,500000.0,ITM No Calls,400000.0,400000.0,,,Pending Review,,400000.0,11477,94750,7318,,Net,USD,0.0,,2026-06-24
0.0,0.0,0.0,0.0,10000.0,10000.0,0.0,ITM No Calls,2500000.0,2500000.0,,,Pending Review,,2500000.0,11890,91188,7783,,Net,USD,0.0,,2026-06-24
0.0,250000.0,0.0,250000.0,10000.0,10000.0,-200000.0,ITM No Calls,700000.0,700000.0,,,No Call Required,,700000.0,11921,99921,7390,,Net,USD,0.0,,2026-06-10
0.0,0.0,0.0,0.0,10000.0,10000.0,400000.0,ITM No Calls,2500000.0,2500000.0,,,No Call Required,,2500000.0,10092,98947,7074,,Net,USD,0.0,,2026-06-10
0.0,250000.0,0.0,250000.0,10000.0,10000.0,400000.0,ITM No Calls,2100000.0,2100000.0,,,Pending Review,,2100000.0,10356,93782,7375,,Net,USD,0.0,,2026-07-01
0.0,250000.0,0.0,250000.0,10000.0,10000.0,300000.0,ITM No Calls,4200000.0,4200000.0,,,Pending Review,,4200000.0,10850,91975,7562,,Net,USD,0.0,,2026-06-17
0.0,0.0,0.0,0.0,10000.0,10000.0,-200000.0,ITM No Calls,4100000.0,4100000.0,,,Pending Review,,4100000.0,10374,92156,7813,,Net,USD,0.0,,2026-06-10
0.0,250000.0,0.0,0.0,10000.0,10000.0,-200000.0,ITM No Calls,1100000.0,1100000.0,,,No Call Required,,1100000.0,11889,91956,7509,,Net,USD,0.0,,2026-06-03
0.0,0.0,0.0,0.0,10000.0,10000.0,0.0,ITM No Calls,2000000.0,2000000.0,,,No Call Required,,2000000.0,11377,97256,7175,,Net,USD,,,2026-06-17
0.0,250000.0,0.0,0.0,10000.0,10000.0,400000.0,Call,2100000.0,2100000.0,,,No Call Required,,2100000.0,11039,93026,7913,,Net,USD,0.0,,2026-06-17
0.0,0.0,0.0,250000.0,10000.0,10000.0,400000.0,Call,4800000.0,4800000.0,,,Pending Review,,4800000.0,11281,99819,7704,,Net,USD,0.0,,2026-06-10
0.0,250000.0,0.0,0.0,10000.0,10000.0,200000.0,Call,1700000.0,1700000.0,,,Pending Review,,1700000.0,10209,92375,7124,,Net,USD,0.0,,2026-06-03
0.0,250000.0,0.0,0.0,10000.0,10000.0,0.0,ITM No Calls,4300000.0,4300000.0,,,No Call Required,,4300000.0,10499,93529,7066,,Net,USD,0.0,,2026-06-10
0.0,250000.0,0.0,250000.0,10000.0,10000.0,100000.0,Call,1600000.0,1600000.0,,,Pending Review,,1600000.0,11782,94800,7466,,Net,USD,0.0,,2026-07-01
0.0,250000.0,0.0,250000.0,10000.0,10000.0,-100000.0,Recall,4000000.0,4000000.0,,,No Call Required,,4000000.0,10326,93020,7296,,Net,USD,0.0,,2026-06-17
0.0,250000.0,0.0,0.0,10000.0,10000.0,500000.0,Call,600000.0,600000.0,,,No Call Required,,600000.0,10136,97175,7967,,Net,USD,,,2026-07-01
0.0,0.0,0.0,250000.0,10000.0,10000.0,-200000.0,Recall,400000.0,400000.0,,,No Call Required,,400000.0,11443,92422,7153,,Net,USD,0.0,,2026-06-03
0.0,0.0,0.0,0.0,10000.0,10000.0,0.0,Call,4500000.0,4500000.0,,,No Call Required,,4500000.0,11236,90787,7274,,Net,USD,0.0,,2026-06-17
0.0,0.0,0.0,250000.0,10000.0,10000.0,-100000.0,Call,5000000.0,5000000.0,,,Pending Review,,5000000.0,10083,93301,7870,,Net,USD,0.0,,2026-07-01
0.0,0.0,0.0,0.0,10000.0,10000.0,-200000.0,Call,200000.0,200000.0,,,No Call Required,,200000.0,11178,96141,7269,,Net,USD,0.0,,2026-06-24
0.0,250000.0,0.0,0.0,10000.0,10000.0,0.0,Call,200000.0,200000.0,,,Pending Review,,200000.0,10502,94024,7964,,Net,USD,0.0,,2026-06-10
0.0,0.0,0.0,0.0,10000.0,10000.0,0.0,Call,600000.0,600000.0,,,Pending Review,,600000.0,11897,93455,7950,,Net,USD,0.0,,2026-06-17
0.0,250000.0,0.0,250000.0,10000.0,10000.0,500000.0,Recall,4500000.0,4500000.0,,,Pending Review,,4500000.0,10088,99224,7409,,Net,USD,,,2026-06-17
0.0,0.0,0.0,0.0,10000.0,10000.0,-100000.0,Call,700000.0,700000.0,,,Pending Review,,700000.0,11758,94433,7384,,Net,USD,0.0,,2026-06-03
0.0,0.0,0.0,250000.0,10000.0,10000.0,400000.0,ITM No Calls,4000000.0,4000000.0,,,Pending Review,,4000000.0,10272,90025,7915,,Net,USD,0.0,,2026-06-03
0.0,0.0,0.0,250000.0,10000.0,10000.0,300000.0,Call,500000.0,500000.0,,,No Call Required,,500000.0,11377,94626,7329,,Net,USD,0.0,,2026-07-01
0.0,250000.0,0.0,250000.0,10000.0,10000.0,100000.0,ITM No Calls,500000.0,500000.0,,,Pending Review,,500000.0,11167,97625,7910,,Net,USD,0.0,,2026-06-10
0.0,0.0,0.0,0.0,10000.0,10000.0,0.0,ITM No Calls,2800000.0,2800000.0,,,No Call Required,,2800000.0,10963,90881,7893,,Net,USD,0.0,,2026-06-17
0.0,250000.0,0.0,250000.0,10000.0,10000.0,200000.0,Call,4800000.0,4800000.0,,,No Call Required,,4800000.0,10775,96238,7497,,Net,USD,0.0,,2026-06-10
0.0,0.0,0.0,0.0,10000.0,10000.0,0.0,Call,1000000.0,1000000.0,,,Pending Review,,1000000.0,11800,96335,7396,,Net,USD,0.0,,2026-06-17
0.0,0.0,0.0,0.0,10000.0,10000.0,300000.0,Recall,3500000.0,3500000.0,,,Pending Review,,3500000.0,10929,94159,7812,,Net,USD,,,2026-07-01
0.0,250000.0,0.0,250000.0,10000.0,10000.0,500000.0,Recall,2800000.0,2800000.0,,,Pending Review,,2800000.0,11061,97378,7949,,Net,USD,0.0,,2026-06-03
0.0,0.0,0.0,250000.0,10000.0,10000.0,-200000.0,Call,4700000.0,4700000.0,,,Pending Review,,4700000.0,10552,99866,7394,,Net,USD,0.0,,2026-06-03
0.0,250000.0,0.0,0.0,10000.0,10000.0,400000.0,ITM No Calls,4400000.0,4400000.0,,,Pending Review,,4400000.0,11749,91012,7689,,Net,USD,0.0,,2026-06-24
0.0,0.0,0.0,0.0,10000.0,10000.0,-100000.0,Call,100000.0,100000.0,,,Pending Review,,100000.0,10827,96820,7806,,Net,USD,0.0,,2026-06-10
0.0,250000.0,0.0,0.0,10000.0,10000.0,400000.0,ITM No Calls,2900000.0,2900000.0,,,No Call Required,,2900000.0,10393,94676,7530,,Net,USD,0.0,,2026-06-10
0.0,0.0,0.0,250000.0,10000.0,10000.0,100000.0,Recall,1600000.0,1600000.0,,,Pending Review,,1600000.0,10026,98979,7522,,Net,USD,0.0,,2026-06-17
0.0,250000.0,0.0,0.0,10000.0,10000.0,300000.0,Recall,3000000.0,3000000.0,,,No Call Required,,3000000.0,11911,91880,7829,,Net,USD,0.0,,2026-06-10
0.0,0.0,0.0,0.0,10000.0,10000.0,-100000.0,Call,2200000.0,2200000.0,,,Pending Review,,2200000.0,10491,99670,7099,,Net,USD,0.0,,2026-06-03
0.0,0.0,0.0,0.0,10000.0,10000.0,500000.0,Recall,300000.0,300000.0,,,No Call Required,,300000.0,10433,90612,7439,,Net,USD,0.0,,2026-06-24
0.0,250000.0,0.0,0.0,10000.0,10000.0,200000.0,ITM No Calls,400000.0,400000.0,,,No Call Required,,400000.0,10414,98496,7641,,Net,USD,0.0,,2026-06-10
0.0,0.0,0.0,250000.0,10000.0,10000.0,0.0,Recall,100000.0,100000.0,,,Pending Review,,100000.0,10653,95963,7871,,Net,USD,0.0,,2026-07-01
0.0,250000.0,0.0,250000.0,10000.0,10000.0,0.0,ITM No Calls,4100000.0,4100000.0,,,No Call Required,,4100000.0,10027,99502,7016,,Net,USD,0.0,,2026-06-17
0.0,250000.0,0.0,0.0,10000.0,10000.0,100000.0,ITM No Calls,3700000.0,3700000.0,,,Pending Review,,3700000.0,10437,97019,7956,,Net,USD,0.0,,2026-06-17
0.0,0.0,0.0,0.0,10000.0,10000.0,100000.0,Call,3100000.0,3100000.0,,,No Call Required,,3100000.0,10907,91868,7046,,Net,USD,0.0,,2026-06-03
0.0,0.0,0.0,250000.0,10000.0,10000.0,-200000.0,ITM No Calls,300000.0,300000.0,,,Pending Review,,300000.0,10157,94900,7053,,Net,USD,0.0,,2026-07-01
0.0,0.0,0.0,250000.0,10000.0,10000.0,400000.0,Call,2700000.0,2700000.0,,,Pending Review,,2700000.0,10318,92182,7108,,Net,USD,0.0,,2026-07-01
0.0,250000.0,0.0,0.0,10000.0,10000.0,-200000.0,ITM No Calls,3300000.0,3300000.0,,,No Call Required,,3300000.0,11345,95077,7495,,Net,USD,0.0,,2026-07-01
0.0,0.0,0.0,250000.0,10000.0,10000.0,300000.0,Recall,100000.0,100000.0,,,Pending Review,,100000.0,10826,96139,7781,,Net,USD,0.0,,2026-06-24
0.0,0.0,0.0,250000.0,10000.0,10000.0,400000.0,Recall,1500000.0,1500000.0,,,Pending Review,,1500000.0,11837,91431,7761,,Net,USD,0.0,,2026-06-10
0.0,0.0,0.0,250000.0,10000.0,10000.0,200000.0,ITM No Calls,600000.0,600000.0,,,Pending Review,,600000.0,11346,99265,7233,,Net,USD,0.0,,2026-07-01
0.0,0.0,0.0,250000.0,10000.0,10000.0,300000.0,Recall,2800000.0,2800000.0,,,No Call Required,,2800000.0,11238,97076,7636,,Net,USD,0.0,,2026-06-03
0.0,0.0,0.0,0.0,10000.0,10000.0,500000.0,ITM No Calls,5000000.0,5000000.0,,,Pending Review,,5000000.0,10032,94080,7108,,Net,USD,0.0,,2026-06-03
0.0,250000.0,0.0,250000.0,10000.0,10000.0,400000.0,Call,1300000.0,1300000.0,,,No Call Required,,1300000.0,11291,96116,7812,,Net,USD,0.0,,2026-06-24
0.0,0.0,0.0,250000.0,10000.0,10000.0,-200000.0,Call,2200000.0,2200000.0,,,Pending Review,,2200000.0,10478,98090,7235,,Net,USD,0.0,,2026-06-17
0.0,0.0,0.0,250000.0,10000.0,10000.0,-200000.0,Call,2600000.0,2600000.0,,,No Call Required,,2600000.0,11618,92742,7248,,Net,USD,0.0,,2026-07-01
0.0,0.0,0.0,250000.0,10000.0,10000.0,200000.0,Recall,3600000.0,3600000.0,,,No Call Required,,3600000.0,11839,93365,7621,,Net,USD,0.0,,2026-07-01
0.0,0.0,0.0,0.0,10000.0,10000.0,0.0,Call,4300000.0,4300000.0,,,No Call Required,,4300000.0,10969,93516,7456,,Net,USD,0.0,,2026-06-24
0.0,250000.0,0.0,0.0,10000.0,10000.0,100000.0,ITM No Calls,3800000.0,3800000.0,,,No Call Required,,3800000.0,10330,97196,7913,,Net,USD,0.0,,2026-06-24
0.0,250000.0,0.0,0.0,10000.0,10000.0,0.0,ITM No Calls,2100000.0,2100000.0,,,Pending Review,,2100000.0,11542,92053,7880,,Net,USD,0.0,,2026-07-01
0.0,250000.0,0.0,0.0,10000.0,10000.0,100000.0,Call,200000.0,200000.0,,,No Call Required,,200000.0,10609,92862,7676,,Net,USD,0.0,,2026-06-17
0.0,250000.0,0.0,250000.0,10000.0,10000.0,-100000.0,Recall,4400000.0,4400000.0,,,No Call Required,,4400000.0,11826,96572,7582,,Net,USD,0.0,,2026-07-01
0.0,250000.0,0.0,250000.0,10000.0,10000.0,-200000.0,Call,2200000.0,2200000.0,,,No Call Required,,2200000.0,11451,93832,7796,,Net,USD,0.0,,2026-07-01
0.0,250000.0,0.0,0.0,10000.0,10000.0,-200000.0,ITM No Calls,4500000.0,4500000.0,,,No Call Required,,4500000.0,10643,98277,7394,,Net,USD,0.0,,2026-06-17
0.0,250000.0,0.0,0.0,10000.0,10000.0,-200000.0,ITM No Calls,5000000.0,5000000.0,,,Pending Review,,5000000.0,11964,94027,7888,,Net,USD,0.0,,2026-06-03
0.0,0.0,0.0,0.0,10000.0,10000.0,300000.0,Recall,800000.0,800000.0,,,No Call Required,,800000.0,11025,99338,7718,,Net,USD,0.0,,2026-06-03
0.0,250000.0,0.0,0.0,10000.0,10000.0,500000.0,Recall,3500000.0,3500000.0,,,No Call Required,,3500000.0,11178,94978,7026,,Net,USD,0.0,,2026-06-17
0.0,0.0,0.0,0.0,10000.0,10000.0,200000.0,Call,700000.0,700000.0,,,Pending Review,,700000.0,10522,91053,7128,,Net,USD,0.0,,2026-06-24
0.0,250000.0,0.0,0.0,10000.0,10000.0,200000.0,Recall,4500000.0,4500000.0,,,Pending Review,,4500000.0,11564,93772,7556,,Net,USD,0.0,,2026-06-17
0.0,250000.0,0.0,0.0,10000.0,10000.0,100000.0,ITM No Calls,500000.0,500000.0,,,Pending Review,,500000.0,11092,93064,7211,,Net,USD,,,2026-06-17
0.0,250000.0,0.0,0.0,10000.0,10000.0,200000.0,Call,3800000.0,3800000.0,,,No Call Required,,3800000.0,11785,90659,7578,,Net,USD,0.0,,2026-06-17
0.0,0.0,0.0,250000.0,10000.0,10000.0,-200000.0,ITM No Calls,3500000.0,3500000.0,,,Pending Review,,3500000.0,10508,99611,7827,,Net,USD,0.0,,2026-06-17
0.0,0.0,0.0,250000.0,10000.0,10000.0,100000.0,Call,4700000.0,4700000.0,,,No Call Required,,4700000.0,10759,93313,7566,,Net,USD,0.0,,2026-06-24
0.0,0.0,0.0,250000.0,10000.0,10000.0,-100000.0,ITM No Calls,500000.0,500000.0,,,No Call Required,,500000.0,10870,93100,7980,,Net,USD,0.0,,2026-06-10
0.0,0.0,0.0,0.0,10000.0,10000.0,400000.0,ITM No Calls,3000000.0,3000000.0,,,No Call Required,,3000000.0,11197,97014,7529,,Net,USD,0.0,,2026-07-01
0.0,0.0,0.0,250000.0,10000.0,10000.0,0.0,Call,4300000.0,4300000.0,,,Pending Review,,4300000.0,10166,97315,7529,,Net,USD,0.0,,2026-06-03
0.0,250000.0,0.0,250000.0,10000.0,10000.0,500000.0,Recall,3200000.0,3200000.0,,,Pending Review,,3200000.0,11566,97350,7346,,Net,USD,0.0,,2026-06-10
0.0,0.0,0.0,250000.0,10000.0,10000.0,100000.0,Call,4100000.0,4100000.0,,,Pending Review,,4100000.0,11127,92979,7988,,Net,USD,0.0,,2026-06-03
0.0,0.0,0.0,250000.0,10000.0,10000.0,0.0,Call,3300000.0,3300000.0,,,No Call Required,,3300000.0,10158,97587,7434,,Net,USD,0.0,,2026-06-10
0.0,0.0,0.0,0.0,10000.0,10000.0,500000.0,Call,3500000.0,3500000.0,,,Pending Review,,3500000.0,10384,93422,7620,,Net,USD,0.0,,2026-06-03
0.0,250000.0,0.0,250000.0,10000.0,10000.0,200000.0,Recall,4400000.0,4400000.0,,,No Call Required,,4400000.0,11697,91321,7371,,Net,USD,0.0,,2026-07-01
0.0,250000.0,0.0,250000.0,10000.0,10000.0,-200000.0,Call,4500000.0,4500000.0,,,Pending Review,,4500000.0,10857,90937,7201,,Net,USD,0.0,,2026-06-24
0.0,250000.0,0.0,0.0,10000.0,10000.0,500000.0,Recall,2500000.0,2500000.0,,,Pending Review,,2500000.0,10556,99184,7953,,Net,USD,0.0,,2026-06-17
0.0,250000.0,0.0,0.0,10000.0,10000.0,200000.0,Call,1300000.0,1300000.0,,,No Call Required,,1300000.0,11686,93753,7457,,Net,USD,0.0,,2026-06-03
0.0,250000.0,0.0,0.0,10000.0,10000.0,200000.0,Call,4300000.0,4300000.0,,,Pending Review,,4300000.0,10834,91025,7701,,Net,USD,0.0,,2026-06-03
0.0,0.0,0.0,0.0,10000.0,10000.0,300000.0,ITM No Calls,200000.0,200000.0,,,Pending Review,,200000.0,11998,98281,7939,,Net,USD,,,2026-07-01
0.0,250000.0,0.0,250000.0,10000.0,10000.0,-200000.0,Call,1800000.0,1800000.0,,,No Call Required,,1800000.0,10226,91172,7714,,Net,USD,0.0,,2026-06-24
0.0,250000.0,0.0,250000.0,10000.0,10000.0,0.0,ITM No Calls,3600000.0,3600000.0,,,Pending Review,,3600000.0,10623,97128,7114,,Net,USD,0.0,,2026-06-03
0.0,250000.0,0.0,0.0,10000.0,10000.0,400000.0,Recall,2400000.0,2400000.0,,,No Call Required,,2400000.0,10025,95742,7476,,Net,USD,0.0,,2026-06-24
0.0,0.0,0.0,250000.0,10000.0,10000.0,-200000.0,Recall,1000000.0,1000000.0,,,Pending Review,,1000000.0,10086,95119,7843,,Net,USD,,,2026-07-01
0.0,0.0,0.0,250000.0,10000.0,10000.0,-200000.0,ITM No Calls,3900000.0,3900000.0,,,No Call Required,,3900000.0,11445,97871,7636,,Net,USD,0.0,,2026-06-03
0.0,0.0,0.0,0.0,10000.0,10000.0,0.0,Recall,800000.0,800000.0,,,No Call Required,,800000.0,11304,97313,7028,,Net,USD,0.0,,2026-06-17
0.0,0.0,0.0,250000.0,10000.0,10000.0,100000.0,ITM No Calls,4500000.0,4500000.0,,,Pending Review,,4500000.0,10968,92179,7072,,Net,USD,0.0,,2026-06-03
0.0,250000.0,0.0,0.0,10000.0,10000.0,-200000.0,ITM No Calls,800000.0,800000.0,,,No Call Required,,800000.0,10989,91109,7342,,Net,USD,0.0,,2026-06-10
0.0,0.0,0.0,0.0,10000.0,10000.0,200000.0,Call,4100000.0,4100000.0,,,No Call Required,,4100000.0,10823,93449,7022,,Net,USD,0.0,,2026-06-17
0.0,0.0,0.0,0.0,10000.0,10000.0,300000.0,Recall,4300000.0,4300000.0,,,Pending Review,,4300000.0,10644,96453,7339,,Net,USD,0.0,,2026-06-17
0.0,0.0,0.0,0.0,10000.0,10000.0,400000.0,Call,3300000.0,3300000.0,,,No Call Required,,3300000.0,10863,99229,7070,,Net,USD,,,2026-06-10
0.0,0.0,0.0,250000.0,10000.0,10000.0,0.0,Recall,3800000.0,3800000.0,,,No Call Required,,3800000.0,10922,98445,7656,,Net,USD,0.0,,2026-06-17
0.0,0.0,0.0,0.0,10000.0,10000.0,-100000.0,Recall,900000.0,900000.0,,,No Call Required,,900000.0,11231,94079,7754,,Net,USD,0.0,,2026-06-10
0.0,0.0,0.0,250000.0,10000.0,10000.0,-200000.0,Recall,1400000.0,1400000.0,,,No Call Required,,1400000.0,11370,99745,7133,,Net,USD,0.0,,2026-06-10
0.0,0.0,0.0,0.0,10000.0,10000.0,-200000.0,Call,800000.0,800000.0,,,No Call Required,,800000.0,10372,91096,7425,,Net,USD,,,2026-06-10
0.0,0.0,0.0,0.0,10000.0,10000.0,0.0,ITM No Calls,1300000.0,1300000.0,,,Pending Review,,1300000.0,10716,96451,7208,,Net,USD,0.0,,2026-06-24
0.0,0.0,0.0,250000.0,10000.0,10000.0,300000.0,ITM No Calls,4800000.0,4800000.0,,,No Call Required,,4800000.0,10877,99972,7185,,Net,USD,0.0,,2026-07-01
0.0,250000.0,0.0,250000.0,10000.0,10000.0,-200000.0,Call,3700000.0,3700000.0,,,No Call Required,,3700000.0,10678,99656,7382,,Net,USD,0.0,,2026-06-03
0.0,0.0,0.0,250000.0,10000.0,10000.0,300000.0,Recall,3500000.0,3500000.0,,,No Call Required,,3500000.0,11552,96244,7935,,Net,USD,0.0,,2026-06-03
0.0,250000.0,0.0,0.0,10000.0,10000.0,400000.0,Recall,800000.0,800000.0,,,No Call Required,,800000.0,11566,92334,7848,,Net,USD,0.0,,2026-06-03
0.0,250000.0,0.0,0.0,10000.0,10000.0,-200000.0,Recall,1900000.0,1900000.0,,,Pending Review,,1900000.0,10518,94326,7101,,Net,USD,0.0,,2026-06-10
0.0,250000.0,0.0,0.0,10000.0,10000.0,0.0,Call,100000.0,100000.0,,,Pending Review,,100000.0,11716,95552,7017,,Net,USD,0.0,,2026-06-03
0.0,0.0,0.0,250000.0,10000.0,10000.0,500000.0,Call,2500000.0,2500000.0,,,Pending Review,,2500000.0,11583,93905,7993,,Net,USD,0.0,,2026-06-24
0.0,250000.0,0.0,0.0,10000.0,10000.0,300000.0,Call,0.0,0.0,,,Pending Review,,0.0,10431,92852,7675,,Net,USD,0.0,,2026-06-17
0.0,0.0,0.0,0.0,10000.0,10000.0,500000.0,Call,3600000.0,3600000.0,,,No Call Required,,3600000.0,10224,96116,7121,,Net,USD,0.0,,2026-06-17
0.0,250000.0,0.0,250000.0,10000.0,10000.0,100000.0,ITM No Calls,2700000.0,2700000.0,,,No Call Required,,2700000.0,10294,96156,7297,,Net,USD,0.0,,2026-07-01
0.0,250000.0,0.0,250000.0,10000.0,10000.0,300000.0,Call,2400000.0,2400000.0,,,No Call Required,,2400000.0,10151,96038,7977,,Net,USD,0.0,,2026-06-03
0.0,0.0,0.0,0.0,10000.0,10000.0,200000.0,Call,1500000.0,1500000.0,,,Pending Review,,1500000.0,11289,90872,7137,,Net,USD,,,2026-06-03
0.0,0.0,0.0,250000.0,10000.0,10000.0,200000.0,Call,4300000.0,4300000.0,,,No Call Required,,4300000.0,10530,92463,7515,,Net,USD,0.0,,2026-06-24
0.0,0.0,0.0,250000.0,10000.0,10000.0,400000.0,ITM No Calls,2600000.0,2600000.0,,,Pending Review,,2600000.0,10797,92516,7184,,Net,USD,0.0,,2026-06-10
0.0,250000.0,0.0,250000.0,10000.0,10000.0,200000.0,ITM No Calls,1400000.0,1400000.0,,,No Call Required,,1400000.0,11911,93811,7154,,Net,USD,0.0,,2026-06-03
0.0,250000.0,0.0,0.0,10000.0,10000.0,0.0,Call,1600000.0,1600000.0,,,Pending Review,,1600000.0,11633,93686,7358,,Net,USD,0.0,,2026-06-17
0.0,0.0,0.0,250000.0,10000.0,10000.0,400000.0,Recall,1100000.0,1100000.0,,,No Call Required,,1100000.0,10640,94473,7850,,Net,USD,0.0,,2026-06-17
0.0,0.0,0.0,0.0,10000.0,10000.0,500000.0,Call,3900000.0,3900000.0,,,Pending Review,,3900000.0,11507,90291,7801,,Net,USD,0.0,,2026-06-03
0.0,0.0,0.0,250000.0,10000.0,10000.0,-100000.0,Call,3100000.0,3100000.0,,,Pending Review,,3100000.0,11379,99837,7913,,Net,USD,,,2026-06-03
0.0,250000.0,0.0,250000.0,10000.0,10000.0,-100000.0,Recall,1900000.0,1900000.0,,,Pending Review,,1900000.0,10460,96055,7660,,Net,USD,0.0,,2026-06-10
0.0,250000.0,0.0,250000.0,10000.0,10000.0,-100000.0,Call,4100000.0,4100000.0,,,No Call Required,,4100000.0,11281,93183,7086,,Net,USD,,,2026-06-10
0.0,250000.0,0.0,0.0,10000.0,10000.0,-100000.0,ITM No Calls,400000.0,400000.0,,,Pending Review,,400000.0,10994,95042,7490,,Net,USD,0.0,,2026-07-01
0.0,250000.0,0.0,250000.0,10000.0,10000.0,100000.0,Recall,1800000.0,1800000.0,,,No Call Required,,1800000.0,10037,91237,7562,,Net,USD,0.0,,2026-07-01
0.0,0.0,0.0,0.0,10000.0,10000.0,100000.0,Recall,1100000.0,1100000.0,,,No Call Required,,1100000.0,11859,95941,7649,,Net,USD,0.0,,2026-07-01
0.0,0.0,0.0,250000.0,10000.0,10000.0,-200000.0,ITM No Calls,2800000.0,2800000.0,,,No Call Required,,2800000.0,11521,94295,7552,,Net,USD,0.0,,2026-06-17
0.0,0.0,0.0,0.0,10000.0,10000.0,500000.0,Recall,100000.0,100000.0,,,No Call Required,,100000.0,11938,98247,7389,,Net,USD,0.0,,2026-06-17
0.0,250000.0,0.0,0.0,10000.0,10000.0,300000.0,ITM No Calls,4100000.0,4100000.0,,,No Call Required,,4100000.0,11128,94845,7340,,Net,USD,0.0,,2026-06-17
0.0,250000.0,0.0,250000.0,10000.0,10000.0,200000.0,ITM No Calls,1100000.0,1100000.0,,,No Call Required,,1100000.0,10129,93992,7949,,Net,USD,0.0,,2026-06-10
0.0,250000.0,0.0,0.0,10000.0,10000.0,400000.0,ITM No Calls,3200000.0,3200000.0,,,No Call Required,,3200000.0,11847,99894,7195,,Net,USD,0.0,,2026-06-24
0.0,0.0,0.0,250000.0,10000.0,10000.0,0.0,ITM No Calls,3000000.0,3000000.0,,,No Call Required,,3000000.0,11852,97760,7314,,Net,USD,0.0,,2026-06-03
0.0,0.0,0.0,0.0,10000.0,10000.0,-100000.0,Recall,4400000.0,4400000.0,,,Pending Review,,4400000.0,10711,97674,7458,,Net,USD,0.0,,2026-06-17
0.0,0.0,0.0,0.0,10000.0,10000.0,100000.0,ITM No Calls,900000.0,900000.0,,,Pending Review,,900000.0,11599,97043,7535,,Net,USD,0.0,,2026-06-17
0.0,250000.0,0.0,0.0,10000.0,10000.0,300000.0,Recall,1300000.0,1300000.0,,,Pending Review,,1300000.0,10561,97583,7084,,Net,USD,0.0,,2026-06-03
0.0,250000.0,0.0,250000.0,10000.0,10000.0,400000.0,Call,600000.0,600000.0,,,No Call Required,,600000.0,11696,96368,7825,,Net,USD,0.0,,2026-06-03
0.0,0.0,0.0,250000.0,10000.0,10000.0,300000.0,Recall,4900000.0,4900000.0,,,No Call Required,,4900000.0,11316,95809,7278,,Net,USD,0.0,,2026-06-24
0.0,250000.0,0.0,0.0,10000.0,10000.0,200000.0,Call,3900000.0,3900000.0,,,No Call Required,,3900000.0,10884,98119,7951,,Net,USD,0.0,,2026-06-10
0.0,0.0,0.0,0.0,10000.0,10000.0,100000.0,Recall,1100000.0,1100000.0,,,No Call Required,,1100000.0,10371,92195,7161,,Net,USD,0.0,,2026-07-01
0.0,250000.0,0.0,0.0,10000.0,10000.0,0.0,Call,4000000.0,4000000.0,,,Pending Review,,4000000.0,11598,91253,7579,,Net,USD,0.0,,2026-06-24
0.0,250000.0,0.0,0.0,10000.0,10000.0,-100000.0,Call,4700000.0,4700000.0,,,Pending Review,,4700000.0,11207,90453,7010,,Net,USD,0.0,,2026-06-10
0.0,0.0,0.0,0.0,10000.0,10000.0,100000.0,Recall,2700000.0,2700000.0,,,No Call Required,,2700000.0,10448,92572,7881,,Net,USD,0.0,,2026-06-03
0.0,250000.0,0.0,0.0,10000.0,10000.0,0.0,Call,2700000.0,2700000.0,,,No Call Required,,2700000.0,11744,91548,7094,,Net,USD,0.0,,2026-07-01
0.0,250000.0,0.0,0.0,10000.0,10000.0,200000.0,Recall,800000.0,800000.0,,,No Call Required,,800000.0,11379,99318,7188,,Net,USD,,,2026-06-24
0.0,0.0,0.0,250000.0,10000.0,10000.0,-200000.0,Call,3100000.0,3100000.0,,,Pending Review,,3100000.0,10092,90826,7188,,Net,USD,0.0,,2026-06-03
0.0,250000.0,0.0,250000.0,10000.0,10000.0,0.0,ITM No Calls,4200000.0,4200000.0,,,No Call Required,,4200000.0,11649,96388,7130,,Net,USD,0.0,,2026-07-01
0.0,250000.0,0.0,0.0,10000.0,10000.0,-100000.0,ITM No Calls,300000.0,300000.0,,,No Call Required,,300000.0,10050,95356,7085,,Net,USD,,,2026-06-03
0.0,0.0,0.0,0.0,10000.0,10000.0,100000.0,ITM No Calls,500000.0,500000.0,,,Pending Review,,500000.0,11999,96159,7541,,Net,USD,,,2026-07-01
0.0,250000.0,0.0,0.0,10000.0,10000.0,300000.0,ITM No Calls,500000.0,500000.0,,,No Call Required,,500000.0,10141,95525,7382,,Net,USD,0.0,,2026-06-03
0.0,250000.0,0.0,0.0,10000.0,10000.0,-200000.0,Recall,4900000.0,4900000.0,,,Pending Review,,4900000.0,11807,98120,7291,,Net,USD,0.0,,2026-06-24
0.0,0.0,0.0,250000.0,10000.0,10000.0,100000.0,ITM No Calls,2600000.0,2600000.0,,,Pending Review,,2600000.0,11689,97834,7923,,Net,USD,0.0,,2026-06-10
0.0,0.0,0.0,0.0,10000.0,10000.0,-100000.0,ITM No Calls,3200000.0,3200000.0,,,Pending Review,,3200000.0,11462,95814,7456,,Net,USD,0.0,,2026-06-10
0.0,250000.0,0.0,0.0,10000.0,10000.0,-200000.0,Call,1700000.0,1700000.0,,,Pending Review,,1700000.0,10460,92056,7058,,Net,USD,0.0,,2026-07-01
0.0,250000.0,0.0,250000.0,10000.0,10000.0,0.0,Call,4600000.0,4600000.0,,,Pending Review,,4600000.0,11931,98051,7255,,Net,USD,,,2026-07-01
0.0,250000.0,0.0,0.0,10000.0,10000.0,-100000.0,ITM No Calls,3500000.0,3500000.0,,,Pending Review,,3500000.0,11963,98444,7730,,Net,USD,,,2026-06-03
0.0,250000.0,0.0,0.0,10000.0,10000.0,0.0,Call,4100000.0,4100000.0,,,Pending Review,,4100000.0,11307,93695,7744,,Net,USD,0.0,,2026-06-03
0.0,0.0,0.0,250000.0,10000.0,10000.0,500000.0,Call,3900000.0,3900000.0,,,No Call Required,,3900000.0,10135,98686,7559,,Net,USD,0.0,,2026-06-10
0.0,0.0,0.0,0.0,10000.0,10000.0,500000.0,Call,4100000.0,4100000.0,,,No Call Required,,4100000.0,10051,92658,7842,,Net,USD,0.0,,2026-07-01
0.0,250000.0,0.0,250000.0,10000.0,10000.0,0.0,Call,2800000.0,2800000.0,,,Pending Review,,2800000.0,11498,96209,7495,,Net,USD,0.0,,2026-06-24
0.0,250000.0,0.0,250000.0,10000.0,10000.0,500000.0,Call,3500000.0,3500000.0,,,Pending Review,,3500000.0,11634,92040,7796,,Net,USD,0.0,,2026-06-10
0.0,250000.0,0.0,250000.0,10000.0,10000.0,200000.0,Call,1100000.0,1100000.0,,,No Call Required,,1100000.0,10289,96453,7589,,Net,USD,0.0,,2026-07-01
0.0,0.0,0.0,250000.0,10000.0,10000.0,400000.0,Recall,2100000.0,2100000.0,,,Pending Review,,2100000.0,10351,96021,7450,,Net,USD,0.0,,2026-06-24
0.0,250000.0,0.0,0.0,10000.0,10000.0,500000.0,Recall,1500000.0,1500000.0,,,No Call Required,,1500000.0,10167,91367,7532,,Net,USD,,,2026-06-24
0.0,0.0,0.0,0.0,10000.0,10000.0,200000.0,Recall,3000000.0,3000000.0,,,No Call Required,,3000000.0,11511,94365,7314,,Net,USD,0.0,,2026-06-24
0.0,0.0,0.0,250000.0,10000.0,10000.0,500000.0,ITM No Calls,3100000.0,3100000.0,,,Pending Review,,3100000.0,11373,92616,7294,,Net,USD,,,2026-06-03
0.0,0.0,0.0,0.0,10000.0,10000.0,500000.0,Call,3600000.0,3600000.0,,,No Call Required,,3600000.0,10654,91902,7552,,Net,USD,0.0,,2026-07-01
0.0,250000.0,0.0,0.0,10000.0,10000.0,500000.0,ITM No Calls,3700000.0,3700000.0,,,Pending Review,,3700000.0,11450,91732,7552,,Net,USD,0.0,,2026-06-24
0.0,0.0,0.0,0.0,10000.0,10000.0,200000.0,Recall,2000000.0,2000000.0,,,No Call Required,,2000000.0,11120,94003,7844,,Net,USD,0.0,,2026-06-17
0.0,250000.0,0.0,0.0,10000.0,10000.0,100000.0,Recall,1200000.0,1200000.0,,,No Call Required,,1200000.0,11712,95131,7892,,Net,USD,0.0,,2026-06-24
0.0,0.0,0.0,0.0,10000.0,10000.0,500000.0,ITM No Calls,3000000.0,3000000.0,,,No Call Required,,3000000.0,10792,97648,7641,,Net,USD,0.0,,2026-06-17
0.0,250000.0,0.0,250000.0,10000.0,10000.0,200000.0,ITM No Calls,200000.0,200000.0,,,Pending Review,,200000.0,10184,97872,7434,,Net,USD,0.0,,2026-06-24
0.0,250000.0,0.0,0.0,10000.0,10000.0,100000.0,Call,4300000.0,4300000.0,,,Pending Review,,4300000.0,11825,99935,7157,,Net,USD,0.0,,2026-06-17
0.0,0.0,0.0,0.0,10000.0,10000.0,-100000.0,ITM No Calls,4700000.0,4700000.0,,,No Call Required,,4700000.0,11345,94842,7823,,Net,USD,,,2026-06-24
0.0,0.0,0.0,250000.0,10000.0,10000.0,0.0,ITM No Calls,600000.0,600000.0,,,No Call Required,,600000.0,11629,96757,7780,,Net,USD,0.0,,2026-07-01
0.0,250000.0,0.0,0.0,10000.0,10000.0,100000.0,Recall,3500000.0,3500000.0,,,No Call Required,,3500000.0,10255,99305,7915,,Net,USD,0.0,,2026-06-10
0.0,0.0,0.0,250000.0,10000.0,10000.0,500000.0,Call,400000.0,400000.0,,,Pending Review,,400000.0,10856,95594,7695,,Net,USD,0.0,,2026-07-01
0.0,0.0,0.0,250000.0,10000.0,10000.0,0.0,Recall,400000.0,400000.0,,,Pending Review,,400000.0,11146,98424,7475,,Net,USD,0.0,,2026-06-03
0.0,250000.0,0.0,0.0,10000.0,10000.0,-200000.0,Recall,1200000.0,1200000.0,,,Pending Review,,1200000.0,10643,95148,7657,,Net,USD,0.0,,2026-06-24
0.0,250000.0,0.0,0.0,10000.0,10000.0,200000.0,ITM No Calls,4200000.0,4200000.0,,,Pending Review,,4200000.0,10486,99295,7414,,Net,USD,0.0,,2026-06-24
0.0,250000.0,0.0,0.0,10000.0,10000.0,300000.0,ITM No Calls,700000.0,700000.0,,,No Call Required,,700000.0,10391,91507,7021,,Net,USD,0.0,,2026-07-01
0.0,250000.0,0.0,250000.0,10000.0,10000.0,300000.0,Recall,500000.0,500000.0,,,Pending Review,,500000.0,11928,92667,7673,,Net,USD,0.0,,2026-06-10
0.0,250000.0,0.0,250000.0,10000.0,10000.0,200000.0,Call,400000.0,400000.0,,,No Call Required,,400000.0,11457,93802,7189,,Net,USD,0.0,,2026-06-10
0.0,250000.0,0.0,0.0,10000.0,10000.0,500000.0,Recall,4900000.0,4900000.0,,,Pending Review,,4900000.0,10148,99269,7164,,Net,USD,0.0,,2026-06-10
0.0,0.0,0.0,250000.0,10000.0,10000.0,100000.0,Recall,700000.0,700000.0,,,No Call Required,,700000.0,10923,96099,7761,,Net,USD,0.0,,2026-06-03
0.0,0.0,0.0,250000.0,10000.0,10000.0,-100000.0,ITM No Calls,200000.0,200000.0,,,No Call Required,,200000.0,10811,97932,7222,,Net,USD,0.0,,2026-06-24
0.0,250000.0,0.0,0.0,10000.0,10000.0,-200000.0,Recall,4600000.0,4600000.0,,,No Call Required,,4600000.0,10401,93449,7961,,Net,USD,0.0,,2026-06-17
0.0,0.0,0.0,0.0,10000.0,10000.0,300000.0,Call,3100000.0,3100000.0,,,No Call Required,,3100000.0,11898,90916,7002,,Net,USD,0.0,,2026-06-24
0.0,0.0,0.0,250000.0,10000.0,10000.0,300000.0,Recall,3800000.0,3800000.0,,,Pending Review,,3800000.0,10206,96842,7578,,Net,USD,0.0,,2026-06-10
0.0,0.0,0.0,250000.0,10000.0,10000.0,300000.0,Call,4800000.0,4800000.0,,,No Call Required,,4800000.0,10816,98975,7234,,Net,USD,,,2026-07-01
0.0,250000.0,0.0,0.0,10000.0,10000.0,100000.0,Recall,1100000.0,1100000.0,,,No Call Required,,1100000.0,11508,99301,7036,,Net,USD,0.0,,2026-06-24
0.0,0.0,0.0,250000.0,10000.0,10000.0,400000.0,Recall,3900000.0,3900000.0,,,Pending Review,,3900000.0,10365,91821,7399,,Net,USD,0.0,,2026-06-17
0.0,250000.0,0.0,0.0,10000.0,10000.0,300000.0,ITM No Calls,800000.0,800000.0,,,No Call Required,,800000.0,11284,90584,7546,,Net,USD,0.0,,2026-06-03
0.0,0.0,0.0,0.0,10000.0,10000.0,400000.0,Call,2200000.0,2200000.0,,,No Call Required,,2200000.0,10737,95310,7045,,Net,USD,0.0,,2026-07-01
0.0,0.0,0.0,0.0,10000.0,10000.0,500000.0,Call,3900000.0,3900000.0,,,Pending Review,,3900000.0,11093,98065,7718,,Net,USD,0.0,,2026-06-10
0.0,0.0,0.0,250000.0,10000.0,10000.0,200000.0,ITM No Calls,2000000.0,2000000.0,,,No Call Required,,2000000.0,11403,98292,7922,,Net,USD,0.0,,2026-06-24
0.0,250000.0,0.0,250000.0,10000.0,10000.0,-200000.0,Recall,3400000.0,3400000.0,,,No Call Required,,3400000.0,11350,95055,7203,,Net,USD,0.0,,2026-06-17
0.0,250000.0,0.0,0.0,10000.0,10000.0,-200000.0,Recall,2000000.0,2000000.0,,,Pending Review,,2000000.0,11958,93244,7105,,Net,USD,0.0,,2026-06-24
0.0,250000.0,0.0,250000.0,10000.0,10000.0,200000.0,Recall,3200000.0,3200000.0,,,No Call Required,,3200000.0,10502,93514,7000,,Net,USD,0.0,,2026-06-17
0.0,0.0,0.0,250000.0,10000.0,10000.0,400000.0,Call,2600000.0,2600000.0,,,No Call Required,,2600000.0,11341,99952,7103,,Net,USD,0.0,,2026-06-03
0.0,0.0,0.0,0.0,10000.0,10000.0,400000.0,ITM No Calls,2900000.0,2900000.0,,,No Call Required,,2900000.0,10937,96191,7501,,Net,USD,0.0,,2026-06-10
0.0,250000.0,0.0,250000.0,10000.0,10000.0,-100000.0,ITM No Calls,1000000.0,1000000.0,,,Pending Review,,1000000.0,10199,97136,7561,,Net,USD,0.0,,2026-06-24
0.0,250000.0,0.0,0.0,10000.0,10000.0,0.0,Recall,4100000.0,4100000.0,,,No Call Required,,4100000.0,11430,92520,7361,,Net,USD,0.0,,2026-06-03
0.0,0.0,0.0,250000.0,10000.0,10000.0,-100000.0,ITM No Calls,4800000.0,4800000.0,,,Pending Review,,4800000.0,11509,91757,7627,,Net,USD,0.0,,2026-07-01
0.0,250000.0,0.0,0.0,10000.0,10000.0,500000.0,Call,3300000.0,3300000.0,,,No Call Required,,3300000.0,10010,96669,7022,,Net,USD,0.0,,2026-06-24
0.0,0.0,0.0,0.0,10000.0,10000.0,0.0,Recall,4200000.0,4200000.0,,,No Call Required,,4200000.0,11757,90656,7782,,Net,USD,0.0,,2026-06-17
0.0,0.0,0.0,250000.0,10000.0,10000.0,-100000.0,Recall,3000000.0,3000000.0,,,Pending Review,,3000000.0,10733,94257,7746,,Net,USD,0.0,,2026-06-24
0.0,0.0,0.0,0.0,10000.0,10000.0,200000.0,Call,4800000.0,4800000.0,,,Pending Review,,4800000.0,10093,93114,7038,,Net,USD,0.0,,2026-06-10
0.0,250000.0,0.0,0.0,10000.0,10000.0,0.0,Call,400000.0,400000.0,,,No Call Required,,400000.0,11844,91425,7099,,Net,USD,0.0,,2026-06-10
0.0,0.0,0.0,0.0,10000.0,10000.0,300000.0,Recall,2700000.0,2700000.0,,,No Call Required,,2700000.0,11644,99347,7057,,Net,USD,0.0,,2026-06-03
0.0,250000.0,0.0,250000.0,10000.0,10000.0,200000.0,Call,3300000.0,3300000.0,,,Pending Review,,3300000.0,10969,90604,7513,,Net,USD,0.0,,2026-06-10
0.0,250000.0,0.0,250000.0,10000.0,10000.0,200000.0,ITM No Calls,800000.0,800000.0,,,Pending Review,,800000.0,10838,94900,7574,,Net,USD,0.0,,2026-06-03
0.0,250000.0,0.0,0.0,10000.0,10000.0,300000.0,Recall,300000.0,300000.0,,,No Call Required,,300000.0,11987,96996,7015,,Net,USD,0.0,,2026-07-01
0.0,250000.0,0.0,250000.0,10000.0,10000.0,0.0,Recall,4600000.0,4600000.0,,,Pending Review,,4600000.0,10506,95343,7074,,Net,USD,0.0,,2026-06-17
0.0,0.0,0.0,250000.0,10000.0,10000.0,300000.0,ITM No Calls,2300000.0,2300000.0,,,Pending Review,,2300000.0,10584,94568,7774,,Net,USD,0.0,,2026-07-01
0.0,250000.0,0.0,250000.0,10000.0,10000.0,0.0,Call,4000000.0,4000000.0,,,Pending Review,,4000000.0,10105,92299,7030,,Net,USD,0.0,,2026-06-17
0.0,250000.0,0.0,250000.0,10000.0,10000.0,400000.0,Call,600000.0,600000.0,,,No Call Required,,600000.0,10130,91612,7195,,Net,USD,0.0,,2026-06-03
0.0,0.0,0.0,0.0,10000.0,10000.0,300000.0,Recall,4900000.0,4900000.0,,,No Call Required,,4900000.0,10475,92783,7954,,Net,USD,0.0,,2026-06-10
0.0,0.0,0.0,250000.0,10000.0,10000.0,500000.0,ITM No Calls,1700000.0,1700000.0,,,No Call Required,,1700000.0,11271,99238,7802,,Net,USD,0.0,,2026-06-17
0.0,0.0,0.0,0.0,10000.0,10000.0,0.0,Call,900000.0,900000.0,,,No Call Required,,900000.0,11410,90632,7513,,Net,USD,0.0,,2026-06-24
0.0,250000.0,0.0,250000.0,10000.0,10000.0,400000.0,Recall,4600000.0,4600000.0,,,Pending Review,,4600000.0,11756,99017,7919,,Net,USD,0.0,,2026-06-10
0.0,0.0,0.0,250000.0,10000.0,10000.0,200000.0,Recall,4000000.0,4000000.0,,,Pending Review,,4000000.0,11066,96720,7931,,Net,USD,,,2026-06-10
0.0,0.0,0.0,0.0,10000.0,10000.0,500000.0,Call,2300000.0,2300000.0,,,No Call Required,,2300000.0,10095,90028,7043,,Net,USD,0.0,,2026-07-01
0.0,250000.0,0.0,250000.0,10000.0,10000.0,500000.0,Recall,3700000.0,3700000.0,,,No Call Required,,3700000.0,11263,94468,7104,,Net,USD,0.0,,2026-07-01
0.0,250000.0,0.0,250000.0,10000.0,10000.0,400000.0,ITM No Calls,4000000.0,4000000.0,,,No Call Required,,4000000.0,11780,90293,7617,,Net,USD,0.0,,2026-06-10
0.0,0.0,0.0,0.0,10000.0,10000.0,300000.0,Call,4300000.0,4300000.0,,,Pending Review,,4300000.0,11260,96214,7326,,Net,USD,0.0,,2026-06-10
0.0,250000.0,0.0,250000.0,10000.0,10000.0,-200000.0,Call,4700000.0,4700000.0,,,No Call Required,,4700000.0,11973,94731,7098,,Net,USD,0.0,,2026-06-24
0.0,250000.0,0.0,0.0,10000.0,10000.0,-200000.0,Call,500000.0,500000.0,,,No Call Required,,500000.0,10167,94601,7027,,Net,USD,0.0,,2026-06-24
0.0,250000.0,0.0,0.0,10000.0,10000.0,-100000.0,Call,3600000.0,3600000.0,,,Pending Review,,3600000.0,10379,95781,7974,,Net,USD,0.0,,2026-06-17
0.0,250000.0,0.0,0.0,10000.0,10000.0,0.0,Recall,2200000.0,2200000.0,,,Pending Review,,2200000.0,10022,98441,7381,,Net,USD,0.0,,2026-06-17
0.0,0.0,0.0,250000.0,10000.0,10000.0,500000.0,Recall,2500000.0,2500000.0,,,Pending Review,,2500000.0,10142,97976,7322,,Net,USD,0.0,,2026-06-03
0.0,0.0,0.0,0.0,10000.0,10000.0,-100000.0,ITM No Calls,4500000.0,4500000.0,,,Pending Review,,4500000.0,11727,95903,7952,,Net,USD,0.0,,2026-06-03
0.0,0.0,0.0,0.0,10000.0,10000.0,-200000.0,ITM No Calls,700000.0,700000.0,,,Pending Review,,700000.0,11941,97552,7221,,Net,USD,0.0,,2026-06-17
0.0,250000.0,0.0,0.0,10000.0,10000.0,-100000.0,Call,0.0,0.0,,,No Call Required,,0.0,10034,90838,7848,,Net,USD,0.0,,2026-06-10
0.0,0.0,0.0,0.0,10000.0,10000.0,300000.0,Recall,1000000.0,1000000.0,,,No Call Required,,1000000.0,11812,92455,7100,,Net,USD,,,2026-06-10
0.0,0.0,0.0,0.0,10000.0,10000.0,200000.0,Recall,1400000.0,1400000.0,,,No Call Required,,1400000.0,10958,90332,7769,,Net,USD,0.0,,2026-06-24
0.0,0.0,0.0,250000.0,10000.0,10000.0,300000.0,ITM No Calls,5000000.0,5000000.0,,,Pending Review,,5000000.0,10026,99619,7026,,Net,USD,0.0,,2026-06-10
0.0,0.0,0.0,250000.0,10000.0,10000.0,500000.0,ITM No Calls,500000.0,500000.0,,,No Call Required,,500000.0,11732,94419,7890,,Net,USD,0.0,,2026-06-10
0.0,250000.0,0.0,0.0,10000.0,10000.0,-100000.0,Call,4700000.0,4700000.0,,,Pending Review,,4700000.0,11307,90592,7702,,Net,USD,0.0,,2026-06-24
0.0,0.0,0.0,250000.0,10000.0,10000.0,0.0,ITM No Calls,3900000.0,3900000.0,,,Pending Review,,3900000.0,11305,90174,7628,,Net,USD,0.0,,2026-06-24
0.0,0.0,0.0,0.0,10000.0,10000.0,300000.0,ITM No Calls,1800000.0,1800000.0,,,No Call Required,,1800000.0,11896,93334,7783,,Net,USD,0.0,,2026-06-03
0.0,250000.0,0.0,250000.0,10000.0,10000.0,200000.0,Call,4500000.0,4500000.0,,,Pending Review,,4500000.0,11733,94386,7538,,Net,USD,0.0,,2026-06-24
0.0,250000.0,0.0,0.0,10000.0,10000.0,-100000.0,ITM No Calls,2600000.0,2600000.0,,,No Call Required,,2600000.0,10409,92394,7960,,Net,USD,0.0,,2026-06-10
0.0,250000.0,0.0,0.0,10000.0,10000.0,500000.0,Call,4600000.0,4600000.0,,,No Call Required,,4600000.0,10068,94908,7881,,Net,USD,0.0,,2026-06-17
0.0,0.0,0.0,250000.0,10000.0,10000.0,-100000.0,ITM No Calls,2400000.0,2400000.0,,,Pending Review,,2400000.0,10761,95634,7631,,Net,USD,0.0,,2026-06-10
0.0,250000.0,0.0,0.0,10000.0,10000.0,500000.0,Recall,4400000.0,4400000.0,,,Pending Review,,4400000.0,10325,97879,7179,,Net,USD,0.0,,2026-06-17
0.0,0.0,0.0,0.0,10000.0,10000.0,200000.0,Call,4100000.0,4100000.0,,,Pending Review,,4100000.0,10910,94748,7508,,Net,USD,0.0,,2026-06-24
0.0,0.0,0.0,250000.0,10000.0,10000.0,200000.0,ITM No Calls,100000.0,100000.0,,,Pending Review,,100000.0,11229,98171,7962,,Net,USD,0.0,,2026-06-03
0.0,250000.0,0.0,250000.0,10000.0,10000.0,500000.0,ITM No Calls,300000.0,300000.0,,,Pending Review,,300000.0,10677,91223,7273,,Net,USD,0.0,,2026-06-24
0.0,250000.0,0.0,0.0,10000.0,10000.0,100000.0,Recall,300000.0,300000.0,,,Pending Review,,300000.0,10196,90142,7868,,Net,USD,0.0,,2026-07-01
0.0,0.0,0.0,0.0,10000.0,10000.0,-200000.0,ITM No Calls,1100000.0,1100000.0,,,No Call Required,,1100000.0,10113,99995,7802,,Net,USD,,,2026-06-03
0.0,250000.0,0.0,250000.0,10000.0,10000.0,-200000.0,Call,2200000.0,2200000.0,,,Pending Review,,2200000.0,10585,91122,7589,,Net,USD,0.0,,2026-06-03
0.0,0.0,0.0,0.0,10000.0,10000.0,0.0,Call,1900000.0,1900000.0,,,No Call Required,,1900000.0,10321,97305,7113,,Net,USD,0.0,,2026-07-01
0.0,250000.0,0.0,0.0,10000.0,10000.0,400000.0,ITM No Calls,4200000.0,4200000.0,,,No Call Required,,4200000.0,10874,92093,7965,,Net,USD,0.0,,2026-07-01
0.0,250000.0,0.0,250000.0,10000.0,10000.0,400000.0,ITM No Calls,3500000.0,3500000.0,,,Pending Review,,3500000.0,11620,91374,7751,,Net,USD,0.0,,2026-06-24
0.0,250000.0,0.0,250000.0,10000.0,10000.0,0.0,ITM No Calls,4700000.0,4700000.0,,,No Call Required,,4700000.0,10929,91020,7894,,Net,USD,0.0,,2026-06-17
0.0,0.0,0.0,0.0,10000.0,10000.0,300000.0,Recall,4800000.0,4800000.0,,,No Call Required,,4800000.0,11075,97386,7945,,Net,USD,0.0,,2026-06-03
0.0,250000.0,0.0,250000.0,10000.0,10000.0,0.0,Recall,1500000.0,1500000.0,,,Pending Review,,1500000.0,11158,94916,7821,,Net,USD,0.0,,2026-06-10
0.0,250000.0,0.0,250000.0,10000.0,10000.0,100000.0,Call,1300000.0,1300000.0,,,Pending Review,,1300000.0,10679,97878,7312,,Net,USD,0.0,,2026-06-03
0.0,250000.0,0.0,250000.0,10000.0,10000.0,200000.0,ITM No Calls,600000.0,600000.0,,,No Call Required,,600000.0,10957,94692,7770,,Net,USD,0.0,,2026-06-03
0.0,250000.0,0.0,0.0,10000.0,10000.0,0.0,Recall,3300000.0,3300000.0,,,Pending Review,,3300000.0,10510,97950,7445,,Net,USD,0.0,,2026-06-24
0.0,0.0,0.0,0.0,10000.0,10000.0,-100000.0,Recall,2800000.0,2800000.0,,,Pending Review,,2800000.0,10176,96556,7406,,Net,USD,0.0,,2026-06-03
0.0,250000.0,0.0,250000.0,10000.0,10000.0,0.0,Call,1900000.0,1900000.0,,,No Call Required,,1900000.0,10042,91910,7755,,Net,USD,0.0,,2026-06-24
0.0,0.0,0.0,250000.0,10000.0,10000.0,-200000.0,Call,200000.0,200000.0,,,Pending Review,,200000.0,11423,95040,7850,,Net,USD,0.0,,2026-06-17
0.0,0.0,0.0,250000.0,10000.0,10000.0,0.0,Call,4700000.0,4700000.0,,,No Call Required,,4700000.0,10147,99180,7792,,Net,USD,0.0,,2026-06-10
0.0,250000.0,0.0,0.0,10000.0,10000.0,500000.0,Call,600000.0,600000.0,,,No Call Required,,600000.0,11286,92751,7637,,Net,USD,0.0,,2026-07-01
0.0,250000.0,0.0,0.0,10000.0,10000.0,500000.0,Recall,2100000.0,2100000.0,,,No Call Required,,2100000.0,10741,98335,7731,,Net,USD,0.0,,2026-07-01
0.0,250000.0,0.0,250000.0,10000.0,10000.0,300000.0,Recall,4200000.0,4200000.0,,,Pending Review,,4200000.0,10603,93552,7839,,Net,USD,0.0,,2026-06-03
0.0,250000.0,0.0,0.0,10000.0,10000.0,300000.0,Recall,2000000.0,2000000.0,,,No Call Required,,2000000.0,11812,97325,7253,,Net,USD,,,2026-06-17
0.0,250000.0,0.0,0.0,10000.0,10000.0,400000.0,Call,1800000.0,1800000.0,,,No Call Required,,1800000.0,10526,91300,7619,,Net,USD,0.0,,2026-06-03
0.0,250000.0,0.0,0.0,10000.0,10000.0,300000.0,Recall,1500000.0,1500000.0,,,Pending Review,,1500000.0,10066,94584,7622,,Net,USD,0.0,,2026-06-24
0.0,250000.0,0.0,250000.0,10000.0,10000.0,-100000.0,ITM No Calls,2600000.0,2600000.0,,,Pending Review,,2600000.0,10378,92775,7331,,Net,USD,0.0,,2026-06-10
0.0,0.0,0.0,0.0,10000.0,10000.0,0.0,ITM No Calls,1900000.0,1900000.0,,,Pending Review,,1900000.0,11465,94997,7623,,Net,USD,0.0,,2026-06-10
0.0,250000.0,0.0,0.0,10000.0,10000.0,200000.0,Call,100000.0,100000.0,,,Pending Review,,100000.0,11953,97010,7917,,Net,USD,0.0,,2026-06-17
0.0,0.0,0.0,250000.0,10000.0,10000.0,300000.0,Recall,1700000.0,1700000.0,,,Pending Review,,1700000.0,10848,91331,7614,,Net,USD,0.0,,2026-06-03
0.0,250000.0,0.0,250000.0,10000.0,10000.0,100000.0,Recall,2900000.0,2900000.0,,,Pending Review,,2900000.0,11525,98328,7262,,Net,USD,0.0,,2026-06-17
0.0,0.0,0.0,250000.0,10000.0,10000.0,300000.0,Recall,100000.0,100000.0,,,No Call Required,,100000.0,11948,93504,7436,,Net,USD,0.0,,2026-06-17
0.0,0.0,0.0,0.0,10000.0,10000.0,500000.0,ITM No Calls,3100000.0,3100000.0,,,Pending Review,,3100000.0,11523,93452,7186,,Net,USD,0.0,,2026-06-24
0.0,0.0,0.0,250000.0,10000.0,10000.0,400000.0,Recall,1600000.0,1600000.0,,,No Call Required,,1600000.0,11903,92304,7809,,Net,USD,0.0,,2026-06-03
0.0,0.0,0.0,0.0,10000.0,10000.0,200000.0,ITM No Calls,2700000.0,2700000.0,,,No Call Required,,2700000.0,11656,96868,7152,,Net,USD,0.0,,2026-06-03
0.0,250000.0,0.0,250000.0,10000.0,10000.0,-100000.0,Recall,3700000.0,3700000.0,,,No Call Required,,3700000.0,10539,90631,7191,,Net,USD,0.0,,2026-07-01
0.0,250000.0,0.0,250000.0,10000.0,10000.0,-200000.0,ITM No Calls,4500000.0,4500000.0,,,No Call Required,,4500000.0,11487,91226,7149,,Net,USD,0.0,,2026-06-10
0.0,0.0,0.0,250000.0,10000.0,10000.0,300000.0,Recall,4300000.0,4300000.0,,,No Call Required,,4300000.0,10627,91071,7243,,Net,USD,0.0,,2026-06-03
0.0,0.0,0.0,0.0,10000.0,10000.0,0.0,Call,1400000.0,1400000.0,,,Pending Review,,1400000.0,10924,98099,7450,,Net,USD,0.0,,2026-06-17
0.0,250000.0,0.0,250000.0,10000.0,10000.0,500000.0,ITM No Calls,3900000.0,3900000.0,,,Pending Review,,3900000.0,10289,98254,7642,,Net,USD,0.0,,2026-06-24
0.0,250000.0,0.0,0.0,10000.0,10000.0,400000.0,ITM No Calls,200000.0,200000.0,,,No Call Required,,200000.0,10412,96670,7037,,Net,USD,0.0,,2026-06-10
0.0,250000.0,0.0,0.0,10000.0,10000.0,300000.0,Call,2900000.0,2900000.0,,,Pending Review,,2900000.0,10017,94558,7104,,Net,USD,0.0,,2026-06-03
0.0,250000.0,0.0,0.0,10000.0,10000.0,0.0,Call,4700000.0,4700000.0,,,Pending Review,,4700000.0,10236,98964,7865,,Net,USD,0.0,,2026-06-03
0.0,0.0,0.0,250000.0,10000.0,10000.0,500000.0,Call,4200000.0,4200000.0,,,Pending Review,,4200000.0,10461,96447,7474,,Net,USD,0.0,,2026-06-24
0.0,0.0,0.0,250000.0,10000.0,10000.0,500000.0,Recall,2700000.0,2700000.0,,,Pending Review,,2700000.0,11313,90189,7025,,Net,USD,0.0,,2026-06-24
0.0,250000.0,0.0,250000.0,10000.0,10000.0,100000.0,Recall,1700000.0,1700000.0,,,Pending Review,,1700000.0,11851,99154,7973,,Net,USD,0.0,,2026-06-10
0.0,250000.0,0.0,250000.0,10000.0,10000.0,-100000.0,ITM No Calls,2100000.0,2100000.0,,,Pending Review,,2100000.0,11234,97709,7468,,Net,USD,0.0,,2026-06-24
0.0,0.0,0.0,0.0,10000.0,10000.0,300000.0,Recall,2000000.0,2000000.0,,,Pending Review,,2000000.0,11586,91306,7677,,Net,USD,0.0,,2026-07-01
0.0,0.0,0.0,0.0,10000.0,10000.0,400000.0,ITM No Calls,2100000.0,2100000.0,,,Pending Review,,2100000.0,10806,97783,7051,,Net,USD,0.0,,2026-06-17
0.0,0.0,0.0,0.0,10000.0,10000.0,300000.0,ITM No Calls,2800000.0,2800000.0,,,Pending Review,,2800000.0,10593,91288,7789,,Net,USD,0.0,,2026-06-24
0.0,0.0,0.0,0.0,10000.0,10000.0,-100000.0,ITM No Calls,3200000.0,3200000.0,,,Pending Review,,3200000.0,11232,96117,7897,,Net,USD,,,2026-07-01
0.0,250000.0,0.0,250000.0,10000.0,10000.0,200000.0,Call,1600000.0,1600000.0,,,Pending Review,,1600000.0,11451,98795,7058,,Net,USD,0.0,,2026-06-17
0.0,250000.0,0.0,0.0,10000.0,10000.0,100000.0,ITM No Calls,5000000.0,5000000.0,,,No Call Required,,5000000.0,10826,98887,7034,,Net,USD,,,2026-06-03
0.0,250000.0,0.0,250000.0,10000.0,10000.0,100000.0,ITM No Calls,5000000.0,5000000.0,,,Pending Review,,5000000.0,10416,96006,7461,,Net,USD,0.0,,2026-07-01
0.0,0.0,0.0,0.0,10000.0,10000.0,200000.0,ITM No Calls,4800000.0,4800000.0,,,Pending Review,,4800000.0,11849,95653,7502,,Net,USD,0.0,,2026-06-03
0.0,250000.0,0.0,0.0,10000.0,10000.0,200000.0,Call,4500000.0,4500000.0,,,Pending Review,,4500000.0,11090,93093,7134,,Net,USD,0.0,,2026-06-10
0.0,250000.0,0.0,250000.0,10000.0,10000.0,300000.0,Recall,3200000.0,3200000.0,,,No Call Required,,3200000.0,10407,99729,7819,,Net,USD,0.0,,2026-07-01
0.0,0.0,0.0,0.0,10000.0,10000.0,300000.0,Recall,4100000.0,4100000.0,,,Pending Review,,4100000.0,10252,94020,7753,,Net,USD,0.0,,2026-06-24
0.0,0.0,0.0,250000.0,10000.0,10000.0,-200000.0,Call,600000.0,600000.0,,,No Call Required,,600000.0,10633,92563,7304,,Net,USD,0.0,,2026-06-24
0.0,0.0,0.0,250000.0,10000.0,10000.0,0.0,ITM No Calls,4400000.0,4400000.0,,,No Call Required,,4400000.0,10462,95937,7132,,Net,USD,0.0,,2026-06-10
0.0,250000.0,0.0,0.0,10000.0,10000.0,300000.0,Call,3500000.0,3500000.0,,,Pending Review,,3500000.0,11951,99353,7326,,Net,USD,0.0,,2026-06-03
0.0,250000.0,0.0,250000.0,10000.0,10000.0,500000.0,ITM No Calls,2300000.0,2300000.0,,,Pending Review,,2300000.0,11112,97394,7221,,Net,USD,0.0,,2026-06-24
0.0,0.0,0.0,0.0,10000.0,10000.0,100000.0,ITM No Calls,3000000.0,3000000.0,,,No Call Required,,3000000.0,10152,91665,7678,,Net,USD,0.0,,2026-06-03
0.0,250000.0,0.0,0.0,10000.0,10000.0,-200000.0,Call,500000.0,500000.0,,,Pending Review,,500000.0,11279,96763,7427,,Net,USD,0.0,,2026-06-10
0.0,250000.0,0.0,0.0,10000.0,10000.0,0.0,ITM No Calls,3200000.0,3200000.0,,,No Call Required,,3200000.0,11708,91916,7895,,Net,USD,0.0,,2026-06-17
0.0,0.0,0.0,0.0,10000.0,10000.0,200000.0,ITM No Calls,1900000.0,1900000.0,,,Pending Review,,1900000.0,10827,96863,7254,,Net,USD,0.0,,2026-06-10
0.0,0.0,0.0,250000.0,10000.0,10000.0,300000.0,Recall,4900000.0,4900000.0,,,Pending Review,,4900000.0,10312,93222,7346,,Net,USD,0.0,,2026-06-03
0.0,0.0,0.0,250000.0,10000.0,10000.0,400000.0,Call,5000000.0,5000000.0,,,No Call Required,,5000000.0,10539,97069,7718,,Net,USD,0.0,,2026-06-03
0.0,0.0,0.0,250000.0,10000.0,10000.0,200000.0,Recall,4000000.0,4000000.0,,,No Call Required,,4000000.0,10147,98810,7895,,Net,USD,,,2026-06-24
0.0,250000.0,0.0,0.0,10000.0,10000.0,500000.0,Call,1700000.0,1700000.0,,,No Call Required,,1700000.0,10241,90305,7783,,Net,USD,0.0,,2026-07-01
0.0,250000.0,0.0,0.0,10000.0,10000.0,300000.0,Recall,1300000.0,1300000.0,,,Pending Review,,1300000.0,11920,97119,7451,,Net,USD,0.0,,2026-06-17
0.0,0.0,0.0,250000.0,10000.0,10000.0,500000.0,ITM No Calls,700000.0,700000.0,,,No Call Required,,700000.0,11128,96442,7390,,Net,USD,0.0,,2026-06-24
0.0,0.0,0.0,250000.0,10000.0,10000.0,-100000.0,ITM No Calls,3200000.0,3200000.0,,,No Call Required,,3200000.0,11557,94376,7549,,Net,USD,0.0,,2026-06-03
0.0,250000.0,0.0,0.0,10000.0,10000.0,400000.0,ITM No Calls,300000.0,300000.0,,,Pending Review,,300000.0,11035,96438,7026,,Net,USD,0.0,,2026-06-03
0.0,250000.0,0.0,0.0,10000.0,10000.0,100000.0,Recall,2000000.0,2000000.0,,,No Call Required,,2000000.0,10526,92318,7251,,Net,USD,0.0,,2026-06-24
0.0,0.0,0.0,0.0,10000.0,10000.0,500000.0,Recall,900000.0,900000.0,,,No Call Required,,900000.0,11828,99727,7252,,Net,USD,0.0,,2026-06-03
0.0,0.0,0.0,0.0,10000.0,10000.0,100000.0,Call,4400000.0,4400000.0,,,No Call Required,,4400000.0,11156,98495,7759,,Net,USD,0.0,,2026-06-03
0.0,250000.0,0.0,0.0,10000.0,10000.0,-200000.0,ITM No Calls,1400000.0,1400000.0,,,No Call Required,,1400000.0,11160,98794,7900,,Net,USD,0.0,,2026-06-03
0.0,0.0,0.0,250000.0,10000.0,10000.0,300000.0,ITM No Calls,3100000.0,3100000.0,,,Pending Review,,3100000.0,11218,90510,7077,,Net,USD,0.0,,2026-06-17
0.0,250000.0,0.0,250000.0,10000.0,10000.0,500000.0,ITM No Calls,2600000.0,2600000.0,,,Pending Review,,2600000.0,10655,92036,7946,,Net,USD,0.0,,2026-06-10
0.0,250000.0,0.0,0.0,10000.0,10000.0,0.0,Recall,2600000.0,2600000.0,,,No Call Required,,2600000.0,10284,92834,7149,,Net,USD,0.0,,2026-06-24
0.0,250000.0,0.0,0.0,10000.0,10000.0,100000.0,Call,2100000.0,2100000.0,,,Pending Review,,2100000.0,11409,94989,7261,,Net,USD,0.0,,2026-07-01
0.0,250000.0,0.0,0.0,10000.0,10000.0,-100000.0,ITM No Calls,4600000.0,4600000.0,,,No Call Required,,4600000.0,10047,97688,7432,,Net,USD,0.0,,2026-06-03
0.0,250000.0,0.0,250000.0,10000.0,10000.0,500000.0,ITM No Calls,3200000.0,3200000.0,,,Pending Review,,3200000.0,10128,94957,7355,,Net,USD,0.0,,2026-06-10
0.0,0.0,0.0,0.0,10000.0,10000.0,0.0,Recall,500000.0,500000.0,,,No Call Required,,500000.0,10074,99757,7240,,Net,USD,0.0,,2026-06-03
0.0,0.0,0.0,250000.0,10000.0,10000.0,500000.0,ITM No Calls,2700000.0,2700000.0,,,No Call Required,,2700000.0,10165,98753,7792,,Net,USD,0.0,,2026-06-17
0.0,0.0,0.0,250000.0,10000.0,10000.0,400000.0,Call,2500000.0,2500000.0,,,Pending Review,,2500000.0,11119,94820,7941,,Net,USD,0.0,,2026-06-03
0.0,250000.0,0.0,0.0,10000.0,10000.0,500000.0,ITM No Calls,4600000.0,4600000.0,,,Pending Review,,4600000.0,11271,96484,7549,,Net,USD,0.0,,2026-06-03
0.0,0.0,0.0,250000.0,10000.0,10000.0,200000.0,Call,3900000.0,3900000.0,,,Pending Review,,3900000.0,10660,99308,7706,,Net,USD,0.0,,2026-07-01
0.0,250000.0,0.0,0.0,10000.0,10000.0,0.0,Recall,2800000.0,2800000.0,,,No Call Required,,2800000.0,11052,93655,7935,,Net,USD,0.0,,2026-07-01
0.0,250000.0,0.0,250000.0,10000.0,10000.0,0.0,ITM No Calls,200000.0,200000.0,,,Pending Review,,200000.0,10998,91051,7294,,Net,USD,0.0,,2026-06-24
0.0,250000.0,0.0,0.0,10000.0,10000.0,-100000.0,Recall,400000.0,400000.0,,,Pending Review,,400000.0,11565,92533,7651,,Net,USD,0.0,,2026-07-01
0.0,0.0,0.0,0.0,10000.0,10000.0,100000.0,ITM No Calls,2800000.0,2800000.0,,,Pending Review,,2800000.0,10127,97187,7781,,Net,USD,0.0,,2026-06-10
0.0,0.0,0.0,0.0,10000.0,10000.0,100000.0,Call,1400000.0,1400000.0,,,No Call Required,,1400000.0,10262,94658,7975,,Net,USD,0.0,,2026-07-01
0.0,0.0,0.0,0.0,10000.0,10000.0,-200000.0,ITM No Calls,1800000.0,1800000.0,,,No Call Required,,1800000.0,11877,99379,7331,,Net,USD,0.0,,2026-06-03
0.0,250000.0,0.0,0.0,10000.0,10000.0,500000.0,Recall,1900000.0,1900000.0,,,No Call Required,,1900000.0,10906,94286,7879,,Net,USD,0.0,,2026-06-10
0.0,0.0,0.0,0.0,10000.0,10000.0,-200000.0,Recall,3600000.0,3600000.0,,,Pending Review,,3600000.0,11523,92952,7643,,Net,USD,0.0,,2026-06-17
0.0,250000.0,0.0,0.0,10000.0,10000.0,0.0,Call,1800000.0,1800000.0,,,Pending Review,,1800000.0,11141,97297,7948,,Net,USD,0.0,,2026-06-10
0.0,250000.0,0.0,0.0,10000.0,10000.0,-200000.0,Recall,3500000.0,3500000.0,,,Pending Review,,3500000.0,10720,92668,7697,,Net,USD,,,2026-06-03
0.0,0.0,0.0,250000.0,10000.0,10000.0,100000.0,Recall,1200000.0,1200000.0,,,Pending Review,,1200000.0,11636,92882,7420,,Net,USD,0.0,,2026-06-24
0.0,250000.0,0.0,250000.0,10000.0,10000.0,200000.0,Call,1200000.0,1200000.0,,,No Call Required,,1200000.0,10035,99099,7806,,Net,USD,0.0,,2026-07-01
0.0,250000.0,0.0,0.0,10000.0,10000.0,200000.0,Recall,2400000.0,2400000.0,,,No Call Required,,2400000.0,10197,94255,7485,,Net,USD,0.0,,2026-07-01
0.0,0.0,0.0,0.0,10000.0,10000.0,500000.0,ITM No Calls,3300000.0,3300000.0,,,Pending Review,,3300000.0,10872,93558,7470,,Net,USD,0.0,,2026-06-24
0.0,0.0,0.0,250000.0,10000.0,10000.0,200000.0,ITM No Calls,1500000.0,1500000.0,,,Pending Review,,1500000.0,10485,93665,7542,,Net,USD,0.0,,2026-06-10
0.0,250000.0,0.0,250000.0,10000.0,10000.0,200000.0,ITM No Calls,2900000.0,2900000.0,,,Pending Review,,2900000.0,11045,91489,7993,,Net,USD,0.0,,2026-06-03
0.0,0.0,0.0,250000.0,10000.0,10000.0,100000.0,Call,4200000.0,4200000.0,,,Pending Review,,4200000.0,10744,91551,7926,,Net,USD,0.0,,2026-06-10
0.0,0.0,0.0,250000.0,10000.0,10000.0,300000.0,ITM No Calls,3800000.0,3800000.0,,,No Call Required,,3800000.0,10337,94210,7971,,Net,USD,0.0,,2026-06-10
0.0,0.0,0.0,0.0,10000.0,10000.0,500000.0,Call,2800000.0,2800000.0,,,Pending Review,,2800000.0,10448,93652,7574,,Net,USD,0.0,,2026-06-17
0.0,0.0,0.0,0.0,10000.0,10000.0,-100000.0,ITM No Calls,5000000.0,5000000.0,,,No Call Required,,5000000.0,11893,97238,7690,,Net,USD,,,2026-06-03
0.0,0.0,0.0,0.0,10000.0,10000.0,-100000.0,ITM No Calls,2200000.0,2200000.0,,,Pending Review,,2200000.0,10121,90514,7119,,Net,USD,,,2026-06-03
0.0,0.0,0.0,250000.0,10000.0,10000.0,200000.0,ITM No Calls,3500000.0,3500000.0,,,Pending Review,,3500000.0,11009,91154,7738,,Net,USD,0.0,,2026-06-17
0.0,250000.0,0.0,250000.0,10000.0,10000.0,100000.0,ITM No Calls,4300000.0,4300000.0,,,Pending Review,,4300000.0,11768,94779,7524,,Net,USD,0.0,,2026-06-24
0.0,0.0,0.0,250000.0,10000.0,10000.0,400000.0,Recall,2700000.0,2700000.0,,,No Call Required,,2700000.0,11739,91403,7592,,Net,USD,0.0,,2026-07-01
0.0,250000.0,0.0,0.0,10000.0,10000.0,100000.0,Recall,4600000.0,4600000.0,,,Pending Review,,4600000.0,10633,95378,7826,,Net,USD,0.0,,2026-06-24
0.0,0.0,0.0,250000.0,10000.0,10000.0,0.0,Call,2000000.0,2000000.0,,,No Call Required,,2000000.0,11390,91563,7786,,Net,USD,0.0,,2026-06-17
0.0,250000.0,0.0,250000.0,10000.0,10000.0,100000.0,Call,3500000.0,3500000.0,,,Pending Review,,3500000.0,11375,91276,7509,,Net,USD,0.0,,2026-06-10
0.0,250000.0,0.0,0.0,10000.0,10000.0,100000.0,ITM No Calls,2000000.0,2000000.0,,,No Call Required,,2000000.0,10915,97259,7413,,Net,USD,0.0,,2026-06-17
0.0,250000.0,0.0,0.0,10000.0,10000.0,100000.0,ITM No Calls,4000000.0,4000000.0,,,Pending Review,,4000000.0,11848,96104,7118,,Net,USD,0.0,,2026-06-24
0.0,250000.0,0.0,0.0,10000.0,10000.0,500000.0,ITM No Calls,600000.0,600000.0,,,Pending Review,,600000.0,11041,93618,7324,,Net,USD,0.0,,2026-07-01
0.0,0.0,0.0,250000.0,10000.0,10000.0,100000.0,ITM No Calls,1500000.0,1500000.0,,,No Call Required,,1500000.0,10950,95076,7912,,Net,USD,0.0,,2026-06-03
0.0,0.0,0.0,250000.0,10000.0,10000.0,400000.0,Call,2500000.0,2500000.0,,,Pending Review,,2500000.0,11875,91151,7117,,Net,USD,,,2026-06-03
0.0,0.0,0.0,250000.0,10000.0,10000.0,200000.0,Call,1000000.0,1000000.0,,,Pending Review,,1000000.0,10545,97111,7907,,Net,USD,0.0,,2026-06-03
0.0,0.0,0.0,0.0,10000.0,10000.0,200000.0,Call,4400000.0,4400000.0,,,No Call Required,,4400000.0,11039,91315,7820,,Net,USD,0.0,,2026-07-01
0.0,250000.0,0.0,0.0,10000.0,10000.0,500000.0,Call,3200000.0,3200000.0,,,Pending Review,,3200000.0,11336,93746,7580,,Net,USD,0.0,,2026-06-17
0.0,250000.0,0.0,0.0,10000.0,10000.0,-100000.0,Call,1500000.0,1500000.0,,,Pending Review,,1500000.0,11003,98784,7311,,Net,USD,0.0,,2026-07-01
0.0,0.0,0.0,250000.0,10000.0,10000.0,300000.0,Call,700000.0,700000.0,,,Pending Review,,700000.0,10692,96084,7820,,Net,USD,0.0,,2026-06-10
0.0,0.0,0.0,250000.0,10000.0,10000.0,100000.0,Call,300000.0,300000.0,,,Pending Review,,300000.0,11680,95187,7633,,Net,USD,0.0,,2026-06-03
0.0,250000.0,0.0,250000.0,10000.0,10000.0,-100000.0,Call,1900000.0,1900000.0,,,No Call Required,,1900000.0,11983,99246,7076,,Net,USD,0.0,,2026-06-17
0.0,0.0,0.0,0.0,10000.0,10000.0,300000.0,ITM No Calls,1200000.0,1200000.0,,,Pending Review,,1200000.0,10096,91537,7318,,Net,USD,0.0,,2026-07-01
0.0,250000.0,0.0,0.0,10000.0,10000.0,-100000.0,ITM No Calls,1700000.0,1700000.0,,,Pending Review,,1700000.0,10062,92067,7921,,Net,USD,0.0,,2026-06-10
0.0,250000.0,0.0,250000.0,10000.0,10000.0,500000.0,Recall,4700000.0,4700000.0,,,Pending Review,,4700000.0,11661,96542,7342,,Net,USD,0.0,,2026-06-24
0.0,0.0,0.0,250000.0,10000.0,10000.0,100000.0,ITM No Calls,1300000.0,1300000.0,,,Pending Review,,1300000.0,11544,98134,7467,,Net,USD,0.0,,2026-07-01
0.0,0.0,0.0,250000.0,10000.0,10000.0,200000.0,Recall,2600000.0,2600000.0,,,No Call Required,,2600000.0,10858,99275,7768,,Net,USD,0.0,,2026-06-24
0.0,250000.0,0.0,0.0,10000.0,10000.0,-100000.0,Call,700000.0,700000.0,,,Pending Review,,700000.0,10485,96363,7745,,Net,USD,0.0,,2026-07-01
0.0,0.0,0.0,250000.0,10000.0,10000.0,300000.0,ITM No Calls,4000000.0,4000000.0,,,Pending Review,,4000000.0,10639,95238,7632,,Net,USD,0.0,,2026-06-03
0.0,0.0,0.0,0.0,10000.0,10000.0,300000.0,ITM No Calls,3700000.0,3700000.0,,,No Call Required,,3700000.0,10369,91551,7504,,Net,USD,0.0,,2026-06-17
0.0,250000.0,0.0,250000.0,10000.0,10000.0,500000.0,Call,1600000.0,1600000.0,,,Pending Review,,1600000.0,11918,94249,7692,,Net,USD,0.0,,2026-07-01
0.0,250000.0,0.0,0.0,10000.0,10000.0,100000.0,Call,4500000.0,4500000.0,,,Pending Review,,4500000.0,10376,94658,7074,,Net,USD,0.0,,2026-06-24
0.0,0.0,0.0,0.0,10000.0,10000.0,-100000.0,ITM No Calls,4800000.0,4800000.0,,,No Call Required,,4800000.0,11380,96464,7156,,Net,USD,0.0,,2026-06-03
0.0,0.0,0.0,0.0,10000.0,10000.0,400000.0,ITM No Calls,3100000.0,3100000.0,,,No Call Required,,3100000.0,11498,91932,7998,,Net,USD,0.0,,2026-06-24
0.0,0.0,0.0,250000.0,10000.0,10000.0,300000.0,Call,4700000.0,4700000.0,,,Pending Review,,4700000.0,11410,93432,7309,,Net,USD,,,2026-06-03
0.0,0.0,0.0,0.0,10000.0,10000.0,100000.0,ITM No Calls,800000.0,800000.0,,,No Call Required,,800000.0,10035,92888,7239,,Net,USD,0.0,,2026-06-17
0.0,250000.0,0.0,250000.0,10000.0,10000.0,100000.0,Call,3500000.0,3500000.0,,,Pending Review,,3500000.0,10007,97946,7337,,Net,USD,0.0,,2026-06-17
0.0,250000.0,0.0,250000.0,10000.0,10000.0,0.0,ITM No Calls,4000000.0,4000000.0,,,No Call Required,,4000000.0,10337,94025,7003,,Net,USD,0.0,,2026-06-24
0.0,250000.0,0.0,250000.0,10000.0,10000.0,500000.0,ITM No Calls,2100000.0,2100000.0,,,Pending Review,,2100000.0,11018,91299,7799,,Net,USD,0.0,,2026-06-03
0.0,0.0,0.0,250000.0,10000.0,10000.0,-200000.0,Call,3400000.0,3400000.0,,,No Call Required,,3400000.0,10358,90752,7212,,Net,USD,0.0,,2026-06-03
0.0,250000.0,0.0,0.0,10000.0,10000.0,300000.0,Call,4900000.0,4900000.0,,,No Call Required,,4900000.0,11163,95969,7852,,Net,USD,0.0,,2026-06-03
0.0,250000.0,0.0,0.0,10000.0,10000.0,200000.0,Call,1800000.0,1800000.0,,,Pending Review,,1800000.0,10175,97969,7868,,Net,USD,0.0,,2026-06-03
0.0,250000.0,0.0,250000.0,10000.0,10000.0,500000.0,ITM No Calls,1200000.0,1200000.0,,,No Call Required,,1200000.0,10480,98637,7950,,Net,USD,0.0,,2026-06-10
0.0,0.0,0.0,0.0,10000.0,10000.0,200000.0,Call,4900000.0,4900000.0,,,Pending Review,,4900000.0,10235,93636,7033,,Net,USD,,,2026-07-01
0.0,250000.0,0.0,250000.0,10000.0,10000.0,400000.0,Call,2400000.0,2400000.0,,,No Call Required,,2400000.0,10740,93894,7750,,Net,USD,0.0,,2026-06-17
0.0,0.0,0.0,0.0,10000.0,10000.0,-100000.0,ITM No Calls,1200000.0,1200000.0,,,Pending Review,,1200000.0,11271,95043,7085,,Net,USD,0.0,,2026-06-17
0.0,0.0,0.0,0.0,10000.0,10000.0,400000.0,Recall,1100000.0,1100000.0,,,No Call Required,,1100000.0,11784,97156,7282,,Net,USD,0.0,,2026-06-17
0.0,250000.0,0.0,0.0,10000.0,10000.0,100000.0,Call,2700000.0,2700000.0,,,Pending Review,,2700000.0,11613,96043,7890,,Net,USD,0.0,,2026-06-17
0.0,0.0,0.0,250000.0,10000.0,10000.0,-200000.0,Call,4700000.0,4700000.0,,,Pending Review,,4700000.0,10694,92789,7697,,Net,USD,0.0,,2026-06-17
0.0,250000.0,0.0,0.0,10000.0,10000.0,300000.0,Call,2300000.0,2300000.0,,,Pending Review,,2300000.0,10000,95386,7333,,Net,USD,0.0,,2026-06-17
0.0,250000.0,0.0,250000.0,10000.0,10000.0,100000.0,Call,100000.0,100000.0,,,Pending Review,,100000.0,11707,92926,7023,,Net,USD,0.0,,2026-06-24
0.0,250000.0,0.0,0.0,10000.0,10000.0,500000.0,ITM No Calls,1700000.0,1700000.0,,,No Call Required,,1700000.0,10088,94127,7743,,Net,USD,0.0,,2026-07-01
0.0,0.0,0.0,0.0,10000.0,10000.0,100000.0,Call,2600000.0,2600000.0,,,No Call Required,,2600000.0,11813,92115,7040,,Net,USD,0.0,,2026-06-03
0.0,0.0,0.0,250000.0,10000.0,10000.0,0.0,ITM No Calls,4700000.0,4700000.0,,,Pending Review,,4700000.0,10788,92640,7668,,Net,USD,0.0,,2026-07-01
0.0,250000.0,0.0,0.0,10000.0,10000.0,400000.0,Call,5000000.0,5000000.0,,,Pending Review,,5000000.0,11070,90268,7046,,Net,USD,0.0,,2026-06-24
0.0,250000.0,0.0,0.0,10000.0,10000.0,500000.0,Call,4000000.0,4000000.0,,,Pending Review,,4000000.0,10328,96819,7548,,Net,USD,0.0,,2026-07-01
0.0,0.0,0.0,250000.0,10000.0,10000.0,-100000.0,ITM No Calls,1900000.0,1900000.0,,,Pending Review,,1900000.0,10927,94324,7008,,Net,USD,0.0,,2026-06-03
0.0,0.0,0.0,250000.0,10000.0,10000.0,-200000.0,ITM No Calls,2200000.0,2200000.0,,,Pending Review,,2200000.0,11212,95617,7470,,Net,USD,0.0,,2026-06-17
0.0,0.0,0.0,250000.0,10000.0,10000.0,300000.0,Recall,4000000.0,4000000.0,,,No Call Required,,4000000.0,10952,97277,7027,,Net,USD,0.0,,2026-07-01
0.0,250000.0,0.0,0.0,10000.0,10000.0,500000.0,Recall,1900000.0,1900000.0,,,Pending Review,,1900000.0,10260,94488,7911,,Net,USD,0.0,,2026-07-01
0.0,0.0,0.0,0.0,10000.0,10000.0,0.0,Call,2600000.0,2600000.0,,,No Call Required,,2600000.0,11873,99091,7701,,Net,USD,0.0,,2026-06-17
0.0,250000.0,0.0,250000.0,10000.0,10000.0,500000.0,Recall,4600000.0,4600000.0,,,No Call Required,,4600000.0,11104,97551,7343,,Net,USD,0.0,,2026-06-03
0.0,0.0,0.0,0.0,10000.0,10000.0,100000.0,Recall,5000000.0,5000000.0,,,No Call Required,,5000000.0,10327,95763,7128,,Net,USD,0.0,,2026-06-03
0.0,250000.0,0.0,250000.0,10000.0,10000.0,200000.0,ITM No Calls,1600000.0,1600000.0,,,Pending Review,,1600000.0,10932,90445,7034,,Net,USD,0.0,,2026-06-03
0.0,250000.0,0.0,250000.0,10000.0,10000.0,500000.0,Call,4000000.0,4000000.0,,,No Call Required,,4000000.0,11237,92223,7624,,Net,USD,0.0,,2026-06-03
0.0,250000.0,0.0,250000.0,10000.0,10000.0,0.0,Call,3300000.0,3300000.0,,,No Call Required,,3300000.0,10341,93870,7727,,Net,USD,0.0,,2026-07-01
0.0,0.0,0.0,0.0,10000.0,10000.0,-200000.0,Call,600000.0,600000.0,,,Pending Review,,600000.0,10075,95422,7020,,Net,USD,0.0,,2026-07-01
0.0,250000.0,0.0,0.0,10000.0,10000.0,0.0,Call,1500000.0,1500000.0,,,No Call Required,,1500000.0,11871,90963,7418,,Net,USD,0.0,,2026-06-03
0.0,250000.0,0.0,0.0,10000.0,10000.0,-100000.0,Recall,900000.0,900000.0,,,No Call Required,,900000.0,11987,92646,7195,,Net,USD,0.0,,2026-06-17
0.0,0.0,0.0,250000.0,10000.0,10000.0,200000.0,Call,4700000.0,4700000.0,,,Pending Review,,4700000.0,11953,91514,7050,,Net,USD,0.0,,2026-06-17
0.0,250000.0,0.0,250000.0,10000.0,10000.0,100000.0,Recall,3400000.0,3400000.0,,,No Call Required,,3400000.0,10536,90285,7900,,Net,USD,0.0,,2026-06-24
0.0,250000.0,0.0,0.0,10000.0,10000.0,300000.0,Call,2500000.0,2500000.0,,,Pending Review,,2500000.0,10895,97465,7354,,Net,USD,0.0,,2026-06-10
0.0,0.0,0.0,250000.0,10000.0,10000.0,500000.0,ITM No Calls,300000.0,300000.0,,,Pending Review,,300000.0,11816,98307,7356,,Net,USD,0.0,,2026-06-17
0.0,250000.0,0.0,0.0,10000.0,10000.0,200000.0,Recall,3000000.0,3000000.0,,,Pending Review,,3000000.0,10649,99911,7251,,Net,USD,0.0,,2026-07-01
0.0,0.0,0.0,250000.0,10000.0,10000.0,500000.0,ITM No Calls,4100000.0,4100000.0,,,No Call Required,,4100000.0,10453,90716,7929,,Net,USD,0.0,,2026-06-10
0.0,250000.0,0.0,250000.0,10000.0,10000.0,500000.0,Call,3700000.0,3700000.0,,,No Call Required,,3700000.0,10324,92338,7749,,Net,USD,0.0,,2026-06-24
0.0,0.0,0.0,0.0,10000.0,10000.0,0.0,Call,1200000.0,1200000.0,,,No Call Required,,1200000.0,11501,93421,7623,,Net,USD,0.0,,2026-06-24
0.0,250000.0,0.0,250000.0,10000.0,10000.0,400000.0,Call,1100000.0,1100000.0,,,Pending Review,,1100000.0,10250,99726,7233,,Net,USD,0.0,,2026-06-17
0.0,250000.0,0.0,250000.0,10000.0,10000.0,0.0,Call,800000.0,800000.0,,,Pending Review,,800000.0,10326,95800,7791,,Net,USD,0.0,,2026-06-03
0.0,250000.0,0.0,0.0,10000.0,10000.0,100000.0,Recall,1400000.0,1400000.0,,,Pending Review,,1400000.0,11419,97177,7994,,Net,USD,0.0,,2026-06-03
0.0,0.0,0.0,250000.0,10000.0,10000.0,200000.0,Recall,4700000.0,4700000.0,,,No Call Required,,4700000.0,10834,90348,7793,,Net,USD,0.0,,2026-07-01
0.0,0.0,0.0,0.0,10000.0,10000.0,200000.0,Recall,3600000.0,3600000.0,,,Pending Review,,3600000.0,11592,91177,7636,,Net,USD,0.0,,2026-06-17
0.0,250000.0,0.0,0.0,10000.0,10000.0,200000.0,ITM No Calls,2600000.0,2600000.0,,,Pending Review,,2600000.0,11728,92604,7695,,Net,USD,0.0,,2026-06-24
0.0,0.0,0.0,0.0,10000.0,10000.0,500000.0,Call,700000.0,700000.0,,,Pending Review,,700000.0,10454,99592,7692,,Net,USD,0.0,,2026-07-01
0.0,250000.0,0.0,250000.0,10000.0,10000.0,100000.0,ITM No Calls,2900000.0,2900000.0,,,Pending Review,,2900000.0,10275,98701,7769,,Net,USD,0.0,,2026-06-03
0.0,250000.0,0.0,0.0,10000.0,10000.0,300000.0,Recall,200000.0,200000.0,,,Pending Review,,200000.0,10817,99838,7506,,Net,USD,0.0,,2026-06-17
0.0,0.0,0.0,0.0,10000.0,10000.0,200000.0,Recall,4900000.0,4900000.0,,,Pending Review,,4900000.0,11774,92548,7250,,Net,USD,0.0,,2026-06-17
0.0,0.0,0.0,0.0,10000.0,10000.0,100000.0,Call,600000.0,600000.0,,,Pending Review,,600000.0,11933,91513,7768,,Net,USD,0.0,,2026-07-01
0.0,250000.0,0.0,0.0,10000.0,10000.0,0.0,Call,3900000.0,3900000.0,,,No Call Required,,3900000.0,10185,94528,7647,,Net,USD,0.0,,2026-06-24
0.0,0.0,0.0,250000.0,10000.0,10000.0,-100000.0,Recall,700000.0,700000.0,,,Pending Review,,700000.0,11593,93191,7607,,Net,USD,0.0,,2026-06-10
0.0,0.0,0.0,250000.0,10000.0,10000.0,400000.0,ITM No Calls,100000.0,100000.0,,,Pending Review,,100000.0,10565,97648,7922,,Net,USD,0.0,,2026-06-17
0.0,0.0,0.0,0.0,10000.0,10000.0,0.0,ITM No Calls,4300000.0,4300000.0,,,No Call Required,,4300000.0,11675,98571,7772,,Net,USD,0.0,,2026-07-01
0.0,0.0,0.0,0.0,10000.0,10000.0,300000.0,Recall,1600000.0,1600000.0,,,Pending Review,,1600000.0,11293,93101,7326,,Net,USD,0.0,,2026-07-01
0.0,0.0,0.0,0.0,10000.0,10000.0,300000.0,ITM No Calls,4900000.0,4900000.0,,,Pending Review,,4900000.0,10882,95520,7332,,Net,USD,0.0,,2026-06-03
0.0,0.0,0.0,0.0,10000.0,10000.0,-200000.0,Call,3800000.0,3800000.0,,,Pending Review,,3800000.0,11068,98232,7559,,Net,USD,0.0,,2026-06-17
0.0,0.0,0.0,0.0,10000.0,10000.0,100000.0,Recall,4200000.0,4200000.0,,,No Call Required,,4200000.0,11556,90160,7501,,Net,USD,0.0,,2026-06-17
0.0,0.0,0.0,0.0,10000.0,10000.0,200000.0,Recall,2500000.0,2500000.0,,,Pending Review,,2500000.0,10734,94314,7196,,Net,USD,0.0,,2026-06-24
0.0,250000.0,0.0,0.0,10000.0,10000.0,300000.0,ITM No Calls,1000000.0,1000000.0,,,No Call Required,,1000000.0,10942,96194,7740,,Net,USD,0.0,,2026-06-03
0.0,0.0,0.0,0.0,10000.0,10000.0,300000.0,Recall,2700000.0,2700000.0,,,No Call Required,,2700000.0,10427,94073,7393,,Net,USD,0.0,,2026-06-03
0.0,250000.0,0.0,250000.0,10000.0,10000.0,-200000.0,Recall,3200000.0,3200000.0,,,No Call Required,,3200000.0,11172,99944,7075,,Net,USD,0.0,,2026-06-10
0.0,250000.0,0.0,250000.0,10000.0,10000.0,200000.0,Recall,1900000.0,1900000.0,,,No Call Required,,1900000.0,10457,91546,7503,,Net,USD,0.0,,2026-06-10
0.0,250000.0,0.0,250000.0,10000.0,10000.0,0.0,Recall,2100000.0,2100000.0,,,Pending Review,,2100000.0,10289,94600,7259,,Net,USD,0.0,,2026-06-17
0.0,250000.0,0.0,250000.0,10000.0,10000.0,-200000.0,Call,2200000.0,2200000.0,,,Pending Review,,2200000.0,11549,96455,7762,,Net,USD,0.0,,2026-06-17
0.0,250000.0,0.0,0.0,10000.0,10000.0,200000.0,Call,200000.0,200000.0,,,No Call Required,,200000.0,11892,91982,7621,,Net,USD,,,2026-07-01
0.0,250000.0,0.0,250000.0,10000.0,10000.0,200000.0,Recall,2000000.0,2000000.0,,,No Call Required,,2000000.0,10424,98917,7361,,Net,USD,0.0,,2026-06-10
0.0,0.0,0.0,250000.0,10000.0,10000.0,400000.0,ITM No Calls,4800000.0,4800000.0,,,No Call Required,,4800000.0,11626,90866,7864,,Net,USD,0.0,,2026-06-03
0.0,250000.0,0.0,250000.0,10000.0,10000.0,400000.0,ITM No Calls,700000.0,700000.0,,,Pending Review,,700000.0,11566,91663,7327,,Net,USD,0.0,,2026-07-01
0.0,250000.0,0.0,0.0,10000.0,10000.0,0.0,Recall,4300000.0,4300000.0,,,No Call Required,,4300000.0,10690,97913,7709,,Net,USD,0.0,,2026-06-03
0.0,250000.0,0.0,0.0,10000.0,10000.0,300000.0,ITM No Calls,3500000.0,3500000.0,,,No Call Required,,3500000.0,10582,92751,7512,,Net,USD,0.0,,2026-06-10
0.0,0.0,0.0,250000.0,10000.0,10000.0,0.0,Call,3700000.0,3700000.0,,,Pending Review,,3700000.0,11215,90732,7564,,Net,USD,0.0,,2026-07-01
0.0,250000.0,0.0,0.0,10000.0,10000.0,300000.0,ITM No Calls,2000000.0,2000000.0,,,Pending Review,,2000000.0,11923,92473,7799,,Net,USD,0.0,,2026-06-24
0.0,0.0,0.0,0.0,10000.0,10000.0,-200000.0,ITM No Calls,5000000.0,5000000.0,,,Pending Review,,5000000.0,11859,91921,7223,,Net,USD,0.0,,2026-07-01
0.0,0.0,0.0,0.0,10000.0,10000.0,-200000.0,Recall,3300000.0,3300000.0,,,Pending Review,,3300000.0,11121,92418,7734,,Net,USD,0.0,,2026-06-24
0.0,250000.0,0.0,250000.0,10000.0,10000.0,-200000.0,Recall,2800000.0,2800000.0,,,No Call Required,,2800000.0,10171,94266,7523,,Net,USD,0.0,,2026-06-24
0.0,0.0,0.0,0.0,10000.0,10000.0,-200000.0,Recall,2200000.0,2200000.0,,,No Call Required,,2200000.0,10105,91995,7122,,Net,USD,0.0,,2026-06-17
0.0,0.0,0.0,250000.0,10000.0,10000.0,300000.0,ITM No Calls,4300000.0,4300000.0,,,Pending Review,,4300000.0,11218,99994,7276,,Net,USD,0.0,,2026-06-24
0.0,250000.0,0.0,0.0,10000.0,10000.0,500000.0,Recall,2300000.0,2300000.0,,,Pending Review,,2300000.0,11573,93859,7779,,Net,USD,0.0,,2026-07-01
0.0,250000.0,0.0,0.0,10000.0,10000.0,500000.0,Recall,400000.0,400000.0,,,Pending Review,,400000.0,10373,94165,7190,,Net,USD,0.0,,2026-07-01
0.0,0.0,0.0,250000.0,10000.0,10000.0,500000.0,ITM No Calls,1500000.0,1500000.0,,,Pending Review,,1500000.0,10510,96979,7526,,Net,USD,0.0,,2026-06-24
0.0,0.0,0.0,250000.0,10000.0,10000.0,-200000.0,Recall,2100000.0,2100000.0,,,No Call Required,,2100000.0,11176,97640,7856,,Net,USD,0.0,,2026-06-03
0.0,250000.0,0.0,0.0,10000.0,10000.0,300000.0,ITM No Calls,500000.0,500000.0,,,Pending Review,,500000.0,10078,99747,7127,,Net,USD,0.0,,2026-06-10
0.0,250000.0,0.0,0.0,10000.0,10000.0,300000.0,Call,1800000.0,1800000.0,,,Pending Review,,1800000.0,10764,95169,7912,,Net,USD,,,2026-06-03
0.0,0.0,0.0,0.0,10000.0,10000.0,400000.0,ITM No Calls,1600000.0,1600000.0,,,Pending Review,,1600000.0,11561,97881,7795,,Net,USD,0.0,,2026-06-17
0.0,0.0,0.0,250000.0,10000.0,10000.0,400000.0,Call,3900000.0,3900000.0,,,Pending Review,,3900000.0,11706,97111,7627,,Net,USD,0.0,,2026-06-03
0.0,250000.0,0.0,0.0,10000.0,10000.0,300000.0,Recall,3800000.0,3800000.0,,,No Call Required,,3800000.0,10793,99685,7506,,Net,USD,0.0,,2026-06-24
0.0,0.0,0.0,0.0,10000.0,10000.0,400000.0,Recall,4000000.0,4000000.0,,,No Call Required,,4000000.0,10890,92592,7967,,Net,USD,0.0,,2026-06-03
0.0,250000.0,0.0,0.0,10000.0,10000.0,0.0,ITM No Calls,300000.0,300000.0,,,No Call Required,,300000.0,10031,97708,7220,,Net,USD,0.0,,2026-06-03
0.0,250000.0,0.0,0.0,10000.0,10000.0,500000.0,Recall,3500000.0,3500000.0,,,No Call Required,,3500000.0,11611,92918,7271,,Net,USD,0.0,,2026-06-03
0.0,250000.0,0.0,250000.0,10000.0,10000.0,-100000.0,Call,3900000.0,3900000.0,,,Pending Review,,3900000.0,10389,94764,7920,,Net,USD,,,2026-06-03
0.0,0.0,0.0,250000.0,10000.0,10000.0,200000.0,ITM No Calls,3500000.0,3500000.0,,,Pending Review,,3500000.0,11118,95454,7725,,Net,USD,0.0,,2026-06-03
0.0,0.0,0.0,250000.0,10000.0,10000.0,0.0,ITM No Calls,300000.0,300000.0,,,Pending Review,,300000.0,11526,94369,7486,,Net,USD,0.0,,2026-06-10
0.0,0.0,0.0,250000.0,10000.0,10000.0,100000.0,Call,2400000.0,2400000.0,,,Pending Review,,2400000.0,11237,90443,7003,,Net,USD,0.0,,2026-06-03
0.0,0.0,0.0,250000.0,10000.0,10000.0,500000.0,Call,4300000.0,4300000.0,,,No Call Required,,4300000.0,10436,90497,7159,,Net,USD,0.0,,2026-06-10
0.0,250000.0,0.0,0.0,10000.0,10000.0,400000.0,ITM No Calls,3900000.0,3900000.0,,,Pending Review,,3900000.0,10852,91555,7050,,Net,USD,0.0,,2026-06-10
0.0,250000.0,0.0,0.0,10000.0,10000.0,300000.0,Call,3700000.0,3700000.0,,,Pending Review,,3700000.0,11114,92625,7892,,Net,USD,0.0,,2026-06-03
0.0,0.0,0.0,250000.0,10000.0,10000.0,-100000.0,ITM No Calls,5000000.0,5000000.0,,,No Call Required,,5000000.0,11856,98707,7212,,Net,USD,0.0,,2026-06-03
0.0,250000.0,0.0,0.0,10000.0,10000.0,500000.0,Call,700000.0,700000.0,,,No Call Required,,700000.0,10723,97058,7178,,Net,USD,0.0,,2026-06-03
0.0,0.0,0.0,250000.0,10000.0,10000.0,0.0,Recall,300000.0,300000.0,,,Pending Review,,300000.0,11218,90653,7283,,Net,USD,0.0,,2026-06-24
0.0,0.0,0.0,0.0,10000.0,10000.0,100000.0,ITM No Calls,3100000.0,3100000.0,,,Pending Review,,3100000.0,11303,99249,7287,,Net,USD,0.0,,2026-06-03
0.0,250000.0,0.0,250000.0,10000.0,10000.0,500000.0,Call,3800000.0,3800000.0,,,Pending Review,,3800000.0,10620,96114,7043,,Net,USD,0.0,,2026-06-10
0.0,250000.0,0.0,250000.0,10000.0,10000.0,0.0,Recall,3700000.0,3700000.0,,,Pending Review,,3700000.0,10374,91667,7164,,Net,USD,0.0,,2026-07-01
0.0,0.0,0.0,0.0,10000.0,10000.0,200000.0,Call,200000.0,200000.0,,,Pending Review,,200000.0,10807,96627,7350,,Net,USD,0.0,,2026-06-24
0.0,250000.0,0.0,0.0,10000.0,10000.0,-200000.0,Recall,4700000.0,4700000.0,,,No Call Required,,4700000.0,10847,96764,7877,,Net,USD,0.0,,2026-06-03
0.0,0.0,0.0,250000.0,10000.0,10000.0,0.0,Recall,3900000.0,3900000.0,,,Pending Review,,3900000.0,10564,98529,7736,,Net,USD,,,2026-06-03
0.0,250000.0,0.0,250000.0,10000.0,10000.0,500000.0,ITM No Calls,2000000.0,2000000.0,,,No Call Required,,2000000.0,11153,95840,7954,,Net,USD,0.0,,2026-06-03
0.0,0.0,0.0,0.0,10000.0,10000.0,-200000.0,Recall,5000000.0,5000000.0,,,Pending Review,,5000000.0,11382,92368,7132,,Net,USD,0.0,,2026-06-03
0.0,250000.0,0.0,0.0,10000.0,10000.0,300000.0,Recall,4900000.0,4900000.0,,,No Call Required,,4900000.0,10870,98170,7935,,Net,USD,0.0,,2026-06-24
0.0,250000.0,0.0,0.0,10000.0,10000.0,300000.0,ITM No Calls,1100000.0,1100000.0,,,Pending Review,,1100000.0,10467,97751,7934,,Net,USD,0.0,,2026-06-24
0.0,250000.0,0.0,0.0,10000.0,10000.0,0.0,ITM No Calls,2900000.0,2900000.0,,,No Call Required,,2900000.0,11820,95845,7533,,Net,USD,0.0,,2026-06-03
0.0,250000.0,0.0,0.0,10000.0,10000.0,-100000.0,Call,3100000.0,3100000.0,,,No Call Required,,3100000.0,11140,98028,7475,,Net,USD,0.0,,2026-07-01
0.0,250000.0,0.0,0.0,10000.0,10000.0,-200000.0,Recall,900000.0,900000.0,,,No Call Required,,900000.0,11624,98954,7016,,Net,USD,0.0,,2026-06-10
0.0,0.0,0.0,250000.0,10000.0,10000.0,300000.0,Recall,3700000.0,3700000.0,,,No Call Required,,3700000.0,10749,91962,7946,,Net,USD,0.0,,2026-07-01
0.0,250000.0,0.0,0.0,10000.0,10000.0,400000.0,ITM No Calls,4300000.0,4300000.0,,,No Call Required,,4300000.0,11717,90671,7093,,Net,USD,0.0,,2026-06-17
0.0,0.0,0.0,0.0,10000.0,10000.0,0.0,Recall,2400000.0,2400000.0,,,No Call Required,,2400000.0,11364,93819,7234,,Net,USD,,,2026-06-17
0.0,0.0,0.0,0.0,10000.0,10000.0,400000.0,ITM No Calls,4600000.0,4600000.0,,,Pending Review,,4600000.0,10180,95106,7641,,Net,USD,0.0,,2026-06-17
0.0,250000.0,0.0,250000.0,10000.0,10000.0,400000.0,Recall,100000.0,100000.0,,,Pending Review,,100000.0,11200,94697,7851,,Net,USD,0.0,,2026-06-10
0.0,0.0,0.0,0.0,10000.0,10000.0,400000.0,ITM No Calls,2800000.0,2800000.0,,,Pending Review,,2800000.0,10782,96790,7835,,Net,USD,0.0,,2026-06-03
0.0,250000.0,0.0,0.0,10000.0,10000.0,0.0,Call,4000000.0,4000000.0,,,Pending Review,,4000000.0,11005,92712,7642,,Net,USD,,,2026-06-10
0.0,250000.0,0.0,0.0,10000.0,10000.0,500000.0,Recall,1900000.0,1900000.0,,,Pending Review,,1900000.0,10777,96038,7736,,Net,USD,0.0,,2026-06-03
0.0,250000.0,0.0,0.0,10000.0,10000.0,200000.0,ITM No Calls,3800000.0,3800000.0,,,No Call Required,,3800000.0,10878,95727,7748,,Net,USD,0.0,,2026-07-01
0.0,0.0,0.0,250000.0,10000.0,10000.0,500000.0,Call,3500000.0,3500000.0,,,No Call Required,,3500000.0,10706,94817,7361,,Net,USD,0.0,,2026-06-17
0.0,250000.0,0.0,250000.0,10000.0,10000.0,200000.0,Recall,100000.0,100000.0,,,Pending Review,,100000.0,11640,96534,7313,,Net,USD,0.0,,2026-06-10
0.0,0.0,0.0,0.0,10000.0,10000.0,400000.0,Call,2600000.0,2600000.0,,,No Call Required,,2600000.0,10259,95134,7653,,Net,USD,0.0,,2026-06-10
0.0,0.0,0.0,250000.0,10000.0,10000.0,0.0,ITM No Calls,4300000.0,4300000.0,,,No Call Required,,4300000.0,10175,97288,7263,,Net,USD,0.0,,2026-06-10
0.0,0.0,0.0,250000.0,10000.0,10000.0,100000.0,Call,3800000.0,3800000.0,,,No Call Required,,3800000.0,10393,94627,7108,,Net,USD,,,2026-06-17
0.0,0.0,0.0,0.0,10000.0,10000.0,100000.0,ITM No Calls,2900000.0,2900000.0,,,No Call Required,,2900000.0,11630,91192,7334,,Net,USD,0.0,,2026-06-17
0.0,0.0,0.0,250000.0,10000.0,10000.0,400000.0,Call,1100000.0,1100000.0,,,Pending Review,,1100000.0,10748,90646,7839,,Net,USD,0.0,,2026-06-03
0.0,0.0,0.0,250000.0,10000.0,10000.0,200000.0,ITM No Calls,1400000.0,1400000.0,,,Pending Review,,1400000.0,10834,92311,7661,,Net,USD,0.0,,2026-06-10
0.0,0.0,0.0,250000.0,10000.0,10000.0,300000.0,ITM No Calls,4500000.0,4500000.0,,,Pending Review,,4500000.0,11908,92104,7936,,Net,USD,0.0,,2026-07-01
0.0,0.0,0.0,0.0,10000.0,10000.0,400000.0,Call,4500000.0,4500000.0,,,Pending Review,,4500000.0,10646,91826,7284,,Net,USD,0.0,,2026-06-03
0.0,250000.0,0.0,0.0,10000.0,10000.0,0.0,Recall,4200000.0,4200000.0,,,No Call Required,,4200000.0,10511,97983,7840,,Net,USD,0.0,,2026-06-10
0.0,0.0,0.0,250000.0,10000.0,10000.0,200000.0,Call,900000.0,900000.0,,,No Call Required,,900000.0,10461,93581,7336,,Net,USD,0.0,,2026-06-24
0.0,250000.0,0.0,250000.0,10000.0,10000.0,0.0,Recall,4200000.0,4200000.0,,,Pending Review,,4200000.0,11925,96553,7331,,Net,USD,0.0,,2026-06-24
0.0,250000.0,0.0,250000.0,10000.0,10000.0,0.0,ITM No Calls,3100000.0,3100000.0,,,Pending Review,,3100000.0,10042,94797,7481,,Net,USD,0.0,,2026-06-17
0.0,250000.0,0.0,0.0,10000.0,10000.0,400000.0,Recall,1900000.0,1900000.0,,,No Call Required,,1900000.0,11579,90190,7310,,Net,USD,0.0,,2026-07-01
0.0,0.0,0.0,250000.0,10000.0,10000.0,500000.0,Call,100000.0,100000.0,,,Pending Review,,100000.0,11069,97999,7992,,Net,USD,0.0,,2026-06-17
0.0,250000.0,0.0,0.0,10000.0,10000.0,200000.0,Call,700000.0,700000.0,,,Pending Review,,700000.0,10294,96895,7489,,Net,USD,0.0,,2026-06-10
0.0,250000.0,0.0,250000.0,10000.0,10000.0,500000.0,Recall,2100000.0,2100000.0,,,No Call Required,,2100000.0,10726,94707,7461,,Net,USD,0.0,,2026-06-17
0.0,250000.0,0.0,250000.0,10000.0,10000.0,300000.0,Call,2800000.0,2800000.0,,,Pending Review,,2800000.0,10096,92035,7366,,Net,USD,0.0,,2026-06-10
0.0,0.0,0.0,250000.0,10000.0,10000.0,200000.0,ITM No Calls,3000000.0,3000000.0,,,Pending Review,,3000000.0,10371,92151,7221,,Net,USD,0.0,,2026-06-17
0.0,250000.0,0.0,0.0,10000.0,10000.0,-100000.0,Recall,600000.0,600000.0,,,No Call Required,,600000.0,10055,98527,7287,,Net,USD,0.0,,2026-06-17
0.0,0.0,0.0,0.0,10000.0,10000.0,-200000.0,Call,2400000.0,2400000.0,,,No Call Required,,2400000.0,11990,97528,7127,,Net,USD,0.0,,2026-06-24
0.0,0.0,0.0,250000.0,10000.0,10000.0,400000.0,ITM No Calls,4500000.0,4500000.0,,,Pending Review,,4500000.0,11571,94480,7911,,Net,USD,0.0,,2026-06-10
0.0,0.0,0.0,0.0,10000.0,10000.0,100000.0,ITM No Calls,3300000.0,3300000.0,,,Pending Review,,3300000.0,11516,97660,7696,,Net,USD,0.0,,2026-07-01
0.0,250000.0,0.0,0.0,10000.0,10000.0,500000.0,Recall,0.0,0.0,,,No Call Required,,0.0,10317,94496,7315,,Net,USD,0.0,,2026-06-17
0.0,0.0,0.0,250000.0,10000.0,10000.0,100000.0,Call,2800000.0,2800000.0,,,No Call Required,,2800000.0,11061,99455,7456,,Net,USD,0.0,,2026-06-10
0.0,250000.0,0.0,250000.0,10000.0,10000.0,200000.0,ITM No Calls,3800000.0,3800000.0,,,No Call Required,,3800000.0,11330,90635,7095,,Net,USD,0.0,,2026-06-24
0.0,250000.0,0.0,250000.0,10000.0,10000.0,500000.0,Recall,1100000.0,1100000.0,,,Pending Review,,1100000.0,10675,93839,7449,,Net,USD,0.0,,2026-06-10
0.0,250000.0,0.0,0.0,10000.0,10000.0,200000.0,ITM No Calls,1900000.0,1900000.0,,,Pending Review,,1900000.0,11939,96167,7752,,Net,USD,0.0,,2026-06-10
0.0,250000.0,0.0,250000.0,10000.0,10000.0,-100000.0,ITM No Calls,700000.0,700000.0,,,No Call Required,,700000.0,10311,96110,7388,,Net,USD,0.0,,2026-06-24
0.0,250000.0,0.0,0.0,10000.0,10000.0,400000.0,ITM No Calls,3000000.0,3000000.0,,,No Call Required,,3000000.0,11020,93846,7629,,Net,USD,0.0,,2026-06-17
0.0,0.0,0.0,250000.0,10000.0,10000.0,400000.0,Call,1400000.0,1400000.0,,,Pending Review,,1400000.0,10868,95367,7990,,Net,USD,0.0,,2026-06-03
0.0,250000.0,0.0,250000.0,10000.0,10000.0,100000.0,Recall,4900000.0,4900000.0,,,Pending Review,,4900000.0,10506,98122,7401,,Net,USD,0.0,,2026-06-03
0.0,250000.0,0.0,0.0,10000.0,10000.0,300000.0,Call,2900000.0,2900000.0,,,Pending Review,,2900000.0,10229,95447,7845,,Net,USD,0.0,,2026-06-24
0.0,250000.0,0.0,0.0,10000.0,10000.0,0.0,ITM No Calls,3000000.0,3000000.0,,,No Call Required,,3000000.0,10047,97434,7603,,Net,USD,0.0,,2026-07-01
0.0,0.0,0.0,0.0,10000.0,10000.0,-100000.0,Recall,2200000.0,2200000.0,,,No Call Required,,2200000.0,11935,99703,7691,,Net,USD,0.0,,2026-06-03
0.0,0.0,0.0,0.0,10000.0,10000.0,500000.0,ITM No Calls,600000.0,600000.0,,,No Call Required,,600000.0,10797,98534,7440,,Net,USD,0.0,,2026-06-10
0.0,0.0,0.0,0.0,10000.0,10000.0,300000.0,ITM No Calls,4400000.0,4400000.0,,,No Call Required,,4400000.0,10255,95109,7528,,Net,USD,0.0,,2026-06-03
0.0,250000.0,0.0,250000.0,10000.0,10000.0,-100000.0,ITM No Calls,5000000.0,5000000.0,,,Pending Review,,5000000.0,11289,90018,7870,,Net,USD,,,2026-07-01
0.0,0.0,0.0,250000.0,10000.0,10000.0,0.0,ITM No Calls,2100000.0,2100000.0,,,No Call Required,,2100000.0,11535,97383,7759,,Net,USD,0.0,,2026-07-01
0.0,250000.0,0.0,0.0,10000.0,10000.0,400000.0,Call,600000.0,600000.0,,,Pending Review,,600000.0,10271,94983,7227,,Net,USD,0.0,,2026-07-01
0.0,250000.0,0.0,0.0,10000.0,10000.0,100000.0,Recall,700000.0,700000.0,,,No Call Required,,700000.0,11174,96700,7971,,Net,USD,0.0,,2026-06-03
0.0,0.0,0.0,0.0,10000.0,10000.0,0.0,ITM No Calls,2800000.0,2800000.0,,,No Call Required,,2800000.0,11813,96155,7595,,Net,USD,0.0,,2026-06-17
0.0,250000.0,0.0,0.0,10000.0,10000.0,500000.0,ITM No Calls,2200000.0,2200000.0,,,No Call Required,,2200000.0,11957,97872,7711,,Net,USD,,,2026-07-01
0.0,0.0,0.0,0.0,10000.0,10000.0,-100000.0,Call,1600000.0,1600000.0,,,No Call Required,,1600000.0,11892,93717,7994,,Net,USD,0.0,,2026-06-03
0.0,250000.0,0.0,250000.0,10000.0,10000.0,500000.0,ITM No Calls,1000000.0,1000000.0,,,Pending Review,,1000000.0,10837,92956,7988,,Net,USD,0.0,,2026-06-24
0.0,0.0,0.0,0.0,10000.0,10000.0,-100000.0,Recall,800000.0,800000.0,,,No Call Required,,800000.0,10778,92860,7475,,Net,USD,0.0,,2026-06-03
0.0,250000.0,0.0,0.0,10000.0,10000.0,200000.0,ITM No Calls,2700000.0,2700000.0,,,No Call Required,,2700000.0,10627,98859,7568,,Net,USD,0.0,,2026-06-10
0.0,0.0,0.0,0.0,10000.0,10000.0,-200000.0,Recall,4800000.0,4800000.0,,,No Call Required,,4800000.0,10690,91428,7065,,Net,USD,0.0,,2026-07-01
0.0,250000.0,0.0,250000.0,10000.0,10000.0,200000.0,Call,900000.0,900000.0,,,No Call Required,,900000.0,11487,90314,7963,,Net,USD,0.0,,2026-06-17
0.0,250000.0,0.0,0.0,10000.0,10000.0,-200000.0,Call,0.0,0.0,,,Pending Review,,0.0,10403,95415,7132,,Net,USD,,,2026-06-24
0.0,250000.0,0.0,250000.0,10000.0,10000.0,500000.0,ITM No Calls,4500000.0,4500000.0,,,Pending Review,,4500000.0,10901,95340,7663,,Net,USD,0.0,,2026-07-01
0.0,250000.0,0.0,0.0,10000.0,10000.0,500000.0,Recall,2500000.0,2500000.0,,,No Call Required,,2500000.0,11212,91928,7073,,Net,USD,0.0,,2026-06-10
0.0,0.0,0.0,0.0,10000.0,10000.0,100000.0,Call,2300000.0,2300000.0,,,No Call Required,,2300000.0,10647,95595,7061,,Net,USD,0.0,,2026-06-03
0.0,250000.0,0.0,0.0,10000.0,10000.0,300000.0,ITM No Calls,1300000.0,1300000.0,,,Pending Review,,1300000.0,10455,91229,7648,,Net,USD,0.0,,2026-06-17
0.0,0.0,0.0,250000.0,10000.0,10000.0,100000.0,Recall,4800000.0,4800000.0,,,Pending Review,,4800000.0,11922,96957,7724,,Net,USD,0.0,,2026-06-10
0.0,0.0,0.0,250000.0,10000.0,10000.0,400000.0,Call,4000000.0,4000000.0,,,Pending Review,,4000000.0,10753,96577,7764,,Net,USD,0.0,,2026-06-24
0.0,250000.0,0.0,0.0,10000.0,10000.0,0.0,Recall,2100000.0,2100000.0,,,Pending Review,,2100000.0,10741,97784,7755,,Net,USD,0.0,,2026-06-03
0.0,250000.0,0.0,250000.0,10000.0,10000.0,300000.0,Call,4100000.0,4100000.0,,,No Call Required,,4100000.0,10163,98973,7030,,Net,USD,0.0,,2026-06-17
0.0,250000.0,0.0,0.0,10000.0,10000.0,400000.0,Call,2000000.0,2000000.0,,,No Call Required,,2000000.0,10031,94574,7428,,Net,USD,0.0,,2026-06-03
0.0,0.0,0.0,250000.0,10000.0,10000.0,500000.0,Call,4800000.0,4800000.0,,,No Call Required,,4800000.0,10788,99204,7301,,Net,USD,0.0,,2026-06-03
0.0,250000.0,0.0,250000.0,10000.0,10000.0,-100000.0,Call,4600000.0,4600000.0,,,Pending Review,,4600000.0,10884,97583,7240,,Net,USD,0.0,,2026-06-10
0.0,250000.0,0.0,250000.0,10000.0,10000.0,100000.0,Call,900000.0,900000.0,,,No Call Required,,900000.0,10140,99963,7831,,Net,USD,0.0,,2026-06-10
0.0,250000.0,0.0,250000.0,10000.0,10000.0,100000.0,Call,3300000.0,3300000.0,,,No Call Required,,3300000.0,11193,97130,7738,,Net,USD,0.0,,2026-06-10
0.0,0.0,0.0,0.0,10000.0,10000.0,-100000.0,Recall,4500000.0,4500000.0,,,Pending Review,,4500000.0,11232,90576,7505,,Net,USD,0.0,,2026-06-10
0.0,0.0,0.0,0.0,10000.0,10000.0,500000.0,Call,2000000.0,2000000.0,,,Pending Review,,2000000.0,11351,95862,7533,,Net,USD,0.0,,2026-06-24
0.0,0.0,0.0,0.0,10000.0,10000.0,400000.0,Recall,4700000.0,4700000.0,,,No Call Required,,4700000.0,11035,95581,7936,,Net,USD,,,2026-06-03
0.0,0.0,0.0,0.0,10000.0,10000.0,500000.0,Call,200000.0,200000.0,,,No Call Required,,200000.0,10877,97753,7256,,Net,USD,0.0,,2026-06-03
0.0,250000.0,0.0,0.0,10000.0,10000.0,500000.0,Call,2900000.0,2900000.0,,,No Call Required,,2900000.0,10784,96512,7817,,Net,USD,0.0,,2026-07-01
0.0,250000.0,0.0,0.0,10000.0,10000.0,400000.0,Recall,4800000.0,4800000.0,,,No Call Required,,4800000.0,10910,90657,7067,,Net,USD,0.0,,2026-06-24
0.0,250000.0,0.0,0.0,10000.0,10000.0,400000.0,ITM No Calls,200000.0,200000.0,,,Pending Review,,200000.0,11175,95401,7486,,Net,USD,0.0,,2026-06-24
0.0,250000.0,0.0,0.0,10000.0,10000.0,-200000.0,Call,2000000.0,2000000.0,,,Pending Review,,2000000.0,10476,93501,7041,,Net,USD,0.0,,2026-07-01
0.0,0.0,0.0,0.0,10000.0,10000.0,-200000.0,Call,5000000.0,5000000.0,,,Pending Review,,5000000.0,10350,96113,7713,,Net,USD,0.0,,2026-06-03
0.0,250000.0,0.0,0.0,10000.0,10000.0,500000.0,Recall,100000.0,100000.0,,,No Call Required,,100000.0,11782,93562,7616,,Net,USD,0.0,,2026-06-24
0.0,250000.0,0.0,250000.0,10000.0,10000.0,300000.0,Recall,500000.0,500000.0,,,Pending Review,,500000.0,11361,91718,7573,,Net,USD,0.0,,2026-07-01
0.0,250000.0,0.0,0.0,10000.0,10000.0,-100000.0,Call,900000.0,900000.0,,,Pending Review,,900000.0,10806,99180,7978,,Net,USD,0.0,,2026-06-17
0.0,0.0,0.0,250000.0,10000.0,10000.0,0.0,Recall,3100000.0,3100000.0,,,No Call Required,,3100000.0,10249,95265,7314,,Net,USD,0.0,,2026-06-10
0.0,250000.0,0.0,0.0,10000.0,10000.0,400000.0,Recall,800000.0,800000.0,,,Pending Review,,800000.0,11276,99534,7657,,Net,USD,0.0,,2026-07-01
0.0,250000.0,0.0,250000.0,10000.0,10000.0,0.0,ITM No Calls,2300000.0,2300000.0,,,Pending Review,,2300000.0,10116,97542,7138,,Net,USD,0.0,,2026-06-24
0.0,250000.0,0.0,250000.0,10000.0,10000.0,300000.0,Call,500000.0,500000.0,,,Pending Review,,500000.0,10157,94961,7382,,Net,USD,0.0,,2026-07-01
0.0,250000.0,0.0,250000.0,10000.0,10000.0,100000.0,Recall,4000000.0,4000000.0,,,Pending Review,,4000000.0,10378,96005,7679,,Net,USD,0.0,,2026-06-10
0.0,250000.0,0.0,0.0,10000.0,10000.0,-200000.0,ITM No Calls,3500000.0,3500000.0,,,No Call Required,,3500000.0,10669,92632,7388,,Net,USD,0.0,,2026-06-03
0.0,250000.0,0.0,0.0,10000.0,10000.0,-100000.0,Call,900000.0,900000.0,,,Pending Review,,900000.0,11451,97908,7134,,Net,USD,0.0,,2026-07-01
0.0,250000.0,0.0,250000.0,10000.0,10000.0,100000.0,ITM No Calls,2400000.0,2400000.0,,,Pending Review,,2400000.0,10782,98084,7025,,Net,USD,0.0,,2026-06-17
0.0,250000.0,0.0,0.0,10000.0,10000.0,200000.0,Call,100000.0,100000.0,,,No Call Required,,100000.0,11485,99750,7798,,Net,USD,0.0,,2026-06-17
0.0,0.0,0.0,250000.0,10000.0,10000.0,500000.0,Call,100000.0,100000.0,,,Pending Review,,100000.0,10475,96602,7288,,Net,USD,0.0,,2026-06-17
0.0,0.0,0.0,0.0,10000.0,10000.0,400000.0,Recall,300000.0,300000.0,,,Pending Review,,300000.0,10161,97765,7402,,Net,USD,0.0,,2026-06-10
0.0,250000.0,0.0,250000.0,10000.0,10000.0,400000.0,ITM No Calls,1400000.0,1400000.0,,,No Call Required,,1400000.0,11323,97608,7249,,Net,USD,0.0,,2026-06-03
0.0,0.0,0.0,0.0,10000.0,10000.0,-200000.0,Recall,4100000.0,4100000.0,,,No Call Required,,4100000.0,11529,95975,7546,,Net,USD,,,2026-07-01
0.0,250000.0,0.0,0.0,10000.0,10000.0,-100000.0,ITM No Calls,1700000.0,1700000.0,,,Pending Review,,1700000.0,10044,95365,7182,,Net,USD,0.0,,2026-06-10
0.0,250000.0,0.0,250000.0,10000.0,10000.0,500000.0,Call,4900000.0,4900000.0,,,No Call Required,,4900000.0,11837,99581,7509,,Net,USD,0.0,,2026-07-01
0.0,250000.0,0.0,250000.0,10000.0,10000.0,200000.0,Call,4600000.0,4600000.0,,,Pending Review,,4600000.0,11666,96421,7340,,Net,USD,0.0,,2026-06-17
0.0,250000.0,0.0,0.0,10000.0,10000.0,300000.0,Call,1000000.0,1000000.0,,,No Call Required,,1000000.0,11902,91711,7609,,Net,USD,0.0,,2026-06-03
0.0,0.0,0.0,250000.0,10000.0,10000.0,0.0,Recall,3000000.0,3000000.0,,,No Call Required,,3000000.0,10547,97787,7671,,Net,USD,0.0,,2026-06-17
0.0,0.0,0.0,250000.0,10000.0,10000.0,0.0,Recall,1400000.0,1400000.0,,,No Call Required,,1400000.0,10124,94700,7413,,Net,USD,0.0,,2026-06-03
0.0,250000.0,0.0,250000.0,10000.0,10000.0,100000.0,ITM No Calls,3500000.0,3500000.0,,,Pending Review,,3500000.0,10881,90642,7048,,Net,USD,0.0,,2026-06-17
0.0,250000.0,0.0,0.0,10000.0,10000.0,100000.0,ITM No Calls,3100000.0,3100000.0,,,Pending Review,,3100000.0,11436,91765,7230,,Net,USD,0.0,,2026-06-03
0.0,0.0,0.0,250000.0,10000.0,10000.0,400000.0,Call,2200000.0,2200000.0,,,No Call Required,,2200000.0,11008,91990,7583,,Net,USD,0.0,,2026-07-01
0.0,0.0,0.0,0.0,10000.0,10000.0,300000.0,Recall,600000.0,600000.0,,,Pending Review,,600000.0,11982,99095,7289,,Net,USD,0.0,,2026-06-17
0.0,250000.0,0.0,0.0,10000.0,10000.0,0.0,Recall,300000.0,300000.0,,,No Call Required,,300000.0,11430,92355,7189,,Net,USD,0.0,,2026-07-01
0.0,250000.0,0.0,0.0,10000.0,10000.0,200000.0,Recall,2500000.0,2500000.0,,,Pending Review,,2500000.0,10919,99976,7389,,Net,USD,0.0,,2026-06-03
0.0,0.0,0.0,250000.0,10000.0,10000.0,0.0,ITM No Calls,2500000.0,2500000.0,,,Pending Review,,2500000.0,11314,97136,7198,,Net,USD,0.0,,2026-06-17
0.0,250000.0,0.0,250000.0,10000.0,10000.0,0.0,Recall,2000000.0,2000000.0,,,Pending Review,,2000000.0,10630,90164,7290,,Net,USD,0.0,,2026-06-24
0.0,250000.0,0.0,250000.0,10000.0,10000.0,500000.0,Call,2100000.0,2100000.0,,,Pending Review,,2100000.0,11085,91993,7572,,Net,USD,0.0,,2026-06-10
0.0,0.0,0.0,250000.0,10000.0,10000.0,-200000.0,Call,1700000.0,1700000.0,,,Pending Review,,1700000.0,11786,91098,7396,,Net,USD,0.0,,2026-06-10
0.0,0.0,0.0,250000.0,10000.0,10000.0,-200000.0,Call,3200000.0,3200000.0,,,No Call Required,,3200000.0,11272,99443,7678,,Net,USD,0.0,,2026-06-10
0.0,0.0,0.0,0.0,10000.0,10000.0,100000.0,Call,4800000.0,4800000.0,,,No Call Required,,4800000.0,11485,90516,7417,,Net,USD,0.0,,2026-07-01
0.0,250000.0,0.0,250000.0,10000.0,10000.0,100000.0,Call,600000.0,600000.0,,,Pending Review,,600000.0,10721,93091,7114,,Net,USD,0.0,,2026-06-10
0.0,0.0,0.0,250000.0,10000.0,10000.0,200000.0,ITM No Calls,2100000.0,2100000.0,,,No Call Required,,2100000.0,10182,96087,7983,,Net,USD,0.0,,2026-06-17
0.0,0.0,0.0,0.0,10000.0,10000.0,500000.0,Call,2800000.0,2800000.0,,,Pending Review,,2800000.0,11060,90555,7616,,Net,USD,,,2026-06-10
0.0,0.0,0.0,250000.0,10000.0,10000.0,-200000.0,ITM No Calls,700000.0,700000.0,,,Pending Review,,700000.0,11526,96091,7366,,Net,USD,0.0,,2026-06-10
0.0,250000.0,0.0,0.0,10000.0,10000.0,200000.0,ITM No Calls,200000.0,200000.0,,,Pending Review,,200000.0,10237,91651,7268,,Net,USD,0.0,,2026-06-17
0.0,250000.0,0.0,0.0,10000.0,10000.0,-200000.0,ITM No Calls,5000000.0,5000000.0,,,Pending Review,,5000000.0,10796,98116,7842,,Net,USD,0.0,,2026-06-03
0.0,0.0,0.0,250000.0,10000.0,10000.0,100000.0,Recall,4800000.0,4800000.0,,,No Call Required,,4800000.0,11190,96156,7331,,Net,USD,0.0,,2026-06-03
0.0,250000.0,0.0,0.0,10000.0,10000.0,200000.0,Call,3000000.0,3000000.0,,,Pending Review,,3000000.0,11602,97931,7789,,Net,USD,0.0,,2026-06-24
0.0,0.0,0.0,0.0,10000.0,10000.0,-100000.0,Recall,1700000.0,1700000.0,,,Pending Review,,1700000.0,10378,92350,7822,,Net,USD,0.0,,2026-07-01
0.0,0.0,0.0,0.0,10000.0,10000.0,-100000.0,Recall,3900000.0,3900000.0,,,Pending Review,,3900000.0,11916,93862,7772,,Net,USD,0.0,,2026-07-01
0.0,0.0,0.0,250000.0,10000.0,10000.0,500000.0,Recall,3000000.0,3000000.0,,,Pending Review,,3000000.0,11964,95629,7692,,Net,USD,0.0,,2026-06-10
0.0,250000.0,0.0,0.0,10000.0,10000.0,200000.0,ITM No Calls,4800000.0,4800000.0,,,Pending Review,,4800000.0,11330,90367,7832,,Net,USD,0.0,,2026-06-17
0.0,0.0,0.0,250000.0,10000.0,10000.0,-200000.0,Call,1800000.0,1800000.0,,,No Call Required,,1800000.0,10901,92964,7834,,Net,USD,0.0,,2026-06-03
0.0,250000.0,0.0,250000.0,10000.0,10000.0,-100000.0,Recall,4300000.0,4300000.0,,,Pending Review,,4300000.0,10342,90134,7524,,Net,USD,0.0,,2026-06-24
0.0,0.0,0.0,250000.0,10000.0,10000.0,200000.0,Call,4600000.0,4600000.0,,,Pending Review,,4600000.0,11752,98214,7176,,Net,USD,0.0,,2026-06-03
0.0,0.0,0.0,0.0,10000.0,10000.0,0.0,Call,700000.0,700000.0,,,Pending Review,,700000.0,10367,98340,7276,,Net,USD,0.0,,2026-06-17
0.0,0.0,0.0,250000.0,10000.0,10000.0,100000.0,Call,4500000.0,4500000.0,,,Pending Review,,4500000.0,11187,93809,7650,,Net,USD,0.0,,2026-06-17
0.0,250000.0,0.0,0.0,10000.0,10000.0,300000.0,ITM No Calls,4900000.0,4900000.0,,,No Call Required,,4900000.0,11959,95285,7844,,Net,USD,0.0,,2026-06-10
0.0,0.0,0.0,0.0,10000.0,10000.0,200000.0,Recall,100000.0,100000.0,,,No Call Required,,100000.0,11783,99090,7566,,Net,USD,0.0,,2026-06-10
0.0,250000.0,0.0,0.0,10000.0,10000.0,100000.0,Recall,3500000.0,3500000.0,,,Pending Review,,3500000.0,11676,95584,7887,,Net,USD,0.0,,2026-07-01
0.0,0.0,0.0,0.0,10000.0,10000.0,0.0,ITM No Calls,400000.0,400000.0,,,Pending Review,,400000.0,11307,91878,7393,,Net,USD,0.0,,2026-06-24
0.0,0.0,0.0,0.0,10000.0,10000.0,300000.0,Recall,5000000.0,5000000.0,,,Pending Review,,5000000.0,10191,96378,7579,,Net,USD,0.0,,2026-07-01
0.0,0.0,0.0,250000.0,10000.0,10000.0,0.0,Call,3900000.0,3900000.0,,,No Call Required,,3900000.0,10660,97573,7732,,Net,USD,0.0,,2026-06-17
0.0,250000.0,0.0,250000.0,10000.0,10000.0,0.0,Call,0.0,0.0,,,No Call Required,,0.0,10359,90937,7973,,Net,USD,,,2026-06-24
0.0,250000.0,0.0,0.0,10000.0,10000.0,-200000.0,Recall,5000000.0,5000000.0,,,No Call Required,,5000000.0,10574,95164,7488,,Net,USD,0.0,,2026-06-17
0.0,0.0,0.0,0.0,10000.0,10000.0,100000.0,ITM No Calls,300000.0,300000.0,,,No Call Required,,300000.0,11057,94460,7301,,Net,USD,0.0,,2026-06-17
0.0,0.0,0.0,0.0,10000.0,10000.0,100000.0,Recall,3200000.0,3200000.0,,,No Call Required,,3200000.0,10052,98606,7998,,Net,USD,0.0,,2026-07-01
0.0,0.0,0.0,250000.0,10000.0,10000.0,300000.0,Call,300000.0,300000.0,,,Pending Review,,300000.0,10766,96594,7784,,Net,USD,0.0,,2026-06-10
0.0,250000.0,0.0,0.0,10000.0,10000.0,300000.0,Recall,4500000.0,4500000.0,,,Pending Review,,4500000.0,11621,92364,7231,,Net,USD,0.0,,2026-07-01
0.0,250000.0,0.0,250000.0,10000.0,10000.0,200000.0,Recall,800000.0,800000.0,,,No Call Required,,800000.0,11415,92023,7187,,Net,USD,0.0,,2026-06-24
0.0,250000.0,0.0,250000.0,10000.0,10000.0,200000.0,ITM No Calls,1400000.0,1400000.0,,,Pending Review,,1400000.0,11562,99249,7115,,Net,USD,0.0,,2026-07-01
0.0,0.0,0.0,0.0,10000.0,10000.0,0.0,ITM No Calls,400000.0,400000.0,,,Pending Review,,400000.0,11395,97689,7383,,Net,USD,0.0,,2026-06-24
0.0,250000.0,0.0,250000.0,10000.0,10000.0,500000.0,Call,3200000.0,3200000.0,,,Pending Review,,3200000.0,11940,91852,7102,,Net,USD,0.0,,2026-06-17
0.0,0.0,0.0,0.0,10000.0,10000.0,-200000.0,Recall,700000.0,700000.0,,,No Call Required,,700000.0,10465,91272,7995,,Net,USD,0.0,,2026-06-24
0.0,250000.0,0.0,0.0,10000.0,10000.0,400000.0,Recall,4000000.0,4000000.0,,,No Call Required,,4000000.0,10350,99573,7335,,Net,USD,0.0,,2026-07-01
0.0,250000.0,0.0,0.0,10000.0,10000.0,100000.0,ITM No Calls,500000.0,500000.0,,,No Call Required,,500000.0,11787,94172,7720,,Net,USD,0.0,,2026-06-24
0.0,250000.0,0.0,250000.0,10000.0,10000.0,500000.0,ITM No Calls,100000.0,100000.0,,,Pending Review,,100000.0,10505,97231,7743,,Net,USD,0.0,,2026-06-10
0.0,0.0,0.0,250000.0,10000.0,10000.0,300000.0,Recall,0.0,0.0,,,No Call Required,,0.0,10784,90508,7711,,Net,USD,0.0,,2026-06-03
0.0,250000.0,0.0,0.0,10000.0,10000.0,-200000.0,Call,1500000.0,1500000.0,,,No Call Required,,1500000.0,10510,90568,7403,,Net,USD,0.0,,2026-06-17
0.0,250000.0,0.0,250000.0,10000.0,10000.0,300000.0,ITM No Calls,1800000.0,1800000.0,,,No Call Required,,1800000.0,11073,97199,7317,,Net,USD,0.0,,2026-06-03
0.0,0.0,0.0,250000.0,10000.0,10000.0,-100000.0,Recall,4000000.0,4000000.0,,,No Call Required,,4000000.0,11879,94014,7833,,Net,USD,,,2026-06-17
0.0,250000.0,0.0,0.0,10000.0,10000.0,-100000.0,Recall,1500000.0,1500000.0,,,No Call Required,,1500000.0,10653,97509,7010,,Net,USD,,,2026-07-01
0.0,250000.0,0.0,0.0,10000.0,10000.0,400000.0,Call,3700000.0,3700000.0,,,No Call Required,,3700000.0,11336,99318,7943,,Net,USD,0.0,,2026-06-03
0.0,0.0,0.0,0.0,10000.0,10000.0,400000.0,Call,3200000.0,3200000.0,,,No Call Required,,3200000.0,10142,91865,7955,,Net,USD,0.0,,2026-06-17
0.0,250000.0,0.0,0.0,10000.0,10000.0,-200000.0,Recall,4100000.0,4100000.0,,,No Call Required,,4100000.0,11951,98059,7049,,Net,USD,0.0,,2026-06-10
0.0,250000.0,0.0,0.0,10000.0,10000.0,-200000.0,ITM No Calls,600000.0,600000.0,,,Pending Review,,600000.0,10803,99614,7901,,Net,USD,0.0,,2026-06-10
0.0,250000.0,0.0,250000.0,10000.0,10000.0,300000.0,ITM No Calls,2800000.0,2800000.0,,,No Call Required,,2800000.0,11849,95901,7686,,Net,USD,0.0,,2026-06-17
0.0,250000.0,0.0,0.0,10000.0,10000.0,500000.0,ITM No Calls,1800000.0,1800000.0,,,No Call Required,,1800000.0,10715,91731,7339,,Net,USD,0.0,,2026-06-24
0.0,0.0,0.0,0.0,10000.0,10000.0,-100000.0,ITM No Calls,3500000.0,3500000.0,,,Pending Review,,3500000.0,10609,92700,7576,,Net,USD,0.0,,2026-06-24
0.0,0.0,0.0,0.0,10000.0,10000.0,100000.0,Call,4400000.0,4400000.0,,,Pending Review,,4400000.0,11725,99814,7048,,Net,USD,0.0,,2026-06-17
0.0,250000.0,0.0,250000.0,10000.0,10000.0,400000.0,ITM No Calls,700000.0,700000.0,,,No Call Required,,700000.0,10119,90686,7643,,Net,USD,0.0,,2026-06-10
0.0,0.0,0.0,0.0,10000.0,10000.0,400000.0,Call,3400000.0,3400000.0,,,No Call Required,,3400000.0,10853,98777,7740,,Net,USD,0.0,,2026-06-10
0.0,0.0,0.0,250000.0,10000.0,10000.0,0.0,Recall,2000000.0,2000000.0,,,No Call Required,,2000000.0,11922,98496,7327,,Net,USD,0.0,,2026-06-17
0.0,250000.0,0.0,250000.0,10000.0,10000.0,-100000.0,Call,100000.0,100000.0,,,No Call Required,,100000.0,10822,97704,7414,,Net,USD,0.0,,2026-06-10
0.0,250000.0,0.0,0.0,10000.0,10000.0,400000.0,ITM No Calls,1200000.0,1200000.0,,,No Call Required,,1200000.0,10670,97179,7717,,Net,USD,,,2026-06-10
0.0,0.0,0.0,250000.0,10000.0,10000.0,400000.0,ITM No Calls,1500000.0,1500000.0,,,No Call Required,,1500000.0,10436,91123,7164,,Net,USD,,,2026-06-17
0.0,250000.0,0.0,0.0,10000.0,10000.0,500000.0,Recall,4000000.0,4000000.0,,,Pending Review,,4000000.0,10278,97248,7323,,Net,USD,0.0,,2026-06-03
0.0,0.0,0.0,250000.0,10000.0,10000.0,-100000.0,Call,2400000.0,2400000.0,,,No Call Required,,2400000.0,11782,98660,7945,,Net,USD,0.0,,2026-07-01
0.0,250000.0,0.0,0.0,10000.0,10000.0,200000.0,Call,2000000.0,2000000.0,,,No Call Required,,2000000.0,10792,96084,7407,,Net,USD,0.0,,2026-06-10
0.0,0.0,0.0,250000.0,10000.0,10000.0,100000.0,ITM No Calls,4300000.0,4300000.0,,,No Call Required,,4300000.0,10226,97377,7837,,Net,USD,0.0,,2026-06-24
0.0,250000.0,0.0,250000.0,10000.0,10000.0,400000.0,ITM No Calls,200000.0,200000.0,,,Pending Review,,200000.0,11431,91555,7037,,Net,USD,0.0,,2026-06-03
0.0,0.0,0.0,0.0,10000.0,10000.0,0.0,Recall,4500000.0,4500000.0,,,No Call Required,,4500000.0,11192,97657,7841,,Net,USD,0.0,,2026-06-10
0.0,0.0,0.0,0.0,10000.0,10000.0,-200000.0,Call,4800000.0,4800000.0,,,No Call Required,,4800000.0,10845,90145,7053,,Net,USD,0.0,,2026-06-24
0.0,0.0,0.0,250000.0,10000.0,10000.0,-100000.0,Recall,1700000.0,1700000.0,,,Pending Review,,1700000.0,10080,95748,7829,,Net,USD,0.0,,2026-06-24
0.0,250000.0,0.0,250000.0,10000.0,10000.0,-100000.0,Call,3600000.0,3600000.0,,,No Call Required,,3600000.0,10501,96709,7927,,Net,USD,0.0,,2026-06-10
0.0,0.0,0.0,250000.0,10000.0,10000.0,100000.0,Recall,2600000.0,2600000.0,,,No Call Required,,2600000.0,10846,92961,7768,,Net,USD,0.0,,2026-06-24
0.0,0.0,0.0,0.0,10000.0,10000.0,0.0,Call,1500000.0,1500000.0,,,No Call Required,,1500000.0,11035,94247,7638,,Net,USD,0.0,,2026-06-10
0.0,0.0,0.0,250000.0,10000.0,10000.0,-200000.0,Call,4100000.0,4100000.0,,,No Call Required,,4100000.0,11271,98325,7620,,Net,USD,0.0,,2026-06-24
0.0,250000.0,0.0,0.0,10000.0,10000.0,0.0,ITM No Calls,2500000.0,2500000.0,,,No Call Required,,2500000.0,10170,92907,7437,,Net,USD,0.0,,2026-07-01
0.0,250000.0,0.0,250000.0,10000.0,10000.0,200000.0,Call,200000.0,200000.0,,,No Call Required,,200000.0,10353,98446,7821,,Net,USD,0.0,,2026-06-17
0.0,0.0,0.0,0.0,10000.0,10000.0,100000.0,Recall,1500000.0,1500000.0,,,Pending Review,,1500000.0,11738,91040,7522,,Net,USD,0.0,,2026-06-03
0.0,0.0,0.0,250000.0,10000.0,10000.0,500000.0,ITM No Calls,100000.0,100000.0,,,Pending Review,,100000.0,11683,91766,7147,,Net,USD,0.0,,2026-06-10
0.0,250000.0,0.0,250000.0,10000.0,10000.0,200000.0,Call,1500000.0,1500000.0,,,No Call Required,,1500000.0,11744,95445,7736,,Net,USD,0.0,,2026-07-01
0.0,250000.0,0.0,0.0,10000.0,10000.0,0.0,Recall,3000000.0,3000000.0,,,No Call Required,,3000000.0,10259,92953,7139,,Net,USD,,,2026-07-01
0.0,0.0,0.0,250000.0,10000.0,10000.0,500000.0,Recall,4700000.0,4700000.0,,,Pending Review,,4700000.0,11310,92580,7264,,Net,USD,0.0,,2026-06-10
0.0,250000.0,0.0,250000.0,10000.0,10000.0,300000.0,Call,200000.0,200000.0,,,No Call Required,,200000.0,11018,93838,7914,,Net,USD,0.0,,2026-06-24
0.0,250000.0,0.0,0.0,10000.0,10000.0,100000.0,ITM No Calls,2800000.0,2800000.0,,,No Call Required,,2800000.0,10517,98597,7263,,Net,USD,0.0,,2026-06-17
0.0,0.0,0.0,250000.0,10000.0,10000.0,-100000.0,Recall,400000.0,400000.0,,,Pending Review,,400000.0,11397,93487,7127,,Net,USD,0.0,,2026-07-01
0.0,250000.0,0.0,0.0,10000.0,10000.0,200000.0,ITM No Calls,3400000.0,3400000.0,,,No Call Required,,3400000.0,10893,91722,7952,,Net,USD,0.0,,2026-07-01
0.0,250000.0,0.0,0.0,10000.0,10000.0,300000.0,Call,3700000.0,3700000.0,,,Pending Review,,3700000.0,10610,91185,7717,,Net,USD,0.0,,2026-06-17
0.0,250000.0,0.0,0.0,10000.0,10000.0,100000.0,Recall,3000000.0,3000000.0,,,Pending Review,,3000000.0,10664,99156,7836,,Net,USD,0.0,,2026-06-17
0.0,250000.0,0.0,0.0,10000.0,10000.0,0.0,Call,1400000.0,1400000.0,,,No Call Required,,1400000.0,10844,95294,7840,,Net,USD,0.0,,2026-06-10
0.0,0.0,0.0,250000.0,10000.0,10000.0,-100000.0,ITM No Calls,4200000.0,4200000.0,,,No Call Required,,4200000.0,10993,97631,7257,,Net,USD,0.0,,2026-06-03
0.0,250000.0,0.0,0.0,10000.0,10000.0,500000.0,Call,1600000.0,1600000.0,,,Pending Review,,1600000.0,10425,97513,7036,,Net,USD,0.0,,2026-06-03
0.0,0.0,0.0,0.0,10000.0,10000.0,0.0,Call,2100000.0,2100000.0,,,No Call Required,,2100000.0,11243,95471,7235,,Net,USD,0.0,,2026-07-01
0.0,0.0,0.0,0.0,10000.0,10000.0,-100000.0,ITM No Calls,4600000.0,4600000.0,,,Pending Review,,4600000.0,11844,90701,7814,,Net,USD,0.0,,2026-06-24
0.0,0.0,0.0,0.0,10000.0,10000.0,0.0,Call,1100000.0,1100000.0,,,Pending Review,,1100000.0,11696,98884,7301,,Net,USD,0.0,,2026-06-03
0.0,250000.0,0.0,250000.0,10000.0,10000.0,-100000.0,Call,3100000.0,3100000.0,,,No Call Required,,3100000.0,11622,91020,7212,,Net,USD,0.0,,2026-06-17
0.0,250000.0,0.0,250000.0,10000.0,10000.0,-100000.0,ITM No Calls,3700000.0,3700000.0,,,No Call Required,,3700000.0,10903,90346,7684,,Net,USD,0.0,,2026-06-03
0.0,0.0,0.0,0.0,10000.0,10000.0,-100000.0,Recall,4600000.0,4600000.0,,,Pending Review,,4600000.0,10831,96612,7492,,Net,USD,0.0,,2026-06-17
0.0,250000.0,0.0,250000.0,10000.0,10000.0,300000.0,Recall,2800000.0,2800000.0,,,Pending Review,,2800000.0,11421,96636,7478,,Net,USD,0.0,,2026-06-24
0.0,0.0,0.0,0.0,10000.0,10000.0,0.0,ITM No Calls,5000000.0,5000000.0,,,Pending Review,,5000000.0,11997,95187,7257,,Net,USD,0.0,,2026-06-10
0.0,250000.0,0.0,250000.0,10000.0,10000.0,500000.0,Call,700000.0,700000.0,,,Pending Review,,700000.0,11281,97092,7025,,Net,USD,0.0,,2026-06-10
0.0,0.0,0.0,250000.0,10000.0,10000.0,-100000.0,Recall,0.0,0.0,,,No Call Required,,0.0,11022,95795,7856,,Net,USD,,,2026-07-01
0.0,250000.0,0.0,250000.0,10000.0,10000.0,500000.0,Recall,3800000.0,3800000.0,,,Pending Review,,3800000.0,10247,92589,7677,,Net,USD,,,2026-06-10
0.0,0.0,0.0,250000.0,10000.0,10000.0,300000.0,Call,1500000.0,1500000.0,,,Pending Review,,1500000.0,11546,99028,7464,,Net,USD,0.0,,2026-06-24
0.0,0.0,0.0,250000.0,10000.0,10000.0,0.0,Recall,4200000.0,4200000.0,,,Pending Review,,4200000.0,10882,90869,7542,,Net,USD,0.0,,2026-06-24
0.0,0.0,0.0,250000.0,10000.0,10000.0,100000.0,ITM No Calls,2900000.0,2900000.0,,,Pending Review,,2900000.0,11304,96989,7502,,Net,USD,0.0,,2026-06-03
0.0,0.0,0.0,250000.0,10000.0,10000.0,-100000.0,Recall,3100000.0,3100000.0,,,Pending Review,,3100000.0,10629,97730,7179,,Net,USD,0.0,,2026-06-24
0.0,0.0,0.0,0.0,10000.0,10000.0,-200000.0,Recall,2900000.0,2900000.0,,,No Call Required,,2900000.0,11481,92477,7511,,Net,USD,0.0,,2026-06-24
0.0,0.0,0.0,250000.0,10000.0,10000.0,-100000.0,Call,3600000.0,3600000.0,,,Pending Review,,3600000.0,10187,92246,7884,,Net,USD,0.0,,2026-06-17
0.0,0.0,0.0,0.0,10000.0,10000.0,500000.0,Recall,2100000.0,2100000.0,,,Pending Review,,2100000.0,10614,95128,7724,,Net,USD,0.0,,2026-06-03
0.0,250000.0,0.0,0.0,10000.0,10000.0,-200000.0,ITM No Calls,2300000.0,2300000.0,,,Pending Review,,2300000.0,10444,94460,7132,,Net,USD,0.0,,2026-06-24
0.0,0.0,0.0,0.0,10000.0,10000.0,-200000.0,Call,3000000.0,3000000.0,,,No Call Required,,3000000.0,10103,92324,7323,,Net,USD,0.0,,2026-06-17
0.0,250000.0,0.0,250000.0,10000.0,10000.0,0.0,Call,4700000.0,4700000.0,,,Pending Review,,4700000.0,10001,97299,7182,,Net,USD,0.0,,2026-06-17
0.0,0.0,0.0,250000.0,10000.0,10000.0,100000.0,Recall,2500000.0,2500000.0,,,Pending Review,,2500000.0,10556,99352,7664,,Net,USD,0.0,,2026-06-17
0.0,250000.0,0.0,250000.0,10000.0,10000.0,400000.0,ITM No Calls,4700000.0,4700000.0,,,No Call Required,,4700000.0,10166,99918,7438,,Net,USD,,,2026-06-10
0.0,0.0,0.0,0.0,10000.0,10000.0,-200000.0,Recall,2000000.0,2000000.0,,,Pending Review,,2000000.0,10472,92575,7948,,Net,USD,0.0,,2026-06-24
0.0,250000.0,0.0,0.0,10000.0,10000.0,300000.0,Call,1000000.0,1000000.0,,,No Call Required,,1000000.0,11624,92618,7709,,Net,USD,0.0,,2026-06-17
0.0,250000.0,0.0,250000.0,10000.0,10000.0,200000.0,Recall,4400000.0,4400000.0,,,No Call Required,,4400000.0,10644,96327,7282,,Net,USD,0.0,,2026-06-10
0.0,0.0,0.0,250000.0,10000.0,10000.0,400000.0,Recall,800000.0,800000.0,,,Pending Review,,800000.0,11458,92942,7329,,Net,USD,0.0,,2026-06-03
0.0,250000.0,0.0,250000.0,10000.0,10000.0,-200000.0,Call,2900000.0,2900000.0,,,Pending Review,,2900000.0,10773,98158,7699,,Net,USD,0.0,,2026-06-03
0.0,0.0,0.0,0.0,10000.0,10000.0,0.0,Recall,3100000.0,3100000.0,,,Pending Review,,3100000.0,10831,95866,7672,,Net,USD,0.0,,2026-06-10
0.0,250000.0,0.0,250000.0,10000.0,10000.0,100000.0,ITM No Calls,3200000.0,3200000.0,,,No Call Required,,3200000.0,11755,93565,7307,,Net,USD,0.0,,2026-06-17
0.0,250000.0,0.0,250000.0,10000.0,10000.0,-100000.0,Recall,2400000.0,2400000.0,,,No Call Required,,2400000.0,10427,92478,7034,,Net,USD,0.0,,2026-06-24
0.0,250000.0,0.0,0.0,10000.0,10000.0,300000.0,ITM No Calls,2900000.0,2900000.0,,,Pending Review,,2900000.0,10968,97537,7796,,Net,USD,0.0,,2026-06-10
0.0,0.0,0.0,250000.0,10000.0,10000.0,-200000.0,Recall,4500000.0,4500000.0,,,Pending Review,,4500000.0,10646,98676,7282,,Net,USD,0.0,,2026-07-01
0.0,250000.0,0.0,0.0,10000.0,10000.0,400000.0,Call,500000.0,500000.0,,,Pending Review,,500000.0,10964,98942,7320,,Net,USD,0.0,,2026-07-01
0.0,250000.0,0.0,0.0,10000.0,10000.0,-200000.0,Call,4800000.0,4800000.0,,,No Call Required,,4800000.0,10672,94517,7259,,Net,USD,0.0,,2026-06-03
0.0,250000.0,0.0,250000.0,10000.0,10000.0,100000.0,Call,2200000.0,2200000.0,,,No Call Required,,2200000.0,11788,96069,7096,,Net,USD,0.0,,2026-07-01
0.0,0.0,0.0,0.0,10000.0,10000.0,-200000.0,ITM No Calls,1200000.0,1200000.0,,,Pending Review,,1200000.0,11126,96566,7265,,Net,USD,0.0,,2026-06-24
0.0,250000.0,0.0,0.0,10000.0,10000.0,-200000.0,Call,1000000.0,1000000.0,,,Pending Review,,1000000.0,11777,97626,7871,,Net,USD,0.0,,2026-06-17
0.0,250000.0,0.0,0.0,10000.0,10000.0,100000.0,Call,4000000.0,4000000.0,,,No Call Required,,4000000.0,11423,96570,7509,,Net,USD,0.0,,2026-06-24
0.0,0.0,0.0,250000.0,10000.0,10000.0,400000.0,Call,1700000.0,1700000.0,,,No Call Required,,1700000.0,10414,94322,7509,,Net,USD,0.0,,2026-06-03
0.0,0.0,0.0,0.0,10000.0,10000.0,300000.0,ITM No Calls,0.0,0.0,,,No Call Required,,0.0,11944,91968,7744,,Net,USD,0.0,,2026-07-01
0.0,0.0,0.0,0.0,10000.0,10000.0,300000.0,ITM No Calls,4900000.0,4900000.0,,,No Call Required,,4900000.0,11365,94554,7769,,Net,USD,0.0,,2026-06-24
0.0,250000.0,0.0,0.0,10000.0,10000.0,500000.0,Call,4900000.0,4900000.0,,,No Call Required,,4900000.0,10016,97720,7113,,Net,USD,0.0,,2026-07-01
0.0,250000.0,0.0,0.0,10000.0,10000.0,100000.0,Recall,500000.0,500000.0,,,Pending Review,,500000.0,11160,90780,7537,,Net,USD,0.0,,2026-06-03
0.0,250000.0,0.0,250000.0,10000.0,10000.0,-200000.0,ITM No Calls,1600000.0,1600000.0,,,No Call Required,,1600000.0,10250,96011,7452,,Net,USD,0.0,,2026-06-17
0.0,0.0,0.0,250000.0,10000.0,10000.0,-100000.0,Recall,3100000.0,3100000.0,,,No Call Required,,3100000.0,10509,94295,7890,,Net,USD,0.0,,2026-06-24
0.0,0.0,0.0,0.0,10000.0,10000.0,100000.0,Call,1900000.0,1900000.0,,,Pending Review,,1900000.0,10597,97255,7358,,Net,USD,0.0,,2026-06-24
0.0,250000.0,0.0,250000.0,10000.0,10000.0,-200000.0,ITM No Calls,2400000.0,2400000.0,,,Pending Review,,2400000.0,10790,90942,7339,,Net,USD,0.0,,2026-06-24
0.0,250000.0,0.0,250000.0,10000.0,10000.0,400000.0,Recall,1900000.0,1900000.0,,,No Call Required,,1900000.0,11722,94471,7285,,Net,USD,0.0,,2026-06-24
0.0,250000.0,0.0,0.0,10000.0,10000.0,0.0,Call,4300000.0,4300000.0,,,No Call Required,,4300000.0,10555,95178,7900,,Net,USD,0.0,,2026-06-24
0.0,0.0,0.0,0.0,10000.0,10000.0,0.0,Recall,4600000.0,4600000.0,,,Pending Review,,4600000.0,10879,90602,7754,,Net,USD,0.0,,2026-06-17
0.0,250000.0,0.0,250000.0,10000.0,10000.0,200000.0,Call,2000000.0,2000000.0,,,Pending Review,,2000000.0,11906,96464,7907,,Net,USD,0.0,,2026-06-10
0.0,250000.0,0.0,250000.0,10000.0,10000.0,300000.0,Recall,1400000.0,1400000.0,,,Pending Review,,1400000.0,11620,94074,7603,,Net,USD,0.0,,2026-06-10
0.0,250000.0,0.0,0.0,10000.0,10000.0,200000.0,Recall,4300000.0,4300000.0,,,No Call Required,,4300000.0,10565,96598,7449,,Net,USD,0.0,,2026-06-17
0.0,0.0,0.0,0.0,10000.0,10000.0,100000.0,ITM No Calls,2000000.0,2000000.0,,,Pending Review,,2000000.0,11922,97242,7555,,Net,USD,0.0,,2026-06-17
0.0,0.0,0.0,250000.0,10000.0,10000.0,0.0,ITM No Calls,2100000.0,2100000.0,,,Pending Review,,2100000.0,10117,96358,7946,,Net,USD,0.0,,2026-06-10
0.0,250000.0,0.0,250000.0,10000.0,10000.0,300000.0,ITM No Calls,600000.0,600000.0,,,No Call Required,,600000.0,11082,95499,7755,,Net,USD,0.0,,2026-07-01
0.0,0.0,0.0,250000.0,10000.0,10000.0,300000.0,ITM No Calls,1800000.0,1800000.0,,,No Call Required,,1800000.0,11827,93607,7543,,Net,USD,0.0,,2026-06-24
0.0,250000.0,0.0,0.0,10000.0,10000.0,100000.0,ITM No Calls,400000.0,400000.0,,,No Call Required,,400000.0,10004,92016,7566,,Net,USD,0.0,,2026-06-17
0.0,0.0,0.0,0.0,10000.0,10000.0,400000.0,ITM No Calls,1100000.0,1100000.0,,,Pending Review,,1100000.0,11304,98287,7226,,Net,USD,0.0,,2026-06-24
0.0,250000.0,0.0,0.0,10000.0,10000.0,500000.0,ITM No Calls,1000000.0,1000000.0,,,No Call Required,,1000000.0,11874,96827,7449,,Net,USD,0.0,,2026-06-17
0.0,250000.0,0.0,0.0,10000.0,10000.0,400000.0,ITM No Calls,2000000.0,2000000.0,,,No Call Required,,2000000.0,11188,90437,7151,,Net,USD,0.0,,2026-06-10
0.0,250000.0,0.0,250000.0,10000.0,10000.0,500000.0,ITM No Calls,1000000.0,1000000.0,,,No Call Required,,1000000.0,10054,93459,7612,,Net,USD,0.0,,2026-06-24
0.0,0.0,0.0,0.0,10000.0,10000.0,-200000.0,Recall,4300000.0,4300000.0,,,No Call Required,,4300000.0,10968,93492,7448,,Net,USD,0.0,,2026-07-01
0.0,250000.0,0.0,250000.0,10000.0,10000.0,100000.0,Call,2600000.0,2600000.0,,,Pending Review,,2600000.0,11968,92248,7397,,Net,USD,0.0,,2026-07-01
0.0,250000.0,0.0,0.0,10000.0,10000.0,-200000.0,Recall,2500000.0,2500000.0,,,Pending Review,,2500000.0,11096,96401,7056,,Net,USD,0.0,,2026-06-17
0.0,250000.0,0.0,250000.0,10000.0,10000.0,300000.0,Call,0.0,0.0,,,Pending Review,,0.0,11288,96544,7209,,Net,USD,0.0,,2026-07-01
0.0,0.0,0.0,250000.0,10000.0,10000.0,300000.0,Recall,2400000.0,2400000.0,,,No Call Required,,2400000.0,10740,99585,7311,,Net,USD,0.0,,2026-06-10
0.0,250000.0,0.0,250000.0,10000.0,10000.0,300000.0,Recall,4200000.0,4200000.0,,,Pending Review,,4200000.0,11530,93806,7873,,Net,USD,0.0,,2026-06-24
0.0,250000.0,0.0,250000.0,10000.0,10000.0,-100000.0,ITM No Calls,700000.0,700000.0,,,No Call Required,,700000.0,10254,93844,7707,,Net,USD,0.0,,2026-07-01
0.0,250000.0,0.0,0.0,10000.0,10000.0,-200000.0,Call,4300000.0,4300000.0,,,Pending Review,,4300000.0,10483,93322,7027,,Net,USD,0.0,,2026-07-01
0.0,0.0,0.0,250000.0,10000.0,10000.0,-200000.0,ITM No Calls,2400000.0,2400000.0,,,No Call Required,,2400000.0,11917,92161,7329,,Net,USD,0.0,,2026-07-01
0.0,0.0,0.0,250000.0,10000.0,10000.0,-200000.0,Recall,1900000.0,1900000.0,,,Pending Review,,1900000.0,11350,94676,7397,,Net,USD,0.0,,2026-07-01
0.0,0.0,0.0,250000.0,10000.0,10000.0,-200000.0,Recall,2400000.0,2400000.0,,,No Call Required,,2400000.0,10057,95998,7482,,Net,USD,0.0,,2026-07-01
0.0,0.0,0.0,0.0,10000.0,10000.0,500000.0,Call,3800000.0,3800000.0,,,No Call Required,,3800000.0,11415,97295,7596,,Net,USD,0.0,,2026-06-17
0.0,0.0,0.0,250000.0,10000.0,10000.0,500000.0,ITM No Calls,3300000.0,3300000.0,,,No Call Required,,3300000.0,10537,99016,7738,,Net,USD,0.0,,2026-06-24
0.0,250000.0,0.0,0.0,10000.0,10000.0,-100000.0,ITM No Calls,2400000.0,2400000.0,,,Pending Review,,2400000.0,11186,91131,7574,,Net,USD,0.0,,2026-06-10
0.0,250000.0,0.0,0.0,10000.0,10000.0,300000.0,ITM No Calls,1600000.0,1600000.0,,,Pending Review,,1600000.0,11779,97252,7862,,Net,USD,,,2026-06-10
0.0,250000.0,0.0,0.0,10000.0,10000.0,0.0,Recall,3200000.0,3200000.0,,,Pending Review,,3200000.0,11864,95112,7116,,Net,USD,0.0,,2026-06-24
0.0,0.0,0.0,0.0,10000.0,10000.0,-100000.0,ITM No Calls,1100000.0,1100000.0,,,No Call Required,,1100000.0,11191,96809,7362,,Net,USD,0.0,,2026-06-24
0.0,250000.0,0.0,0.0,10000.0,10000.0,200000.0,Recall,1000000.0,1000000.0,,,Pending Review,,1000000.0,11366,95773,7477,,Net,USD,0.0,,2026-07-01
0.0,250000.0,0.0,0.0,10000.0,10000.0,300000.0,Recall,2300000.0,2300000.0,,,Pending Review,,2300000.0,10314,98876,7846,,Net,USD,0.0,,2026-06-03
0.0,250000.0,0.0,250000.0,10000.0,10000.0,400000.0,Call,3400000.0,3400000.0,,,No Call Required,,3400000.0,10513,95739,7825,,Net,USD,0.0,,2026-06-10
0.0,0.0,0.0,0.0,10000.0,10000.0,300000.0,Recall,200000.0,200000.0,,,No Call Required,,200000.0,11036,96649,7740,,Net,USD,0.0,,2026-07-01
0.0,0.0,0.0,0.0,10000.0,10000.0,100000.0,Call,900000.0,900000.0,,,Pending Review,,900000.0,11542,90270,7989,,Net,USD,0.0,,2026-06-24
0.0,0.0,0.0,250000.0,10000.0,10000.0,500000.0,ITM No Calls,700000.0,700000.0,,,Pending Review,,700000.0,11816,99215,7036,,Net,USD,0.0,,2026-06-10
0.0,250000.0,0.0,0.0,10000.0,10000.0,0.0,ITM No Calls,900000.0,900000.0,,,No Call Required,,900000.0,10844,95423,7828,,Net,USD,0.0,,2026-06-17
0.0,250000.0,0.0,0.0,10000.0,10000.0,-200000.0,Recall,2700000.0,2700000.0,,,No Call Required,,2700000.0,11445,91177,7157,,Net,USD,0.0,,2026-06-17
0.0,0.0,0.0,0.0,10000.0,10000.0,400000.0,Recall,500000.0,500000.0,,,No Call Required,,500000.0,10888,92577,7064,,Net,USD,0.0,,2026-06-03
0.0,250000.0,0.0,0.0,10000.0,10000.0,300000.0,ITM No Calls,2500000.0,2500000.0,,,No Call Required,,2500000.0,11014,96984,7093,,Net,USD,0.0,,2026-06-17
0.0,250000.0,0.0,250000.0,10000.0,10000.0,-200000.0,Call,2800000.0,2800000.0,,,No Call Required,,2800000.0,10694,93199,7962,,Net,USD,0.0,,2026-06-03
0.0,0.0,0.0,0.0,10000.0,10000.0,400000.0,ITM No Calls,2500000.0,2500000.0,,,No Call Required,,2500000.0,11143,96225,7499,,Net,USD,0.0,,2026-06-10
0.0,250000.0,0.0,0.0,10000.0,10000.0,200000.0,Call,1800000.0,1800000.0,,,Pending Review,,1800000.0,11319,97233,7700,,Net,USD,0.0,,2026-06-03
0.0,250000.0,0.0,250000.0,10000.0,10000.0,200000.0,Recall,3300000.0,3300000.0,,,Pending Review,,3300000.0,11131,92919,7123,,Net,USD,0.0,,2026-06-17
0.0,0.0,0.0,0.0,10000.0,10000.0,200000.0,Call,1800000.0,1800000.0,,,No Call Required,,1800000.0,11492,93583,7315,,Net,USD,0.0,,2026-06-03
0.0,0.0,0.0,250000.0,10000.0,10000.0,500000.0,Recall,1700000.0,1700000.0,,,Pending Review,,1700000.0,11094,91652,7522,,Net,USD,0.0,,2026-06-03
0.0,250000.0,0.0,0.0,10000.0,10000.0,100000.0,ITM No Calls,3200000.0,3200000.0,,,No Call Required,,3200000.0,11447,98254,7763,,Net,USD,0.0,,2026-06-10
0.0,250000.0,0.0,250000.0,10000.0,10000.0,400000.0,Call,1000000.0,1000000.0,,,No Call Required,,1000000.0,10210,95544,7612,,Net,USD,0.0,,2026-06-17
0.0,250000.0,0.0,0.0,10000.0,10000.0,500000.0,ITM No Calls,400000.0,400000.0,,,Pending Review,,400000.0,10621,97819,7772,,Net,USD,0.0,,2026-06-24
0.0,0.0,0.0,250000.0,10000.0,10000.0,400000.0,ITM No Calls,3900000.0,3900000.0,,,No Call Required,,3900000.0,11974,92693,7406,,Net,USD,0.0,,2026-06-10
0.0,0.0,0.0,0.0,10000.0,10000.0,300000.0,ITM No Calls,300000.0,300000.0,,,Pending Review,,300000.0,10044,98910,7173,,Net,USD,0.0,,2026-07-01
0.0,250000.0,0.0,250000.0,10000.0,10000.0,100000.0,Recall,3600000.0,3600000.0,,,Pending Review,,3600000.0,11595,94222,7918,,Net,USD,0.0,,2026-06-17
0.0,250000.0,0.0,250000.0,10000.0,10000.0,-200000.0,Call,3600000.0,3600000.0,,,No Call Required,,3600000.0,11614,96652,7303,,Net,USD,0.0,,2026-07-01
0.0,250000.0,0.0,250000.0,10000.0,10000.0,200000.0,ITM No Calls,900000.0,900000.0,,,No Call Required,,900000.0,10368,96491,7095,,Net,USD,0.0,,2026-06-17
0.0,250000.0,0.0,250000.0,10000.0,10000.0,-100000.0,Recall,1600000.0,1600000.0,,,Pending Review,,1600000.0,10519,97482,7240,,Net,USD,0.0,,2026-07-01
0.0,250000.0,0.0,250000.0,10000.0,10000.0,100000.0,Recall,4900000.0,4900000.0,,,Pending Review,,4900000.0,11078,93580,7900,,Net,USD,0.0,,2026-06-24
0.0,250000.0,0.0,250000.0,10000.0,10000.0,-100000.0,Call,1900000.0,1900000.0,,,Pending Review,,1900000.0,10732,99160,7964,,Net,USD,0.0,,2026-06-24
0.0,0.0,0.0,0.0,10000.0,10000.0,500000.0,Recall,1700000.0,1700000.0,,,No Call Required,,1700000.0,10786,90077,7599,,Net,USD,0.0,,2026-07-01
0.0,250000.0,0.0,250000.0,10000.0,10000.0,-200000.0,Call,400000.0,400000.0,,,No Call Required,,400000.0,11089,90310,7206,,Net,USD,0.0,,2026-06-24
0.0,0.0,0.0,0.0,10000.0,10000.0,200000.0,ITM No Calls,4000000.0,4000000.0,,,Pending Review,,4000000.0,10780,99108,7298,,Net,USD,0.0,,2026-06-24
0.0,250000.0,0.0,250000.0,10000.0,10000.0,500000.0,Call,2700000.0,2700000.0,,,Pending Review,,2700000.0,10012,99369,7278,,Net,USD,0.0,,2026-06-10
0.0,0.0,0.0,0.0,10000.0,10000.0,200000.0,Call,800000.0,800000.0,,,Pending Review,,800000.0,10042,90973,7334,,Net,USD,0.0,,2026-06-10
0.0,0.0,0.0,250000.0,10000.0,10000.0,0.0,Recall,3400000.0,3400000.0,,,No Call Required,,3400000.0,10194,98243,7328,,Net,USD,0.0,,2026-07-01
0.0,0.0,0.0,0.0,10000.0,10000.0,0.0,ITM No Calls,3500000.0,3500000.0,,,No Call Required,,3500000.0,11640,93274,7089,,Net,USD,,,2026-06-10
0.0,0.0,0.0,0.0,10000.0,10000.0,500000.0,ITM No Calls,2500000.0,2500000.0,,,Pending Review,,2500000.0,11436,90663,7353,,Net,USD,0.0,,2026-06-17
0.0,0.0,0.0,250000.0,10000.0,10000.0,500000.0,Recall,1900000.0,1900000.0,,,No Call Required,,1900000.0,10337,92374,7754,,Net,USD,0.0,,2026-06-17
0.0,0.0,0.0,0.0,10000.0,10000.0,500000.0,Call,500000.0,500000.0,,,Pending Review,,500000.0,10741,91681,7388,,Net,USD,0.0,,2026-06-03
0.0,0.0,0.0,250000.0,10000.0,10000.0,200000.0,ITM No Calls,400000.0,400000.0,,,Pending Review,,400000.0,10148,95551,7597,,Net,USD,0.0,,2026-06-24
0.0,0.0,0.0,0.0,10000.0,10000.0,500000.0,Recall,1700000.0,1700000.0,,,Pending Review,,1700000.0,10719,96492,7233,,Net,USD,0.0,,2026-07-01
0.0,250000.0,0.0,0.0,10000.0,10000.0,-200000.0,Recall,2500000.0,2500000.0,,,Pending Review,,2500000.0,11692,93555,7778,,Net,USD,0.0,,2026-06-24
0.0,0.0,0.0,0.0,10000.0,10000.0,400000.0,Call,3900000.0,3900000.0,,,No Call Required,,3900000.0,10095,98447,7245,,Net,USD,,,2026-06-03
0.0,250000.0,0.0,0.0,10000.0,10000.0,400000.0,Recall,1300000.0,1300000.0,,,No Call Required,,1300000.0,11435,91490,7860,,Net,USD,0.0,,2026-06-03
0.0,250000.0,0.0,0.0,10000.0,10000.0,500000.0,ITM No Calls,3500000.0,3500000.0,,,No Call Required,,3500000.0,10728,99159,7249,,Net,USD,0.0,,2026-07-01
0.0,250000.0,0.0,0.0,10000.0,10000.0,100000.0,ITM No Calls,1300000.0,1300000.0,,,Pending Review,,1300000.0,10861,94582,7585,,Net,USD,0.0,,2026-06-24
0.0,250000.0,0.0,0.0,10000.0,10000.0,-100000.0,Call,0.0,0.0,,,No Call Required,,0.0,10888,92633,7949,,Net,USD,0.0,,2026-06-24
0.0,0.0,0.0,250000.0,10000.0,10000.0,0.0,Recall,2100000.0,2100000.0,,,No Call Required,,2100000.0,11981,90422,7360,,Net,USD,0.0,,2026-06-03
0.0,250000.0,0.0,250000.0,10000.0,10000.0,200000.0,Recall,4900000.0,4900000.0,,,Pending Review,,4900000.0,11942,90971,7278,,Net,USD,0.0,,2026-06-24
0.0,0.0,0.0,0.0,10000.0,10000.0,400000.0,ITM No Calls,4400000.0,4400000.0,,,No Call Required,,4400000.0,11150,93891,7433,,Net,USD,0.0,,2026-06-03
0.0,250000.0,0.0,250000.0,10000.0,10000.0,-100000.0,Recall,3400000.0,3400000.0,,,No Call Required,,3400000.0,10692,96067,7254,,Net,USD,0.0,,2026-06-03
0.0,0.0,0.0,0.0,10000.0,10000.0,400000.0,Call,4000000.0,4000000.0,,,No Call Required,,4000000.0,11124,90765,7324,,Net,USD,0.0,,2026-07-01
0.0,0.0,0.0,0.0,10000.0,10000.0,400000.0,Call,500000.0,500000.0,,,No Call Required,,500000.0,11433,90528,7319,,Net,USD,0.0,,2026-06-10
0.0,0.0,0.0,0.0,10000.0,10000.0,100000.0,Recall,400000.0,400000.0,,,No Call Required,,400000.0,11758,98529,7871,,Net,USD,0.0,,2026-06-17
0.0,0.0,0.0,250000.0,10000.0,10000.0,0.0,Recall,1200000.0,1200000.0,,,No Call Required,,1200000.0,10775,95397,7457,,Net,USD,0.0,,2026-06-17
0.0,250000.0,0.0,250000.0,10000.0,10000.0,400000.0,ITM No Calls,3100000.0,3100000.0,,,Pending Review,,3100000.0,11866,91014,7286,,Net,USD,0.0,,2026-06-24
0.0,0.0,0.0,250000.0,10000.0,10000.0,100000.0,ITM No Calls,1200000.0,1200000.0,,,Pending Review,,1200000.0,11111,97271,7685,,Net,USD,0.0,,2026-06-03
0.0,250000.0,0.0,0.0,10000.0,10000.0,400000.0,ITM No Calls,2800000.0,2800000.0,,,No Call Required,,2800000.0,10865,99970,7279,,Net,USD,0.0,,2026-06-10
0.0,250000.0,0.0,0.0,10000.0,10000.0,-100000.0,Call,2900000.0,2900000.0,,,Pending Review,,2900000.0,11396,99925,7201,,Net,USD,0.0,,2026-06-10
0.0,250000.0,0.0,0.0,10000.0,10000.0,100000.0,Call,900000.0,900000.0,,,No Call Required,,900000.0,11470,97565,7368,,Net,USD,0.0,,2026-06-10
0.0,250000.0,0.0,250000.0,10000.0,10000.0,-100000.0,ITM No Calls,4900000.0,4900000.0,,,No Call Required,,4900000.0,10898,96100,7966,,Net,USD,0.0,,2026-06-10
0.0,250000.0,0.0,250000.0,10000.0,10000.0,500000.0,ITM No Calls,1900000.0,1900000.0,,,No Call Required,,1900000.0,10072,95164,7166,,Net,USD,,,2026-06-03
0.0,0.0,0.0,250000.0,10000.0,10000.0,-100000.0,Recall,100000.0,100000.0,,,No Call Required,,100000.0,11739,91049,7137,,Net,USD,0.0,,2026-06-17
0.0,0.0,0.0,0.0,10000.0,10000.0,0.0,Recall,5000000.0,5000000.0,,,Pending Review,,5000000.0,11032,94862,7611,,Net,USD,0.0,,2026-06-03
0.0,250000.0,0.0,0.0,10000.0,10000.0,-100000.0,Recall,3600000.0,3600000.0,,,No Call Required,,3600000.0,10118,98185,7718,,Net,USD,0.0,,2026-06-17
0.0,250000.0,0.0,0.0,10000.0,10000.0,0.0,Recall,3800000.0,3800000.0,,,No Call Required,,3800000.0,12000,91841,7795,,Net,USD,0.0,,2026-06-10
0.0,0.0,0.0,250000.0,10000.0,10000.0,-100000.0,Call,4700000.0,4700000.0,,,Pending Review,,4700000.0,10414,93042,7269,,Net,USD,0.0,,2026-06-10
0.0,250000.0,0.0,250000.0,10000.0,10000.0,-200000.0,Recall,4500000.0,4500000.0,,,No Call Required,,4500000.0,11260,96262,7386,,Net,USD,0.0,,2026-06-03
0.0,250000.0,0.0,0.0,10000.0,10000.0,-200000.0,Call,2400000.0,2400000.0,,,No Call Required,,2400000.0,10361,90696,7528,,Net,USD,0.0,,2026-07-01
0.0,250000.0,0.0,0.0,10000.0,10000.0,300000.0,ITM No Calls,5000000.0,5000000.0,,,Pending Review,,5000000.0,11857,92878,7739,,Net,USD,0.0,,2026-06-24
0.0,0.0,0.0,250000.0,10000.0,10000.0,300000.0,ITM No Calls,1400000.0,1400000.0,,,No Call Required,,1400000.0,10340,90562,7291,,Net,USD,0.0,,2026-06-03
0.0,250000.0,0.0,0.0,10000.0,10000.0,400000.0,Call,4600000.0,4600000.0,,,No Call Required,,4600000.0,11920,96122,7334,,Net,USD,0.0,,2026-06-03
0.0,250000.0,0.0,250000.0,10000.0,10000.0,-100000.0,ITM No Calls,600000.0,600000.0,,,Pending Review,,600000.0,10743,92805,7563,,Net,USD,0.0,,2026-07-01
0.0,250000.0,0.0,0.0,10000.0,10000.0,-200000.0,Recall,1300000.0,1300000.0,,,No Call Required,,1300000.0,11952,97681,7111,,Net,USD,0.0,,2026-06-10
0.0,250000.0,0.0,250000.0,10000.0,10000.0,100000.0,Call,600000.0,600000.0,,,Pending Review,,600000.0,11276,96887,7893,,Net,USD,0.0,,2026-07-01
0.0,250000.0,0.0,0.0,10000.0,10000.0,100000.0,Recall,4200000.0,4200000.0,,,Pending Review,,4200000.0,10801,93207,7878,,Net,USD,0.0,,2026-07-01
0.0,250000.0,0.0,0.0,10000.0,10000.0,400000.0,Recall,1200000.0,1200000.0,,,Pending Review,,1200000.0,10535,91838,7168,,Net,USD,0.0,,2026-06-17
0.0,0.0,0.0,0.0,10000.0,10000.0,200000.0,Call,1900000.0,1900000.0,,,No Call Required,,1900000.0,10156,91594,7028,,Net,USD,0.0,,2026-06-24
0.0,250000.0,0.0,250000.0,10000.0,10000.0,200000.0,Recall,2300000.0,2300000.0,,,Pending Review,,2300000.0,10605,91508,7044,,Net,USD,0.0,,2026-06-24
0.0,0.0,0.0,0.0,10000.0,10000.0,400000.0,ITM No Calls,3300000.0,3300000.0,,,Pending Review,,3300000.0,11736,91652,7174,,Net,USD,0.0,,2026-06-10
0.0,0.0,0.0,250000.0,10000.0,10000.0,-200000.0,Recall,3800000.0,3800000.0,,,No Call Required,,3800000.0,10948,99101,7100,,Net,USD,0.0,,2026-07-01
0.0,250000.0,0.0,250000.0,10000.0,10000.0,500000.0,Call,3700000.0,3700000.0,,,No Call Required,,3700000.0,10240,97636,7032,,Net,USD,0.0,,2026-06-03
0.0,250000.0,0.0,0.0,10000.0,10000.0,200000.0,ITM No Calls,2000000.0,2000000.0,,,Pending Review,,2000000.0,10360,99485,7445,,Net,USD,0.0,,2026-06-10
0.0,0.0,0.0,250000.0,10000.0,10000.0,-200000.0,Recall,4300000.0,4300000.0,,,No Call Required,,4300000.0,10760,97184,7914,,Net,USD,0.0,,2026-06-24
0.0,250000.0,0.0,250000.0,10000.0,10000.0,200000.0,Call,4000000.0,4000000.0,,,Pending Review,,4000000.0,10996,90261,7429,,Net,USD,0.0,,2026-06-10
0.0,0.0,0.0,0.0,10000.0,10000.0,300000.0,Call,2200000.0,2200000.0,,,Pending Review,,2200000.0,10457,98895,7207,,Net,USD,0.0,,2026-06-17
0.0,250000.0,0.0,0.0,10000.0,10000.0,100000.0,ITM No Calls,5000000.0,5000000.0,,,No Call Required,,5000000.0,10668,94537,7385,,Net,USD,0.0,,2026-06-10
0.0,250000.0,0.0,250000.0,10000.0,10000.0,400000.0,ITM No Calls,3000000.0,3000000.0,,,No Call Required,,3000000.0,10769,97729,7931,,Net,USD,0.0,,2026-06-24
0.0,250000.0,0.0,250000.0,10000.0,10000.0,0.0,Recall,4700000.0,4700000.0,,,No Call Required,,4700000.0,11233,92677,7677,,Net,USD,0.0,,2026-06-17
0.0,250000.0,0.0,0.0,10000.0,10000.0,300000.0,ITM No Calls,2100000.0,2100000.0,,,No Call Required,,2100000.0,11913,91675,7229,,Net,USD,0.0,,2026-07-01
0.0,0.0,0.0,0.0,10000.0,10000.0,400000.0,Call,4300000.0,4300000.0,,,Pending Review,,4300000.0,10255,92555,7530,,Net,USD,0.0,,2026-06-24
0.0,250000.0,0.0,0.0,10000.0,10000.0,300000.0,Recall,1400000.0,1400000.0,,,Pending Review,,1400000.0,11050,99231,7902,,Net,USD,0.0,,2026-06-24
0.0,250000.0,0.0,250000.0,10000.0,10000.0,200000.0,Call,4600000.0,4600000.0,,,No Call Required,,4600000.0,11315,92470,7988,,Net,USD,0.0,,2026-06-10
0.0,0.0,0.0,0.0,10000.0,10000.0,300000.0,ITM No Calls,300000.0,300000.0,,,No Call Required,,300000.0,11064,91293,7412,,Net,USD,0.0,,2026-06-03
0.0,0.0,0.0,0.0,10000.0,10000.0,200000.0,Recall,4000000.0,4000000.0,,,Pending Review,,4000000.0,11307,96699,7642,,Net,USD,,,2026-07-01
0.0,250000.0,0.0,250000.0,10000.0,10000.0,100000.0,ITM No Calls,1500000.0,1500000.0,,,No Call Required,,1500000.0,11759,99125,7062,,Net,USD,0.0,,2026-06-10
0.0,250000.0,0.0,250000.0,10000.0,10000.0,-100000.0,Recall,4400000.0,4400000.0,,,No Call Required,,4400000.0,10745,96948,7315,,Net,USD,,,2026-06-17
0.0,0.0,0.0,0.0,10000.0,10000.0,500000.0,Call,2400000.0,2400000.0,,,No Call Required,,2400000.0,10933,94818,7958,,Net,USD,0.0,,2026-06-17
0.0,250000.0,0.0,250000.0,10000.0,10000.0,100000.0,Recall,300000.0,300000.0,,,No Call Required,,300000.0,11900,94048,7933,,Net,USD,,,2026-06-24
0.0,0.0,0.0,0.0,10000.0,10000.0,500000.0,ITM No Calls,900000.0,900000.0,,,No Call Required,,900000.0,11081,91990,7348,,Net,USD,,,2026-07-01
0.0,250000.0,0.0,0.0,10000.0,10000.0,500000.0,Recall,800000.0,800000.0,,,No Call Required,,800000.0,10141,90330,7666,,Net,USD,0.0,,2026-06-03
0.0,250000.0,0.0,0.0,10000.0,10000.0,-200000.0,Recall,4900000.0,4900000.0,,,No Call Required,,4900000.0,11109,93811,7617,,Net,USD,0.0,,2026-06-24
0.0,0.0,0.0,0.0,10000.0,10000.0,-100000.0,Call,4800000.0,4800000.0,,,No Call Required,,4800000.0,10600,98186,7054,,Net,USD,,,2026-06-24
0.0,0.0,0.0,250000.0,10000.0,10000.0,0.0,Call,500000.0,500000.0,,,No Call Required,,500000.0,10450,91134,7042,,Net,USD,0.0,,2026-06-24
0.0,250000.0,0.0,0.0,10000.0,10000.0,-100000.0,Recall,3000000.0,3000000.0,,,No Call Required,,3000000.0,11208,91324,7954,,Net,USD,,,2026-06-24
0.0,250000.0,0.0,0.0,10000.0,10000.0,500000.0,Call,4400000.0,4400000.0,,,Pending Review,,4400000.0,10614,98657,7954,,Net,USD,0.0,,2026-06-24
0.0,250000.0,0.0,0.0,10000.0,10000.0,100000.0,ITM No Calls,3900000.0,3900000.0,,,Pending Review,,3900000.0,10835,96919,7011,,Net,USD,,,2026-06-17
0.0,0.0,0.0,0.0,10000.0,10000.0,400000.0,ITM No Calls,1800000.0,1800000.0,,,No Call Required,,1800000.0,11438,93084,7575,,Net,USD,0.0,,2026-06-17
0.0,250000.0,0.0,0.0,10000.0,10000.0,0.0,ITM No Calls,1900000.0,1900000.0,,,Pending Review,,1900000.0,10372,97710,7096,,Net,USD,0.0,,2026-07-01
0.0,250000.0,0.0,250000.0,10000.0,10000.0,100000.0,ITM No Calls,0.0,0.0,,,No Call Required,,0.0,10288,93570,7073,,Net,USD,0.0,,2026-06-10
0.0,250000.0,0.0,0.0,10000.0,10000.0,400000.0,ITM No Calls,2100000.0,2100000.0,,,Pending Review,,2100000.0,10344,91562,7705,,Net,USD,0.0,,2026-07-01
0.0,0.0,0.0,250000.0,10000.0,10000.0,0.0,ITM No Calls,4600000.0,4600000.0,,,No Call Required,,4600000.0,10015,93626,7131,,Net,USD,,,2026-06-24
0.0,250000.0,0.0,250000.0,10000.0,10000.0,500000.0,Call,400000.0,400000.0,,,Pending Review,,400000.0,10059,93114,7695,,Net,USD,0.0,,2026-06-17
0.0,0.0,0.0,0.0,10000.0,10000.0,-200000.0,ITM No Calls,4700000.0,4700000.0,,,Pending Review,,4700000.0,10405,99135,7138,,Net,USD,0.0,,2026-06-10
0.0,0.0,0.0,250000.0,10000.0,10000.0,-100000.0,ITM No Calls,3400000.0,3400000.0,,,No Call Required,,3400000.0,11192,99822,7363,,Net,USD,0.0,,2026-06-10
0.0,250000.0,0.0,250000.0,10000.0,10000.0,300000.0,ITM No Calls,3000000.0,3000000.0,,,No Call Required,,3000000.0,11468,90205,7662,,Net,USD,0.0,,2026-06-10
0.0,250000.0,0.0,0.0,10000.0,10000.0,100000.0,Recall,2800000.0,2800000.0,,,No Call Required,,2800000.0,11893,97850,7461,,Net,USD,0.0,,2026-06-10
0.0,0.0,0.0,250000.0,10000.0,10000.0,0.0,ITM No Calls,100000.0,100000.0,,,No Call Required,,100000.0,11537,94539,7012,,Net,USD,,,2026-06-03
0.0,250000.0,0.0,250000.0,10000.0,10000.0,200000.0,Recall,2800000.0,2800000.0,,,Pending Review,,2800000.0,11646,98477,7266,,Net,USD,0.0,,2026-06-17
0.0,0.0,0.0,0.0,10000.0,10000.0,-200000.0,Call,4800000.0,4800000.0,,,Pending Review,,4800000.0,10749,98799,7010,,Net,USD,0.0,,2026-06-03
0.0,0.0,0.0,250000.0,10000.0,10000.0,400000.0,Recall,5000000.0,5000000.0,,,No Call Required,,5000000.0,11138,94422,7348,,Net,USD,0.0,,2026-06-10
0.0,0.0,0.0,0.0,10000.0,10000.0,300000.0,Call,700000.0,700000.0,,,No Call Required,,700000.0,10855,91799,7325,,Net,USD,0.0,,2026-06-24
0.0,0.0,0.0,0.0,10000.0,10000.0,300000.0,Call,200000.0,200000.0,,,Pending Review,,200000.0,10686,90517,7844,,Net,USD,0.0,,2026-06-03
0.0,250000.0,0.0,250000.0,10000.0,10000.0,0.0,Call,1900000.0,1900000.0,,,No Call Required,,1900000.0,11088,91890,7898,,Net,USD,,,2026-06-10
0.0,0.0,0.0,250000.0,10000.0,10000.0,300000.0,Recall,2300000.0,2300000.0,,,No Call Required,,2300000.0,11484,93808,7435,,Net,USD,0.0,,2026-06-24
0.0,250000.0,0.0,0.0,10000.0,10000.0,100000.0,Recall,3700000.0,3700000.0,,,Pending Review,,3700000.0,10540,96534,7568,,Net,USD,0.0,,2026-06-03
0.0,0.0,0.0,250000.0,10000.0,10000.0,-100000.0,Call,1300000.0,1300000.0,,,Pending Review,,1300000.0,10633,99060,7913,,Net,USD,0.0,,2026-06-24
0.0,0.0,0.0,250000.0,10000.0,10000.0,400000.0,Recall,2100000.0,2100000.0,,,No Call Required,,2100000.0,11956,90480,7059,,Net,USD,0.0,,2026-06-10
0.0,250000.0,0.0,250000.0,10000.0,10000.0,100000.0,Call,4400000.0,4400000.0,,,No Call Required,,4400000.0,10309,92691,7702,,Net,USD,0.0,,2026-06-17
0.0,250000.0,0.0,0.0,10000.0,10000.0,0.0,Recall,1500000.0,1500000.0,,,Pending Review,,1500000.0,10834,94513,7249,,Net,USD,0.0,,2026-06-10
0.0,250000.0,0.0,250000.0,10000.0,10000.0,-200000.0,Recall,4400000.0,4400000.0,,,No Call Required,,4400000.0,10496,91818,7229,,Net,USD,0.0,,2026-06-17
0.0,0.0,0.0,250000.0,10000.0,10000.0,-200000.0,Recall,3700000.0,3700000.0,,,Pending Review,,3700000.0,11035,90819,7961,,Net,USD,,,2026-06-10
0.0,250000.0,0.0,250000.0,10000.0,10000.0,-200000.0,Call,3000000.0,3000000.0,,,Pending Review,,3000000.0,10160,95696,7527,,Net,USD,0.0,,2026-06-10
0.0,250000.0,0.0,250000.0,10000.0,10000.0,500000.0,Call,3100000.0,3100000.0,,,Pending Review,,3100000.0,11611,99335,7530,,Net,USD,0.0,,2026-06-10
0.0,0.0,0.0,0.0,10000.0,10000.0,0.0,ITM No Calls,0.0,0.0,,,No Call Required,,0.0,10321,92247,7965,,Net,USD,0.0,,2026-07-01
0.0,250000.0,0.0,250000.0,10000.0,10000.0,400000.0,Recall,1900000.0,1900000.0,,,Pending Review,,1900000.0,10813,93363,7254,,Net,USD,0.0,,2026-06-10
0.0,250000.0,0.0,0.0,10000.0,10000.0,-100000.0,Call,1600000.0,1600000.0,,,No Call Required,,1600000.0,10742,90678,7039,,Net,USD,0.0,,2026-06-10
0.0,0.0,0.0,250000.0,10000.0,10000.0,100000.0,ITM No Calls,4300000.0,4300000.0,,,No Call Required,,4300000.0,10269,99214,7570,,Net,USD,0.0,,2026-07-01
0.0,250000.0,0.0,0.0,10000.0,10000.0,400000.0,Call,4700000.0,4700000.0,,,Pending Review,,4700000.0,10858,93962,7341,,Net,USD,,,2026-06-24
0.0,0.0,0.0,250000.0,10000.0,10000.0,-200000.0,Recall,2800000.0,2800000.0,,,Pending Review,,2800000.0,11236,94854,7415,,Net,USD,0.0,,2026-07-01
0.0,250000.0,0.0,0.0,10000.0,10000.0,0.0,ITM No Calls,3000000.0,3000000.0,,,Pending Review,,3000000.0,10061,90252,7825,,Net,USD,0.0,,2026-07-01
0.0,250000.0,0.0,250000.0,10000.0,10000.0,200000.0,Recall,2500000.0,2500000.0,,,Pending Review,,2500000.0,10802,91829,7645,,Net,USD,0.0,,2026-07-01
0.0,250000.0,0.0,250000.0,10000.0,10000.0,100000.0,Call,4600000.0,4600000.0,,,No Call Required,,4600000.0,11022,97534,7719,,Net,USD,0.0,,2026-06-17
0.0,250000.0,0.0,250000.0,10000.0,10000.0,0.0,ITM No Calls,900000.0,900000.0,,,No Call Required,,900000.0,10484,95562,7459,,Net,USD,0.0,,2026-06-03
0.0,250000.0,0.0,0.0,10000.0,10000.0,0.0,Call,3900000.0,3900000.0,,,No Call Required,,3900000.0,10894,95797,7362,,Net,USD,0.0,,2026-06-10
0.0,0.0,0.0,250000.0,10000.0,10000.0,-100000.0,Call,600000.0,600000.0,,,Pending Review,,600000.0,11503,91230,7317,,Net,USD,0.0,,2026-06-03
0.0,0.0,0.0,250000.0,10000.0,10000.0,-100000.0,Call,2700000.0,2700000.0,,,No Call Required,,2700000.0,10800,93013,7009,,Net,USD,0.0,,2026-06-10
0.0,250000.0,0.0,250000.0,10000.0,10000.0,400000.0,Call,4100000.0,4100000.0,,,Pending Review,,4100000.0,11960,95221,7376,,Net,USD,0.0,,2026-07-01
0.0,0.0,0.0,250000.0,10000.0,10000.0,100000.0,Call,4100000.0,4100000.0,,,No Call Required,,4100000.0,10836,93797,7229,,Net,USD,0.0,,2026-06-17
0.0,0.0,0.0,0.0,10000.0,10000.0,200000.0,Call,3700000.0,3700000.0,,,No Call Required,,3700000.0,11374,97548,7495,,Net,USD,0.0,,2026-06-10
0.0,0.0,0.0,250000.0,10000.0,10000.0,500000.0,Call,3900000.0,3900000.0,,,Pending Review,,3900000.0,11004,93064,7392,,Net,USD,0.0,,2026-06-24
0.0,0.0,0.0,250000.0,10000.0,10000.0,400000.0,Call,0.0,0.0,,,Pending Review,,0.0,11413,91615,7762,,Net,USD,0.0,,2026-06-10
0.0,250000.0,0.0,250000.0,10000.0,10000.0,100000.0,Recall,400000.0,400000.0,,,No Call Required,,400000.0,10097,91538,7269,,Net,USD,0.0,,2026-06-17
0.0,250000.0,0.0,0.0,10000.0,10000.0,-100000.0,Call,4500000.0,4500000.0,,,Pending Review,,4500000.0,11089,96718,7542,,Net,USD,0.0,,2026-06-10
0.0,0.0,0.0,0.0,10000.0,10000.0,0.0,Call,4600000.0,4600000.0,,,Pending Review,,4600000.0,10785,92265,7706,,Net,USD,0.0,,2026-06-17
0.0,0.0,0.0,250000.0,10000.0,10000.0,200000.0,Recall,4200000.0,4200000.0,,,No Call Required,,4200000.0,11642,99575,7435,,Net,USD,0.0,,2026-06-10
0.0,250000.0,0.0,250000.0,10000.0,10000.0,0.0,Call,2800000.0,2800000.0,,,No Call Required,,2800000.0,10075,93239,7272,,Net,USD,0.0,,2026-06-03
0.0,250000.0,0.0,250000.0,10000.0,10000.0,500000.0,Recall,2400000.0,2400000.0,,,No Call Required,,2400000.0,11855,92959,7207,,Net,USD,0.0,,2026-06-24
0.0,0.0,0.0,250000.0,10000.0,10000.0,400000.0,Call,1300000.0,1300000.0,,,Pending Review,,1300000.0,10871,91281,7608,,Net,USD,0.0,,2026-06-24
0.0,250000.0,0.0,250000.0,10000.0,10000.0,0.0,Recall,1500000.0,1500000.0,,,Pending Review,,1500000.0,11603,93351,7125,,Net,USD,0.0,,2026-06-24
0.0,250000.0,0.0,250000.0,10000.0,10000.0,-100000.0,Recall,4800000.0,4800000.0,,,No Call Required,,4800000.0,10364,93625,7423,,Net,USD,,,2026-06-10
0.0,250000.0,0.0,250000.0,10000.0,10000.0,0.0,Call,3300000.0,3300000.0,,,No Call Required,,3300000.0,11884,93986,7006,,Net,USD,0.0,,2026-06-10
0.0,0.0,0.0,0.0,10000.0,10000.0,0.0,ITM No Calls,2000000.0,2000000.0,,,Pending Review,,2000000.0,10871,92759,7173,,Net,USD,0.0,,2026-06-17
0.0,250000.0,0.0,250000.0,10000.0,10000.0,300000.0,ITM No Calls,3000000.0,3000000.0,,,No Call Required,,3000000.0,10156,93381,7922,,Net,USD,,,2026-06-17
0.0,250000.0,0.0,0.0,10000.0,10000.0,100000.0,ITM No Calls,1700000.0,1700000.0,,,No Call Required,,1700000.0,10888,99967,7503,,Net,USD,0.0,,2026-06-24
0.0,0.0,0.0,0.0,10000.0,10000.0,-200000.0,Call,4000000.0,4000000.0,,,No Call Required,,4000000.0,11176,99307,7891,,Net,USD,0.0,,2026-06-17
0.0,250000.0,0.0,250000.0,10000.0,10000.0,100000.0,ITM No Calls,2000000.0,2000000.0,,,Pending Review,,2000000.0,10920,98676,7009,,Net,USD,0.0,,2026-07-01
0.0,0.0,0.0,0.0,10000.0,10000.0,300000.0,Recall,3800000.0,3800000.0,,,Pending Review,,3800000.0,11761,99025,7430,,Net,USD,0.0,,2026-06-24
0.0,0.0,0.0,0.0,10000.0,10000.0,-200000.0,Recall,4900000.0,4900000.0,,,No Call Required,,4900000.0,10901,99252,7408,,Net,USD,0.0,,2026-07-01
0.0,0.0,0.0,250000.0,10000.0,10000.0,-200000.0,ITM No Calls,600000.0,600000.0,,,Pending Review,,600000.0,10249,99067,7879,,Net,USD,0.0,,2026-06-03
0.0,0.0,0.0,250000.0,10000.0,10000.0,200000.0,ITM No Calls,2900000.0,2900000.0,,,Pending Review,,2900000.0,10155,97972,7623,,Net,USD,0.0,,2026-06-03
0.0,250000.0,0.0,250000.0,10000.0,10000.0,200000.0,ITM No Calls,2900000.0,2900000.0,,,No Call Required,,2900000.0,10485,98113,7082,,Net,USD,0.0,,2026-06-17
0.0,250000.0,0.0,0.0,10000.0,10000.0,500000.0,Call,4500000.0,4500000.0,,,No Call Required,,4500000.0,10583,95438,7129,,Net,USD,0.0,,2026-06-17
0.0,0.0,0.0,250000.0,10000.0,10000.0,200000.0,Call,3200000.0,3200000.0,,,Pending Review,,3200000.0,11758,95078,7999,,Net,USD,0.0,,2026-06-10
0.0,0.0,0.0,0.0,10000.0,10000.0,100000.0,Recall,2500000.0,2500000.0,,,Pending Review,,2500000.0,10346,95066,7279,,Net,USD,0.0,,2026-07-01
0.0,250000.0,0.0,0.0,10000.0,10000.0,-200000.0,Call,1100000.0,1100000.0,,,Pending Review,,1100000.0,10779,93188,7168,,Net,USD,0.0,,2026-07-01
0.0,250000.0,0.0,0.0,10000.0,10000.0,400000.0,Recall,2200000.0,2200000.0,,,No Call Required,,2200000.0,11612,90365,7533,,Net,USD,,,2026-07-01
0.0,0.0,0.0,0.0,10000.0,10000.0,-100000.0,Recall,1600000.0,1600000.0,,,Pending Review,,1600000.0,10542,97463,7117,,Net,USD,0.0,,2026-06-24
0.0,0.0,0.0,250000.0,10000.0,10000.0,-100000.0,Call,4200000.0,4200000.0,,,Pending Review,,4200000.0,11821,91150,7172,,Net,USD,0.0,,2026-06-10
0.0,250000.0,0.0,250000.0,10000.0,10000.0,400000.0,Call,4200000.0,4200000.0,,,No Call Required,,4200000.0,11004,90120,7219,,Net,USD,0.0,,2026-07-01
0.0,0.0,0.0,0.0,10000.0,10000.0,300000.0,Recall,3300000.0,3300000.0,,,Pending Review,,3300000.0,11051,91097,7199,,Net,USD,0.0,,2026-06-10
0.0,0.0,0.0,0.0,10000.0,10000.0,400000.0,Call,3000000.0,3000000.0,,,Pending Review,,3000000.0,10918,98058,7098,,Net,USD,0.0,,2026-07-01
0.0,250000.0,0.0,0.0,10000.0,10000.0,200000.0,Recall,1300000.0,1300000.0,,,Pending Review,,1300000.0,11933,97022,7687,,Net,USD,0.0,,2026-06-17
0.0,0.0,0.0,0.0,10000.0,10000.0,-100000.0,ITM No Calls,4000000.0,4000000.0,,,Pending Review,,4000000.0,10911,90164,7721,,Net,USD,0.0,,2026-06-03
0.0,250000.0,0.0,0.0,10000.0,10000.0,200000.0,Recall,4900000.0,4900000.0,,,Pending Review,,4900000.0,10368,95822,7753,,Net,USD,0.0,,2026-06-03
0.0,250000.0,0.0,0.0,10000.0,10000.0,-100000.0,ITM No Calls,3000000.0,3000000.0,,,No Call Required,,3000000.0,10293,96487,7768,,Net,USD,0.0,,2026-06-03
0.0,250000.0,0.0,250000.0,10000.0,10000.0,-100000.0,ITM No Calls,4200000.0,4200000.0,,,Pending Review,,4200000.0,11296,99481,7092,,Net,USD,0.0,,2026-07-01
0.0,0.0,0.0,250000.0,10000.0,10000.0,100000.0,ITM No Calls,400000.0,400000.0,,,Pending Review,,400000.0,11459,94783,7415,,Net,USD,,,2026-06-10
0.0,0.0,0.0,250000.0,10000.0,10000.0,500000.0,Recall,4700000.0,4700000.0,,,Pending Review,,4700000.0,10890,98223,7310,,Net,USD,0.0,,2026-06-03
0.0,0.0,0.0,0.0,10000.0,10000.0,-100000.0,Recall,2000000.0,2000000.0,,,Pending Review,,2000000.0,11692,98293,7014,,Net,USD,0.0,,2026-06-10
0.0,0.0,0.0,250000.0,10000.0,10000.0,400000.0,Call,4100000.0,4100000.0,,,No Call Required,,4100000.0,11769,95824,7939,,Net,USD,0.0,,2026-06-03
0.0,0.0,0.0,0.0,10000.0,10000.0,-200000.0,Recall,4500000.0,4500000.0,,,No Call Required,,4500000.0,11738,91723,7247,,Net,USD,0.0,,2026-07-01
0.0,250000.0,0.0,250000.0,10000.0,10000.0,300000.0,Call,1800000.0,1800000.0,,,Pending Review,,1800000.0,11003,98284,7990,,Net,USD,0.0,,2026-06-24
0.0,250000.0,0.0,250000.0,10000.0,10000.0,100000.0,Call,200000.0,200000.0,,,No Call Required,,200000.0,10064,90753,7525,,Net,USD,0.0,,2026-06-17
0.0,250000.0,0.0,250000.0,10000.0,10000.0,500000.0,ITM No Calls,3200000.0,3200000.0,,,No Call Required,,3200000.0,10959,97948,7591,,Net,USD,0.0,,2026-06-24
0.0,0.0,0.0,250000.0,10000.0,10000.0,-200000.0,Recall,4400000.0,4400000.0,,,No Call Required,,4400000.0,11350,90806,7699,,Net,USD,0.0,,2026-06-03
0.0,0.0,0.0,0.0,10000.0,10000.0,0.0,ITM No Calls,2000000.0,2000000.0,,,No Call Required,,2000000.0,11342,98192,7601,,Net,USD,0.0,,2026-06-24
0.0,0.0,0.0,0.0,10000.0,10000.0,200000.0,ITM No Calls,3000000.0,3000000.0,,,No Call Required,,3000000.0,11340,92449,7256,,Net,USD,0.0,,2026-06-10
0.0,250000.0,0.0,0.0,10000.0,10000.0,100000.0,Recall,1800000.0,1800000.0,,,Pending Review,,1800000.0,11480,99587,7488,,Net,USD,0.0,,2026-07-01
0.0,0.0,0.0,0.0,10000.0,10000.0,-100000.0,Call,2700000.0,2700000.0,,,Pending Review,,2700000.0,11457,99136,7221,,Net,USD,0.0,,2026-06-24
0.0,250000.0,0.0,250000.0,10000.0,10000.0,100000.0,Call,2300000.0,2300000.0,,,Pending Review,,2300000.0,11861,90959,7607,,Net,USD,0.0,,2026-06-24
0.0,0.0,0.0,0.0,10000.0,10000.0,200000.0,ITM No Calls,3000000.0,3000000.0,,,Pending Review,,3000000.0,10624,90238,7379,,Net,USD,0.0,,2026-07-01
0.0,0.0,0.0,0.0,10000.0,10000.0,0.0,ITM No Calls,3800000.0,3800000.0,,,Pending Review,,3800000.0,10840,95915,7609,,Net,USD,0.0,,2026-07-01
0.0,0.0,0.0,250000.0,10000.0,10000.0,200000.0,Recall,4500000.0,4500000.0,,,No Call Required,,4500000.0,11931,91571,7682,,Net,USD,,,2026-06-24
0.0,0.0,0.0,0.0,10000.0,10000.0,0.0,Call,3100000.0,3100000.0,,,No Call Required,,3100000.0,10908,97635,7674,,Net,USD,0.0,,2026-06-24
0.0,250000.0,0.0,0.0,10000.0,10000.0,0.0,ITM No Calls,4600000.0,4600000.0,,,No Call Required,,4600000.0,11139,99077,7384,,Net,USD,0.0,,2026-07-01
0.0,250000.0,0.0,0.0,10000.0,10000.0,-200000.0,ITM No Calls,400000.0,400000.0,,,Pending Review,,400000.0,10951,96614,7377,,Net,USD,0.0,,2026-06-17
0.0,0.0,0.0,250000.0,10000.0,10000.0,-200000.0,Recall,600000.0,600000.0,,,No Call Required,,600000.0,11126,90803,7738,,Net,USD,0.0,,2026-07-01
0.0,250000.0,0.0,0.0,10000.0,10000.0,-200000.0,Recall,3600000.0,3600000.0,,,No Call Required,,3600000.0,10081,90522,7551,,Net,USD,0.0,,2026-07-01
0.0,0.0,0.0,0.0,10000.0,10000.0,100000.0,Recall,4400000.0,4400000.0,,,No Call Required,,4400000.0,11742,94780,7283,,Net,USD,,,2026-06-17
0.0,0.0,0.0,250000.0,10000.0,10000.0,-200000.0,Recall,3600000.0,3600000.0,,,No Call Required,,3600000.0,11882,91946,7518,,Net,USD,0.0,,2026-06-17
0.0,0.0,0.0,250000.0,10000.0,10000.0,200000.0,Recall,200000.0,200000.0,,,Pending Review,,200000.0,10074,97124,7513,,Net,USD,0.0,,2026-06-03
0.0,0.0,0.0,250000.0,10000.0,10000.0,100000.0,Recall,5000000.0,5000000.0,,,No Call Required,,5000000.0,10566,91064,7380,,Net,USD,0.0,,2026-06-24
0.0,0.0,0.0,250000.0,10000.0,10000.0,400000.0,Recall,4000000.0,4000000.0,,,No Call Required,,4000000.0,11154,90144,7735,,Net,USD,0.0,,2026-06-03
0.0,250000.0,0.0,250000.0,10000.0,10000.0,400000.0,Recall,4200000.0,4200000.0,,,No Call Required,,4200000.0,10117,92669,7204,,Net,USD,0.0,,2026-07-01
0.0,0.0,0.0,0.0,10000.0,10000.0,400000.0,Call,1300000.0,1300000.0,,,No Call Required,,1300000.0,11464,95907,7792,,Net,USD,0.0,,2026-06-03
0.0,250000.0,0.0,250000.0,10000.0,10000.0,-200000.0,Recall,1400000.0,1400000.0,,,Pending Review,,1400000.0,10550,93347,7544,,Net,USD,0.0,,2026-07-01
0.0,0.0,0.0,250000.0,10000.0,10000.0,200000.0,ITM No Calls,1300000.0,1300000.0,,,No Call Required,,1300000.0,10038,99198,7247,,Net,USD,0.0,,2026-07-01
0.0,250000.0,0.0,250000.0,10000.0,10000.0,500000.0,Recall,900000.0,900000.0,,,No Call Required,,900000.0,11952,90276,7688,,Net,USD,0.0,,2026-06-10
0.0,0.0,0.0,250000.0,10000.0,10000.0,500000.0,Call,4000000.0,4000000.0,,,Pending Review,,4000000.0,10458,98709,7762,,Net,USD,0.0,,2026-06-24
0.0,0.0,0.0,250000.0,10000.0,10000.0,-100000.0,ITM No Calls,4500000.0,4500000.0,,,No Call Required,,4500000.0,11547,92975,7247,,Net,USD,0.0,,2026-06-17
0.0,0.0,0.0,0.0,10000.0,10000.0,-100000.0,ITM No Calls,3300000.0,3300000.0,,,No Call Required,,3300000.0,10745,99677,7175,,Net,USD,0.0,,2026-06-24
0.0,250000.0,0.0,0.0,10000.0,10000.0,0.0,Call,3100000.0,3100000.0,,,No Call Required,,3100000.0,10374,93017,7548,,Net,USD,0.0,,2026-06-24
0.0,0.0,0.0,250000.0,10000.0,10000.0,200000.0,Call,4900000.0,4900000.0,,,No Call Required,,4900000.0,10130,92852,7434,,Net,USD,0.0,,2026-06-24
0.0,250000.0,0.0,250000.0,10000.0,10000.0,100000.0,Recall,500000.0,500000.0,,,No Call Required,,500000.0,10039,91746,7580,,Net,USD,0.0,,2026-06-24
0.0,0.0,0.0,250000.0,10000.0,10000.0,100000.0,Call,4800000.0,4800000.0,,,Pending Review,,4800000.0,10005,93084,7675,,Net,USD,0.0,,2026-06-24
0.0,0.0,0.0,250000.0,10000.0,10000.0,-200000.0,ITM No Calls,1800000.0,1800000.0,,,No Call Required,,1800000.0,11650,98949,7403,,Net,USD,0.0,,2026-06-03
0.0,0.0,0.0,250000.0,10000.0,10000.0,-200000.0,Recall,2100000.0,2100000.0,,,Pending Review,,2100000.0,11883,99537,7754,,Net,USD,0.0,,2026-06-03
0.0,0.0,0.0,250000.0,10000.0,10000.0,-200000.0,Call,4100000.0,4100000.0,,,Pending Review,,4100000.0,10369,92946,7534,,Net,USD,0.0,,2026-06-03
0.0,0.0,0.0,250000.0,10000.0,10000.0,300000.0,ITM No Calls,4200000.0,4200000.0,,,Pending Review,,4200000.0,11908,98834,7367,,Net,USD,0.0,,2026-06-10
0.0,0.0,0.0,0.0,10000.0,10000.0,100000.0,Call,2300000.0,2300000.0,,,Pending Review,,2300000.0,10212,98214,7163,,Net,USD,0.0,,2026-06-03
0.0,0.0,0.0,250000.0,10000.0,10000.0,300000.0,Call,0.0,0.0,,,No Call Required,,0.0,11090,96383,7104,,Net,USD,0.0,,2026-06-10
0.0,0.0,0.0,250000.0,10000.0,10000.0,400000.0,ITM No Calls,300000.0,300000.0,,,No Call Required,,300000.0,11745,94100,7623,,Net,USD,0.0,,2026-06-17
0.0,250000.0,0.0,0.0,10000.0,10000.0,400000.0,Call,2900000.0,2900000.0,,,Pending Review,,2900000.0,11246,92966,7939,,Net,USD,0.0,,2026-06-03
0.0,0.0,0.0,250000.0,10000.0,10000.0,0.0,Recall,400000.0,400000.0,,,No Call Required,,400000.0,11243,94345,7485,,Net,USD,0.0,,2026-06-17
0.0,250000.0,0.0,0.0,10000.0,10000.0,500000.0,Call,2200000.0,2200000.0,,,No Call Required,,2200000.0,11914,96754,7049,,Net,USD,0.0,,2026-07-01
0.0,250000.0,0.0,250000.0,10000.0,10000.0,-200000.0,ITM No Calls,3200000.0,3200000.0,,,No Call Required,,3200000.0,10807,94700,7730,,Net,USD,0.0,,2026-06-24
0.0,0.0,0.0,0.0,10000.0,10000.0,500000.0,Recall,2700000.0,2700000.0,,,Pending Review,,2700000.0,10593,94881,7275,,Net,USD,0.0,,2026-06-24
0.0,250000.0,0.0,250000.0,10000.0,10000.0,500000.0,Recall,1900000.0,1900000.0,,,Pending Review,,1900000.0,11996,95850,7594,,Net,USD,0.0,,2026-06-10
0.0,250000.0,0.0,0.0,10000.0,10000.0,300000.0,ITM No Calls,1800000.0,1800000.0,,,No Call Required,,1800000.0,11966,95901,7090,,Net,USD,0.0,,2026-07-01
0.0,250000.0,0.0,0.0,10000.0,10000.0,400000.0,Recall,100000.0,100000.0,,,Pending Review,,100000.0,11681,94822,7604,,Net,USD,0.0,,2026-06-24
0.0,250000.0,0.0,250000.0,10000.0,10000.0,-100000.0,Recall,500000.0,500000.0,,,Pending Review,,500000.0,10328,92733,7051,,Net,USD,0.0,,2026-06-17
0.0,0.0,0.0,250000.0,10000.0,10000.0,-200000.0,Call,500000.0,500000.0,,,Pending Review,,500000.0,11769,93247,7813,,Net,USD,0.0,,2026-06-24
0.0,250000.0,0.0,250000.0,10000.0,10000.0,100000.0,Recall,4700000.0,4700000.0,,,No Call Required,,4700000.0,10160,99541,7075,,Net,USD,0.0,,2026-07-01
0.0,0.0,0.0,0.0,10000.0,10000.0,-200000.0,Recall,3300000.0,3300000.0,,,No Call Required,,3300000.0,11324,97199,7436,,Net,USD,0.0,,2026-06-24
0.0,0.0,0.0,250000.0,10000.0,10000.0,200000.0,ITM No Calls,900000.0,900000.0,,,Pending Review,,900000.0,11794,96908,7882,,Net,USD,0.0,,2026-06-24
0.0,0.0,0.0,0.0,10000.0,10000.0,-100000.0,Call,1800000.0,1800000.0,,,No Call Required,,1800000.0,11527,94392,7467,,Net,USD,0.0,,2026-06-17
0.0,0.0,0.0,0.0,10000.0,10000.0,200000.0,Recall,700000.0,700000.0,,,Pending Review,,700000.0,10741,91012,7534,,Net,USD,0.0,,2026-06-24
0.0,0.0,0.0,250000.0,10000.0,10000.0,200000.0,ITM No Calls,2000000.0,2000000.0,,,No Call Required,,2000000.0,10936,99471,7003,,Net,USD,0.0,,2026-06-03
0.0,0.0,0.0,250000.0,10000.0,10000.0,500000.0,Call,2600000.0,2600000.0,,,Pending Review,,2600000.0,10561,99225,7882,,Net,USD,0.0,,2026-06-24
0.0,250000.0,0.0,250000.0,10000.0,10000.0,500000.0,ITM No Calls,200000.0,200000.0,,,No Call Required,,200000.0,11605,93290,7077,,Net,USD,0.0,,2026-06-03
0.0,250000.0,0.0,250000.0,10000.0,10000.0,0.0,Recall,2600000.0,2600000.0,,,No Call Required,,2600000.0,11552,97761,7315,,Net,USD,0.0,,2026-06-24
0.0,250000.0,0.0,250000.0,10000.0,10000.0,100000.0,Call,1800000.0,1800000.0,,,Pending Review,,1800000.0,10352,98547,7377,,Net,USD,0.0,,2026-06-24
0.0,250000.0,0.0,0.0,10000.0,10000.0,100000.0,Call,1900000.0,1900000.0,,,Pending Review,,1900000.0,11414,95679,7385,,Net,USD,0.0,,2026-06-03
0.0,0.0,0.0,0.0,10000.0,10000.0,100000.0,Recall,1200000.0,1200000.0,,,No Call Required,,1200000.0,10518,94574,7065,,Net,USD,0.0,,2026-06-10
0.0,250000.0,0.0,250000.0,10000.0,10000.0,300000.0,ITM No Calls,400000.0,400000.0,,,Pending Review,,400000.0,11132,91664,7822,,Net,USD,0.0,,2026-06-10
0.0,0.0,0.0,0.0,10000.0,10000.0,-200000.0,Recall,4700000.0,4700000.0,,,No Call Required,,4700000.0,11179,96546,7924,,Net,USD,0.0,,2026-06-10
0.0,250000.0,0.0,250000.0,10000.0,10000.0,400000.0,Call,4000000.0,4000000.0,,,No Call Required,,4000000.0,10207,93367,7374,,Net,USD,0.0,,2026-06-10
0.0,0.0,0.0,0.0,10000.0,10000.0,0.0,ITM No Calls,4700000.0,4700000.0,,,Pending Review,,4700000.0,11713,93003,7125,,Net,USD,0.0,,2026-06-24
0.0,0.0,0.0,250000.0,10000.0,10000.0,-100000.0,Call,4800000.0,4800000.0,,,No Call Required,,4800000.0,11229,95887,7992,,Net,USD,0.0,,2026-06-03
0.0,0.0,0.0,250000.0,10000.0,10000.0,100000.0,Call,2500000.0,2500000.0,,,Pending Review,,2500000.0,10687,94785,7538,,Net,USD,0.0,,2026-06-24
0.0,250000.0,0.0,0.0,10000.0,10000.0,0.0,Recall,700000.0,700000.0,,,No Call Required,,700000.0,10237,94829,7602,,Net,USD,0.0,,2026-06-10
0.0,0.0,0.0,250000.0,10000.0,10000.0,100000.0,Recall,1600000.0,1600000.0,,,Pending Review,,1600000.0,10872,99671,7282,,Net,USD,0.0,,2026-06-17
0.0,0.0,0.0,250000.0,10000.0,10000.0,-100000.0,ITM No Calls,4600000.0,4600000.0,,,Pending Review,,4600000.0,11376,91923,7926,,Net,USD,0.0,,2026-06-17
0.0,250000.0,0.0,250000.0,10000.0,10000.0,300000.0,Recall,4300000.0,4300000.0,,,Pending Review,,4300000.0,11683,96307,7608,,Net,USD,0.0,,2026-07-01
0.0,250000.0,0.0,250000.0,10000.0,10000.0,100000.0,Recall,4000000.0,4000000.0,,,Pending Review,,4000000.0,10541,94123,7283,,Net,USD,0.0,,2026-06-10
0.0,0.0,0.0,250000.0,10000.0,10000.0,400000.0,Recall,4600000.0,4600000.0,,,Pending Review,,4600000.0,11709,99794,7532,,Net,USD,,,2026-06-10
0.0,250000.0,0.0,0.0,10000.0,10000.0,500000.0,Call,2500000.0,2500000.0,,,No Call Required,,2500000.0,11143,91369,7442,,Net,USD,0.0,,2026-06-10
0.0,0.0,0.0,0.0,10000.0,10000.0,-100000.0,Call,1200000.0,1200000.0,,,No Call Required,,1200000.0,11781,95913,7315,,Net,USD,,,2026-06-24
0.0,0.0,0.0,0.0,10000.0,10000.0,500000.0,Call,1200000.0,1200000.0,,,No Call Required,,1200000.0,11180,98008,7678,,Net,USD,0.0,,2026-06-17
0.0,0.0,0.0,250000.0,10000.0,10000.0,100000.0,Call,1000000.0,1000000.0,,,Pending Review,,1000000.0,11164,90685,7864,,Net,USD,0.0,,2026-06-17
0.0,250000.0,0.0,0.0,10000.0,10000.0,-200000.0,ITM No Calls,100000.0,100000.0,,,No Call Required,,100000.0,10751,91352,7869,,Net,USD,0.0,,2026-06-24
0.0,250000.0,0.0,250000.0,10000.0,10000.0,-200000.0,Recall,3400000.0,3400000.0,,,No Call Required,,3400000.0,11653,98347,7515,,Net,USD,0.0,,2026-07-01
0.0,250000.0,0.0,250000.0,10000.0,10000.0,300000.0,ITM No Calls,2400000.0,2400000.0,,,Pending Review,,2400000.0,10475,91082,7564,,Net,USD,0.0,,2026-06-03
0.0,0.0,0.0,250000.0,10000.0,10000.0,-200000.0,Recall,1200000.0,1200000.0,,,Pending Review,,1200000.0,11792,99298,7761,,Net,USD,0.0,,2026-07-01
0.0,0.0,0.0,250000.0,10000.0,10000.0,-200000.0,Call,1600000.0,1600000.0,,,Pending Review,,1600000.0,10929,93949,7718,,Net,USD,0.0,,2026-06-03
0.0,0.0,0.0,250000.0,10000.0,10000.0,100000.0,Call,1300000.0,1300000.0,,,No Call Required,,1300000.0,11639,94162,7095,,Net,USD,0.0,,2026-06-03
0.0,250000.0,0.0,250000.0,10000.0,10000.0,-100000.0,Recall,0.0,0.0,,,Pending Review,,0.0,10636,92257,7070,,Net,USD,0.0,,2026-06-24
0.0,250000.0,0.0,0.0,10000.0,10000.0,400000.0,Call,2200000.0,2200000.0,,,No Call Required,,2200000.0,11876,97836,7177,,Net,USD,0.0,,2026-06-03
0.0,250000.0,0.0,250000.0,10000.0,10000.0,-100000.0,ITM No Calls,900000.0,900000.0,,,Pending Review,,900000.0,11860,93303,7717,,Net,USD,0.0,,2026-07-01
0.0,0.0,0.0,0.0,10000.0,10000.0,500000.0,Recall,2100000.0,2100000.0,,,No Call Required,,2100000.0,10289,99881,7134,,Net,USD,0.0,,2026-07-01
0.0,0.0,0.0,0.0,10000.0,10000.0,200000.0,Call,3800000.0,3800000.0,,,Pending Review,,3800000.0,10028,99107,7452,,Net,USD,0.0,,2026-07-01
0.0,250000.0,0.0,250000.0,10000.0,10000.0,-200000.0,Call,2700000.0,2700000.0,,,No Call Required,,2700000.0,11646,99359,7102,,Net,USD,0.0,,2026-07-01
0.0,0.0,0.0,0.0,10000.0,10000.0,100000.0,Call,3400000.0,3400000.0,,,Pending Review,,3400000.0,11659,91018,7557,,Net,USD,0.0,,2026-07-01
0.0,0.0,0.0,250000.0,10000.0,10000.0,-200000.0,ITM No Calls,4900000.0,4900000.0,,,No Call Required,,4900000.0,10221,92571,7399,,Net,USD,0.0,,2026-06-03
0.0,0.0,0.0,250000.0,10000.0,10000.0,100000.0,ITM No Calls,4600000.0,4600000.0,,,No Call Required,,4600000.0,10396,97986,7054,,Net,USD,0.0,,2026-06-24
0.0,250000.0,0.0,250000.0,10000.0,10000.0,200000.0,Call,1600000.0,1600000.0,,,No Call Required,,1600000.0,10835,96651,7483,,Net,USD,0.0,,2026-06-17
0.0,0.0,0.0,0.0,10000.0,10000.0,-200000.0,Recall,1800000.0,1800000.0,,,Pending Review,,1800000.0,11219,90413,7791,,Net,USD,,,2026-07-01
0.0,250000.0,0.0,0.0,10000.0,10000.0,400000.0,Call,3300000.0,3300000.0,,,No Call Required,,3300000.0,11433,90714,7011,,Net,USD,0.0,,2026-06-10
0.0,250000.0,0.0,250000.0,10000.0,10000.0,100000.0,Call,700000.0,700000.0,,,Pending Review,,700000.0,10130,92424,7390,,Net,USD,0.0,,2026-06-24
0.0,250000.0,0.0,0.0,10000.0,10000.0,300000.0,Call,1100000.0,1100000.0,,,Pending Review,,1100000.0,10768,97159,7140,,Net,USD,0.0,,2026-06-10
0.0,250000.0,0.0,250000.0,10000.0,10000.0,0.0,Call,3800000.0,3800000.0,,,Pending Review,,3800000.0,10325,98549,7205,,Net,USD,0.0,,2026-07-01
0.0,250000.0,0.0,250000.0,10000.0,10000.0,300000.0,ITM No Calls,3100000.0,3100000.0,,,No Call Required,,3100000.0,10038,93731,7686,,Net,USD,0.0,,2026-06-10
0.0,250000.0,0.0,250000.0,10000.0,10000.0,300000.0,Call,4800000.0,4800000.0,,,No Call Required,,4800000.0,11886,91502,7065,,Net,USD,0.0,,2026-06-17
0.0,250000.0,0.0,0.0,10000.0,10000.0,-200000.0,Call,3700000.0,3700000.0,,,Pending Review,,3700000.0,10993,93146,7073,,Net,USD,0.0,,2026-07-01
0.0,0.0,0.0,250000.0,10000.0,10000.0,-100000.0,Recall,4800000.0,4800000.0,,,No Call Required,,4800000.0,11489,94426,7909,,Net,USD,0.0,,2026-06-10
0.0,0.0,0.0,250000.0,10000.0,10000.0,100000.0,Recall,2000000.0,2000000.0,,,Pending Review,,2000000.0,11253,99703,7555,,Net,USD,0.0,,2026-06-24
0.0,0.0,0.0,0.0,10000.0,10000.0,-100000.0,ITM No Calls,200000.0,200000.0,,,No Call Required,,200000.0,10082,98926,7324,,Net,USD,0.0,,2026-07-01
0.0,0.0,0.0,250000.0,10000.0,10000.0,500000.0,Recall,2800000.0,2800000.0,,,No Call Required,,2800000.0,10605,99445,7092,,Net,USD,0.0,,2026-06-03
0.0,0.0,0.0,0.0,10000.0,10000.0,-100000.0,Call,1100000.0,1100000.0,,,No Call Required,,1100000.0,10804,97926,7839,,Net,USD,0.0,,2026-06-10
0.0,0.0,0.0,250000.0,10000.0,10000.0,-200000.0,ITM No Calls,3100000.0,3100000.0,,,Pending Review,,3100000.0,11202,98139,7534,,Net,USD,0.0,,2026-06-17
0.0,0.0,0.0,250000.0,10000.0,10000.0,300000.0,ITM No Calls,2900000.0,2900000.0,,,No Call Required,,2900000.0,10262,90969,7395,,Net,USD,,,2026-07-01
0.0,0.0,0.0,0.0,10000.0,10000.0,-100000.0,Recall,2700000.0,2700000.0,,,Pending Review,,2700000.0,10704,93138,7420,,Net,USD,0.0,,2026-06-03
0.0,0.0,0.0,250000.0,10000.0,10000.0,-100000.0,Call,4300000.0,4300000.0,,,No Call Required,,4300000.0,11694,90235,7820,,Net,USD,0.0,,2026-06-10
0.0,0.0,0.0,0.0,10000.0,10000.0,500000.0,Recall,3900000.0,3900000.0,,,No Call Required,,3900000.0,10773,94822,7071,,Net,USD,0.0,,2026-06-03
0.0,250000.0,0.0,0.0,10000.0,10000.0,500000.0,ITM No Calls,5000000.0,5000000.0,,,No Call Required,,5000000.0,11259,97882,7041,,Net,USD,0.0,,2026-06-24
0.0,0.0,0.0,0.0,10000.0,10000.0,300000.0,ITM No Calls,3200000.0,3200000.0,,,Pending Review,,3200000.0,10439,90181,7829,,Net,USD,0.0,,2026-07-01
0.0,0.0,0.0,250000.0,10000.0,10000.0,-100000.0,ITM No Calls,1500000.0,1500000.0,,,No Call Required,,1500000.0,11510,99915,7058,,Net,USD,0.0,,2026-06-24
0.0,0.0,0.0,250000.0,10000.0,10000.0,0.0,ITM No Calls,2100000.0,2100000.0,,,Pending Review,,2100000.0,10802,90851,7348,,Net,USD,0.0,,2026-07-01
0.0,250000.0,0.0,0.0,10000.0,10000.0,100000.0,Recall,2100000.0,2100000.0,,,Pending Review,,2100000.0,11712,92283,7891,,Net,USD,0.0,,2026-06-10
0.0,0.0,0.0,250000.0,10000.0,10000.0,-100000.0,ITM No Calls,4000000.0,4000000.0,,,No Call Required,,4000000.0,10095,99521,7779,,Net,USD,0.0,,2026-06-24
0.0,0.0,0.0,250000.0,10000.0,10000.0,300000.0,Call,1200000.0,1200000.0,,,Pending Review,,1200000.0,11125,90752,7187,,Net,USD,0.0,,2026-06-17
0.0,0.0,0.0,250000.0,10000.0,10000.0,0.0,Call,1300000.0,1300000.0,,,Pending Review,,1300000.0,11819,94696,7100,,Net,USD,,,2026-06-10
0.0,250000.0,0.0,0.0,10000.0,10000.0,400000.0,ITM No Calls,1600000.0,1600000.0,,,Pending Review,,1600000.0,11268,98668,7476,,Net,USD,,,2026-06-10
0.0,0.0,0.0,250000.0,10000.0,10000.0,100000.0,Recall,3800000.0,3800000.0,,,Pending Review,,3800000.0,11399,90208,7018,,Net,USD,0.0,,2026-07-01
0.0,250000.0,0.0,250000.0,10000.0,10000.0,300000.0,Call,3500000.0,3500000.0,,,No Call Required,,3500000.0,11096,91243,7668,,Net,USD,0.0,,2026-07-01
0.0,0.0,0.0,0.0,10000.0,10000.0,300000.0,Call,3100000.0,3100000.0,,,No Call Required,,3100000.0,10319,90266,7738,,Net,USD,0.0,,2026-06-10
0.0,250000.0,0.0,250000.0,10000.0,10000.0,300000.0,Call,100000.0,100000.0,,,Pending Review,,100000.0,10687,92870,7211,,Net,USD,0.0,,2026-06-10
0.0,250000.0,0.0,250000.0,10000.0,10000.0,300000.0,Call,1000000.0,1000000.0,,,No Call Required,,1000000.0,10921,93388,7426,,Net,USD,0.0,,2026-06-10
0.0,250000.0,0.0,0.0,10000.0,10000.0,500000.0,ITM No Calls,1000000.0,1000000.0,,,Pending Review,,1000000.0,10802,95482,7332,,Net,USD,0.0,,2026-07-01
0.0,250000.0,0.0,250000.0,10000.0,10000.0,-200000.0,Call,400000.0,400000.0,,,Pending Review,,400000.0,11976,92867,7092,,Net,USD,0.0,,2026-06-10
0.0,250000.0,0.0,0.0,10000.0,10000.0,500000.0,Recall,3000000.0,3000000.0,,,Pending Review,,3000000.0,11863,93310,7472,,Net,USD,0.0,,2026-07-01
0.0,0.0,0.0,250000.0,10000.0,10000.0,400000.0,Recall,4600000.0,4600000.0,,,Pending Review,,4600000.0,10879,97129,7121,,Net,USD,0.0,,2026-06-03
0.0,250000.0,0.0,0.0,10000.0,10000.0,0.0,ITM No Calls,1200000.0,1200000.0,,,No Call Required,,1200000.0,11155,94204,7975,,Net,USD,0.0,,2026-06-10
0.0,250000.0,0.0,250000.0,10000.0,10000.0,-200000.0,ITM No Calls,4200000.0,4200000.0,,,No Call Required,,4200000.0,10876,97183,7928,,Net,USD,0.0,,2026-06-17
0.0,250000.0,0.0,0.0,10000.0,10000.0,100000.0,ITM No Calls,4700000.0,4700000.0,,,No Call Required,,4700000.0,10545,90347,7311,,Net,USD,0.0,,2026-07-01
0.0,250000.0,0.0,0.0,10000.0,10000.0,200000.0,Call,2900000.0,2900000.0,,,Pending Review,,2900000.0,11501,91366,7893,,Net,USD,,,2026-06-17
0.0,250000.0,0.0,0.0,10000.0,10000.0,300000.0,Call,300000.0,300000.0,,,No Call Required,,300000.0,11696,95971,7794,,Net,USD,0.0,,2026-06-24
0.0,250000.0,0.0,250000.0,10000.0,10000.0,200000.0,Call,4800000.0,4800000.0,,,Pending Review,,4800000.0,11110,97513,7502,,Net,USD,0.0,,2026-06-10
0.0,0.0,0.0,250000.0,10000.0,10000.0,-200000.0,ITM No Calls,600000.0,600000.0,,,Pending Review,,600000.0,11406,98770,7357,,Net,USD,0.0,,2026-06-24
0.0,0.0,0.0,250000.0,10000.0,10000.0,200000.0,ITM No Calls,3600000.0,3600000.0,,,Pending Review,,3600000.0,11364,93543,7320,,Net,USD,0.0,,2026-06-10
0.0,250000.0,0.0,0.0,10000.0,10000.0,-100000.0,ITM No Calls,4100000.0,4100000.0,,,Pending Review,,4100000.0,10450,99695,7496,,Net,USD,0.0,,2026-06-24
0.0,250000.0,0.0,0.0,10000.0,10000.0,200000.0,ITM No Calls,2800000.0,2800000.0,,,Pending Review,,2800000.0,11791,95392,7063,,Net,USD,0.0,,2026-06-24
0.0,0.0,0.0,0.0,10000.0,10000.0,500000.0,ITM No Calls,4700000.0,4700000.0,,,Pending Review,,4700000.0,10602,99612,7063,,Net,USD,0.0,,2026-07-01
0.0,0.0,0.0,250000.0,10000.0,10000.0,300000.0,ITM No Calls,2300000.0,2300000.0,,,Pending Review,,2300000.0,10402,96711,7251,,Net,USD,0.0,,2026-06-24
0.0,0.0,0.0,0.0,10000.0,10000.0,500000.0,Call,1100000.0,1100000.0,,,Pending Review,,1100000.0,11873,93218,7744,,Net,USD,0.0,,2026-07-01
0.0,250000.0,0.0,250000.0,10000.0,10000.0,300000.0,ITM No Calls,4400000.0,4400000.0,,,No Call Required,,4400000.0,11290,91077,7293,,Net,USD,0.0,,2026-06-17
0.0,250000.0,0.0,250000.0,10000.0,10000.0,200000.0,Call,3300000.0,3300000.0,,,No Call Required,,3300000.0,11324,98316,7094,,Net,USD,0.0,,2026-06-24
0.0,0.0,0.0,250000.0,10000.0,10000.0,100000.0,Call,4800000.0,4800000.0,,,No Call Required,,4800000.0,10769,95582,7701,,Net,USD,0.0,,2026-06-03
0.0,250000.0,0.0,250000.0,10000.0,10000.0,400000.0,Recall,0.0,0.0,,,Pending Review,,0.0,10832,98902,7637,,Net,USD,0.0,,2026-06-03
0.0,0.0,0.0,0.0,10000.0,10000.0,500000.0,Recall,1200000.0,1200000.0,,,No Call Required,,1200000.0,10819,98301,7772,,Net,USD,0.0,,2026-06-24
0.0,0.0,0.0,250000.0,10000.0,10000.0,300000.0,Recall,3200000.0,3200000.0,,,Pending Review,,3200000.0,11509,96892,7268,,Net,USD,0.0,,2026-07-01
0.0,0.0,0.0,0.0,10000.0,10000.0,500000.0,Call,4100000.0,4100000.0,,,No Call Required,,4100000.0,11998,97783,7397,,Net,USD,0.0,,2026-06-24
0.0,0.0,0.0,250000.0,10000.0,10000.0,300000.0,Call,3600000.0,3600000.0,,,No Call Required,,3600000.0,10218,98312,7372,,Net,USD,0.0,,2026-07-01
0.0,250000.0,0.0,250000.0,10000.0,10000.0,400000.0,Recall,4600000.0,4600000.0,,,Pending Review,,4600000.0,11550,93306,7204,,Net,USD,0.0,,2026-06-17
0.0,250000.0,0.0,0.0,10000.0,10000.0,500000.0,Recall,1200000.0,1200000.0,,,No Call Required,,1200000.0,10487,93546,7420,,Net,USD,0.0,,2026-06-24
0.0,0.0,0.0,0.0,10000.0,10000.0,-100000.0,Recall,400000.0,400000.0,,,Pending Review,,400000.0,10378,95741,7904,,Net,USD,0.0,,2026-06-10
0.0,0.0,0.0,250000.0,10000.0,10000.0,300000.0,Call,2600000.0,2600000.0,,,Pending Review,,2600000.0,10664,93084,7088,,Net,USD,0.0,,2026-06-10
0.0,0.0,0.0,250000.0,10000.0,10000.0,300000.0,Call,3400000.0,3400000.0,,,Pending Review,,3400000.0,11864,97099,7610,,Net,USD,0.0,,2026-06-03
0.0,250000.0,0.0,0.0,10000.0,10000.0,300000.0,ITM No Calls,200000.0,200000.0,,,No Call Required,,200000.0,10865,96978,7839,,Net,USD,0.0,,2026-06-17
0.0,250000.0,0.0,0.0,10000.0,10000.0,0.0,ITM No Calls,2700000.0,2700000.0,,,Pending Review,,2700000.0,11791,91906,7142,,Net,USD,0.0,,2026-06-24
0.0,0.0,0.0,0.0,10000.0,10000.0,300000.0,Recall,4800000.0,4800000.0,,,No Call Required,,4800000.0,10556,96597,7821,,Net,USD,0.0,,2026-06-10
0.0,0.0,0.0,0.0,10000.0,10000.0,0.0,Call,4200000.0,4200000.0,,,No Call Required,,4200000.0,10063,96087,7374,,Net,USD,0.0,,2026-07-01
0.0,0.0,0.0,250000.0,10000.0,10000.0,-200000.0,ITM No Calls,1100000.0,1100000.0,,,Pending Review,,1100000.0,10290,93069,7954,,Net,USD,,,2026-06-24
0.0,250000.0,0.0,250000.0,10000.0,10000.0,500000.0,ITM No Calls,2400000.0,2400000.0,,,Pending Review,,2400000.0,11306,95844,7050,,Net,USD,0.0,,2026-07-01
0.0,250000.0,0.0,0.0,10000.0,10000.0,100000.0,ITM No Calls,3500000.0,3500000.0,,,No Call Required,,3500000.0,10400,92198,7552,,Net,USD,0.0,,2026-06-03
0.0,0.0,0.0,0.0,10000.0,10000.0,500000.0,ITM No Calls,0.0,0.0,,,Pending Review,,0.0,11164,93961,7203,,Net,USD,0.0,,2026-07-01
0.0,250000.0,0.0,250000.0,10000.0,10000.0,100000.0,ITM No Calls,2500000.0,2500000.0,,,Pending Review,,2500000.0,11229,95270,7253,,Net,USD,0.0,,2026-06-24
0.0,0.0,0.0,0.0,10000.0,10000.0,300000.0,Call,4300000.0,4300000.0,,,Pending Review,,4300000.0,11880,92619,7166,,Net,USD,0.0,,2026-06-17
0.0,250000.0,0.0,0.0,10000.0,10000.0,100000.0,Call,4400000.0,4400000.0,,,No Call Required,,4400000.0,11494,98342,7800,,Net,USD,,,2026-07-01
0.0,250000.0,0.0,0.0,10000.0,10000.0,200000.0,Call,1400000.0,1400000.0,,,Pending Review,,1400000.0,10695,97051,7682,,Net,USD,0.0,,2026-06-03
0.0,250000.0,0.0,0.0,10000.0,10000.0,400000.0,Recall,0.0,0.0,,,Pending Review,,0.0,10878,92696,7711,,Net,USD,0.0,,2026-06-24
0.0,0.0,0.0,250000.0,10000.0,10000.0,-100000.0,Recall,3200000.0,3200000.0,,,Pending Review,,3200000.0,11359,92837,7187,,Net,USD,0.0,,2026-06-10
0.0,0.0,0.0,250000.0,10000.0,10000.0,-100000.0,Recall,4400000.0,4400000.0,,,Pending Review,,4400000.0,11599,98008,7293,,Net,USD,0.0,,2026-06-24
0.0,250000.0,0.0,0.0,10000.0,10000.0,-100000.0,Recall,1700000.0,1700000.0,,,Pending Review,,1700000.0,11816,94104,7100,,Net,USD,0.0,,2026-06-10
0.0,250000.0,0.0,250000.0,10000.0,10000.0,400000.0,ITM No Calls,1200000.0,1200000.0,,,No Call Required,,1200000.0,11440,95131,7697,,Net,USD,0.0,,2026-06-03
0.0,250000.0,0.0,250000.0,10000.0,10000.0,400000.0,Recall,4700000.0,4700000.0,,,Pending Review,,4700000.0,10444,98663,7691,,Net,USD,0.0,,2026-06-03
0.0,0.0,0.0,250000.0,10000.0,10000.0,0.0,Call,3500000.0,3500000.0,,,Pending Review,,3500000.0,10146,96031,7688,,Net,USD,0.0,,2026-07-01
0.0,250000.0,0.0,0.0,10000.0,10000.0,-100000.0,ITM No Calls,3900000.0,3900000.0,,,No Call Required,,3900000.0,10679,90721,7696,,Net,USD,0.0,,2026-06-24
0.0,0.0,0.0,0.0,10000.0,10000.0,400000.0,Call,1200000.0,1200000.0,,,No Call Required,,1200000.0,11086,97398,7579,,Net,USD,,,2026-06-24
0.0,250000.0,0.0,0.0,10000.0,10000.0,500000.0,ITM No Calls,300000.0,300000.0,,,Pending Review,,300000.0,11117,93067,7039,,Net,USD,0.0,,2026-07-01
0.0,0.0,0.0,0.0,10000.0,10000.0,500000.0,ITM No Calls,1400000.0,1400000.0,,,No Call Required,,1400000.0,10129,91460,7387,,Net,USD,0.0,,2026-06-17
0.0,0.0,0.0,0.0,10000.0,10000.0,-200000.0,ITM No Calls,4700000.0,4700000.0,,,Pending Review,,4700000.0,10032,93625,7305,,Net,USD,0.0,,2026-06-10
0.0,250000.0,0.0,0.0,10000.0,10000.0,500000.0,Call,2000000.0,2000000.0,,,Pending Review,,2000000.0,11533,92560,7766,,Net,USD,0.0,,2026-06-03
0.0,250000.0,0.0,0.0,10000.0,10000.0,-200000.0,ITM No Calls,1100000.0,1100000.0,,,No Call Required,,1100000.0,10076,94317,7405,,Net,USD,0.0,,2026-06-10
0.0,250000.0,0.0,250000.0,10000.0,10000.0,200000.0,Recall,1800000.0,1800000.0,,,No Call Required,,1800000.0,10216,93652,7111,,Net,USD,0.0,,2026-06-24
0.0,250000.0,0.0,250000.0,10000.0,10000.0,0.0,Recall,800000.0,800000.0,,,Pending Review,,800000.0,10767,93448,7873,,Net,USD,0.0,,2026-06-10
0.0,250000.0,0.0,250000.0,10000.0,10000.0,-200000.0,Recall,4100000.0,4100000.0,,,Pending Review,,4100000.0,11304,90296,7681,,Net,USD,0.0,,2026-06-03
0.0,0.0,0.0,250000.0,10000.0,10000.0,200000.0,Call,1400000.0,1400000.0,,,Pending Review,,1400000.0,10191,98056,7813,,Net,USD,0.0,,2026-07-01
0.0,250000.0,0.0,0.0,10000.0,10000.0,0.0,Recall,4000000.0,4000000.0,,,Pending Review,,4000000.0,11259,90526,7305,,Net,USD,0.0,,2026-06-24
0.0,0.0,0.0,0.0,10000.0,10000.0,-100000.0,ITM No Calls,100000.0,100000.0,,,No Call Required,,100000.0,11038,93519,7871,,Net,USD,0.0,,2026-06-24
0.0,250000.0,0.0,250000.0,10000.0,10000.0,-100000.0,Call,3400000.0,3400000.0,,,No Call Required,,3400000.0,11828,94722,7971,,Net,USD,0.0,,2026-06-17
0.0,250000.0,0.0,250000.0,10000.0,10000.0,-100000.0,Call,4100000.0,4100000.0,,,Pending Review,,4100000.0,10593,97989,7430,,Net,USD,0.0,,2026-06-10
0.0,250000.0,0.0,0.0,10000.0,10000.0,200000.0,Call,2200000.0,2200000.0,,,No Call Required,,2200000.0,11048,90473,7194,,Net,USD,,,2026-06-10
0.0,0.0,0.0,250000.0,10000.0,10000.0,-200000.0,ITM No Calls,3100000.0,3100000.0,,,Pending Review,,3100000.0,11439,92197,7670,,Net,USD,0.0,,2026-06-10
0.0,0.0,0.0,0.0,10000.0,10000.0,0.0,Call,4200000.0,4200000.0,,,No Call Required,,4200000.0,11359,93876,7924,,Net,USD,0.0,,2026-06-03
0.0,250000.0,0.0,250000.0,10000.0,10000.0,-100000.0,Call,100000.0,100000.0,,,Pending Review,,100000.0,10492,96387,7436,,Net,USD,0.0,,2026-06-03
0.0,0.0,0.0,250000.0,10000.0,10000.0,400000.0,Call,1100000.0,1100000.0,,,Pending Review,,1100000.0,11733,92079,7015,,Net,USD,0.0,,2026-06-24
0.0,250000.0,0.0,250000.0,10000.0,10000.0,100000.0,Call,4600000.0,4600000.0,,,Pending Review,,4600000.0,11453,98894,7901,,Net,USD,0.0,,2026-07-01
0.0,0.0,0.0,0.0,10000.0,10000.0,300000.0,Recall,2300000.0,2300000.0,,,No Call Required,,2300000.0,10419,98819,7518,,Net,USD,0.0,,2026-07-01
0.0,250000.0,0.0,0.0,10000.0,10000.0,-100000.0,ITM No Calls,4800000.0,4800000.0,,,Pending Review,,4800000.0,11126,93971,7585,,Net,USD,0.0,,2026-06-24
0.0,250000.0,0.0,250000.0,10000.0,10000.0,-200000.0,ITM No Calls,4000000.0,4000000.0,,,Pending Review,,4000000.0,10558,99711,7533,,Net,USD,0.0,,2026-06-17
0.0,250000.0,0.0,0.0,10000.0,10000.0,-100000.0,Recall,2900000.0,2900000.0,,,No Call Required,,2900000.0,10252,99042,7564,,Net,USD,0.0,,2026-06-24
0.0,250000.0,0.0,250000.0,10000.0,10000.0,200000.0,ITM No Calls,2000000.0,2000000.0,,,Pending Review,,2000000.0,10819,98207,7922,,Net,USD,0.0,,2026-06-03
0.0,250000.0,0.0,0.0,10000.0,10000.0,300000.0,Recall,3900000.0,3900000.0,,,No Call Required,,3900000.0,11721,98613,7358,,Net,USD,0.0,,2026-06-24
0.0,250000.0,0.0,0.0,10000.0,10000.0,100000.0,ITM No Calls,600000.0,600000.0,,,No Call Required,,600000.0,11853,97684,7992,,Net,USD,0.0,,2026-06-24
0.0,250000.0,0.0,0.0,10000.0,10000.0,-200000.0,Call,2600000.0,2600000.0,,,No Call Required,,2600000.0,11962,96512,7332,,Net,USD,0.0,,2026-06-03
0.0,0.0,0.0,250000.0,10000.0,10000.0,0.0,ITM No Calls,1900000.0,1900000.0,,,No Call Required,,1900000.0,11118,95380,7604,,Net,USD,0.0,,2026-06-10
0.0,250000.0,0.0,0.0,10000.0,10000.0,200000.0,Call,4200000.0,4200000.0,,,No Call Required,,4200000.0,11254,90343,7095,,Net,USD,0.0,,2026-06-17
0.0,250000.0,0.0,250000.0,10000.0,10000.0,500000.0,ITM No Calls,3100000.0,3100000.0,,,No Call Required,,3100000.0,10819,99273,7904,,Net,USD,0.0,,2026-06-10
0.0,250000.0,0.0,250000.0,10000.0,10000.0,200000.0,ITM No Calls,4700000.0,4700000.0,,,No Call Required,,4700000.0,10393,97674,7112,,Net,USD,0.0,,2026-06-17
0.0,250000.0,0.0,250000.0,10000.0,10000.0,400000.0,ITM No Calls,1200000.0,1200000.0,,,No Call Required,,1200000.0,11566,93869,7995,,Net,USD,0.0,,2026-06-24
0.0,0.0,0.0,0.0,10000.0,10000.0,-200000.0,Recall,2700000.0,2700000.0,,,Pending Review,,2700000.0,10886,96943,7677,,Net,USD,0.0,,2026-07-01
0.0,0.0,0.0,0.0,10000.0,10000.0,500000.0,ITM No Calls,2500000.0,2500000.0,,,No Call Required,,2500000.0,10203,94545,7998,,Net,USD,0.0,,2026-06-24
0.0,250000.0,0.0,250000.0,10000.0,10000.0,200000.0,ITM No Calls,1100000.0,1100000.0,,,No Call Required,,1100000.0,11483,98739,7909,,Net,USD,0.0,,2026-06-10
0.0,0.0,0.0,0.0,10000.0,10000.0,500000.0,Call,2700000.0,2700000.0,,,Pending Review,,2700000.0,11579,98918,7756,,Net,USD,0.0,,2026-06-24
0.0,250000.0,0.0,0.0,10000.0,10000.0,200000.0,ITM No Calls,4400000.0,4400000.0,,,No Call Required,,4400000.0,10851,97838,7128,,Net,USD,0.0,,2026-06-03
0.0,0.0,0.0,250000.0,10000.0,10000.0,-200000.0,Call,2400000.0,2400000.0,,,No Call Required,,2400000.0,11935,96070,7734,,Net,USD,0.0,,2026-06-24
0.0,250000.0,0.0,0.0,10000.0,10000.0,0.0,Call,1900000.0,1900000.0,,,No Call Required,,1900000.0,10061,96612,7958,,Net,USD,0.0,,2026-06-10
0.0,0.0,0.0,0.0,10000.0,10000.0,0.0,Recall,2900000.0,2900000.0,,,Pending Review,,2900000.0,10066,98651,7486,,Net,USD,0.0,,2026-07-01
0.0,250000.0,0.0,0.0,10000.0,10000.0,-200000.0,ITM No Calls,1200000.0,1200000.0,,,Pending Review,,1200000.0,11827,92126,7997,,Net,USD,0.0,,2026-06-10
0.0,250000.0,0.0,0.0,10000.0,10000.0,0.0,ITM No Calls,3200000.0,3200000.0,,,Pending Review,,3200000.0,11899,91617,7681,,Net,USD,0.0,,2026-07-01
0.0,0.0,0.0,250000.0,10000.0,10000.0,-200000.0,ITM No Calls,4400000.0,4400000.0,,,No Call Required,,4400000.0,10064,99182,7980,,Net,USD,0.0,,2026-06-03
0.0,0.0,0.0,250000.0,10000.0,10000.0,-200000.0,Call,100000.0,100000.0,,,Pending Review,,100000.0,10196,93137,7628,,Net,USD,0.0,,2026-06-10
0.0,0.0,0.0,0.0,10000.0,10000.0,500000.0,Recall,1600000.0,1600000.0,,,Pending Review,,1600000.0,11710,93870,7924,,Net,USD,0.0,,2026-06-17
0.0,250000.0,0.0,250000.0,10000.0,10000.0,500000.0,Recall,500000.0,500000.0,,,Pending Review,,500000.0,11478,97183,7101,,Net,USD,,,2026-06-03
0.0,0.0,0.0,250000.0,10000.0,10000.0,0.0,Call,2300000.0,2300000.0,,,No Call Required,,2300000.0,11004,98343,7726,,Net,USD,0.0,,2026-06-10
0.0,250000.0,0.0,250000.0,10000.0,10000.0,200000.0,Call,200000.0,200000.0,,,No Call Required,,200000.0,11466,90103,7549,,Net,USD,0.0,,2026-06-10
0.0,0.0,0.0,0.0,10000.0,10000.0,100000.0,ITM No Calls,1400000.0,1400000.0,,,Pending Review,,1400000.0,11170,94422,7666,,Net,USD,0.0,,2026-06-10
0.0,250000.0,0.0,250000.0,10000.0,10000.0,-200000.0,ITM No Calls,100000.0,100000.0,,,No Call Required,,100000.0,11026,96788,7928,,Net,USD,0.0,,2026-06-10
0.0,250000.0,0.0,250000.0,10000.0,10000.0,-200000.0,Call,400000.0,400000.0,,,Pending Review,,400000.0,10313,93726,7263,,Net,USD,0.0,,2026-06-17
0.0,250000.0,0.0,0.0,10000.0,10000.0,500000.0,ITM No Calls,3500000.0,3500000.0,,,No Call Required,,3500000.0,10501,94043,7967,,Net,USD,,,2026-07-01
0.0,250000.0,0.0,0.0,10000.0,10000.0,100000.0,Call,1900000.0,1900000.0,,,No Call Required,,1900000.0,11224,98976,7622,,Net,USD,0.0,,2026-06-03
0.0,0.0,0.0,0.0,10000.0,10000.0,0.0,Call,2700000.0,2700000.0,,,Pending Review,,2700000.0,10516,96099,7040,,Net,USD,0.0,,2026-06-17
0.0,250000.0,0.0,250000.0,10000.0,10000.0,500000.0,Call,3100000.0,3100000.0,,,Pending Review,,3100000.0,10269,92114,7751,,Net,USD,0.0,,2026-06-24
0.0,250000.0,0.0,250000.0,10000.0,10000.0,-200000.0,Recall,1000000.0,1000000.0,,,No Call Required,,1000000.0,10915,99021,7912,,Net,USD,0.0,,2026-06-17
0.0,250000.0,0.0,0.0,10000.0,10000.0,100000.0,ITM No Calls,1600000.0,1600000.0,,,No Call Required,,1600000.0,11578,92626,7089,,Net,USD,0.0,,2026-06-10
0.0,0.0,0.0,0.0,10000.0,10000.0,-100000.0,Call,500000.0,500000.0,,,No Call Required,,500000.0,11143,91561,7810,,Net,USD,0.0,,2026-06-17
0.0,0.0,0.0,0.0,10000.0,10000.0,0.0,Call,1000000.0,1000000.0,,,Pending Review,,1000000.0,11136,91273,7660,,Net,USD,0.0,,2026-06-03
0.0,250000.0,0.0,0.0,10000.0,10000.0,100000.0,Recall,4300000.0,4300000.0,,,No Call Required,,4300000.0,10943,93404,7665,,Net,USD,0.0,,2026-06-17
0.0,0.0,0.0,0.0,10000.0,10000.0,500000.0,ITM No Calls,4000000.0,4000000.0,,,No Call Required,,4000000.0,10643,98344,7843,,Net,USD,0.0,,2026-06-10
0.0,250000.0,0.0,0.0,10000.0,10000.0,200000.0,ITM No Calls,900000.0,900000.0,,,No Call Required,,900000.0,10547,99593,7713,,Net,USD,0.0,,2026-07-01
0.0,0.0,0.0,250000.0,10000.0,10000.0,400000.0,ITM No Calls,2900000.0,2900000.0,,,No Call Required,,2900000.0,11442,95455,7419,,Net,USD,0.0,,2026-07-01
0.0,250000.0,0.0,0.0,10000.0,10000.0,500000.0,ITM No Calls,4100000.0,4100000.0,,,No Call Required,,4100000.0,10152,93404,7820,,Net,USD,0.0,,2026-06-10
0.0,0.0,0.0,250000.0,10000.0,10000.0,-100000.0,Recall,1300000.0,1300000.0,,,No Call Required,,1300000.0,10208,98302,7631,,Net,USD,0.0,,2026-06-24
0.0,250000.0,0.0,250000.0,10000.0,10000.0,-200000.0,Recall,4900000.0,4900000.0,,,Pending Review,,4900000.0,10495,93223,7157,,Net,USD,0.0,,2026-06-10
0.0,0.0,0.0,250000.0,10000.0,10000.0,0.0,Call,4500000.0,4500000.0,,,Pending Review,,4500000.0,10235,96985,7882,,Net,USD,0.0,,2026-06-24
0.0,0.0,0.0,0.0,10000.0,10000.0,500000.0,Call,3400000.0,3400000.0,,,Pending Review,,3400000.0,10831,94267,7122,,Net,USD,0.0,,2026-06-24
0.0,250000.0,0.0,0.0,10000.0,10000.0,400000.0,Recall,2600000.0,2600000.0,,,Pending Review,,2600000.0,10127,93786,7613,,Net,USD,0.0,,2026-06-10
0.0,250000.0,0.0,0.0,10000.0,10000.0,100000.0,Call,2000000.0,2000000.0,,,Pending Review,,2000000.0,10864,94318,7742,,Net,USD,0.0,,2026-06-24
0.0,0.0,0.0,0.0,10000.0,10000.0,300000.0,Recall,4300000.0,4300000.0,,,Pending Review,,4300000.0,10631,92256,7445,,Net,USD,0.0,,2026-06-03
0.0,250000.0,0.0,250000.0,10000.0,10000.0,-100000.0,Recall,2000000.0,2000000.0,,,Pending Review,,2000000.0,10663,98975,7927,,Net,USD,0.0,,2026-06-03
0.0,0.0,0.0,0.0,10000.0,10000.0,200000.0,Call,3600000.0,3600000.0,,,No Call Required,,3600000.0,11706,93157,7699,,Net,USD,0.0,,2026-07-01
0.0,0.0,0.0,0.0,10000.0,10000.0,100000.0,Call,3700000.0,3700000.0,,,Pending Review,,3700000.0,10168,92645,7576,,Net,USD,0.0,,2026-06-24
0.0,0.0,0.0,0.0,10000.0,10000.0,200000.0,Recall,4100000.0,4100000.0,,,No Call Required,,4100000.0,11724,95586,7245,,Net,USD,0.0,,2026-07-01
0.0,0.0,0.0,250000.0,10000.0,10000.0,300000.0,Call,3000000.0,3000000.0,,,Pending Review,,3000000.0,11637,96733,7992,,Net,USD,,,2026-06-10
0.0,0.0,0.0,250000.0,10000.0,10000.0,500000.0,ITM No Calls,1800000.0,1800000.0,,,No Call Required,,1800000.0,11300,93114,7962,,Net,USD,0.0,,2026-06-03
0.0,250000.0,0.0,0.0,10000.0,10000.0,500000.0,ITM No Calls,2400000.0,2400000.0,,,Pending Review,,2400000.0,10870,90227,7866,,Net,USD,0.0,,2026-06-17
0.0,0.0,0.0,250000.0,10000.0,10000.0,100000.0,ITM No Calls,1100000.0,1100000.0,,,No Call Required,,1100000.0,10469,91338,7917,,Net,USD,,,2026-06-17
0.0,250000.0,0.0,250000.0,10000.0,10000.0,100000.0,Recall,4300000.0,4300000.0,,,Pending Review,,4300000.0,10606,99071,7576,,Net,USD,0.0,,2026-07-01
0.0,250000.0,0.0,250000.0,10000.0,10000.0,0.0,Call,3300000.0,3300000.0,,,Pending Review,,3300000.0,10471,98402,7226,,Net,USD,0.0,,2026-06-17
0.0,250000.0,0.0,250000.0,10000.0,10000.0,0.0,Recall,3800000.0,3800000.0,,,Pending Review,,3800000.0,11200,98767,7063,,Net,USD,0.0,,2026-06-17
0.0,0.0,0.0,250000.0,10000.0,10000.0,400000.0,ITM No Calls,200000.0,200000.0,,,No Call Required,,200000.0,11291,94515,7478,,Net,USD,0.0,,2026-06-24
0.0,250000.0,0.0,0.0,10000.0,10000.0,0.0,Call,2700000.0,2700000.0,,,Pending Review,,2700000.0,11937,94575,7961,,Net,USD,,,2026-07-01
0.0,250000.0,0.0,250000.0,10000.0,10000.0,500000.0,ITM No Calls,2000000.0,2000000.0,,,No Call Required,,2000000.0,11070,94975,7937,,Net,USD,0.0,,2026-06-24
0.0,250000.0,0.0,0.0,10000.0,10000.0,500000.0,Recall,4700000.0,4700000.0,,,No Call Required,,4700000.0,11405,98654,7309,,Net,USD,0.0,,2026-06-10
0.0,250000.0,0.0,250000.0,10000.0,10000.0,-100000.0,Call,3500000.0,3500000.0,,,Pending Review,,3500000.0,10148,97595,7590,,Net,USD,0.0,,2026-06-24
0.0,0.0,0.0,250000.0,10000.0,10000.0,500000.0,ITM No Calls,4100000.0,4100000.0,,,Pending Review,,4100000.0,11345,94974,7622,,Net,USD,0.0,,2026-06-03
0.0,250000.0,0.0,0.0,10000.0,10000.0,100000.0,Recall,3900000.0,3900000.0,,,Pending Review,,3900000.0,11246,95432,7143,,Net,USD,,,2026-06-03
0.0,0.0,0.0,250000.0,10000.0,10000.0,-200000.0,ITM No Calls,2800000.0,2800000.0,,,Pending Review,,2800000.0,11356,91464,7254,,Net,USD,0.0,,2026-06-17
0.0,250000.0,0.0,0.0,10000.0,10000.0,0.0,Recall,1500000.0,1500000.0,,,Pending Review,,1500000.0,10640,90163,7140,,Net,USD,0.0,,2026-06-17
0.0,0.0,0.0,0.0,10000.0,10000.0,100000.0,ITM No Calls,1800000.0,1800000.0,,,Pending Review,,1800000.0,11988,94005,7574,,Net,USD,0.0,,2026-06-17
0.0,250000.0,0.0,250000.0,10000.0,10000.0,300000.0,Call,3100000.0,3100000.0,,,No Call Required,,3100000.0,11795,95569,7948,,Net,USD,0.0,,2026-07-01
0.0,250000.0,0.0,0.0,10000.0,10000.0,0.0,Recall,4300000.0,4300000.0,,,No Call Required,,4300000.0,10301,96590,7399,,Net,USD,0.0,,2026-07-01
0.0,250000.0,0.0,0.0,10000.0,10000.0,300000.0,Recall,3200000.0,3200000.0,,,No Call Required,,3200000.0,11181,99234,7425,,Net,USD,0.0,,2026-06-24
0.0,250000.0,0.0,250000.0,10000.0,10000.0,-200000.0,Recall,900000.0,900000.0,,,Pending Review,,900000.0,10401,91909,7512,,Net,USD,0.0,,2026-06-24
0.0,250000.0,0.0,250000.0,10000.0,10000.0,-100000.0,Recall,4900000.0,4900000.0,,,Pending Review,,4900000.0,11302,92613,7592,,Net,USD,0.0,,2026-06-03
0.0,0.0,0.0,250000.0,10000.0,10000.0,300000.0,ITM No Calls,2500000.0,2500000.0,,,Pending Review,,2500000.0,10336,92373,7307,,Net,USD,0.0,,2026-06-03
0.0,250000.0,0.0,250000.0,10000.0,10000.0,0.0,Recall,3400000.0,3400000.0,,,Pending Review,,3400000.0,10065,92917,7281,,Net,USD,0.0,,2026-06-24
0.0,0.0,0.0,0.0,10000.0,10000.0,-200000.0,ITM No Calls,800000.0,800000.0,,,No Call Required,,800000.0,11175,96387,7882,,Net,USD,0.0,,2026-06-10
0.0,250000.0,0.0,0.0,10000.0,10000.0,0.0,Call,3200000.0,3200000.0,,,No Call Required,,3200000.0,11334,99032,7477,,Net,USD,0.0,,2026-06-10
0.0,250000.0,0.0,0.0,10000.0,10000.0,-200000.0,Call,300000.0,300000.0,,,No Call Required,,300000.0,10465,95390,7997,,Net,USD,0.0,,2026-06-10
0.0,0.0,0.0,0.0,10000.0,10000.0,-100000.0,ITM No Calls,2300000.0,2300000.0,,,Pending Review,,2300000.0,11325,91855,7675,,Net,USD,0.0,,2026-06-17
0.0,250000.0,0.0,0.0,10000.0,10000.0,-200000.0,Recall,2400000.0,2400000.0,,,No Call Required,,2400000.0,10921,93892,7121,,Net,USD,0.0,,2026-06-24
0.0,0.0,0.0,250000.0,10000.0,10000.0,100000.0,Call,1900000.0,1900000.0,,,Pending Review,,1900000.0,11014,97239,7027,,Net,USD,0.0,,2026-07-01
0.0,0.0,0.0,0.0,10000.0,10000.0,-100000.0,Recall,1300000.0,1300000.0,,,No Call Required,,1300000.0,11196,97893,7005,,Net,USD,0.0,,2026-06-10
0.0,0.0,0.0,250000.0,10000.0,10000.0,-100000.0,ITM No Calls,2500000.0,2500000.0,,,Pending Review,,2500000.0,11582,98252,7346,,Net,USD,0.0,,2026-07-01
0.0,0.0,0.0,250000.0,10000.0,10000.0,400000.0,ITM No Calls,1000000.0,1000000.0,,,Pending Review,,1000000.0,10543,99760,7431,,Net,USD,0.0,,2026-07-01
0.0,250000.0,0.0,250000.0,10000.0,10000.0,-200000.0,Call,4300000.0,4300000.0,,,Pending Review,,4300000.0,11714,97073,7006,,Net,USD,,,2026-06-24
0.0,250000.0,0.0,0.0,10000.0,10000.0,-200000.0,ITM No Calls,5000000.0,5000000.0,,,Pending Review,,5000000.0,11330,92178,7757,,Net,USD,0.0,,2026-06-10
0.0,250000.0,0.0,0.0,10000.0,10000.0,500000.0,Call,2600000.0,2600000.0,,,Pending Review,,2600000.0,11281,90609,7946,,Net,USD,0.0,,2026-06-17
0.0,250000.0,0.0,250000.0,10000.0,10000.0,500000.0,Recall,5000000.0,5000000.0,,,No Call Required,,5000000.0,10747,95076,7175,,Net,USD,0.0,,2026-06-24
0.0,250000.0,0.0,250000.0,10000.0,10000.0,500000.0,Call,1800000.0,1800000.0,,,No Call Required,,1800000.0,11473,96039,7399,,Net,USD,0.0,,2026-06-03
0.0,250000.0,0.0,0.0,10000.0,10000.0,300000.0,Call,500000.0,500000.0,,,No Call Required,,500000.0,11947,98765,7626,,Net,USD,0.0,,2026-06-24
0.0,0.0,0.0,0.0,10000.0,10000.0,0.0,Call,3400000.0,3400000.0,,,Pending Review,,3400000.0,11712,90553,7440,,Net,USD,0.0,,2026-06-10
0.0,0.0,0.0,250000.0,10000.0,10000.0,-200000.0,ITM No Calls,2800000.0,2800000.0,,,No Call Required,,2800000.0,10194,99535,7039,,Net,USD,0.0,,2026-06-24
0.0,250000.0,0.0,0.0,10000.0,10000.0,100000.0,Recall,1500000.0,1500000.0,,,Pending Review,,1500000.0,10976,98433,7428,,Net,USD,0.0,,2026-06-10
0.0,250000.0,0.0,0.0,10000.0,10000.0,200000.0,ITM No Calls,2200000.0,2200000.0,,,No Call Required,,2200000.0,11396,98080,7252,,Net,USD,0.0,,2026-06-03
0.0,250000.0,0.0,0.0,10000.0,10000.0,200000.0,ITM No Calls,2200000.0,2200000.0,,,Pending Review,,2200000.0,11586,97096,7473,,Net,USD,0.0,,2026-07-01
0.0,0.0,0.0,250000.0,10000.0,10000.0,100000.0,ITM No Calls,4300000.0,4300000.0,,,Pending Review,,4300000.0,10887,95827,7767,,Net,USD,0.0,,2026-06-10
0.0,250000.0,0.0,0.0,10000.0,10000.0,100000.0,Recall,700000.0,700000.0,,,Pending Review,,700000.0,11542,92241,7793,,Net,USD,0.0,,2026-06-24
0.0,0.0,0.0,250000.0,10000.0,10000.0,-200000.0,Call,2400000.0,2400000.0,,,No Call Required,,2400000.0,10829,92493,7087,,Net,USD,0.0,,2026-07-01
0.0,250000.0,0.0,0.0,10000.0,10000.0,200000.0,Call,2300000.0,2300000.0,,,No Call Required,,2300000.0,11128,93594,7669,,Net,USD,0.0,,2026-06-17
0.0,250000.0,0.0,0.0,10000.0,10000.0,400000.0,ITM No Calls,4000000.0,4000000.0,,,No Call Required,,4000000.0,10606,99574,7899,,Net,USD,0.0,,2026-06-10
0.0,250000.0,0.0,0.0,10000.0,10000.0,100000.0,Recall,600000.0,600000.0,,,No Call Required,,600000.0,10627,94317,7185,,Net,USD,,,2026-06-10
0.0,0.0,0.0,0.0,10000.0,10000.0,300000.0,Call,1600000.0,1600000.0,,,No Call Required,,1600000.0,11994,98519,7830,,Net,USD,0.0,,2026-06-03
0.0,250000.0,0.0,250000.0,10000.0,10000.0,400000.0,Recall,300000.0,300000.0,,,No Call Required,,300000.0,10073,99133,7129,,Net,USD,0.0,,2026-06-03
0.0,0.0,0.0,250000.0,10000.0,10000.0,400000.0,Call,800000.0,800000.0,,,Pending Review,,800000.0,11132,99981,7164,,Net,USD,0.0,,2026-06-17
0.0,0.0,0.0,0.0,10000.0,10000.0,500000.0,Recall,4300000.0,4300000.0,,,No Call Required,,4300000.0,11625,99644,7030,,Net,USD,0.0,,2026-06-10
0.0,250000.0,0.0,0.0,10000.0,10000.0,-100000.0,Call,2200000.0,2200000.0,,,Pending Review,,2200000.0,11292,96782,7804,,Net,USD,0.0,,2026-06-03
0.0,250000.0,0.0,0.0,10000.0,10000.0,100000.0,Recall,3600000.0,3600000.0,,,No Call Required,,3600000.0,11417,93081,7533,,Net,USD,0.0,,2026-06-10
0.0,0.0,0.0,250000.0,10000.0,10000.0,0.0,Recall,2400000.0,2400000.0,,,No Call Required,,2400000.0,10045,93084,7490,,Net,USD,,,2026-06-24
0.0,250000.0,0.0,0.0,10000.0,10000.0,200000.0,Call,1100000.0,1100000.0,,,No Call Required,,1100000.0,10199,93733,7503,,Net,USD,0.0,,2026-06-03
0.0,0.0,0.0,250000.0,10000.0,10000.0,0.0,Recall,4000000.0,4000000.0,,,Pending Review,,4000000.0,11392,98392,7505,,Net,USD,0.0,,2026-06-03
0.0,0.0,0.0,0.0,10000.0,10000.0,100000.0,ITM No Calls,1300000.0,1300000.0,,,No Call Required,,1300000.0,11945,96265,7303,,Net,USD,0.0,,2026-07-01
0.0,0.0,0.0,250000.0,10000.0,10000.0,-100000.0,Call,3600000.0,3600000.0,,,Pending Review,,3600000.0,10233,99299,7632,,Net,USD,0.0,,2026-06-03
0.0,0.0,0.0,250000.0,10000.0,10000.0,100000.0,ITM No Calls,0.0,0.0,,,No Call Required,,0.0,10885,96894,7168,,Net,USD,0.0,,2026-06-24
0.0,0.0,0.0,250000.0,10000.0,10000.0,100000.0,Call,900000.0,900000.0,,,Pending Review,,900000.0,10885,95147,7157,,Net,USD,0.0,,2026-06-24
0.0,250000.0,0.0,0.0,10000.0,10000.0,0.0,Recall,2200000.0,2200000.0,,,No Call Required,,2200000.0,11926,93948,7750,,Net,USD,0.0,,2026-07-01
0.0,250000.0,0.0,250000.0,10000.0,10000.0,300000.0,Call,1300000.0,1300000.0,,,No Call Required,,1300000.0,11794,92303,7435,,Net,USD,0.0,,2026-06-24
0.0,0.0,0.0,250000.0,10000.0,10000.0,200000.0,Recall,1000000.0,1000000.0,,,Pending Review,,1000000.0,11464,95382,7663,,Net,USD,0.0,,2026-06-17
0.0,250000.0,0.0,0.0,10000.0,10000.0,300000.0,ITM No Calls,3600000.0,3600000.0,,,No Call Required,,3600000.0,11554,99184,7465,,Net,USD,,,2026-06-24
0.0,0.0,0.0,250000.0,10000.0,10000.0,300000.0,ITM No Calls,3800000.0,3800000.0,,,Pending Review,,3800000.0,10481,99723,7501,,Net,USD,0.0,,2026-06-10
0.0,0.0,0.0,0.0,10000.0,10000.0,100000.0,Call,3000000.0,3000000.0,,,No Call Required,,3000000.0,10667,97401,7229,,Net,USD,0.0,,2026-06-24
0.0,250000.0,0.0,0.0,10000.0,10000.0,-100000.0,ITM No Calls,1300000.0,1300000.0,,,No Call Required,,1300000.0,10586,94263,7127,,Net,USD,0.0,,2026-06-24
0.0,0.0,0.0,0.0,10000.0,10000.0,200000.0,Call,2300000.0,2300000.0,,,No Call Required,,2300000.0,11105,96209,7840,,Net,USD,0.0,,2026-06-10
0.0,0.0,0.0,250000.0,10000.0,10000.0,500000.0,Call,0.0,0.0,,,No Call Required,,0.0,10532,91545,7252,,Net,USD,0.0,,2026-06-03
0.0,0.0,0.0,250000.0,10000.0,10000.0,500000.0,ITM No Calls,4600000.0,4600000.0,,,Pending Review,,4600000.0,10323,99298,7582,,Net,USD,0.0,,2026-06-17
0.0,250000.0,0.0,250000.0,10000.0,10000.0,0.0,Call,3400000.0,3400000.0,,,No Call Required,,3400000.0,10049,90418,7036,,Net,USD,0.0,,2026-06-10
0.0,0.0,0.0,250000.0,10000.0,10000.0,300000.0,Recall,1300000.0,1300000.0,,,Pending Review,,1300000.0,10386,93974,7075,,Net,USD,0.0,,2026-07-01
0.0,0.0,0.0,250000.0,10000.0,10000.0,100000.0,Recall,4700000.0,4700000.0,,,Pending Review,,4700000.0,11881,98235,7748,,Net,USD,0.0,,2026-07-01
0.0,0.0,0.0,250000.0,10000.0,10000.0,400000.0,Call,4600000.0,4600000.0,,,No Call Required,,4600000.0,10018,99591,7070,,Net,USD,0.0,,2026-06-03
0.0,0.0,0.0,250000.0,10000.0,10000.0,500000.0,Recall,1900000.0,1900000.0,,,No Call Required,,1900000.0,10036,93352,7602,,Net,USD,0.0,,2026-06-24
0.0,250000.0,0.0,0.0,10000.0,10000.0,100000.0,Recall,500000.0,500000.0,,,Pending Review,,500000.0,10848,98469,7068,,Net,USD,0.0,,2026-07-01
0.0,0.0,0.0,250000.0,10000.0,10000.0,100000.0,Recall,4500000.0,4500000.0,,,No Call Required,,4500000.0,11291,95103,7458,,Net,USD,0.0,,2026-07-01
0.0,250000.0,0.0,0.0,10000.0,10000.0,-100000.0,Call,800000.0,800000.0,,,No Call Required,,800000.0,11357,93011,7339,,Net,USD,0.0,,2026-06-03
0.0,250000.0,0.0,250000.0,10000.0,10000.0,-200000.0,ITM No Calls,800000.0,800000.0,,,Pending Review,,800000.0,10358,91630,7235,,Net,USD,,,2026-07-01
0.0,250000.0,0.0,0.0,10000.0,10000.0,400000.0,ITM No Calls,4300000.0,4300000.0,,,Pending Review,,4300000.0,10214,95256,7312,,Net,USD,0.0,,2026-06-17
0.0,250000.0,0.0,250000.0,10000.0,10000.0,100000.0,ITM No Calls,2900000.0,2900000.0,,,Pending Review,,2900000.0,10805,92297,7864,,Net,USD,0.0,,2026-06-17
0.0,250000.0,0.0,250000.0,10000.0,10000.0,0.0,Call,2300000.0,2300000.0,,,Pending Review,,2300000.0,11113,96964,7207,,Net,USD,0.0,,2026-06-24
0.0,0.0,0.0,250000.0,10000.0,10000.0,400000.0,Call,3100000.0,3100000.0,,,No Call Required,,3100000.0,10022,91213,7074,,Net,USD,0.0,,2026-06-24
0.0,250000.0,0.0,250000.0,10000.0,10000.0,500000.0,Call,3300000.0,3300000.0,,,No Call Required,,3300000.0,10235,97454,7151,,Net,USD,0.0,,2026-06-10
0.0,0.0,0.0,250000.0,10000.0,10000.0,500000.0,ITM No Calls,3500000.0,3500000.0,,,No Call Required,,3500000.0,10165,93955,7803,,Net,USD,0.0,,2026-06-17
0.0,250000.0,0.0,250000.0,10000.0,10000.0,500000.0,Recall,2400000.0,2400000.0,,,Pending Review,,2400000.0,12000,97989,7086,,Net,USD,0.0,,2026-06-17
0.0,0.0,0.0,250000.0,10000.0,10000.0,500000.0,Call,0.0,0.0,,,Pending Review,,0.0,10903,98111,7586,,Net,USD,0.0,,2026-06-24
0.0,0.0,0.0,0.0,10000.0,10000.0,-100000.0,Call,700000.0,700000.0,,,No Call Required,,700000.0,10771,97556,7121,,Net,USD,0.0,,2026-06-24
0.0,0.0,0.0,0.0,10000.0,10000.0,200000.0,Recall,1600000.0,1600000.0,,,No Call Required,,1600000.0,10746,92552,7839,,Net,USD,0.0,,2026-06-24
0.0,250000.0,0.0,0.0,10000.0,10000.0,200000.0,ITM No Calls,1300000.0,1300000.0,,,Pending Review,,1300000.0,10293,91837,7878,,Net,USD,,,2026-06-24
0.0,250000.0,0.0,0.0,10000.0,10000.0,0.0,ITM No Calls,1000000.0,1000000.0,,,No Call Required,,1000000.0,10710,97432,7239,,Net,USD,0.0,,2026-06-10
0.0,0.0,0.0,0.0,10000.0,10000.0,-200000.0,Recall,4200000.0,4200000.0,,,Pending Review,,4200000.0,11432,99684,7185,,Net,USD,0.0,,2026-07-01
0.0,0.0,0.0,0.0,10000.0,10000.0,300000.0,ITM No Calls,400000.0,400000.0,,,Pending Review,,400000.0,10277,97624,7431,,Net,USD,0.0,,2026-06-17
0.0,0.0,0.0,0.0,10000.0,10000.0,100000.0,Recall,1600000.0,1600000.0,,,Pending Review,,1600000.0,11861,94114,7362,,Net,USD,0.0,,2026-06-24
0.0,0.0,0.0,0.0,10000.0,10000.0,400000.0,Recall,2200000.0,2200000.0,,,No Call Required,,2200000.0,11593,94445,7469,,Net,USD,0.0,,2026-06-24
0.0,250000.0,0.0,250000.0,10000.0,10000.0,100000.0,Recall,2000000.0,2000000.0,,,Pending Review,,2000000.0,11194,93773,7272,,Net,USD,0.0,,2026-06-03
0.0,250000.0,0.0,250000.0,10000.0,10000.0,100000.0,Recall,1900000.0,1900000.0,,,No Call Required,,1900000.0,11267,96298,7979,,Net,USD,0.0,,2026-06-17
0.0,250000.0,0.0,0.0,10000.0,10000.0,200000.0,ITM No Calls,2900000.0,2900000.0,,,No Call Required,,2900000.0,10385,99359,7131,,Net,USD,0.0,,2026-07-01
0.0,250000.0,0.0,250000.0,10000.0,10000.0,0.0,ITM No Calls,4900000.0,4900000.0,,,No Call Required,,4900000.0,10336,91766,7022,,Net,USD,0.0,,2026-07-01
0.0,250000.0,0.0,0.0,10000.0,10000.0,-100000.0,ITM No Calls,800000.0,800000.0,,,Pending Review,,800000.0,10094,94110,7499,,Net,USD,0.0,,2026-06-24
0.0,250000.0,0.0,250000.0,10000.0,10000.0,200000.0,Call,3700000.0,3700000.0,,,Pending Review,,3700000.0,10666,96886,7317,,Net,USD,,,2026-07-01
0.0,250000.0,0.0,250000.0,10000.0,10000.0,100000.0,ITM No Calls,700000.0,700000.0,,,No Call Required,,700000.0,10243,91552,7790,,Net,USD,0.0,,2026-06-17
0.0,0.0,0.0,0.0,10000.0,10000.0,0.0,ITM No Calls,2100000.0,2100000.0,,,No Call Required,,2100000.0,10776,95696,7824,,Net,USD,0.0,,2026-07-01
0.0,0.0,0.0,250000.0,10000.0,10000.0,-100000.0,Call,4600000.0,4600000.0,,,Pending Review,,4600000.0,10777,90308,7344,,Net,USD,0.0,,2026-06-17
0.0,250000.0,0.0,0.0,10000.0,10000.0,500000.0,ITM No Calls,500000.0,500000.0,,,No Call Required,,500000.0,11014,96322,7938,,Net,USD,0.0,,2026-06-24
0.0,250000.0,0.0,250000.0,10000.0,10000.0,200000.0,Recall,2600000.0,2600000.0,,,No Call Required,,2600000.0,10433,93536,7825,,Net,USD,0.0,,2026-06-17
0.0,250000.0,0.0,250000.0,10000.0,10000.0,100000.0,Call,4600000.0,4600000.0,,,Pending Review,,4600000.0,10526,97146,7473,,Net,USD,0.0,,2026-06-10
0.0,250000.0,0.0,250000.0,10000.0,10000.0,-100000.0,Call,3600000.0,3600000.0,,,Pending Review,,3600000.0,10736,96164,7817,,Net,USD,0.0,,2026-06-24
0.0,0.0,0.0,250000.0,10000.0,10000.0,100000.0,ITM No Calls,2300000.0,2300000.0,,,No Call Required,,2300000.0,10097,97659,7860,,Net,USD,0.0,,2026-06-24
0.0,250000.0,0.0,250000.0,10000.0,10000.0,-200000.0,ITM No Calls,200000.0,200000.0,,,Pending Review,,200000.0,11226,93508,7474,,Net,USD,0.0,,2026-06-03
0.0,0.0,0.0,250000.0,10000.0,10000.0,300000.0,ITM No Calls,4400000.0,4400000.0,,,Pending Review,,4400000.0,10240,94326,7765,,Net,USD,0.0,,2026-06-17
0.0,0.0,0.0,250000.0,10000.0,10000.0,300000.0,ITM No Calls,4700000.0,4700000.0,,,No Call Required,,4700000.0,11847,92320,7197,,Net,USD,0.0,,2026-06-17
0.0,250000.0,0.0,250000.0,10000.0,10000.0,-100000.0,Call,200000.0,200000.0,,,No Call Required,,200000.0,11468,91377,7351,,Net,USD,0.0,,2026-06-24
0.0,250000.0,0.0,0.0,10000.0,10000.0,-200000.0,Call,4600000.0,4600000.0,,,No Call Required,,4600000.0,11190,90509,7589,,Net,USD,0.0,,2026-06-24
0.0,0.0,0.0,0.0,10000.0,10000.0,100000.0,Call,1000000.0,1000000.0,,,No Call Required,,1000000.0,10699,98152,7742,,Net,USD,0.0,,2026-07-01
0.0,250000.0,0.0,250000.0,10000.0,10000.0,500000.0,ITM No Calls,1500000.0,1500000.0,,,Pending Review,,1500000.0,11377,97554,7409,,Net,USD,0.0,,2026-06-10
0.0,250000.0,0.0,0.0,10000.0,10000.0,500000.0,Recall,3400000.0,3400000.0,,,Pending Review,,3400000.0,10085,94964,7557,,Net,USD,0.0,,2026-06-10
0.0,0.0,0.0,0.0,10000.0,10000.0,100000.0,Recall,800000.0,800000.0,,,No Call Required,,800000.0,10943,98025,7553,,Net,USD,0.0,,2026-06-03
0.0,0.0,0.0,0.0,10000.0,10000.0,400000.0,Call,3600000.0,3600000.0,,,Pending Review,,3600000.0,10729,96688,7886,,Net,USD,0.0,,2026-06-03
0.0,250000.0,0.0,250000.0,10000.0,10000.0,-100000.0,Call,200000.0,200000.0,,,No Call Required,,200000.0,11658,90568,7111,,Net,USD,0.0,,2026-06-24
0.0,0.0,0.0,250000.0,10000.0,10000.0,300000.0,ITM No Calls,600000.0,600000.0,,,No Call Required,,600000.0,11282,96660,7251,,Net,USD,0.0,,2026-06-10
0.0,250000.0,0.0,250000.0,10000.0,10000.0,100000.0,Recall,3700000.0,3700000.0,,,No Call Required,,3700000.0,10992,94154,7703,,Net,USD,0.0,,2026-06-24
0.0,250000.0,0.0,250000.0,10000.0,10000.0,0.0,Call,3800000.0,3800000.0,,,No Call Required,,3800000.0,11577,99794,7970,,Net,USD,0.0,,2026-06-24
0.0,0.0,0.0,0.0,10000.0,10000.0,300000.0,ITM No Calls,5000000.0,5000000.0,,,No Call Required,,5000000.0,10248,99983,7171,,Net,USD,0.0,,2026-06-17
0.0,0.0,0.0,250000.0,10000.0,10000.0,0.0,ITM No Calls,500000.0,500000.0,,,Pending Review,,500000.0,11439,90610,7617,,Net,USD,0.0,,2026-07-01
0.0,250000.0,0.0,0.0,10000.0,10000.0,200000.0,ITM No Calls,900000.0,900000.0,,,No Call Required,,900000.0,11923,97931,7765,,Net,USD,0.0,,2026-07-01
0.0,0.0,0.0,0.0,10000.0,10000.0,100000.0,ITM No Calls,100000.0,100000.0,,,Pending Review,,100000.0,10930,91273,7026,,Net,USD,0.0,,2026-06-10
0.0,0.0,0.0,250000.0,10000.0,10000.0,0.0,Recall,3500000.0,3500000.0,,,No Call Required,,3500000.0,11829,91208,7157,,Net,USD,0.0,,2026-06-10
0.0,0.0,0.0,0.0,10000.0,10000.0,0.0,ITM No Calls,2200000.0,2200000.0,,,Pending Review,,2200000.0,11656,98679,7914,,Net,USD,0.0,,2026-06-17
0.0,0.0,0.0,0.0,10000.0,10000.0,200000.0,Recall,3800000.0,3800000.0,,,No Call Required,,3800000.0,11397,93746,7737,,Net,USD,0.0,,2026-06-03
0.0,250000.0,0.0,250000.0,10000.0,10000.0,0.0,ITM No Calls,3400000.0,3400000.0,,,Pending Review,,3400000.0,10507,91355,7498,,Net,USD,0.0,,2026-06-17
0.0,0.0,0.0,0.0,10000.0,10000.0,100000.0,ITM No Calls,1800000.0,1800000.0,,,No Call Required,,1800000.0,10460,94930,7444,,Net,USD,0.0,,2026-06-17
0.0,0.0,0.0,0.0,10000.0,10000.0,200000.0,ITM No Calls,4900000.0,4900000.0,,,No Call Required,,4900000.0,10614,93308,7704,,Net,USD,0.0,,2026-07-01
0.0,250000.0,0.0,0.0,10000.0,10000.0,400000.0,Recall,4300000.0,4300000.0,,,No Call Required,,4300000.0,10353,93380,7287,,Net,USD,0.0,,2026-06-03
0.0,250000.0,0.0,0.0,10000.0,10000.0,100000.0,Call,1300000.0,1300000.0,,,No Call Required,,1300000.0,11018,95793,7783,,Net,USD,0.0,,2026-06-24
0.0,0.0,0.0,250000.0,10000.0,10000.0,400000.0,ITM No Calls,2900000.0,2900000.0,,,Pending Review,,2900000.0,11655,91527,7702,,Net,USD,0.0,,2026-06-10
0.0,250000.0,0.0,250000.0,10000.0,10000.0,200000.0,Recall,600000.0,600000.0,,,No Call Required,,600000.0,10131,93525,7898,,Net,USD,0.0,,2026-06-03
0.0,250000.0,0.0,0.0,10000.0,10000.0,-100000.0,Recall,2700000.0,2700000.0,,,No Call Required,,2700000.0,10601,97687,7246,,Net,USD,0.0,,2026-07-01
0.0,0.0,0.0,0.0,10000.0,10000.0,200000.0,ITM No Calls,700000.0,700000.0,,,Pending Review,,700000.0,11010,93876,7648,,Net,USD,0.0,,2026-06-03
0.0,250000.0,0.0,250000.0,10000.0,10000.0,500000.0,Call,1000000.0,1000000.0,,,No Call Required,,1000000.0,10843,90625,7536,,Net,USD,0.0,,2026-06-10
0.0,0.0,0.0,0.0,10000.0,10000.0,100000.0,ITM No Calls,800000.0,800000.0,,,No Call Required,,800000.0,10743,93376,7226,,Net,USD,0.0,,2026-07-01
0.0,0.0,0.0,0.0,10000.0,10000.0,200000.0,Call,4600000.0,4600000.0,,,No Call Required,,4600000.0,11026,91687,7572,,Net,USD,0.0,,2026-06-10
0.0,0.0,0.0,250000.0,10000.0,10000.0,300000.0,Call,100000.0,100000.0,,,Pending Review,,100000.0,10497,98787,7467,,Net,USD,0.0,,2026-06-10
0.0,250000.0,0.0,250000.0,10000.0,10000.0,300000.0,Recall,2800000.0,2800000.0,,,No Call Required,,2800000.0,11770,95727,7766,,Net,USD,0.0,,2026-06-24
0.0,250000.0,0.0,0.0,10000.0,10000.0,300000.0,Call,3200000.0,3200000.0,,,No Call Required,,3200000.0,10484,96031,7498,,Net,USD,0.0,,2026-06-17
0.0,250000.0,0.0,0.0,10000.0,10000.0,500000.0,Recall,3200000.0,3200000.0,,,No Call Required,,3200000.0,11366,96513,7552,,Net,USD,0.0,,2026-06-24
0.0,250000.0,0.0,250000.0,10000.0,10000.0,-100000.0,Call,4900000.0,4900000.0,,,No Call Required,,4900000.0,10087,91017,7461,,Net,USD,0.0,,2026-07-01
0.0,0.0,0.0,250000.0,10000.0,10000.0,0.0,Recall,1500000.0,1500000.0,,,No Call Required,,1500000.0,11816,98405,7117,,Net,USD,0.0,,2026-06-10
0.0,250000.0,0.0,0.0,10000.0,10000.0,300000.0,Recall,2700000.0,2700000.0,,,Pending Review,,2700000.0,11004,91123,7496,,Net,USD,0.0,,2026-06-17
0.0,0.0,0.0,0.0,10000.0,10000.0,200000.0,Call,1500000.0,1500000.0,,,Pending Review,,1500000.0,10239,97547,7210,,Net,USD,0.0,,2026-06-03
0.0,250000.0,0.0,0.0,10000.0,10000.0,-200000.0,ITM No Calls,3200000.0,3200000.0,,,No Call Required,,3200000.0,10781,92016,7075,,Net,USD,0.0,,2026-06-10
0.0,250000.0,0.0,0.0,10000.0,10000.0,200000.0,ITM No Calls,500000.0,500000.0,,,Pending Review,,500000.0,11223,94496,7197,,Net,USD,0.0,,2026-07-01
0.0,250000.0,0.0,250000.0,10000.0,10000.0,200000.0,ITM No Calls,2400000.0,2400000.0,,,Pending Review,,2400000.0,11202,95286,7347,,Net,USD,,,2026-06-03
0.0,250000.0,0.0,250000.0,10000.0,10000.0,500000.0,Recall,500000.0,500000.0,,,No Call Required,,500000.0,11170,98434,7602,,Net,USD,0.0,,2026-07-01
0.0,250000.0,0.0,0.0,10000.0,10000.0,300000.0,Call,3200000.0,3200000.0,,,Pending Review,,3200000.0,10647,96171,7110,,Net,USD,0.0,,2026-06-10
0.0,250000.0,0.0,250000.0,10000.0,10000.0,400000.0,Call,2500000.0,2500000.0,,,Pending Review,,2500000.0,11524,97390,7477,,Net,USD,0.0,,2026-07-01
0.0,250000.0,0.0,0.0,10000.0,10000.0,-200000.0,Recall,700000.0,700000.0,,,Pending Review,,700000.0,11767,97608,7561,,Net,USD,0.0,,2026-06-17
0.0,250000.0,0.0,250000.0,10000.0,10000.0,-200000.0,ITM No Calls,2400000.0,2400000.0,,,No Call Required,,2400000.0,11693,97173,7090,,Net,USD,0.0,,2026-06-24
0.0,0.0,0.0,250000.0,10000.0,10000.0,300000.0,Recall,1700000.0,1700000.0,,,No Call Required,,1700000.0,11539,92952,7080,,Net,USD,0.0,,2026-06-17
0.0,0.0,0.0,250000.0,10000.0,10000.0,500000.0,Recall,1900000.0,1900000.0,,,No Call Required,,1900000.0,11148,91152,7649,,Net,USD,0.0,,2026-06-17
0.0,0.0,0.0,0.0,10000.0,10000.0,-100000.0,Call,500000.0,500000.0,,,Pending Review,,500000.0,10089,93296,7818,,Net,USD,0.0,,2026-06-24
0.0,0.0,0.0,0.0,10000.0,10000.0,400000.0,Call,3400000.0,3400000.0,,,Pending Review,,3400000.0,11461,99243,7134,,Net,USD,0.0,,2026-06-10
0.0,250000.0,0.0,250000.0,10000.0,10000.0,300000.0,ITM No Calls,200000.0,200000.0,,,Pending Review,,200000.0,10332,91541,7948,,Net,USD,0.0,,2026-06-03
0.0,0.0,0.0,250000.0,10000.0,10000.0,200000.0,ITM No Calls,4600000.0,4600000.0,,,Pending Review,,4600000.0,11492,99636,7215,,Net,USD,0.0,,2026-06-17
0.0,250000.0,0.0,0.0,10000.0,10000.0,100000.0,ITM No Calls,3100000.0,3100000.0,,,Pending Review,,3100000.0,10502,99388,7210,,Net,USD,,,2026-06-24
0.0,0.0,0.0,250000.0,10000.0,10000.0,400000.0,Call,4300000.0,4300000.0,,,Pending Review,,4300000.0,10526,99912,7446,,Net,USD,0.0,,2026-06-24
0.0,250000.0,0.0,250000.0,10000.0,10000.0,-200000.0,Recall,1800000.0,1800000.0,,,Pending Review,,1800000.0,10392,94581,7097,,Net,USD,0.0,,2026-06-10
0.0,0.0,0.0,0.0,10000.0,10000.0,100000.0,Call,2300000.0,2300000.0,,,Pending Review,,2300000.0,11569,92820,7672,,Net,USD,0.0,,2026-07-01
0.0,0.0,0.0,250000.0,10000.0,10000.0,300000.0,Call,3900000.0,3900000.0,,,No Call Required,,3900000.0,11010,91677,7623,,Net,USD,0.0,,2026-06-10
0.0,250000.0,0.0,0.0,10000.0,10000.0,300000.0,Call,4800000.0,4800000.0,,,No Call Required,,4800000.0,10430,96670,7644,,Net,USD,,,2026-06-17
0.0,250000.0,0.0,0.0,10000.0,10000.0,400000.0,Call,3200000.0,3200000.0,,,No Call Required,,3200000.0,11613,96659,7167,,Net,USD,0.0,,2026-07-01
0.0,0.0,0.0,250000.0,10000.0,10000.0,100000.0,ITM No Calls,600000.0,600000.0,,,Pending Review,,600000.0,10996,96447,7883,,Net,USD,0.0,,2026-06-24
0.0,0.0,0.0,250000.0,10000.0,10000.0,-200000.0,ITM No Calls,2200000.0,2200000.0,,,Pending Review,,2200000.0,11368,91471,7937,,Net,USD,0.0,,2026-06-24
0.0,0.0,0.0,250000.0,10000.0,10000.0,300000.0,Recall,1700000.0,1700000.0,,,Pending Review,,1700000.0,10496,93292,7587,,Net,USD,0.0,,2026-06-24
0.0,0.0,0.0,0.0,10000.0,10000.0,400000.0,Recall,400000.0,400000.0,,,Pending Review,,400000.0,10264,91135,7164,,Net,USD,,,2026-06-03
0.0,250000.0,0.0,0.0,10000.0,10000.0,300000.0,ITM No Calls,3300000.0,3300000.0,,,Pending Review,,3300000.0,10439,91288,7050,,Net,USD,0.0,,2026-06-03
0.0,0.0,0.0,0.0,10000.0,10000.0,200000.0,Call,2000000.0,2000000.0,,,Pending Review,,2000000.0,10062,99571,7852,,Net,USD,0.0,,2026-06-24
0.0,250000.0,0.0,0.0,10000.0,10000.0,400000.0,Recall,500000.0,500000.0,,,Pending Review,,500000.0,10056,91397,7119,,Net,USD,0.0,,2026-06-24
0.0,250000.0,0.0,0.0,10000.0,10000.0,100000.0,Call,4100000.0,4100000.0,,,No Call Required,,4100000.0,10166,92143,7279,,Net,USD,0.0,,2026-06-10
0.0,0.0,0.0,0.0,10000.0,10000.0,200000.0,Recall,800000.0,800000.0,,,Pending Review,,800000.0,10134,96506,7308,,Net,USD,,,2026-07-01
0.0,0.0,0.0,250000.0,10000.0,10000.0,300000.0,ITM No Calls,2400000.0,2400000.0,,,No Call Required,,2400000.0,11421,92970,7616,,Net,USD,0.0,,2026-06-24
0.0,0.0,0.0,250000.0,10000.0,10000.0,200000.0,ITM No Calls,4100000.0,4100000.0,,,Pending Review,,4100000.0,11972,92904,7230,,Net,USD,0.0,,2026-06-24
0.0,250000.0,0.0,0.0,10000.0,10000.0,-200000.0,Recall,600000.0,600000.0,,,Pending Review,,600000.0,11716,93132,7154,,Net,USD,0.0,,2026-07-01
0.0,250000.0,0.0,250000.0,10000.0,10000.0,300000.0,Recall,1200000.0,1200000.0,,,No Call Required,,1200000.0,10050,99786,7907,,Net,USD,0.0,,2026-06-10
0.0,250000.0,0.0,0.0,10000.0,10000.0,-100000.0,Recall,3500000.0,3500000.0,,,No Call Required,,3500000.0,11904,90704,7365,,Net,USD,0.0,,2026-07-01
0.0,250000.0,0.0,250000.0,10000.0,10000.0,-100000.0,ITM No Calls,1600000.0,1600000.0,,,Pending Review,,1600000.0,11751,97466,7679,,Net,USD,0.0,,2026-07-01
0.0,250000.0,0.0,250000.0,10000.0,10000.0,400000.0,Recall,4400000.0,4400000.0,,,No Call Required,,4400000.0,11801,94261,7184,,Net,USD,0.0,,2026-06-24
0.0,0.0,0.0,0.0,10000.0,10000.0,100000.0,ITM No Calls,2300000.0,2300000.0,,,Pending Review,,2300000.0,10672,92048,7343,,Net,USD,,,2026-06-03
0.0,0.0,0.0,0.0,10000.0,10000.0,400000.0,Recall,2600000.0,2600000.0,,,Pending Review,,2600000.0,10759,98124,7081,,Net,USD,0.0,,2026-06-17
0.0,250000.0,0.0,250000.0,10000.0,10000.0,100000.0,Recall,3100000.0,3100000.0,,,No Call Required,,3100000.0,11030,99052,7796,,Net,USD,0.0,,2026-06-10
0.0,0.0,0.0,250000.0,10000.0,10000.0,300000.0,Call,2300000.0,2300000.0,,,Pending Review,,2300000.0,11567,99141,7473,,Net,USD,0.0,,2026-06-17
0.0,250000.0,0.0,0.0,10000.0,10000.0,-100000.0,ITM No Calls,3800000.0,3800000.0,,,No Call Required,,3800000.0,11974,94586,7796,,Net,USD,0.0,,2026-06-10
0.0,0.0,0.0,250000.0,10000.0,10000.0,-100000.0,ITM No Calls,3300000.0,3300000.0,,,No Call Required,,3300000.0,10738,98162,7501,,Net,USD,0.0,,2026-07-01
0.0,250000.0,0.0,0.0,10000.0,10000.0,400000.0,Recall,4800000.0,4800000.0,,,Pending Review,,4800000.0,11897,92284,7307,,Net,USD,0.0,,2026-07-01
0.0,250000.0,0.0,0.0,10000.0,10000.0,0.0,Recall,1400000.0,1400000.0,,,Pending Review,,1400000.0,11797,92166,7484,,Net,USD,0.0,,2026-07-01
0.0,0.0,0.0,250000.0,10000.0,10000.0,0.0,ITM No Calls,1800000.0,1800000.0,,,Pending Review,,1800000.0,11374,95185,7907,,Net,USD,0.0,,2026-06-10
0.0,0.0,0.0,0.0,10000.0,10000.0,300000.0,Call,4700000.0,4700000.0,,,No Call Required,,4700000.0,10409,91394,7173,,Net,USD,0.0,,2026-07-01
0.0,0.0,0.0,0.0,10000.0,10000.0,0.0,Call,900000.0,900000.0,,,Pending Review,,900000.0,10096,92366,7206,,Net,USD,0.0,,2026-06-03
0.0,250000.0,0.0,250000.0,10000.0,10000.0,500000.0,ITM No Calls,4200000.0,4200000.0,,,No Call Required,,4200000.0,10538,90291,7117,,Net,USD,,,2026-07-01
0.0,0.0,0.0,250000.0,10000.0,10000.0,-200000.0,Recall,2200000.0,2200000.0,,,No Call Required,,2200000.0,11374,90810,7710,,Net,USD,0.0,,2026-06-24
0.0,0.0,0.0,250000.0,10000.0,10000.0,200000.0,Recall,2100000.0,2100000.0,,,Pending Review,,2100000.0,11882,95174,7519,,Net,USD,0.0,,2026-07-01
0.0,0.0,0.0,250000.0,10000.0,10000.0,300000.0,Call,2900000.0,2900000.0,,,No Call Required,,2900000.0,11206,99473,7208,,Net,USD,0.0,,2026-07-01
0.0,250000.0,0.0,0.0,10000.0,10000.0,300000.0,ITM No Calls,800000.0,800000.0,,,No Call Required,,800000.0,11809,92334,7174,,Net,USD,0.0,,2026-07-01
0.0,0.0,0.0,0.0,10000.0,10000.0,-100000.0,ITM No Calls,4000000.0,4000000.0,,,No Call Required,,4000000.0,12000,92622,7148,,Net,USD,0.0,,2026-07-01
0.0,250000.0,0.0,250000.0,10000.0,10000.0,200000.0,ITM No Calls,4800000.0,4800000.0,,,Pending Review,,4800000.0,10882,95640,7682,,Net,USD,0.0,,2026-06-24
0.0,0.0,0.0,0.0,10000.0,10000.0,300000.0,Recall,1000000.0,1000000.0,,,Pending Review,,1000000.0,10476,93763,7422,,Net,USD,0.0,,2026-06-24
0.0,0.0,0.0,250000.0,10000.0,10000.0,300000.0,ITM No Calls,3500000.0,3500000.0,,,No Call Required,,3500000.0,10254,96808,7834,,Net,USD,0.0,,2026-06-03
0.0,250000.0,0.0,0.0,10000.0,10000.0,300000.0,ITM No Calls,3100000.0,3100000.0,,,Pending Review,,3100000.0,11470,91784,7236,,Net,USD,0.0,,2026-06-03
0.0,250000.0,0.0,0.0,10000.0,10000.0,200000.0,Call,1600000.0,1600000.0,,,No Call Required,,1600000.0,11932,92104,7858,,Net,USD,,,2026-06-24
0.0,250000.0,0.0,250000.0,10000.0,10000.0,500000.0,Recall,1300000.0,1300000.0,,,Pending Review,,1300000.0,11398,99190,7987,,Net,USD,0.0,,2026-06-03
0.0,0.0,0.0,250000.0,10000.0,10000.0,300000.0,ITM No Calls,3600000.0,3600000.0,,,Pending Review,,3600000.0,10114,94009,7533,,Net,USD,0.0,,2026-06-17
0.0,250000.0,0.0,0.0,10000.0,10000.0,500000.0,Call,1200000.0,1200000.0,,,Pending Review,,1200000.0,10103,93629,7022,,Net,USD,0.0,,2026-07-01
0.0,0.0,0.0,250000.0,10000.0,10000.0,0.0,Call,3900000.0,3900000.0,,,No Call Required,,3900000.0,11617,92928,7164,,Net,USD,0.0,,2026-06-24
0.0,250000.0,0.0,0.0,10000.0,10000.0,100000.0,Recall,1900000.0,1900000.0,,,Pending Review,,1900000.0,11391,97610,7725,,Net,USD,0.0,,2026-06-24
0.0,0.0,0.0,250000.0,10000.0,10000.0,200000.0,Call,4400000.0,4400000.0,,,No Call Required,,4400000.0,10979,92685,7598,,Net,USD,0.0,,2026-06-03
0.0,0.0,0.0,0.0,10000.0,10000.0,500000.0,Call,3200000.0,3200000.0,,,No Call Required,,3200000.0,10722,97291,7965,,Net,USD,0.0,,2026-06-24
0.0,250000.0,0.0,250000.0,10000.0,10000.0,-100000.0,Recall,1100000.0,1100000.0,,,No Call Required,,1100000.0,11014,99818,7389,,Net,USD,0.0,,2026-06-10
0.0,0.0,0.0,0.0,10000.0,10000.0,200000.0,Call,1600000.0,1600000.0,,,No Call Required,,1600000.0,11270,93260,7523,,Net,USD,,,2026-06-17
0.0,250000.0,0.0,0.0,10000.0,10000.0,100000.0,Recall,2700000.0,2700000.0,,,No Call Required,,2700000.0,11586,93215,7597,,Net,USD,0.0,,2026-06-24
0.0,0.0,0.0,0.0,10000.0,10000.0,100000.0,Call,3800000.0,3800000.0,,,No Call Required,,3800000.0,11590,93923,7276,,Net,USD,0.0,,2026-06-24
0.0,250000.0,0.0,250000.0,10000.0,10000.0,-200000.0,ITM No Calls,200000.0,200000.0,,,Pending Review,,200000.0,10266,94202,7998,,Net,USD,0.0,,2026-06-24
0.0,250000.0,0.0,0.0,10000.0,10000.0,100000.0,Recall,3800000.0,3800000.0,,,No Call Required,,3800000.0,10695,91707,7370,,Net,USD,0.0,,2026-06-17
0.0,250000.0,0.0,0.0,10000.0,10000.0,200000.0,Call,1700000.0,1700000.0,,,No Call Required,,1700000.0,11226,97774,7295,,Net,USD,0.0,,2026-07-01
0.0,0.0,0.0,250000.0,10000.0,10000.0,300000.0,Recall,4400000.0,4400000.0,,,Pending Review,,4400000.0,11973,91841,7136,,Net,USD,0.0,,2026-06-10
0.0,250000.0,0.0,0.0,10000.0,10000.0,400000.0,Call,400000.0,400000.0,,,Pending Review,,400000.0,11328,91196,7419,,Net,USD,0.0,,2026-07-01
0.0,250000.0,0.0,250000.0,10000.0,10000.0,400000.0,ITM No Calls,1600000.0,1600000.0,,,No Call Required,,1600000.0,11955,96560,7375,,Net,USD,0.0,,2026-07-01
0.0,250000.0,0.0,250000.0,10000.0,10000.0,300000.0,Call,200000.0,200000.0,,,Pending Review,,200000.0,10308,94430,7325,,Net,USD,0.0,,2026-06-24
0.0,0.0,0.0,250000.0,10000.0,10000.0,200000.0,Recall,1300000.0,1300000.0,,,Pending Review,,1300000.0,11216,99272,7550,,Net,USD,,,2026-06-03
0.0,0.0,0.0,0.0,10000.0,10000.0,400000.0,Recall,1700000.0,1700000.0,,,No Call Required,,1700000.0,10518,99261,7245,,Net,USD,0.0,,2026-06-03
0.0,250000.0,0.0,250000.0,10000.0,10000.0,500000.0,Call,3300000.0,3300000.0,,,Pending Review,,3300000.0,11383,90867,7888,,Net,USD,0.0,,2026-06-10
0.0,0.0,0.0,0.0,10000.0,10000.0,-100000.0,ITM No Calls,4500000.0,4500000.0,,,Pending Review,,4500000.0,11824,96389,7997,,Net,USD,0.0,,2026-06-03
0.0,0.0,0.0,250000.0,10000.0,10000.0,100000.0,Recall,3600000.0,3600000.0,,,Pending Review,,3600000.0,10841,96117,7160,,Net,USD,0.0,,2026-06-24
0.0,0.0,0.0,0.0,10000.0,10000.0,-200000.0,Recall,4400000.0,4400000.0,,,No Call Required,,4400000.0,10896,90694,7042,,Net,USD,0.0,,2026-06-24
0.0,0.0,0.0,0.0,10000.0,10000.0,200000.0,Call,3800000.0,3800000.0,,,Pending Review,,3800000.0,11469,92750,7357,,Net,USD,0.0,,2026-06-03
0.0,250000.0,0.0,250000.0,10000.0,10000.0,200000.0,Recall,2000000.0,2000000.0,,,No Call Required,,2000000.0,11161,99921,7425,,Net,USD,0.0,,2026-06-10
0.0,0.0,0.0,250000.0,10000.0,10000.0,500000.0,ITM No Calls,3900000.0,3900000.0,,,Pending Review,,3900000.0,11526,99441,7140,,Net,USD,0.0,,2026-06-24
0.0,250000.0,0.0,250000.0,10000.0,10000.0,-100000.0,ITM No Calls,4900000.0,4900000.0,,,No Call Required,,4900000.0,11284,99206,7930,,Net,USD,,,2026-06-03
0.0,0.0,0.0,250000.0,10000.0,10000.0,0.0,Recall,500000.0,500000.0,,,No Call Required,,500000.0,11074,97338,7318,,Net,USD,0.0,,2026-06-24
0.0,250000.0,0.0,250000.0,10000.0,10000.0,-100000.0,Call,2100000.0,2100000.0,,,Pending Review,,2100000.0,11542,96208,7219,,Net,USD,0.0,,2026-06-17
0.0,250000.0,0.0,0.0,10000.0,10000.0,100000.0,Recall,3500000.0,3500000.0,,,Pending Review,,3500000.0,11061,94742,7269,,Net,USD,0.0,,2026-06-24
0.0,250000.0,0.0,250000.0,10000.0,10000.0,500000.0,ITM No Calls,700000.0,700000.0,,,Pending Review,,700000.0,11748,92359,7066,,Net,USD,0.0,,2026-06-17
0.0,0.0,0.0,250000.0,10000.0,10000.0,0.0,Recall,800000.0,800000.0,,,Pending Review,,800000.0,10566,95170,7006,,Net,USD,0.0,,2026-06-03
0.0,250000.0,0.0,250000.0,10000.0,10000.0,-200000.0,Recall,5000000.0,5000000.0,,,Pending Review,,5000000.0,10240,91675,7764,,Net,USD,0.0,,2026-06-24
0.0,250000.0,0.0,250000.0,10000.0,10000.0,-100000.0,Call,2900000.0,2900000.0,,,Pending Review,,2900000.0,10136,96777,7737,,Net,USD,0.0,,2026-07-01
0.0,0.0,0.0,0.0,10000.0,10000.0,-200000.0,Recall,4000000.0,4000000.0,,,Pending Review,,4000000.0,11680,91714,7010,,Net,USD,0.0,,2026-06-17
0.0,250000.0,0.0,250000.0,10000.0,10000.0,100000.0,Recall,3100000.0,3100000.0,,,Pending Review,,3100000.0,10666,98786,7929,,Net,USD,0.0,,2026-06-17
0.0,250000.0,0.0,0.0,10000.0,10000.0,-200000.0,ITM No Calls,100000.0,100000.0,,,Pending Review,,100000.0,11551,90651,7351,,Net,USD,0.0,,2026-06-03
0.0,250000.0,0.0,250000.0,10000.0,10000.0,-200000.0,Call,2000000.0,2000000.0,,,No Call Required,,2000000.0,11804,94468,7824,,Net,USD,0.0,,2026-06-17
0.0,0.0,0.0,0.0,10000.0,10000.0,300000.0,Call,0.0,0.0,,,No Call Required,,0.0,10725,93336,7696,,Net,USD,0.0,,2026-06-17
0.0,0.0,0.0,0.0,10000.0,10000.0,0.0,Recall,1600000.0,1600000.0,,,No Call Required,,1600000.0,11891,91671,7127,,Net,USD,,,2026-06-10
0.0,250000.0,0.0,250000.0,10000.0,10000.0,0.0,Recall,700000.0,700000.0,,,Pending Review,,700000.0,11005,98544,7314,,Net,USD,0.0,,2026-06-03
0.0,250000.0,0.0,0.0,10000.0,10000.0,0.0,ITM No Calls,600000.0,600000.0,,,Pending Review,,600000.0,11338,95068,7062,,Net,USD,0.0,,2026-06-24
0.0,250000.0,0.0,0.0,10000.0,10000.0,0.0,ITM No Calls,3100000.0,3100000.0,,,No Call Required,,3100000.0,11887,93016,7743,,Net,USD,0.0,,2026-06-24
0.0,0.0,0.0,250000.0,10000.0,10000.0,100000.0,Recall,3200000.0,3200000.0,,,No Call Required,,3200000.0,10166,94758,7806,,Net,USD,0.0,,2026-06-10
0.0,0.0,0.0,0.0,10000.0,10000.0,0.0,ITM No Calls,2300000.0,2300000.0,,,No Call Required,,2300000.0,10909,90292,7640,,Net,USD,0.0,,2026-06-24
0.0,250000.0,0.0,250000.0,10000.0,10000.0,0.0,ITM No Calls,600000.0,600000.0,,,No Call Required,,600000.0,10092,99827,7790,,Net,USD,0.0,,2026-06-24
0.0,250000.0,0.0,0.0,10000.0,10000.0,100000.0,Call,3400000.0,3400000.0,,,Pending Review,,3400000.0,11923,96235,7513,,Net,USD,0.0,,2026-06-24
0.0,250000.0,0.0,250000.0,10000.0,10000.0,300000.0,Recall,700000.0,700000.0,,,Pending Review,,700000.0,11301,91828,7744,,Net,USD,0.0,,2026-06-10
0.0,0.0,0.0,250000.0,10000.0,10000.0,300000.0,Call,0.0,0.0,,,No Call Required,,0.0,10211,96784,7594,,Net,USD,0.0,,2026-06-03
0.0,250000.0,0.0,250000.0,10000.0,10000.0,300000.0,Call,3200000.0,3200000.0,,,No Call Required,,3200000.0,10346,93351,7195,,Net,USD,0.0,,2026-06-17
0.0,0.0,0.0,250000.0,10000.0,10000.0,500000.0,ITM No Calls,3400000.0,3400000.0,,,No Call Required,,3400000.0,11869,98337,7121,,Net,USD,0.0,,2026-06-24
0.0,0.0,0.0,0.0,10000.0,10000.0,-200000.0,Recall,0.0,0.0,,,Pending Review,,0.0,10729,97488,7039,,Net,USD,0.0,,2026-07-01
0.0,250000.0,0.0,0.0,10000.0,10000.0,100000.0,ITM No Calls,2400000.0,2400000.0,,,No Call Required,,2400000.0,11477,96886,7065,,Net,USD,0.0,,2026-06-10
0.0,250000.0,0.0,250000.0,10000.0,10000.0,500000.0,ITM No Calls,2500000.0,2500000.0,,,No Call Required,,2500000.0,11952,90443,7207,,Net,USD,0.0,,2026-07-01
0.0,0.0,0.0,0.0,10000.0,10000.0,500000.0,ITM No Calls,1600000.0,1600000.0,,,No Call Required,,1600000.0,10912,94192,7859,,Net,USD,0.0,,2026-06-24
0.0,0.0,0.0,250000.0,10000.0,10000.0,200000.0,Call,400000.0,400000.0,,,Pending Review,,400000.0,11543,97436,7948,,Net,USD,0.0,,2026-06-17
0.0,0.0,0.0,250000.0,10000.0,10000.0,400000.0,Call,2900000.0,2900000.0,,,No Call Required,,2900000.0,10422,93774,7243,,Net,USD,0.0,,2026-07-01
0.0,250000.0,0.0,0.0,10000.0,10000.0,100000.0,Call,2700000.0,2700000.0,,,Pending Review,,2700000.0,11774,95788,7582,,Net,USD,0.0,,2026-06-17
0.0,0.0,0.0,0.0,10000.0,10000.0,500000.0,Recall,4200000.0,4200000.0,,,Pending Review,,4200000.0,11807,91156,7413,,Net,USD,0.0,,2026-06-17
0.0,250000.0,0.0,0.0,10000.0,10000.0,300000.0,ITM No Calls,4300000.0,4300000.0,,,No Call Required,,4300000.0,10706,95949,7821,,Net,USD,0.0,,2026-06-03
0.0,250000.0,0.0,250000.0,10000.0,10000.0,100000.0,Recall,1200000.0,1200000.0,,,Pending Review,,1200000.0,10246,97885,7791,,Net,USD,0.0,,2026-06-10
0.0,0.0,0.0,0.0,10000.0,10000.0,100000.0,Recall,3500000.0,3500000.0,,,Pending Review,,3500000.0,11677,90685,7089,,Net,USD,0.0,,2026-06-24
0.0,250000.0,0.0,0.0,10000.0,10000.0,100000.0,ITM No Calls,2100000.0,2100000.0,,,Pending Review,,2100000.0,11121,97360,7193,,Net,USD,0.0,,2026-06-17
0.0,0.0,0.0,0.0,10000.0,10000.0,-100000.0,Recall,1900000.0,1900000.0,,,Pending Review,,1900000.0,11357,92808,7916,,Net,USD,0.0,,2026-06-03
0.0,0.0,0.0,0.0,10000.0,10000.0,400000.0,ITM No Calls,1300000.0,1300000.0,,,No Call Required,,1300000.0,10225,94354,7192,,Net,USD,,,2026-07-01
0.0,0.0,0.0,250000.0,10000.0,10000.0,100000.0,Call,2700000.0,2700000.0,,,No Call Required,,2700000.0,10868,93274,7930,,Net,USD,0.0,,2026-06-24
0.0,250000.0,0.0,250000.0,10000.0,10000.0,-100000.0,ITM No Calls,600000.0,600000.0,,,No Call Required,,600000.0,11064,91809,7751,,Net,USD,0.0,,2026-06-24
0.0,250000.0,0.0,250000.0,10000.0,10000.0,-100000.0,Recall,4900000.0,4900000.0,,,Pending Review,,4900000.0,11302,94653,7725,,Net,USD,0.0,,2026-06-24
0.0,250000.0,0.0,0.0,10000.0,10000.0,-200000.0,ITM No Calls,4600000.0,4600000.0,,,No Call Required,,4600000.0,11453,91987,7578,,Net,USD,,,2026-06-03
0.0,0.0,0.0,0.0,10000.0,10000.0,300000.0,ITM No Calls,300000.0,300000.0,,,No Call Required,,300000.0,11555,98779,7099,,Net,USD,0.0,,2026-06-10
0.0,250000.0,0.0,0.0,10000.0,10000.0,200000.0,Recall,1200000.0,1200000.0,,,Pending Review,,1200000.0,11562,92768,7182,,Net,USD,0.0,,2026-06-17
0.0,250000.0,0.0,0.0,10000.0,10000.0,100000.0,Recall,2200000.0,2200000.0,,,Pending Review,,2200000.0,11386,97296,7058,,Net,USD,0.0,,2026-06-10
0.0,0.0,0.0,250000.0,10000.0,10000.0,500000.0,ITM No Calls,1500000.0,1500000.0,,,Pending Review,,1500000.0,11737,96910,7480,,Net,USD,0.0,,2026-06-10
0.0,0.0,0.0,0.0,10000.0,10000.0,100000.0,Call,2800000.0,2800000.0,,,Pending Review,,2800000.0,10601,92114,7843,,Net,USD,0.0,,2026-06-03
0.0,250000.0,0.0,250000.0,10000.0,10000.0,0.0,Call,0.0,0.0,,,Pending Review,,0.0,10615,97535,7104,,Net,USD,0.0,,2026-07-01
0.0,0.0,0.0,0.0,10000.0,10000.0,-100000.0,Call,200000.0,200000.0,,,No Call Required,,200000.0,11176,91963,7792,,Net,USD,0.0,,2026-06-10
0.0,250000.0,0.0,0.0,10000.0,10000.0,200000.0,Call,4900000.0,4900000.0,,,Pending Review,,4900000.0,11025,95795,7616,,Net,USD,0.0,,2026-06-24
0.0,0.0,0.0,0.0,10000.0,10000.0,0.0,Recall,4700000.0,4700000.0,,,No Call Required,,4700000.0,11256,94259,7623,,Net,USD,0.0,,2026-06-24
0.0,0.0,0.0,0.0,10000.0,10000.0,300000.0,ITM No Calls,4300000.0,4300000.0,,,Pending Review,,4300000.0,11941,97625,7860,,Net,USD,0.0,,2026-06-03
0.0,250000.0,0.0,0.0,10000.0,10000.0,-100000.0,Recall,3400000.0,3400000.0,,,Pending Review,,3400000.0,11352,91702,7110,,Net,USD,0.0,,2026-06-17
0.0,0.0,0.0,0.0,10000.0,10000.0,400000.0,Call,2400000.0,2400000.0,,,No Call Required,,2400000.0,11146,93521,7116,,Net,USD,,,2026-06-24
0.0,0.0,0.0,0.0,10000.0,10000.0,300000.0,Call,2300000.0,2300000.0,,,No Call Required,,2300000.0,11490,93664,7508,,Net,USD,0.0,,2026-06-03
0.0,0.0,0.0,0.0,10000.0,10000.0,-100000.0,Recall,700000.0,700000.0,,,No Call Required,,700000.0,10041,95621,7316,,Net,USD,0.0,,2026-06-24
0.0,250000.0,0.0,250000.0,10000.0,10000.0,-200000.0,Recall,400000.0,400000.0,,,No Call Required,,400000.0,10509,92200,7726,,Net,USD,0.0,,2026-06-17
0.0,0.0,0.0,250000.0,10000.0,10000.0,0.0,Call,4400000.0,4400000.0,,,Pending Review,,4400000.0,11803,96755,7735,,Net,USD,0.0,,2026-07-01
0.0,250000.0,0.0,0.0,10000.0,10000.0,200000.0,Recall,4600000.0,4600000.0,,,No Call Required,,4600000.0,10653,96371,7396,,Net,USD,0.0,,2026-06-10
0.0,250000.0,0.0,250000.0,10000.0,10000.0,0.0,Recall,600000.0,600000.0,,,No Call Required,,600000.0,11753,98001,7123,,Net,USD,0.0,,2026-06-03
0.0,250000.0,0.0,0.0,10000.0,10000.0,100000.0,Call,4200000.0,4200000.0,,,No Call Required,,4200000.0,11703,90269,7712,,Net,USD,0.0,,2026-07-01
0.0,250000.0,0.0,0.0,10000.0,10000.0,-100000.0,ITM No Calls,600000.0,600000.0,,,Pending Review,,600000.0,10725,96218,7155,,Net,USD,0.0,,2026-07-01
0.0,250000.0,0.0,0.0,10000.0,10000.0,-100000.0,Call,2100000.0,2100000.0,,,No Call Required,,2100000.0,11936,99243,7834,,Net,USD,0.0,,2026-06-10
0.0,250000.0,0.0,250000.0,10000.0,10000.0,-100000.0,ITM No Calls,4200000.0,4200000.0,,,No Call Required,,4200000.0,11507,95201,7542,,Net,USD,0.0,,2026-06-10
0.0,0.0,0.0,250000.0,10000.0,10000.0,400000.0,ITM No Calls,3300000.0,3300000.0,,,Pending Review,,3300000.0,11759,96983,7402,,Net,USD,0.0,,2026-06-17
0.0,250000.0,0.0,250000.0,10000.0,10000.0,400000.0,ITM No Calls,4200000.0,4200000.0,,,No Call Required,,4200000.0,11490,98742,7801,,Net,USD,0.0,,2026-06-24
0.0,250000.0,0.0,0.0,10000.0,10000.0,0.0,Call,1100000.0,1100000.0,,,No Call Required,,1100000.0,11972,98495,7159,,Net,USD,0.0,,2026-06-10
0.0,250000.0,0.0,0.0,10000.0,10000.0,-200000.0,ITM No Calls,1300000.0,1300000.0,,,Pending Review,,1300000.0,10956,92649,7337,,Net,USD,0.0,,2026-07-01
0.0,0.0,0.0,250000.0,10000.0,10000.0,100000.0,Call,3900000.0,3900000.0,,,No Call Required,,3900000.0,10922,90884,7645,,Net,USD,0.0,,2026-06-24
0.0,250000.0,0.0,0.0,10000.0,10000.0,-200000.0,Call,2800000.0,2800000.0,,,Pending Review,,2800000.0,10312,99379,7843,,Net,USD,0.0,,2026-06-17
0.0,0.0,0.0,0.0,10000.0,10000.0,200000.0,ITM No Calls,400000.0,400000.0,,,Pending Review,,400000.0,10745,93566,7816,,Net,USD,0.0,,2026-07-01
0.0,0.0,0.0,250000.0,10000.0,10000.0,500000.0,Call,2100000.0,2100000.0,,,No Call Required,,2100000.0,11021,97315,7699,,Net,USD,0.0,,2026-06-10
0.0,0.0,0.0,0.0,10000.0,10000.0,-100000.0,Call,2200000.0,2200000.0,,,Pending Review,,2200000.0,11508,95711,7497,,Net,USD,0.0,,2026-06-03
0.0,250000.0,0.0,250000.0,10000.0,10000.0,-100000.0,ITM No Calls,300000.0,300000.0,,,Pending Review,,300000.0,11914,92720,7628,,Net,USD,0.0,,2026-07-01
0.0,250000.0,0.0,0.0,10000.0,10000.0,500000.0,Call,300000.0,300000.0,,,No Call Required,,300000.0,11493,96219,7120,,Net,USD,0.0,,2026-07-01
0.0,250000.0,0.0,0.0,10000.0,10000.0,400000.0,Call,2500000.0,2500000.0,,,Pending Review,,2500000.0,10681,90937,7909,,Net,USD,0.0,,2026-07-01
0.0,0.0,0.0,250000.0,10000.0,10000.0,0.0,Recall,2700000.0,2700000.0,,,Pending Review,,2700000.0,10001,92759,7914,,Net,USD,0.0,,2026-06-03
0.0,250000.0,0.0,250000.0,10000.0,10000.0,400000.0,Call,1600000.0,1600000.0,,,No Call Required,,1600000.0,10678,98643,7241,,Net,USD,0.0,,2026-06-03
0.0,250000.0,0.0,250000.0,10000.0,10000.0,400000.0,ITM No Calls,3900000.0,3900000.0,,,Pending Review,,3900000.0,11914,99007,7902,,Net,USD,0.0,,2026-07-01
0.0,0.0,0.0,0.0,10000.0,10000.0,0.0,Call,1800000.0,1800000.0,,,Pending Review,,1800000.0,11438,91638,7142,,Net,USD,0.0,,2026-06-03
0.0,250000.0,0.0,0.0,10000.0,10000.0,300000.0,ITM No Calls,700000.0,700000.0,,,Pending Review,,700000.0,11202,90369,7710,,Net,USD,,,2026-06-10
0.0,0.0,0.0,0.0,10000.0,10000.0,400000.0,ITM No Calls,0.0,0.0,,,Pending Review,,0.0,11804,94074,7487,,Net,USD,0.0,,2026-06-24
0.0,250000.0,0.0,250000.0,10000.0,10000.0,200000.0,Call,100000.0,100000.0,,,Pending Review,,100000.0,10955,96981,7854,,Net,USD,0.0,,2026-06-17
0.0,250000.0,0.0,0.0,10000.0,10000.0,500000.0,ITM No Calls,4900000.0,4900000.0,,,No Call Required,,4900000.0,10304,91824,7318,,Net,USD,,,2026-07-01
0.0,0.0,0.0,0.0,10000.0,10000.0,-100000.0,Call,3500000.0,3500000.0,,,Pending Review,,3500000.0,11511,99690,7076,,Net,USD,0.0,,2026-06-24
0.0,0.0,0.0,0.0,10000.0,10000.0,200000.0,ITM No Calls,4600000.0,4600000.0,,,No Call Required,,4600000.0,11570,94116,7789,,Net,USD,0.0,,2026-06-10
0.0,0.0,0.0,250000.0,10000.0,10000.0,-200000.0,Call,3700000.0,3700000.0,,,Pending Review,,3700000.0,11888,95744,7948,,Net,USD,,,2026-06-24
0.0,250000.0,0.0,0.0,10000.0,10000.0,-100000.0,Call,1400000.0,1400000.0,,,Pending Review,,1400000.0,10144,98094,7246,,Net,USD,0.0,,2026-06-17
0.0,250000.0,0.0,250000.0,10000.0,10000.0,400000.0,ITM No Calls,1300000.0,1300000.0,,,Pending Review,,1300000.0,10791,97202,7032,,Net,USD,0.0,,2026-07-01
0.0,0.0,0.0,0.0,10000.0,10000.0,300000.0,Call,3900000.0,3900000.0,,,Pending Review,,3900000.0,11081,91882,7313,,Net,USD,0.0,,2026-06-03
0.0,0.0,0.0,250000.0,10000.0,10000.0,200000.0,Recall,600000.0,600000.0,,,Pending Review,,600000.0,11166,94815,7975,,Net,USD,0.0,,2026-06-10
0.0,250000.0,0.0,250000.0,10000.0,10000.0,200000.0,Call,2800000.0,2800000.0,,,Pending Review,,2800000.0,10877,91184,7911,,Net,USD,0.0,,2026-06-03
0.0,0.0,0.0,0.0,10000.0,10000.0,100000.0,Recall,3300000.0,3300000.0,,,No Call Required,,3300000.0,10342,90643,7237,,Net,USD,0.0,,2026-06-10
0.0,250000.0,0.0,0.0,10000.0,10000.0,-200000.0,Call,3500000.0,3500000.0,,,No Call Required,,3500000.0,10393,90960,7082,,Net,USD,0.0,,2026-06-03
0.0,0.0,0.0,250000.0,10000.0,10000.0,0.0,Call,1700000.0,1700000.0,,,Pending Review,,1700000.0,11606,91991,7429,,Net,USD,0.0,,2026-06-03
0.0,250000.0,0.0,250000.0,10000.0,10000.0,0.0,ITM No Calls,2400000.0,2400000.0,,,Pending Review,,2400000.0,11983,90724,7054,,Net,USD,0.0,,2026-06-10
0.0,0.0,0.0,250000.0,10000.0,10000.0,-200000.0,ITM No Calls,2100000.0,2100000.0,,,No Call Required,,2100000.0,10108,99837,7788,,Net,USD,0.0,,2026-06-03
0.0,0.0,0.0,250000.0,10000.0,10000.0,400000.0,Call,300000.0,300000.0,,,No Call Required,,300000.0,11558,90638,7065,,Net,USD,0.0,,2026-07-01
0.0,0.0,0.0,250000.0,10000.0,10000.0,400000.0,Recall,3300000.0,3300000.0,,,No Call Required,,3300000.0,10622,91012,7505,,Net,USD,0.0,,2026-06-10
0.0,0.0,0.0,250000.0,10000.0,10000.0,500000.0,ITM No Calls,2600000.0,2600000.0,,,Pending Review,,2600000.0,10377,97063,7711,,Net,USD,0.0,,2026-06-03
0.0,0.0,0.0,250000.0,10000.0,10000.0,100000.0,ITM No Calls,2000000.0,2000000.0,,,Pending Review,,2000000.0,11240,98450,7036,,Net,USD,0.0,,2026-06-24
0.0,0.0,0.0,0.0,10000.0,10000.0,200000.0,Recall,100000.0,100000.0,,,No Call Required,,100000.0,10362,93962,7410,,Net,USD,0.0,,2026-06-24
0.0,250000.0,0.0,0.0,10000.0,10000.0,400000.0,Recall,400000.0,400000.0,,,Pending Review,,400000.0,10267,96514,7134,,Net,USD,0.0,,2026-07-01
0.0,250000.0,0.0,0.0,10000.0,10000.0,400000.0,ITM No Calls,1900000.0,1900000.0,,,No Call Required,,1900000.0,11099,96036,7869,,Net,USD,0.0,,2026-06-10
0.0,250000.0,0.0,250000.0,10000.0,10000.0,500000.0,Call,3600000.0,3600000.0,,,No Call Required,,3600000.0,11062,91962,7140,,Net,USD,0.0,,2026-06-17
0.0,250000.0,0.0,250000.0,10000.0,10000.0,400000.0,Recall,1000000.0,1000000.0,,,Pending Review,,1000000.0,10217,90906,7127,,Net,USD,0.0,,2026-06-10
0.0,0.0,0.0,250000.0,10000.0,10000.0,400000.0,Recall,2500000.0,2500000.0,,,Pending Review,,2500000.0,11871,96664,7786,,Net,USD,0.0,,2026-06-03
0.0,250000.0,0.0,0.0,10000.0,10000.0,300000.0,Call,3300000.0,3300000.0,,,No Call Required,,3300000.0,10729,93971,7091,,Net,USD,0.0,,2026-06-17
0.0,250000.0,0.0,250000.0,10000.0,10000.0,100000.0,ITM No Calls,800000.0,800000.0,,,Pending Review,,800000.0,10309,94607,7356,,Net,USD,0.0,,2026-07-01
0.0,250000.0,0.0,0.0,10000.0,10000.0,200000.0,ITM No Calls,4100000.0,4100000.0,,,No Call Required,,4100000.0,10739,95296,7989,,Net,USD,0.0,,2026-06-24
0.0,250000.0,0.0,250000.0,10000.0,10000.0,500000.0,Recall,1800000.0,1800000.0,,,No Call Required,,1800000.0,10180,95884,7629,,Net,USD,0.0,,2026-07-01
0.0,0.0,0.0,0.0,10000.0,10000.0,300000.0,Call,0.0,0.0,,,No Call Required,,0.0,11595,90599,7816,,Net,USD,0.0,,2026-06-10
0.0,0.0,0.0,250000.0,10000.0,10000.0,300000.0,Call,1500000.0,1500000.0,,,No Call Required,,1500000.0,11110,98841,7414,,Net,USD,0.0,,2026-06-03
0.0,0.0,0.0,0.0,10000.0,10000.0,200000.0,Call,1700000.0,1700000.0,,,No Call Required,,1700000.0,11119,99855,7795,,Net,USD,0.0,,2026-06-24
0.0,250000.0,0.0,0.0,10000.0,10000.0,-100000.0,Recall,400000.0,400000.0,,,Pending Review,,400000.0,11786,96609,7495,,Net,USD,0.0,,2026-06-17
0.0,0.0,0.0,0.0,10000.0,10000.0,400000.0,Call,2800000.0,2800000.0,,,Pending Review,,2800000.0,10904,90194,7079,,Net,USD,0.0,,2026-06-03
0.0,0.0,0.0,0.0,10000.0,10000.0,-200000.0,Recall,3700000.0,3700000.0,,,No Call Required,,3700000.0,10954,92401,7103,,Net,USD,0.0,,2026-06-10
0.0,0.0,0.0,0.0,10000.0,10000.0,100000.0,Call,1200000.0,1200000.0,,,Pending Review,,1200000.0,11885,90642,7098,,Net,USD,,,2026-07-01
0.0,250000.0,0.0,250000.0,10000.0,10000.0,0.0,Recall,2400000.0,2400000.0,,,Pending Review,,2400000.0,11387,93724,7523,,Net,USD,0.0,,2026-06-17
0.0,0.0,0.0,0.0,10000.0,10000.0,-100000.0,Call,2800000.0,2800000.0,,,Pending Review,,2800000.0,11020,90973,7011,,Net,USD,0.0,,2026-07-01
0.0,0.0,0.0,0.0,10000.0,10000.0,200000.0,Call,1400000.0,1400000.0,,,No Call Required,,1400000.0,10071,90899,7441,,Net,USD,0.0,,2026-06-03
0.0,0.0,0.0,250000.0,10000.0,10000.0,0.0,Recall,2000000.0,2000000.0,,,Pending Review,,2000000.0,10463,90200,7627,,Net,USD,0.0,,2026-06-10
0.0,250000.0,0.0,250000.0,10000.0,10000.0,100000.0,Recall,3000000.0,3000000.0,,,No Call Required,,3000000.0,10753,94165,7764,,Net,USD,0.0,,2026-06-10
0.0,250000.0,0.0,250000.0,10000.0,10000.0,200000.0,ITM No Calls,900000.0,900000.0,,,Pending Review,,900000.0,10123,98453,7075,,Net,USD,,,2026-06-10
0.0,250000.0,0.0,0.0,10000.0,10000.0,500000.0,ITM No Calls,3400000.0,3400000.0,,,Pending Review,,3400000.0,11261,92604,7688,,Net,USD,0.0,,2026-06-03
0.0,0.0,0.0,0.0,10000.0,10000.0,200000.0,Call,400000.0,400000.0,,,Pending Review,,400000.0,11480,97196,7489,,Net,USD,0.0,,2026-06-10
0.0,0.0,0.0,0.0,10000.0,10000.0,400000.0,Recall,700000.0,700000.0,,,Pending Review,,700000.0,10797,91170,7355,,Net,USD,0.0,,2026-06-03
0.0,0.0,0.0,250000.0,10000.0,10000.0,300000.0,Call,800000.0,800000.0,,,Pending Review,,800000.0,11781,92021,7219,,Net,USD,0.0,,2026-07-01
0.0,0.0,0.0,250000.0,10000.0,10000.0,-100000.0,Call,1600000.0,1600000.0,,,Pending Review,,1600000.0,11216,95347,7732,,Net,USD,0.0,,2026-07-01
0.0,250000.0,0.0,0.0,10000.0,10000.0,-100000.0,Recall,2700000.0,2700000.0,,,No Call Required,,2700000.0,10673,96586,7833,,Net,USD,,,2026-06-24
0.0,250000.0,0.0,0.0,10000.0,10000.0,0.0,ITM No Calls,100000.0,100000.0,,,No Call Required,,100000.0,10610,94964,7718,,Net,USD,0.0,,2026-06-03
0.0,0.0,0.0,0.0,10000.0,10000.0,400000.0,Recall,1800000.0,1800000.0,,,Pending Review,,1800000.0,10843,92797,7974,,Net,USD,0.0,,2026-06-17
0.0,250000.0,0.0,0.0,10000.0,10000.0,300000.0,Recall,3500000.0,3500000.0,,,Pending Review,,3500000.0,10098,95550,7655,,Net,USD,0.0,,2026-06-17
0.0,250000.0,0.0,0.0,10000.0,10000.0,200000.0,Recall,3700000.0,3700000.0,,,Pending Review,,3700000.0,10645,90677,7384,,Net,USD,0.0,,2026-06-17
0.0,0.0,0.0,0.0,10000.0,10000.0,-200000.0,ITM No Calls,1100000.0,1100000.0,,,Pending Review,,1100000.0,11544,94144,7751,,Net,USD,0.0,,2026-06-03
0.0,250000.0,0.0,0.0,10000.0,10000.0,300000.0,ITM No Calls,2000000.0,2000000.0,,,No Call Required,,2000000.0,11729,95325,7074,,Net,USD,0.0,,2026-06-17
0.0,0.0,0.0,250000.0,10000.0,10000.0,-100000.0,Recall,4800000.0,4800000.0,,,Pending Review,,4800000.0,10670,90450,7918,,Net,USD,0.0,,2026-06-24
0.0,250000.0,0.0,250000.0,10000.0,10000.0,500000.0,Recall,3400000.0,3400000.0,,,No Call Required,,3400000.0,11007,98542,7169,,Net,USD,0.0,,2026-06-24
0.0,250000.0,0.0,0.0,10000.0,10000.0,-200000.0,ITM No Calls,3600000.0,3600000.0,,,Pending Review,,3600000.0,10991,99972,7293,,Net,USD,0.0,,2026-06-03
0.0,250000.0,0.0,250000.0,10000.0,10000.0,0.0,Recall,2300000.0,2300000.0,,,Pending Review,,2300000.0,10926,98262,7503,,Net,USD,0.0,,2026-06-17
0.0,0.0,0.0,250000.0,10000.0,10000.0,-200000.0,ITM No Calls,1400000.0,1400000.0,,,No Call Required,,1400000.0,11754,96303,7003,,Net,USD,0.0,,2026-06-24
0.0,250000.0,0.0,250000.0,10000.0,10000.0,0.0,ITM No Calls,700000.0,700000.0,,,Pending Review,,700000.0,10951,98013,7886,,Net,USD,0.0,,2026-06-24
0.0,0.0,0.0,250000.0,10000.0,10000.0,400000.0,Recall,2300000.0,2300000.0,,,No Call Required,,2300000.0,10748,97942,7811,,Net,USD,0.0,,2026-06-24
0.0,0.0,0.0,250000.0,10000.0,10000.0,500000.0,Recall,3300000.0,3300000.0,,,Pending Review,,3300000.0,10359,92140,7885,,Net,USD,0.0,,2026-06-24
0.0,0.0,0.0,0.0,10000.0,10000.0,300000.0,Call,3800000.0,3800000.0,,,No Call Required,,3800000.0,11697,90713,7243,,Net,USD,,,2026-06-24
0.0,0.0,0.0,0.0,10000.0,10000.0,100000.0,Recall,3400000.0,3400000.0,,,Pending Review,,3400000.0,11071,95260,7627,,Net,USD,0.0,,2026-06-03
0.0,250000.0,0.0,250000.0,10000.0,10000.0,100000.0,ITM No Calls,2600000.0,2600000.0,,,Pending Review,,2600000.0,10292,94364,7586,,Net,USD,0.0,,2026-07-01
0.0,250000.0,0.0,0.0,10000.0,10000.0,300000.0,Recall,2600000.0,2600000.0,,,No Call Required,,2600000.0,10666,99094,7011,,Net,USD,0.0,,2026-06-03
0.0,0.0,0.0,0.0,10000.0,10000.0,300000.0,Recall,2300000.0,2300000.0,,,No Call Required,,2300000.0,10105,95024,7442,,Net,USD,0.0,,2026-06-24
0.0,0.0,0.0,250000.0,10000.0,10000.0,200000.0,Recall,4300000.0,4300000.0,,,Pending Review,,4300000.0,10987,95833,7920,,Net,USD,0.0,,2026-07-01
0.0,0.0,0.0,0.0,10000.0,10000.0,100000.0,Call,1500000.0,1500000.0,,,Pending Review,,1500000.0,11683,98779,7636,,Net,USD,0.0,,2026-06-03
0.0,0.0,0.0,250000.0,10000.0,10000.0,300000.0,Call,1600000.0,1600000.0,,,Pending Review,,1600000.0,10579,96289,7661,,Net,USD,0.0,,2026-06-10
0.0,0.0,0.0,0.0,10000.0,10000.0,200000.0,ITM No Calls,500000.0,500000.0,,,No Call Required,,500000.0,10141,90160,7672,,Net,USD,0.0,,2026-06-17
0.0,250000.0,0.0,250000.0,10000.0,10000.0,200000.0,Call,2400000.0,2400000.0,,,Pending Review,,2400000.0,11168,94045,7203,,Net,USD,,,2026-07-01
0.0,250000.0,0.0,0.0,10000.0,10000.0,400000.0,Call,3700000.0,3700000.0,,,No Call Required,,3700000.0,10893,95643,7017,,Net,USD,0.0,,2026-06-24
0.0,250000.0,0.0,250000.0,10000.0,10000.0,500000.0,ITM No Calls,1500000.0,1500000.0,,,No Call Required,,1500000.0,11176,94301,7632,,Net,USD,0.0,,2026-06-17
0.0,0.0,0.0,0.0,10000.0,10000.0,300000.0,ITM No Calls,800000.0,800000.0,,,Pending Review,,800000.0,10529,91674,7628,,Net,USD,0.0,,2026-07-01
0.0,250000.0,0.0,250000.0,10000.0,10000.0,400000.0,Call,3600000.0,3600000.0,,,Pending Review,,3600000.0,11277,90298,7568,,Net,USD,,,2026-06-10
0.0,250000.0,0.0,250000.0,10000.0,10000.0,-200000.0,ITM No Calls,3400000.0,3400000.0,,,Pending Review,,3400000.0,11648,92970,7082,,Net,USD,0.0,,2026-07-01
0.0,0.0,0.0,250000.0,10000.0,10000.0,-100000.0,ITM No Calls,2700000.0,2700000.0,,,Pending Review,,2700000.0,10881,90209,7238,,Net,USD,0.0,,2026-07-01
0.0,0.0,0.0,0.0,10000.0,10000.0,400000.0,Recall,2800000.0,2800000.0,,,Pending Review,,2800000.0,11102,96504,7905,,Net,USD,0.0,,2026-07-01
0.0,0.0,0.0,0.0,10000.0,10000.0,-200000.0,Recall,3100000.0,3100000.0,,,No Call Required,,3100000.0,10739,92535,7982,,Net,USD,0.0,,2026-06-17
0.0,250000.0,0.0,0.0,10000.0,10000.0,100000.0,Call,4500000.0,4500000.0,,,Pending Review,,4500000.0,10618,91540,7220,,Net,USD,,,2026-06-10
0.0,250000.0,0.0,0.0,10000.0,10000.0,-100000.0,ITM No Calls,4000000.0,4000000.0,,,No Call Required,,4000000.0,10878,94601,7239,,Net,USD,0.0,,2026-06-10
0.0,250000.0,0.0,0.0,10000.0,10000.0,-200000.0,Recall,0.0,0.0,,,Pending Review,,0.0,10287,96934,7560,,Net,USD,0.0,,2026-06-03
0.0,250000.0,0.0,250000.0,10000.0,10000.0,-200000.0,Recall,2400000.0,2400000.0,,,Pending Review,,2400000.0,11992,91061,7771,,Net,USD,0.0,,2026-06-17
0.0,250000.0,0.0,250000.0,10000.0,10000.0,100000.0,ITM No Calls,3000000.0,3000000.0,,,Pending Review,,3000000.0,10979,97426,7139,,Net,USD,0.0,,2026-06-10
0.0,250000.0,0.0,0.0,10000.0,10000.0,0.0,Call,3000000.0,3000000.0,,,No Call Required,,3000000.0,11113,96822,7435,,Net,USD,0.0,,2026-06-24
0.0,0.0,0.0,0.0,10000.0,10000.0,300000.0,Call,1500000.0,1500000.0,,,No Call Required,,1500000.0,11636,94965,7103,,Net,USD,0.0,,2026-06-24
0.0,0.0,0.0,0.0,10000.0,10000.0,500000.0,Call,2100000.0,2100000.0,,,Pending Review,,2100000.0,11719,97506,7714,,Net,USD,0.0,,2026-06-03
0.0,250000.0,0.0,0.0,10000.0,10000.0,500000.0,Call,400000.0,400000.0,,,Pending Review,,400000.0,10420,93108,7865,,Net,USD,0.0,,2026-06-24
0.0,0.0,0.0,0.0,10000.0,10000.0,200000.0,ITM No Calls,3600000.0,3600000.0,,,No Call Required,,3600000.0,10952,91601,7868,,Net,USD,0.0,,2026-07-01
0.0,250000.0,0.0,0.0,10000.0,10000.0,-100000.0,Call,3000000.0,3000000.0,,,Pending Review,,3000000.0,10722,94803,7284,,Net,USD,0.0,,2026-06-24
0.0,0.0,0.0,250000.0,10000.0,10000.0,400000.0,Call,1800000.0,1800000.0,,,Pending Review,,1800000.0,11263,91450,7128,,Net,USD,0.0,,2026-06-10
0.0,0.0,0.0,0.0,10000.0,10000.0,-100000.0,ITM No Calls,3900000.0,3900000.0,,,No Call Required,,3900000.0,10298,95812,7501,,Net,USD,0.0,,2026-06-17
0.0,0.0,0.0,250000.0,10000.0,10000.0,400000.0,ITM No Calls,100000.0,100000.0,,,No Call Required,,100000.0,11657,90060,7896,,Net,USD,0.0,,2026-06-10
0.0,250000.0,0.0,250000.0,10000.0,10000.0,200000.0,Recall,1700000.0,1700000.0,,,No Call Required,,1700000.0,11644,96910,7595,,Net,USD,0.0,,2026-06-17
0.0,250000.0,0.0,0.0,10000.0,10000.0,-200000.0,Call,4800000.0,4800000.0,,,Pending Review,,4800000.0,10309,90672,7392,,Net,USD,,,2026-06-24
0.0,250000.0,0.0,250000.0,10000.0,10000.0,200000.0,Recall,1100000.0,1100000.0,,,No Call Required,,1100000.0,11949,93672,7278,,Net,USD,0.0,,2026-06-17
0.0,250000.0,0.0,0.0,10000.0,10000.0,-200000.0,Call,800000.0,800000.0,,,No Call Required,,800000.0,10587,92600,7790,,Net,USD,0.0,,2026-06-24
0.0,250000.0,0.0,250000.0,10000.0,10000.0,200000.0,ITM No Calls,2100000.0,2100000.0,,,Pending Review,,2100000.0,11387,95718,7059,,Net,USD,0.0,,2026-06-03
0.0,0.0,0.0,0.0,10000.0,10000.0,100000.0,Recall,2700000.0,2700000.0,,,No Call Required,,2700000.0,11484,97125,7900,,Net,USD,0.0,,2026-06-03
0.0,250000.0,0.0,250000.0,10000.0,10000.0,500000.0,ITM No Calls,500000.0,500000.0,,,Pending Review,,500000.0,10122,90623,7712,,Net,USD,0.0,,2026-07-01
0.0,0.0,0.0,250000.0,10000.0,10000.0,500000.0,Call,4400000.0,4400000.0,,,Pending Review,,4400000.0,11789,95162,7157,,Net,USD,0.0,,2026-07-01
0.0,0.0,0.0,0.0,10000.0,10000.0,100000.0,Recall,2500000.0,2500000.0,,,Pending Review,,2500000.0,11423,95667,7968,,Net,USD,0.0,,2026-06-17
0.0,250000.0,0.0,0.0,10000.0,10000.0,100000.0,Recall,4200000.0,4200000.0,,,Pending Review,,4200000.0,10712,98073,7175,,Net,USD,0.0,,2026-07-01
0.0,0.0,0.0,250000.0,10000.0,10000.0,400000.0,Call,4100000.0,4100000.0,,,No Call Required,,4100000.0,11137,97496,7512,,Net,USD,0.0,,2026-07-01
0.0,250000.0,0.0,250000.0,10000.0,10000.0,-100000.0,Recall,1800000.0,1800000.0,,,Pending Review,,1800000.0,11311,91173,7250,,Net,USD,0.0,,2026-06-17
0.0,250000.0,0.0,0.0,10000.0,10000.0,300000.0,Call,900000.0,900000.0,,,No Call Required,,900000.0,11829,94577,7464,,Net,USD,0.0,,2026-06-17
0.0,250000.0,0.0,250000.0,10000.0,10000.0,400000.0,ITM No Calls,3800000.0,3800000.0,,,Pending Review,,3800000.0,10064,90538,7015,,Net,USD,0.0,,2026-06-24
0.0,0.0,0.0,0.0,10000.0,10000.0,300000.0,Call,900000.0,900000.0,,,Pending Review,,900000.0,11852,92984,7870,,Net,USD,0.0,,2026-06-17
0.0,0.0,0.0,0.0,10000.0,10000.0,0.0,ITM No Calls,900000.0,900000.0,,,No Call Required,,900000.0,10807,95408,7782,,Net,USD,0.0,,2026-06-03
0.0,0.0,0.0,0.0,10000.0,10000.0,100000.0,Recall,1500000.0,1500000.0,,,No Call Required,,1500000.0,11148,91127,7349,,Net,USD,0.0,,2026-07-01
0.0,250000.0,0.0,250000.0,10000.0,10000.0,-200000.0,Recall,1500000.0,1500000.0,,,No Call Required,,1500000.0,11523,95937,7535,,Net,USD,0.0,,2026-07-01
0.0,250000.0,0.0,250000.0,10000.0,10000.0,400000.0,Recall,1300000.0,1300000.0,,,No Call Required,,1300000.0,10748,94854,7641,,Net,USD,,,2026-06-24
0.0,250000.0,0.0,250000.0,10000.0,10000.0,300000.0,ITM No Calls,1400000.0,1400000.0,,,No Call Required,,1400000.0,10696,97845,7306,,Net,USD,0.0,,2026-07-01
0.0,0.0,0.0,0.0,10000.0,10000.0,100000.0,Call,3600000.0,3600000.0,,,No Call Required,,3600000.0,11097,99022,7131,,Net,USD,0.0,,2026-06-03
0.0,0.0,0.0,0.0,10000.0,10000.0,-100000.0,Recall,700000.0,700000.0,,,No Call Required,,700000.0,11118,93100,7457,,Net,USD,0.0,,2026-06-24
0.0,0.0,0.0,250000.0,10000.0,10000.0,500000.0,Recall,0.0,0.0,,,No Call Required,,0.0,10807,94251,7763,,Net,USD,0.0,,2026-06-10
0.0,0.0,0.0,250000.0,10000.0,10000.0,400000.0,Recall,2900000.0,2900000.0,,,Pending Review,,2900000.0,10263,98925,7232,,Net,USD,0.0,,2026-06-03
0.0,0.0,0.0,0.0,10000.0,10000.0,300000.0,ITM No Calls,2800000.0,2800000.0,,,No Call Required,,2800000.0,10426,97730,7027,,Net,USD,0.0,,2026-07-01
0.0,0.0,0.0,0.0,10000.0,10000.0,300000.0,Call,4500000.0,4500000.0,,,Pending Review,,4500000.0,10001,96765,7254,,Net,USD,0.0,,2026-06-03
0.0,0.0,0.0,250000.0,10000.0,10000.0,-100000.0,Recall,1700000.0,1700000.0,,,Pending Review,,1700000.0,11601,97895,7554,,Net,USD,0.0,,2026-06-03
0.0,0.0,0.0,0.0,10000.0,10000.0,100000.0,Call,2000000.0,2000000.0,,,No Call Required,,2000000.0,11194,95517,7070,,Net,USD,0.0,,2026-07-01
0.0,0.0,0.0,0.0,10000.0,10000.0,200000.0,ITM No Calls,2600000.0,2600000.0,,,Pending Review,,2600000.0,10959,95263,7742,,Net,USD,0.0,,2026-06-03
0.0,0.0,0.0,0.0,10000.0,10000.0,400000.0,ITM No Calls,2500000.0,2500000.0,,,Pending Review,,2500000.0,11946,97254,7892,,Net,USD,0.0,,2026-06-10
0.0,0.0,0.0,0.0,10000.0,10000.0,100000.0,Call,1300000.0,1300000.0,,,Pending Review,,1300000.0,11067,91223,7312,,Net,USD,0.0,,2026-06-03
0.0,0.0,0.0,0.0,10000.0,10000.0,500000.0,Call,2700000.0,2700000.0,,,No Call Required,,2700000.0,10107,99417,7100,,Net,USD,0.0,,2026-06-24
0.0,0.0,0.0,0.0,10000.0,10000.0,200000.0,ITM No Calls,2500000.0,2500000.0,,,Pending Review,,2500000.0,11505,99143,7805,,Net,USD,,,2026-06-17
0.0,0.0,0.0,0.0,10000.0,10000.0,500000.0,Recall,0.0,0.0,,,No Call Required,,0.0,10051,91958,7969,,Net,USD,0.0,,2026-06-17
0.0,0.0,0.0,250000.0,10000.0,10000.0,300000.0,ITM No Calls,1500000.0,1500000.0,,,No Call Required,,1500000.0,10477,91869,7337,,Net,USD,0.0,,2026-06-10
0.0,250000.0,0.0,250000.0,10000.0,10000.0,200000.0,ITM No Calls,800000.0,800000.0,,,Pending Review,,800000.0,10858,96616,7243,,Net,USD,0.0,,2026-06-24
0.0,250000.0,0.0,0.0,10000.0,10000.0,500000.0,ITM No Calls,1400000.0,1400000.0,,,No Call Required,,1400000.0,11342,95812,7726,,Net,USD,0.0,,2026-06-24
0.0,250000.0,0.0,0.0,10000.0,10000.0,-200000.0,Recall,3900000.0,3900000.0,,,Pending Review,,3900000.0,11383,93358,7217,,Net,USD,0.0,,2026-06-24
0.0,250000.0,0.0,0.0,10000.0,10000.0,-100000.0,ITM No Calls,4700000.0,4700000.0,,,No Call Required,,4700000.0,11511,92535,7924,,Net,USD,0.0,,2026-06-24
0.0,250000.0,0.0,250000.0,10000.0,10000.0,100000.0,ITM No Calls,400000.0,400000.0,,,No Call Required,,400000.0,11214,95991,7800,,Net,USD,0.0,,2026-06-03
0.0,0.0,0.0,0.0,10000.0,10000.0,500000.0,Recall,2300000.0,2300000.0,,,Pending Review,,2300000.0,10727,98113,7085,,Net,USD,0.0,,2026-06-10
0.0,0.0,0.0,250000.0,10000.0,10000.0,-100000.0,ITM No Calls,4600000.0,4600000.0,,,Pending Review,,4600000.0,11099,97641,7628,,Net,USD,0.0,,2026-06-24
0.0,250000.0,0.0,250000.0,10000.0,10000.0,400000.0,Recall,3700000.0,3700000.0,,,No Call Required,,3700000.0,10044,96211,7300,,Net,USD,0.0,,2026-07-01
0.0,250000.0,0.0,250000.0,10000.0,10000.0,-100000.0,Call,400000.0,400000.0,,,No Call Required,,400000.0,10278,95501,7184,,Net,USD,0.0,,2026-06-03
0.0,0.0,0.0,0.0,10000.0,10000.0,200000.0,ITM No Calls,3900000.0,3900000.0,,,Pending Review,,3900000.0,11520,97689,7675,,Net,USD,0.0,,2026-07-01
0.0,0.0,0.0,250000.0,10000.0,10000.0,-100000.0,Recall,100000.0,100000.0,,,Pending Review,,100000.0,10758,92775,7307,,Net,USD,0.0,,2026-06-17
0.0,0.0,0.0,0.0,10000.0,10000.0,400000.0,ITM No Calls,4600000.0,4600000.0,,,No Call Required,,4600000.0,11854,95688,7036,,Net,USD,0.0,,2026-07-01
0.0,250000.0,0.0,250000.0,10000.0,10000.0,400000.0,Recall,3200000.0,3200000.0,,,No Call Required,,3200000.0,11224,94615,7825,,Net,USD,0.0,,2026-06-03
0.0,0.0,0.0,0.0,10000.0,10000.0,-100000.0,ITM No Calls,1200000.0,1200000.0,,,Pending Review,,1200000.0,11138,97623,7932,,Net,USD,0.0,,2026-06-03
0.0,0.0,0.0,0.0,10000.0,10000.0,300000.0,ITM No Calls,3400000.0,3400000.0,,,No Call Required,,3400000.0,10905,95900,7510,,Net,USD,0.0,,2026-06-03
0.0,0.0,0.0,0.0,10000.0,10000.0,-200000.0,Call,3100000.0,3100000.0,,,No Call Required,,3100000.0,11543,93306,7442,,Net,USD,0.0,,2026-06-24
0.0,0.0,0.0,0.0,10000.0,10000.0,-200000.0,Call,300000.0,300000.0,,,Pending Review,,300000.0,11257,93225,7205,,Net,USD,0.0,,2026-06-24
0.0,0.0,0.0,0.0,10000.0,10000.0,100000.0,Call,900000.0,900000.0,,,No Call Required,,900000.0,10029,94959,7952,,Net,USD,0.0,,2026-06-10
0.0,0.0,0.0,0.0,10000.0,10000.0,100000.0,ITM No Calls,4500000.0,4500000.0,,,Pending Review,,4500000.0,10632,90618,7673,,Net,USD,0.0,,2026-06-17
0.0,0.0,0.0,0.0,10000.0,10000.0,-100000.0,Call,2100000.0,2100000.0,,,No Call Required,,2100000.0,11343,99904,7715,,Net,USD,0.0,,2026-06-10
0.0,250000.0,0.0,250000.0,10000.0,10000.0,0.0,ITM No Calls,600000.0,600000.0,,,No Call Required,,600000.0,10814,97895,7538,,Net,USD,0.0,,2026-06-10
0.0,0.0,0.0,250000.0,10000.0,10000.0,400000.0,ITM No Calls,1800000.0,1800000.0,,,No Call Required,,1800000.0,11810,96998,7338,,Net,USD,0.0,,2026-06-17
0.0,250000.0,0.0,250000.0,10000.0,10000.0,300000.0,ITM No Calls,3700000.0,3700000.0,,,Pending Review,,3700000.0,11753,98561,7803,,Net,USD,0.0,,2026-06-17
0.0,0.0,0.0,0.0,10000.0,10000.0,500000.0,Recall,3200000.0,3200000.0,,,Pending Review,,3200000.0,10804,94883,7551,,Net,USD,0.0,,2026-06-03
0.0,250000.0,0.0,250000.0,10000.0,10000.0,-100000.0,ITM No Calls,100000.0,100000.0,,,No Call Required,,100000.0,11590,97455,7925,,Net,USD,0.0,,2026-06-17
0.0,250000.0,0.0,250000.0,10000.0,10000.0,-100000.0,Call,4500000.0,4500000.0,,,Pending Review,,4500000.0,11993,97250,7195,,Net,USD,0.0,,2026-06-10
0.0,250000.0,0.0,0.0,10000.0,10000.0,-200000.0,Recall,4300000.0,4300000.0,,,Pending Review,,4300000.0,11841,92431,7185,,Net,USD,0.0,,2026-07-01
0.0,250000.0,0.0,250000.0,10000.0,10000.0,-100000.0,Recall,2700000.0,2700000.0,,,Pending Review,,2700000.0,10278,90820,7550,,Net,USD,0.0,,2026-06-10
0.0,0.0,0.0,250000.0,10000.0,10000.0,300000.0,Call,2300000.0,2300000.0,,,No Call Required,,2300000.0,10710,92972,7650,,Net,USD,0.0,,2026-07-01
0.0,0.0,0.0,0.0,10000.0,10000.0,500000.0,ITM No Calls,3900000.0,3900000.0,,,No Call Required,,3900000.0,11643,94056,7476,,Net,USD,0.0,,2026-06-03
0.0,0.0,0.0,250000.0,10000.0,10000.0,-200000.0,ITM No Calls,100000.0,100000.0,,,Pending Review,,100000.0,11869,92414,7025,,Net,USD,0.0,,2026-06-17
0.0,250000.0,0.0,0.0,10000.0,10000.0,-100000.0,Recall,600000.0,600000.0,,,No Call Required,,600000.0,11131,99081,7798,,Net,USD,0.0,,2026-06-17
0.0,250000.0,0.0,0.0,10000.0,10000.0,-100000.0,ITM No Calls,3600000.0,3600000.0,,,Pending Review,,3600000.0,10227,93700,7922,,Net,USD,0.0,,2026-06-17
0.0,0.0,0.0,0.0,10000.0,10000.0,300000.0,ITM No Calls,4500000.0,4500000.0,,,No Call Required,,4500000.0,10944,98207,7946,,Net,USD,0.0,,2026-06-03
0.0,250000.0,0.0,250000.0,10000.0,10000.0,500000.0,Call,1600000.0,1600000.0,,,No Call Required,,1600000.0,10648,98530,7438,,Net,USD,0.0,,2026-06-17
0.0,0.0,0.0,0.0,10000.0,10000.0,100000.0,Recall,4400000.0,4400000.0,,,No Call Required,,4400000.0,10350,92645,7934,,Net,USD,0.0,,2026-07-01
0.0,0.0,0.0,250000.0,10000.0,10000.0,300000.0,Recall,1000000.0,1000000.0,,,Pending Review,,1000000.0,10040,91438,7938,,Net,USD,0.0,,2026-06-17
0.0,0.0,0.0,0.0,10000.0,10000.0,-200000.0,Call,3500000.0,3500000.0,,,No Call Required,,3500000.0,10231,92406,7545,,Net,USD,0.0,,2026-06-03
0.0,250000.0,0.0,250000.0,10000.0,10000.0,100000.0,ITM No Calls,1900000.0,1900000.0,,,No Call Required,,1900000.0,11980,95596,7382,,Net,USD,,,2026-06-10
0.0,250000.0,0.0,0.0,10000.0,10000.0,200000.0,Call,1700000.0,1700000.0,,,No Call Required,,1700000.0,10765,96220,7579,,Net,USD,0.0,,2026-06-17
0.0,250000.0,0.0,250000.0,10000.0,10000.0,400000.0,Recall,4500000.0,4500000.0,,,No Call Required,,4500000.0,11620,90819,7958,,Net,USD,0.0,,2026-06-17
0.0,250000.0,0.0,0.0,10000.0,10000.0,500000.0,Recall,3600000.0,3600000.0,,,Pending Review,,3600000.0,10555,90957,7780,,Net,USD,0.0,,2026-06-10
0.0,0.0,0.0,0.0,10000.0,10000.0,-100000.0,Recall,4800000.0,4800000.0,,,Pending Review,,4800000.0,11599,92416,7996,,Net,USD,0.0,,2026-06-24
0.0,250000.0,0.0,0.0,10000.0,10000.0,-100000.0,Recall,100000.0,100000.0,,,No Call Required,,100000.0,11074,95710,7043,,Net,USD,0.0,,2026-07-01
0.0,0.0,0.0,250000.0,10000.0,10000.0,400000.0,ITM No Calls,600000.0,600000.0,,,Pending Review,,600000.0,10213,98127,7649,,Net,USD,0.0,,2026-06-17
0.0,250000.0,0.0,0.0,10000.0,10000.0,0.0,ITM No Calls,400000.0,400000.0,,,No Call Required,,400000.0,11251,99700,7178,,Net,USD,,,2026-06-24
0.0,250000.0,0.0,250000.0,10000.0,10000.0,500000.0,Call,1100000.0,1100000.0,,,Pending Review,,1100000.0,10920,99128,7414,,Net,USD,0.0,,2026-07-01
0.0,250000.0,0.0,0.0,10000.0,10000.0,-100000.0,ITM No Calls,2000000.0,2000000.0,,,No Call Required,,2000000.0,11085,92596,7952,,Net,USD,,,2026-06-24
0.0,0.0,0.0,0.0,10000.0,10000.0,400000.0,Call,1700000.0,1700000.0,,,Pending Review,,1700000.0,10669,90134,7209,,Net,USD,0.0,,2026-07-01
0.0,0.0,0.0,0.0,10000.0,10000.0,200000.0,Recall,0.0,0.0,,,Pending Review,,0.0,10752,92319,7997,,Net,USD,0.0,,2026-06-03
0.0,0.0,0.0,0.0,10000.0,10000.0,500000.0,ITM No Calls,1600000.0,1600000.0,,,Pending Review,,1600000.0,10692,91895,7508,,Net,USD,0.0,,2026-06-03
0.0,250000.0,0.0,0.0,10000.0,10000.0,-100000.0,ITM No Calls,4400000.0,4400000.0,,,Pending Review,,4400000.0,10213,91039,7587,,Net,USD,0.0,,2026-07-01
0.0,250000.0,0.0,0.0,10000.0,10000.0,-100000.0,Recall,2300000.0,2300000.0,,,Pending Review,,2300000.0,10140,93232,7915,,Net,USD,0.0,,2026-06-10
0.0,0.0,0.0,250000.0,10000.0,10000.0,400000.0,Recall,100000.0,100000.0,,,No Call Required,,100000.0,10671,99286,7030,,Net,USD,0.0,,2026-06-10
0.0,250000.0,0.0,0.0,10000.0,10000.0,300000.0,Call,900000.0,900000.0,,,Pending Review,,900000.0,10852,91317,7387,,Net,USD,0.0,,2026-06-10
0.0,250000.0,0.0,0.0,10000.0,10000.0,-200000.0,Call,900000.0,900000.0,,,No Call Required,,900000.0,10298,90602,7298,,Net,USD,0.0,,2026-06-24
0.0,250000.0,0.0,250000.0,10000.0,10000.0,-200000.0,Call,2800000.0,2800000.0,,,No Call Required,,2800000.0,10215,97058,7782,,Net,USD,0.0,,2026-07-01
0.0,250000.0,0.0,250000.0,10000.0,10000.0,300000.0,ITM No Calls,4600000.0,4600000.0,,,No Call Required,,4600000.0,10520,92665,7515,,Net,USD,0.0,,2026-06-17
0.0,0.0,0.0,0.0,10000.0,10000.0,500000.0,Call,3500000.0,3500000.0,,,No Call Required,,3500000.0,11455,97372,7209,,Net,USD,0.0,,2026-07-01
0.0,250000.0,0.0,0.0,10000.0,10000.0,500000.0,Recall,4800000.0,4800000.0,,,No Call Required,,4800000.0,10057,91462,7134,,Net,USD,0.0,,2026-06-17
0.0,0.0,0.0,250000.0,10000.0,10000.0,0.0,Call,1800000.0,1800000.0,,,Pending Review,,1800000.0,10336,92083,7280,,Net,USD,0.0,,2026-06-24
0.0,250000.0,0.0,250000.0,10000.0,10000.0,100000.0,Recall,2500000.0,2500000.0,,,No Call Required,,2500000.0,10806,96570,7575,,Net,USD,,,2026-06-24
0.0,0.0,0.0,0.0,10000.0,10000.0,500000.0,Recall,4100000.0,4100000.0,,,Pending Review,,4100000.0,11232,94549,7871,,Net,USD,0.0,,2026-07-01
0.0,250000.0,0.0,250000.0,10000.0,10000.0,200000.0,ITM No Calls,3700000.0,3700000.0,,,No Call Required,,3700000.0,10608,93388,7997,,Net,USD,0.0,,2026-06-10
0.0,250000.0,0.0,250000.0,10000.0,10000.0,300000.0,Recall,2700000.0,2700000.0,,,No Call Required,,2700000.0,11769,91105,7916,,Net,USD,0.0,,2026-07-01
0.0,250000.0,0.0,250000.0,10000.0,10000.0,-200000.0,Call,5000000.0,5000000.0,,,No Call Required,,5000000.0,10507,93832,7096,,Net,USD,0.0,,2026-06-24
0.0,250000.0,0.0,0.0,10000.0,10000.0,0.0,Recall,200000.0,200000.0,,,No Call Required,,200000.0,11891,90870,7650,,Net,USD,0.0,,2026-06-10
0.0,250000.0,0.0,250000.0,10000.0,10000.0,-100000.0,Recall,4800000.0,4800000.0,,,Pending Review,,4800000.0,10623,96920,7238,,Net,USD,0.0,,2026-06-10
0.0,250000.0,0.0,250000.0,10000.0,10000.0,-200000.0,Call,2000000.0,2000000.0,,,Pending Review,,2000000.0,10403,96070,7775,,Net,USD,0.0,,2026-06-03
0.0,0.0,0.0,0.0,10000.0,10000.0,0.0,Call,4000000.0,4000000.0,,,No Call Required,,4000000.0,11529,92482,7846,,Net,USD,0.0,,2026-06-24
0.0,250000.0,0.0,250000.0,10000.0,10000.0,-200000.0,Recall,1600000.0,1600000.0,,,No Call Required,,1600000.0,10981,90191,7569,,Net,USD,0.0,,2026-06-17
0.0,250000.0,0.0,0.0,10000.0,10000.0,100000.0,Call,4900000.0,4900000.0,,,Pending Review,,4900000.0,11528,92234,7214,,Net,USD,0.0,,2026-06-24
0.0,0.0,0.0,0.0,10000.0,10000.0,400000.0,Recall,3600000.0,3600000.0,,,No Call Required,,3600000.0,11503,96143,7143,,Net,USD,0.0,,2026-06-17
0.0,0.0,0.0,250000.0,10000.0,10000.0,500000.0,ITM No Calls,4800000.0,4800000.0,,,Pending Review,,4800000.0,10907,90041,7883,,Net,USD,0.0,,2026-06-24
0.0,0.0,0.0,0.0,10000.0,10000.0,200000.0,Call,4500000.0,4500000.0,,,Pending Review,,4500000.0,11712,97669,7804,,Net,USD,0.0,,2026-07-01
0.0,0.0,0.0,250000.0,10000.0,10000.0,-100000.0,ITM No Calls,600000.0,600000.0,,,Pending Review,,600000.0,11880,91590,7208,,Net,USD,0.0,,2026-06-10
0.0,0.0,0.0,250000.0,10000.0,10000.0,400000.0,ITM No Calls,1100000.0,1100000.0,,,Pending Review,,1100000.0,11356,96039,7633,,Net,USD,,,2026-06-17
0.0,250000.0,0.0,250000.0,10000.0,10000.0,-200000.0,Call,4900000.0,4900000.0,,,No Call Required,,4900000.0,11300,97864,7706,,Net,USD,0.0,,2026-06-10
0.0,250000.0,0.0,250000.0,10000.0,10000.0,-200000.0,ITM No Calls,3600000.0,3600000.0,,,Pending Review,,3600000.0,10945,90663,7163,,Net,USD,0.0,,2026-07-01
0.0,0.0,0.0,250000.0,10000.0,10000.0,300000.0,ITM No Calls,3500000.0,3500000.0,,,No Call Required,,3500000.0,10947,91188,7548,,Net,USD,0.0,,2026-06-03
0.0,0.0,0.0,0.0,10000.0,10000.0,400000.0,Recall,3400000.0,3400000.0,,,Pending Review,,3400000.0,10121,99197,7805,,Net,USD,0.0,,2026-06-24
0.0,250000.0,0.0,250000.0,10000.0,10000.0,-200000.0,Recall,4900000.0,4900000.0,,,Pending Review,,4900000.0,10018,94596,7104,,Net,USD,0.0,,2026-06-10
0.0,0.0,0.0,250000.0,10000.0,10000.0,0.0,Recall,3900000.0,3900000.0,,,No Call Required,,3900000.0,10950,97001,7535,,Net,USD,0.0,,2026-06-10
0.0,0.0,0.0,0.0,10000.0,10000.0,400000.0,Call,2900000.0,2900000.0,,,Pending Review,,2900000.0,11489,97081,7815,,Net,USD,0.0,,2026-06-10
0.0,250000.0,0.0,0.0,10000.0,10000.0,300000.0,Call,200000.0,200000.0,,,Pending Review,,200000.0,10400,94736,7107,,Net,USD,0.0,,2026-06-03
0.0,0.0,0.0,0.0,10000.0,10000.0,0.0,Recall,4000000.0,4000000.0,,,No Call Required,,4000000.0,11852,96707,7427,,Net,USD,0.0,,2026-06-17
0.0,0.0,0.0,0.0,10000.0,10000.0,100000.0,Recall,2500000.0,2500000.0,,,Pending Review,,2500000.0,11560,99224,7934,,Net,USD,0.0,,2026-06-17
0.0,250000.0,0.0,250000.0,10000.0,10000.0,400000.0,ITM No Calls,2200000.0,2200000.0,,,No Call Required,,2200000.0,11921,99157,7844,,Net,USD,0.0,,2026-06-10
0.0,250000.0,0.0,0.0,10000.0,10000.0,100000.0,Recall,3600000.0,3600000.0,,,Pending Review,,3600000.0,10594,98552,7061,,Net,USD,0.0,,2026-06-17
0.0,250000.0,0.0,0.0,10000.0,10000.0,100000.0,ITM No Calls,2000000.0,2000000.0,,,Pending Review,,2000000.0,10471,94478,7346,,Net,USD,0.0,,2026-06-10
0.0,250000.0,0.0,0.0,10000.0,10000.0,400000.0,Recall,2600000.0,2600000.0,,,No Call Required,,2600000.0,11348,99474,7131,,Net,USD,0.0,,2026-07-01
0.0,250000.0,0.0,0.0,10000.0,10000.0,200000.0,Call,3900000.0,3900000.0,,,Pending Review,,3900000.0,11736,90300,7871,,Net,USD,0.0,,2026-06-24
0.0,250000.0,0.0,0.0,10000.0,10000.0,400000.0,Recall,3800000.0,3800000.0,,,Pending Review,,3800000.0,11756,90554,7599,,Net,USD,0.0,,2026-06-17
0.0,250000.0,0.0,250000.0,10000.0,10000.0,-100000.0,ITM No Calls,1300000.0,1300000.0,,,Pending Review,,1300000.0,11494,90801,7068,,Net,USD,0.0,,2026-06-17
0.0,0.0,0.0,0.0,10000.0,10000.0,-100000.0,Recall,4700000.0,4700000.0,,,No Call Required,,4700000.0,11218,92520,7386,,Net,USD,0.0,,2026-06-24
0.0,0.0,0.0,250000.0,10000.0,10000.0,400000.0,ITM No Calls,2100000.0,2100000.0,,,Pending Review,,2100000.0,11383,96136,7592,,Net,USD,0.0,,2026-07-01
0.0,0.0,0.0,250000.0,10000.0,10000.0,100000.0,Recall,700000.0,700000.0,,,No Call Required,,700000.0,11285,96099,7305,,Net,USD,0.0,,2026-06-03
0.0,250000.0,0.0,0.0,10000.0,10000.0,0.0,ITM No Calls,1800000.0,1800000.0,,,No Call Required,,1800000.0,11472,97465,7897,,Net,USD,0.0,,2026-06-03
0.0,250000.0,0.0,250000.0,10000.0,10000.0,-200000.0,Call,700000.0,700000.0,,,No Call Required,,700000.0,10800,92866,7294,,Net,USD,0.0,,2026-06-24
0.0,250000.0,0.0,250000.0,10000.0,10000.0,200000.0,ITM No Calls,1600000.0,1600000.0,,,Pending Review,,1600000.0,10093,91722,7715,,Net,USD,0.0,,2026-07-01
0.0,250000.0,0.0,250000.0,10000.0,10000.0,300000.0,ITM No Calls,3400000.0,3400000.0,,,Pending Review,,3400000.0,11011,95776,7097,,Net,USD,0.0,,2026-06-10
0.0,250000.0,0.0,0.0,10000.0,10000.0,100000.0,ITM No Calls,800000.0,800000.0,,,Pending Review,,800000.0,10328,92706,7502,,Net,USD,0.0,,2026-06-03
0.0,0.0,0.0,0.0,10000.0,10000.0,0.0,Recall,2700000.0,2700000.0,,,No Call Required,,2700000.0,10976,92545,7157,,Net,USD,0.0,,2026-06-03
0.0,0.0,0.0,0.0,10000.0,10000.0,0.0,ITM No Calls,4900000.0,4900000.0,,,No Call Required,,4900000.0,11432,90121,7583,,Net,USD,0.0,,2026-06-17
0.0,0.0,0.0,250000.0,10000.0,10000.0,-100000.0,Call,3000000.0,3000000.0,,,Pending Review,,3000000.0,11287,97843,7800,,Net,USD,0.0,,2026-06-17
0.0,0.0,0.0,0.0,10000.0,10000.0,400000.0,Call,100000.0,100000.0,,,Pending Review,,100000.0,10359,90714,7788,,Net,USD,,,2026-06-10
0.0,250000.0,0.0,250000.0,10000.0,10000.0,300000.0,Recall,4900000.0,4900000.0,,,Pending Review,,4900000.0,10820,91040,7782,,Net,USD,0.0,,2026-06-17
0.0,250000.0,0.0,250000.0,10000.0,10000.0,300000.0,Call,3800000.0,3800000.0,,,No Call Required,,3800000.0,10659,99257,7211,,Net,USD,0.0,,2026-06-17
0.0,250000.0,0.0,0.0,10000.0,10000.0,200000.0,ITM No Calls,4500000.0,4500000.0,,,Pending Review,,4500000.0,11273,94415,7404,,Net,USD,0.0,,2026-06-03
0.0,250000.0,0.0,0.0,10000.0,10000.0,400000.0,Recall,1600000.0,1600000.0,,,Pending Review,,1600000.0,11207,93316,7688,,Net,USD,0.0,,2026-06-03
0.0,250000.0,0.0,250000.0,10000.0,10000.0,-200000.0,ITM No Calls,800000.0,800000.0,,,Pending Review,,800000.0,11260,91580,7793,,Net,USD,0.0,,2026-07-01
0.0,250000.0,0.0,250000.0,10000.0,10000.0,-100000.0,ITM No Calls,4800000.0,4800000.0,,,Pending Review,,4800000.0,10804,93823,7279,,Net,USD,0.0,,2026-06-03
0.0,0.0,0.0,0.0,10000.0,10000.0,0.0,ITM No Calls,4900000.0,4900000.0,,,No Call Required,,4900000.0,11662,91232,7426,,Net,USD,0.0,,2026-06-17
0.0,0.0,0.0,250000.0,10000.0,10000.0,400000.0,Call,2700000.0,2700000.0,,,Pending Review,,2700000.0,10952,93203,7410,,Net,USD,0.0,,2026-06-03
0.0,250000.0,0.0,250000.0,10000.0,10000.0,400000.0,ITM No Calls,1500000.0,1500000.0,,,No Call Required,,1500000.0,10475,98011,7866,,Net,USD,0.0,,2026-06-10
0.0,0.0,0.0,250000.0,10000.0,10000.0,300000.0,Call,400000.0,400000.0,,,Pending Review,,400000.0,10902,93761,7726,,Net,USD,0.0,,2026-06-17
0.0,0.0,0.0,250000.0,10000.0,10000.0,0.0,ITM No Calls,4200000.0,4200000.0,,,No Call Required,,4200000.0,11783,91281,7136,,Net,USD,0.0,,2026-06-17
0.0,0.0,0.0,250000.0,10000.0,10000.0,200000.0,ITM No Calls,4200000.0,4200000.0,,,Pending Review,,4200000.0,11955,92038,7517,,Net,USD,,,2026-06-03
0.0,0.0,0.0,250000.0,10000.0,10000.0,-200000.0,ITM No Calls,3800000.0,3800000.0,,,No Call Required,,3800000.0,10414,95610,7963,,Net,USD,,,2026-06-03
0.0,0.0,0.0,250000.0,10000.0,10000.0,500000.0,Call,200000.0,200000.0,,,No Call Required,,200000.0,10156,99556,7695,,Net,USD,0.0,,2026-06-03
0.0,250000.0,0.0,250000.0,10000.0,10000.0,400000.0,Recall,1000000.0,1000000.0,,,Pending Review,,1000000.0,10624,96921,7953,,Net,USD,0.0,,2026-06-17
0.0,250000.0,0.0,0.0,10000.0,10000.0,200000.0,Recall,2200000.0,2200000.0,,,Pending Review,,2200000.0,10865,91388,7787,,Net,USD,0.0,,2026-06-24
0.0,250000.0,0.0,0.0,10000.0,10000.0,0.0,ITM No Calls,1600000.0,1600000.0,,,Pending Review,,1600000.0,10481,92862,7989,,Net,USD,0.0,,2026-06-10
0.0,0.0,0.0,250000.0,10000.0,10000.0,200000.0,ITM No Calls,3300000.0,3300000.0,,,No Call Required,,3300000.0,11036,92989,7824,,Net,USD,0.0,,2026-06-17
0.0,0.0,0.0,250000.0,10000.0,10000.0,0.0,Recall,200000.0,200000.0,,,No Call Required,,200000.0,11897,91750,7413,,Net,USD,0.0,,2026-06-17
0.0,0.0,0.0,250000.0,10000.0,10000.0,100000.0,ITM No Calls,2300000.0,2300000.0,,,Pending Review,,2300000.0,10792,94464,7906,,Net,USD,0.0,,2026-06-03
0.0,0.0,0.0,0.0,10000.0,10000.0,100000.0,Recall,800000.0,800000.0,,,No Call Required,,800000.0,11072,94846,7917,,Net,USD,0.0,,2026-06-24
0.0,250000.0,0.0,250000.0,10000.0,10000.0,100000.0,ITM No Calls,2200000.0,2200000.0,,,No Call Required,,2200000.0,11187,93974,7348,,Net,USD,0.0,,2026-06-10
0.0,250000.0,0.0,250000.0,10000.0,10000.0,300000.0,Call,3000000.0,3000000.0,,,No Call Required,,3000000.0,11085,95845,7342,,Net,USD,0.0,,2026-06-03
0.0,0.0,0.0,250000.0,10000.0,10000.0,300000.0,Recall,3100000.0,3100000.0,,,Pending Review,,3100000.0,11031,96668,7035,,Net,USD,,,2026-06-10
0.0,250000.0,0.0,0.0,10000.0,10000.0,-200000.0,ITM No Calls,2000000.0,2000000.0,,,No Call Required,,2000000.0,11788,97546,7173,,Net,USD,0.0,,2026-06-24
0.0,250000.0,0.0,0.0,10000.0,10000.0,200000.0,Recall,2500000.0,2500000.0,,,Pending Review,,2500000.0,10942,96290,7938,,Net,USD,0.0,,2026-06-03
0.0,250000.0,0.0,250000.0,10000.0,10000.0,0.0,Recall,2900000.0,2900000.0,,,Pending Review,,2900000.0,10258,92008,7199,,Net,USD,0.0,,2026-06-17
0.0,250000.0,0.0,250000.0,10000.0,10000.0,100000.0,ITM No Calls,3600000.0,3600000.0,,,Pending Review,,3600000.0,11529,94510,7378,,Net,USD,0.0,,2026-06-17
0.0,250000.0,0.0,250000.0,10000.0,10000.0,100000.0,Recall,1300000.0,1300000.0,,,No Call Required,,1300000.0,10577,98746,7180,,Net,USD,0.0,,2026-06-24
0.0,0.0,0.0,0.0,10000.0,10000.0,100000.0,Call,3200000.0,3200000.0,,,Pending Review,,3200000.0,11453,98613,7503,,Net,USD,0.0,,2026-06-17
0.0,250000.0,0.0,250000.0,10000.0,10000.0,200000.0,Recall,2000000.0,2000000.0,,,No Call Required,,2000000.0,11093,97661,7519,,Net,USD,0.0,,2026-07-01
0.0,0.0,0.0,250000.0,10000.0,10000.0,500000.0,Recall,3900000.0,3900000.0,,,No Call Required,,3900000.0,10773,97439,7507,,Net,USD,0.0,,2026-06-24
0.0,0.0,0.0,250000.0,10000.0,10000.0,400000.0,Call,4400000.0,4400000.0,,,Pending Review,,4400000.0,10611,95745,7720,,Net,USD,0.0,,2026-06-10
0.0,0.0,0.0,0.0,10000.0,10000.0,-100000.0,Call,4600000.0,4600000.0,,,No Call Required,,4600000.0,10411,93685,7168,,Net,USD,0.0,,2026-07-01
0.0,250000.0,0.0,0.0,10000.0,10000.0,-100000.0,Recall,300000.0,300000.0,,,Pending Review,,300000.0,11815,98236,7448,,Net,USD,0.0,,2026-06-24
0.0,0.0,0.0,0.0,10000.0,10000.0,400000.0,ITM No Calls,2300000.0,2300000.0,,,No Call Required,,2300000.0,11559,97868,7361,,Net,USD,0.0,,2026-06-24
0.0,0.0,0.0,0.0,10000.0,10000.0,300000.0,ITM No Calls,5000000.0,5000000.0,,,No Call Required,,5000000.0,10289,92213,7465,,Net,USD,0.0,,2026-07-01
0.0,0.0,0.0,0.0,10000.0,10000.0,-100000.0,Call,1000000.0,1000000.0,,,No Call Required,,1000000.0,10238,96452,7822,,Net,USD,0.0,,2026-06-24
0.0,0.0,0.0,0.0,10000.0,10000.0,400000.0,Call,3600000.0,3600000.0,,,No Call Required,,3600000.0,10743,96308,7415,,Net,USD,0.0,,2026-06-17
0.0,0.0,0.0,250000.0,10000.0,10000.0,300000.0,Recall,4100000.0,4100000.0,,,Pending Review,,4100000.0,10507,90094,7143,,Net,USD,0.0,,2026-06-17
0.0,250000.0,0.0,250000.0,10000.0,10000.0,300000.0,Recall,4900000.0,4900000.0,,,No Call Required,,4900000.0,11953,93938,7092,,Net,USD,0.0,,2026-06-17
0.0,250000.0,0.0,0.0,10000.0,10000.0,-100000.0,ITM No Calls,4800000.0,4800000.0,,,No Call Required,,4800000.0,10908,93337,7270,,Net,USD,0.0,,2026-06-17
0.0,250000.0,0.0,250000.0,10000.0,10000.0,-100000.0,ITM No Calls,2100000.0,2100000.0,,,Pending Review,,2100000.0,10305,99197,7861,,Net,USD,0.0,,2026-06-10
0.0,0.0,0.0,0.0,10000.0,10000.0,400000.0,ITM No Calls,600000.0,600000.0,,,No Call Required,,600000.0,11072,98089,7323,,Net,USD,0.0,,2026-06-17
0.0,250000.0,0.0,250000.0,10000.0,10000.0,-100000.0,ITM No Calls,3500000.0,3500000.0,,,Pending Review,,3500000.0,10899,97123,7990,,Net,USD,0.0,,2026-06-24
0.0,250000.0,0.0,250000.0,10000.0,10000.0,-200000.0,ITM No Calls,2100000.0,2100000.0,,,Pending Review,,2100000.0,10209,93632,7272,,Net,USD,0.0,,2026-07-01
0.0,250000.0,0.0,250000.0,10000.0,10000.0,0.0,Call,3300000.0,3300000.0,,,Pending Review,,3300000.0,11553,90885,7152,,Net,USD,0.0,,2026-06-24
0.0,0.0,0.0,250000.0,10000.0,10000.0,-100000.0,Call,4000000.0,4000000.0,,,Pending Review,,4000000.0,10662,90698,7959,,Net,USD,0.0,,2026-07-01
0.0,0.0,0.0,250000.0,10000.0,10000.0,400000.0,ITM No Calls,1300000.0,1300000.0,,,Pending Review,,1300000.0,10233,93519,7886,,Net,USD,0.0,,2026-07-01
0.0,250000.0,0.0,250000.0,10000.0,10000.0,-100000.0,Recall,1700000.0,1700000.0,,,Pending Review,,1700000.0,11215,91047,7099,,Net,USD,0.0,,2026-06-17
0.0,250000.0,0.0,0.0,10000.0,10000.0,300000.0,ITM No Calls,2700000.0,2700000.0,,,No Call Required,,2700000.0,10244,93836,7551,,Net,USD,0.0,,2026-06-03
0.0,0.0,0.0,250000.0,10000.0,10000.0,200000.0,ITM No Calls,1200000.0,1200000.0,,,No Call Required,,1200000.0,11005,92666,7790,,Net,USD,0.0,,2026-06-24
0.0,250000.0,0.0,250000.0,10000.0,10000.0,100000.0,ITM No Calls,700000.0,700000.0,,,No Call Required,,700000.0,10625,90297,7026,,Net,USD,0.0,,2026-06-03
0.0,250000.0,0.0,250000.0,10000.0,10000.0,400000.0,Recall,5000000.0,5000000.0,,,No Call Required,,5000000.0,11230,98291,7577,,Net,USD,0.0,,2026-07-01
0.0,0.0,0.0,0.0,10000.0,10000.0,300000.0,ITM No Calls,2200000.0,2200000.0,,,No Call Required,,2200000.0,10383,92795,7648,,Net,USD,0.0,,2026-06-17
0.0,0.0,0.0,0.0,10000.0,10000.0,300000.0,Recall,2100000.0,2100000.0,,,No Call Required,,2100000.0,11164,91955,7395,,Net,USD,0.0,,2026-07-01
0.0,250000.0,0.0,0.0,10000.0,10000.0,100000.0,Call,4000000.0,4000000.0,,,No Call Required,,4000000.0,11617,99280,7396,,Net,USD,0.0,,2026-06-10
0.0,250000.0,0.0,0.0,10000.0,10000.0,300000.0,ITM No Calls,1200000.0,1200000.0,,,No Call Required,,1200000.0,11760,98968,7863,,Net,USD,0.0,,2026-07-01
0.0,250000.0,0.0,0.0,10000.0,10000.0,500000.0,Call,500000.0,500000.0,,,No Call Required,,500000.0,10509,97253,7857,,Net,USD,0.0,,2026-06-03
0.0,0.0,0.0,250000.0,10000.0,10000.0,-100000.0,ITM No Calls,400000.0,400000.0,,,Pending Review,,400000.0,11058,99921,7183,,Net,USD,0.0,,2026-07-01
0.0,250000.0,0.0,0.0,10000.0,10000.0,100000.0,Recall,3500000.0,3500000.0,,,Pending Review,,3500000.0,11500,95030,7449,,Net,USD,0.0,,2026-06-03
0.0,0.0,0.0,0.0,10000.0,10000.0,200000.0,ITM No Calls,2100000.0,2100000.0,,,Pending Review,,2100000.0,10524,97364,7841,,Net,USD,0.0,,2026-06-03
0.0,250000.0,0.0,250000.0,10000.0,10000.0,100000.0,Call,500000.0,500000.0,,,Pending Review,,500000.0,10206,91776,7586,,Net,USD,0.0,,2026-07-01
0.0,250000.0,0.0,0.0,10000.0,10000.0,-100000.0,Recall,500000.0,500000.0,,,Pending Review,,500000.0,11319,90858,7776,,Net,USD,0.0,,2026-06-24
0.0,0.0,0.0,250000.0,10000.0,10000.0,400000.0,ITM No Calls,2900000.0,2900000.0,,,No Call Required,,2900000.0,10484,97203,7699,,Net,USD,0.0,,2026-07-01
0.0,250000.0,0.0,0.0,10000.0,10000.0,500000.0,Recall,400000.0,400000.0,,,No Call Required,,400000.0,11839,97255,7306,,Net,USD,,,2026-06-17
0.0,0.0,0.0,250000.0,10000.0,10000.0,100000.0,Recall,4900000.0,4900000.0,,,Pending Review,,4900000.0,11137,94985,7347,,Net,USD,0.0,,2026-06-10
0.0,250000.0,0.0,0.0,10000.0,10000.0,300000.0,Recall,4800000.0,4800000.0,,,Pending Review,,4800000.0,10005,90264,7917,,Net,USD,0.0,,2026-06-10
0.0,0.0,0.0,0.0,10000.0,10000.0,-200000.0,Call,2200000.0,2200000.0,,,Pending Review,,2200000.0,10797,95123,7576,,Net,USD,0.0,,2026-07-01
0.0,0.0,0.0,250000.0,10000.0,10000.0,-200000.0,Recall,2600000.0,2600000.0,,,Pending Review,,2600000.0,11163,97197,7739,,Net,USD,0.0,,2026-07-01
0.0,250000.0,0.0,250000.0,10000.0,10000.0,500000.0,Call,4800000.0,4800000.0,,,Pending Review,,4800000.0,10216,97674,7474,,Net,USD,0.0,,2026-06-24
0.0,250000.0,0.0,250000.0,10000.0,10000.0,0.0,ITM No Calls,2100000.0,2100000.0,,,No Call Required,,2100000.0,11340,98917,7528,,Net,USD,0.0,,2026-06-24
0.0,0.0,0.0,0.0,10000.0,10000.0,100000.0,ITM No Calls,4800000.0,4800000.0,,,No Call Required,,4800000.0,10259,90075,7501,,Net,USD,0.0,,2026-06-24
0.0,250000.0,0.0,0.0,10000.0,10000.0,200000.0,ITM No Calls,2800000.0,2800000.0,,,Pending Review,,2800000.0,10616,91998,7138,,Net,USD,0.0,,2026-06-10
0.0,250000.0,0.0,0.0,10000.0,10000.0,100000.0,ITM No Calls,2400000.0,2400000.0,,,Pending Review,,2400000.0,11836,96279,7321,,Net,USD,0.0,,2026-07-01
0.0,0.0,0.0,250000.0,10000.0,10000.0,-200000.0,Call,4000000.0,4000000.0,,,Pending Review,,4000000.0,10775,96130,7687,,Net,USD,0.0,,2026-06-17
0.0,250000.0,0.0,0.0,10000.0,10000.0,0.0,Call,2300000.0,2300000.0,,,No Call Required,,2300000.0,11212,97987,7543,,Net,USD,0.0,,2026-06-17
0.0,0.0,0.0,0.0,10000.0,10000.0,0.0,Recall,4900000.0,4900000.0,,,No Call Required,,4900000.0,10938,90020,7911,,Net,USD,0.0,,2026-07-01
0.0,0.0,0.0,0.0,10000.0,10000.0,500000.0,Call,2200000.0,2200000.0,,,No Call Required,,2200000.0,11871,96891,7544,,Net,USD,0.0,,2026-06-24
0.0,0.0,0.0,0.0,10000.0,10000.0,-100000.0,Recall,4100000.0,4100000.0,,,Pending Review,,4100000.0,11489,95983,7747,,Net,USD,0.0,,2026-06-10
0.0,0.0,0.0,250000.0,10000.0,10000.0,300000.0,Recall,5000000.0,5000000.0,,,Pending Review,,5000000.0,10226,95753,7179,,Net,USD,0.0,,2026-07-01
0.0,0.0,0.0,250000.0,10000.0,10000.0,100000.0,ITM No Calls,4400000.0,4400000.0,,,No Call Required,,4400000.0,10440,99653,7673,,Net,USD,0.0,,2026-06-17
0.0,0.0,0.0,250000.0,10000.0,10000.0,-200000.0,Recall,2400000.0,2400000.0,,,No Call Required,,2400000.0,10510,98374,7565,,Net,USD,0.0,,2026-06-10
0.0,250000.0,0.0,250000.0,10000.0,10000.0,0.0,ITM No Calls,1300000.0,1300000.0,,,Pending Review,,1300000.0,11065,91800,7314,,Net,USD,0.0,,2026-06-17
0.0,250000.0,0.0,250000.0,10000.0,10000.0,-100000.0,Call,2100000.0,2100000.0,,,No Call Required,,2100000.0,10544,90156,7533,,Net,USD,0.0,,2026-06-10
0.0,250000.0,0.0,250000.0,10000.0,10000.0,-100000.0,Recall,1400000.0,1400000.0,,,Pending Review,,1400000.0,11680,94407,7844,,Net,USD,0.0,,2026-06-17
0.0,250000.0,0.0,0.0,10000.0,10000.0,400000.0,Recall,4900000.0,4900000.0,,,No Call Required,,4900000.0,11370,98019,7679,,Net,USD,0.0,,2026-07-01
0.0,0.0,0.0,0.0,10000.0,10000.0,500000.0,Recall,1900000.0,1900000.0,,,Pending Review,,1900000.0,10823,98645,7590,,Net,USD,0.0,,2026-06-17
0.0,0.0,0.0,0.0,10000.0,10000.0,100000.0,ITM No Calls,2500000.0,2500000.0,,,Pending Review,,2500000.0,10284,91761,7824,,Net,USD,0.0,,2026-06-03
0.0,250000.0,0.0,250000.0,10000.0,10000.0,400000.0,Recall,3300000.0,3300000.0,,,Pending Review,,3300000.0,11797,95087,7569,,Net,USD,0.0,,2026-06-24
0.0,0.0,0.0,250000.0,10000.0,10000.0,0.0,Recall,1500000.0,1500000.0,,,No Call Required,,1500000.0,10749,97053,7884,,Net,USD,0.0,,2026-07-01
0.0,250000.0,0.0,0.0,10000.0,10000.0,-200000.0,ITM No Calls,400000.0,400000.0,,,No Call Required,,400000.0,11757,93554,7390,,Net,USD,0.0,,2026-07-01
0.0,0.0,0.0,250000.0,10000.0,10000.0,200000.0,Recall,3800000.0,3800000.0,,,No Call Required,,3800000.0,10909,91804,7893,,Net,USD,0.0,,2026-06-24
0.0,0.0,0.0,0.0,10000.0,10000.0,200000.0,Recall,500000.0,500000.0,,,Pending Review,,500000.0,11878,90324,7514,,Net,USD,0.0,,2026-06-24
0.0,250000.0,0.0,250000.0,10000.0,10000.0,0.0,Recall,4400000.0,4400000.0,,,Pending Review,,4400000.0,11865,98956,7287,,Net,USD,,,2026-06-10
0.0,250000.0,0.0,0.0,10000.0,10000.0,100000.0,Recall,2100000.0,2100000.0,,,No Call Required,,2100000.0,11146,96401,7699,,Net,USD,0.0,,2026-06-10
0.0,0.0,0.0,250000.0,10000.0,10000.0,500000.0,Recall,700000.0,700000.0,,,Pending Review,,700000.0,11800,92914,7099,,Net,USD,0.0,,2026-06-10
0.0,0.0,0.0,250000.0,10000.0,10000.0,-200000.0,Recall,600000.0,600000.0,,,Pending Review,,600000.0,11113,92291,7369,,Net,USD,0.0,,2026-06-10
0.0,250000.0,0.0,0.0,10000.0,10000.0,500000.0,Recall,1000000.0,1000000.0,,,No Call Required,,1000000.0,11062,98087,7374,,Net,USD,0.0,,2026-06-03
0.0,250000.0,0.0,0.0,10000.0,10000.0,300000.0,Recall,2100000.0,2100000.0,,,Pending Review,,2100000.0,11576,99918,7281,,Net,USD,0.0,,2026-06-10
0.0,250000.0,0.0,0.0,10000.0,10000.0,100000.0,Call,1000000.0,1000000.0,,,No Call Required,,1000000.0,11823,92781,7876,,Net,USD,0.0,,2026-07-01
0.0,0.0,0.0,0.0,10000.0,10000.0,-100000.0,Recall,3600000.0,3600000.0,,,No Call Required,,3600000.0,11501,99828,7268,,Net,USD,0.0,,2026-06-24
0.0,0.0,0.0,0.0,10000.0,10000.0,-100000.0,Call,3200000.0,3200000.0,,,No Call Required,,3200000.0,11900,95466,7062,,Net,USD,0.0,,2026-06-03
0.0,250000.0,0.0,250000.0,10000.0,10000.0,100000.0,ITM No Calls,4000000.0,4000000.0,,,No Call Required,,4000000.0,11268,95345,7409,,Net,USD,0.0,,2026-06-10
0.0,250000.0,0.0,0.0,10000.0,10000.0,400000.0,Call,900000.0,900000.0,,,Pending Review,,900000.0,10395,95524,7751,,Net,USD,0.0,,2026-06-24
0.0,250000.0,0.0,250000.0,10000.0,10000.0,400000.0,Call,4700000.0,4700000.0,,,No Call Required,,4700000.0,11738,94350,7804,,Net,USD,0.0,,2026-06-24
0.0,250000.0,0.0,250000.0,10000.0,10000.0,100000.0,Call,3600000.0,3600000.0,,,Pending Review,,3600000.0,11121,97750,7787,,Net,USD,0.0,,2026-07-01
0.0,0.0,0.0,0.0,10000.0,10000.0,400000.0,ITM No Calls,4600000.0,4600000.0,,,No Call Required,,4600000.0,10645,97705,7528,,Net,USD,0.0,,2026-07-01
0.0,250000.0,0.0,0.0,10000.0,10000.0,400000.0,ITM No Calls,1500000.0,1500000.0,,,No Call Required,,1500000.0,10008,99888,7022,,Net,USD,0.0,,2026-06-03
0.0,0.0,0.0,0.0,10000.0,10000.0,100000.0,Call,800000.0,800000.0,,,No Call Required,,800000.0,11940,97109,7726,,Net,USD,0.0,,2026-06-10
0.0,0.0,0.0,0.0,10000.0,10000.0,400000.0,Recall,0.0,0.0,,,No Call Required,,0.0,11320,99571,7674,,Net,USD,0.0,,2026-06-03
0.0,250000.0,0.0,250000.0,10000.0,10000.0,0.0,Recall,3200000.0,3200000.0,,,Pending Review,,3200000.0,11116,91157,7918,,Net,USD,0.0,,2026-06-03
0.0,0.0,0.0,0.0,10000.0,10000.0,0.0,Call,500000.0,500000.0,,,No Call Required,,500000.0,11089,91128,7409,,Net,USD,0.0,,2026-06-24
0.0,0.0,0.0,250000.0,10000.0,10000.0,-200000.0,ITM No Calls,3200000.0,3200000.0,,,No Call Required,,3200000.0,10309,95204,7738,,Net,USD,0.0,,2026-06-03
0.0,250000.0,0.0,250000.0,10000.0,10000.0,0.0,Recall,1400000.0,1400000.0,,,Pending Review,,1400000.0,10727,90668,7393,,Net,USD,0.0,,2026-07-01
0.0,250000.0,0.0,0.0,10000.0,10000.0,400000.0,Call,2700000.0,2700000.0,,,No Call Required,,2700000.0,10985,97033,7341,,Net,USD,0.0,,2026-06-24
0.0,0.0,0.0,250000.0,10000.0,10000.0,400000.0,Call,2700000.0,2700000.0,,,No Call Required,,2700000.0,11403,94149,7125,,Net,USD,0.0,,2026-06-24
0.0,0.0,0.0,250000.0,10000.0,10000.0,500000.0,ITM No Calls,1200000.0,1200000.0,,,No Call Required,,1200000.0,11478,99885,7715,,Net,USD,0.0,,2026-06-10
0.0,250000.0,0.0,250000.0,10000.0,10000.0,300000.0,ITM No Calls,500000.0,500000.0,,,No Call Required,,500000.0,10937,95582,7339,,Net,USD,0.0,,2026-06-03
0.0,250000.0,0.0,250000.0,10000.0,10000.0,400000.0,Call,3900000.0,3900000.0,,,Pending Review,,3900000.0,10860,94109,7320,,Net,USD,0.0,,2026-06-10
0.0,0.0,0.0,250000.0,10000.0,10000.0,200000.0,Call,4400000.0,4400000.0,,,No Call Required,,4400000.0,10200,97322,7465,,Net,USD,,,2026-06-24
0.0,250000.0,0.0,250000.0,10000.0,10000.0,300000.0,Recall,3300000.0,3300000.0,,,No Call Required,,3300000.0,10487,92836,7347,,Net,USD,0.0,,2026-06-10
0.0,250000.0,0.0,0.0,10000.0,10000.0,100000.0,Call,2900000.0,2900000.0,,,No Call Required,,2900000.0,10217,90843,7263,,Net,USD,0.0,,2026-06-03
0.0,0.0,0.0,250000.0,10000.0,10000.0,0.0,Recall,3100000.0,3100000.0,,,Pending Review,,3100000.0,11159,97752,7665,,Net,USD,0.0,,2026-07-01
0.0,250000.0,0.0,250000.0,10000.0,10000.0,100000.0,Recall,1200000.0,1200000.0,,,No Call Required,,1200000.0,10410,91216,7816,,Net,USD,0.0,,2026-06-03
0.0,0.0,0.0,250000.0,10000.0,10000.0,300000.0,ITM No Calls,3100000.0,3100000.0,,,Pending Review,,3100000.0,11319,99911,7267,,Net,USD,0.0,,2026-06-24
0.0,0.0,0.0,250000.0,10000.0,10000.0,200000.0,Call,1300000.0,1300000.0,,,Pending Review,,1300000.0,10405,90690,7393,,Net,USD,0.0,,2026-07-01
0.0,0.0,0.0,250000.0,10000.0,10000.0,200000.0,Recall,4300000.0,4300000.0,,,Pending Review,,4300000.0,10728,99015,7947,,Net,USD,,,2026-06-03
0.0,0.0,0.0,250000.0,10000.0,10000.0,200000.0,ITM No Calls,4500000.0,4500000.0,,,No Call Required,,4500000.0,11547,94124,7199,,Net,USD,0.0,,2026-06-24
0.0,0.0,0.0,250000.0,10000.0,10000.0,300000.0,Recall,1800000.0,1800000.0,,,No Call Required,,1800000.0,11471,90958,7114,,Net,USD,0.0,,2026-07-01
0.0,250000.0,0.0,250000.0,10000.0,10000.0,200000.0,Recall,1400000.0,1400000.0,,,Pending Review,,1400000.0,10661,95677,7013,,Net,USD,0.0,,2026-06-03
0.0,0.0,0.0,0.0,10000.0,10000.0,0.0,Call,3600000.0,3600000.0,,,Pending Review,,3600000.0,11827,98611,7014,,Net,USD,0.0,,2026-06-10
0.0,250000.0,0.0,0.0,10000.0,10000.0,0.0,ITM No Calls,500000.0,500000.0,,,No Call Required,,500000.0,10837,97131,7955,,Net,USD,0.0,,2026-06-03
0.0,0.0,0.0,250000.0,10000.0,10000.0,500000.0,Recall,3400000.0,3400000.0,,,Pending Review,,3400000.0,10351,90924,7347,,Net,USD,0.0,,2026-06-03
0.0,0.0,0.0,250000.0,10000.0,10000.0,100000.0,Recall,700000.0,700000.0,,,No Call Required,,700000.0,10139,92147,7190,,Net,USD,0.0,,2026-06-03
0.0,0.0,0.0,0.0,10000.0,10000.0,400000.0,Recall,1200000.0,1200000.0,,,No Call Required,,1200000.0,11211,99606,7807,,Net,USD,,,2026-06-10
0.0,0.0,0.0,250000.0,10000.0,10000.0,-200000.0,Recall,4900000.0,4900000.0,,,No Call Required,,4900000.0,11616,92960,7438,,Net,USD,0.0,,2026-06-10
0.0,0.0,0.0,0.0,10000.0,10000.0,0.0,Recall,1500000.0,1500000.0,,,No Call Required,,1500000.0,10311,93433,7090,,Net,USD,0.0,,2026-06-10
0.0,0.0,0.0,250000.0,10000.0,10000.0,300000.0,Recall,3800000.0,3800000.0,,,No Call Required,,3800000.0,11525,90839,7214,,Net,USD,0.0,,2026-06-10
0.0,250000.0,0.0,250000.0,10000.0,10000.0,400000.0,Recall,1500000.0,1500000.0,,,Pending Review,,1500000.0,10681,99110,7969,,Net,USD,0.0,,2026-07-01
0.0,250000.0,0.0,0.0,10000.0,10000.0,500000.0,Recall,3600000.0,3600000.0,,,Pending Review,,3600000.0,10252,93389,7117,,Net,USD,0.0,,2026-06-10
0.0,250000.0,0.0,250000.0,10000.0,10000.0,-200000.0,Call,2600000.0,2600000.0,,,No Call Required,,2600000.0,10361,99703,7222,,Net,USD,,,2026-06-24
0.0,250000.0,0.0,0.0,10000.0,10000.0,400000.0,ITM No Calls,3100000.0,3100000.0,,,No Call Required,,3100000.0,10137,90122,7423,,Net,USD,,,2026-06-03
0.0,0.0,0.0,0.0,10000.0,10000.0,0.0,ITM No Calls,4400000.0,4400000.0,,,No Call Required,,4400000.0,11949,96709,7857,,Net,USD,0.0,,2026-06-03
0.0,0.0,0.0,0.0,10000.0,10000.0,-200000.0,ITM No Calls,2400000.0,2400000.0,,,Pending Review,,2400000.0,10495,93564,7840,,Net,USD,,,2026-07-01
0.0,0.0,0.0,250000.0,10000.0,10000.0,400000.0,ITM No Calls,3700000.0,3700000.0,,,Pending Review,,3700000.0,10783,95900,7669,,Net,USD,0.0,,2026-06-24
0.0,250000.0,0.0,0.0,10000.0,10000.0,100000.0,Call,1600000.0,1600000.0,,,Pending Review,,1600000.0,10546,96511,7064,,Net,USD,0.0,,2026-06-24
0.0,250000.0,0.0,0.0,10000.0,10000.0,-100000.0,Recall,2600000.0,2600000.0,,,Pending Review,,2600000.0,10169,97777,7818,,Net,USD,0.0,,2026-06-10
0.0,250000.0,0.0,250000.0,10000.0,10000.0,-200000.0,Recall,2600000.0,2600000.0,,,Pending Review,,2600000.0,11387,90230,7937,,Net,USD,0.0,,2026-07-01
0.0,0.0,0.0,250000.0,10000.0,10000.0,300000.0,Call,4300000.0,4300000.0,,,No Call Required,,4300000.0,10772,92940,7501,,Net,USD,0.0,,2026-06-24
0.0,250000.0,0.0,250000.0,10000.0,10000.0,500000.0,Call,3800000.0,3800000.0,,,Pending Review,,3800000.0,10198,94849,7417,,Net,USD,0.0,,2026-06-03
0.0,250000.0,0.0,250000.0,10000.0,10000.0,0.0,ITM No Calls,2500000.0,2500000.0,,,Pending Review,,2500000.0,10751,93048,7573,,Net,USD,,,2026-06-03
0.0,250000.0,0.0,0.0,10000.0,10000.0,500000.0,Recall,3300000.0,3300000.0,,,Pending Review,,3300000.0,11459,94605,7184,,Net,USD,0.0,,2026-07-01
0.0,250000.0,0.0,250000.0,10000.0,10000.0,400000.0,Recall,600000.0,600000.0,,,Pending Review,,600000.0,10327,94366,7887,,Net,USD,0.0,,2026-07-01
0.0,0.0,0.0,0.0,10000.0,10000.0,200000.0,Recall,2700000.0,2700000.0,,,No Call Required,,2700000.0,10432,99697,7272,,Net,USD,0.0,,2026-06-03
0.0,0.0,0.0,0.0,10000.0,10000.0,-100000.0,Call,400000.0,400000.0,,,Pending Review,,400000.0,11778,90791,7132,,Net,USD,0.0,,2026-07-01
0.0,250000.0,0.0,0.0,10000.0,10000.0,300000.0,Recall,600000.0,600000.0,,,Pending Review,,600000.0,10695,90346,7440,,Net,USD,0.0,,2026-06-24
0.0,0.0,0.0,250000.0,10000.0,10000.0,400000.0,Recall,3100000.0,3100000.0,,,No Call Required,,3100000.0,10129,93477,7718,,Net,USD,0.0,,2026-06-17
0.0,250000.0,0.0,250000.0,10000.0,10000.0,200000.0,Call,2200000.0,2200000.0,,,Pending Review,,2200000.0,10951,94259,7988,,Net,USD,,,2026-06-17
0.0,0.0,0.0,0.0,10000.0,10000.0,0.0,Recall,200000.0,200000.0,,,Pending Review,,200000.0,10406,95409,7615,,Net,USD,0.0,,2026-06-24
0.0,0.0,0.0,0.0,10000.0,10000.0,-100000.0,ITM No Calls,4800000.0,4800000.0,,,No Call Required,,4800000.0,11878,98670,7924,,Net,USD,0.0,,2026-06-03
0.0,0.0,0.0,250000.0,10000.0,10000.0,100000.0,Recall,2400000.0,2400000.0,,,No Call Required,,2400000.0,10985,94220,7521,,Net,USD,,,2026-06-03
0.0,250000.0,0.0,0.0,10000.0,10000.0,200000.0,ITM No Calls,3000000.0,3000000.0,,,No Call Required,,3000000.0,10324,99927,7496,,Net,USD,0.0,,2026-06-10
0.0,250000.0,0.0,0.0,10000.0,10000.0,300000.0,ITM No Calls,4200000.0,4200000.0,,,Pending Review,,4200000.0,10607,93804,7654,,Net,USD,0.0,,2026-06-10
0.0,0.0,0.0,0.0,10000.0,10000.0,-200000.0,ITM No Calls,3200000.0,3200000.0,,,Pending Review,,3200000.0,11257,93686,7085,,Net,USD,0.0,,2026-07-01
0.0,250000.0,0.0,0.0,10000.0,10000.0,-200000.0,Recall,2800000.0,2800000.0,,,No Call Required,,2800000.0,10178,95565,7491,,Net,USD,0.0,,2026-06-24
0.0,0.0,0.0,0.0,10000.0,10000.0,200000.0,Call,3100000.0,3100000.0,,,Pending Review,,3100000.0,10999,99840,7978,,Net,USD,0.0,,2026-06-24
0.0,0.0,0.0,250000.0,10000.0,10000.0,-100000.0,Recall,3200000.0,3200000.0,,,Pending Review,,3200000.0,10658,97675,7433,,Net,USD,0.0,,2026-06-10
0.0,0.0,0.0,250000.0,10000.0,10000.0,400000.0,ITM No Calls,2300000.0,2300000.0,,,No Call Required,,2300000.0,11565,91951,7389,,Net,USD,0.0,,2026-06-10
0.0,0.0,0.0,0.0,10000.0,10000.0,200000.0,Recall,4100000.0,4100000.0,,,No Call Required,,4100000.0,11519,95936,7677,,Net,USD,0.0,,2026-07-01
0.0,0.0,0.0,250000.0,10000.0,10000.0,-200000.0,Call,3200000.0,3200000.0,,,Pending Review,,3200000.0,11404,94160,7908,,Net,USD,0.0,,2026-06-24
0.0,250000.0,0.0,250000.0,10000.0,10000.0,-100000.0,ITM No Calls,4200000.0,4200000.0,,,Pending Review,,4200000.0,10930,95316,7312,,Net,USD,0.0,,2026-07-01
0.0,0.0,0.0,250000.0,10000.0,10000.0,-100000.0,ITM No Calls,1900000.0,1900000.0,,,No Call Required,,1900000.0,11351,99324,7038,,Net,USD,0.0,,2026-06-17
0.0,250000.0,0.0,250000.0,10000.0,10000.0,0.0,Recall,1100000.0,1100000.0,,,Pending Review,,1100000.0,11482,97850,7271,,Net,USD,0.0,,2026-07-01
0.0,0.0,0.0,0.0,10000.0,10000.0,100000.0,ITM No Calls,1500000.0,1500000.0,,,No Call Required,,1500000.0,11178,92119,7519,,Net,USD,0.0,,2026-06-10
0.0,0.0,0.0,250000.0,10000.0,10000.0,400000.0,Call,4900000.0,4900000.0,,,Pending Review,,4900000.0,11720,96124,7087,,Net,USD,0.0,,2026-06-03
0.0,0.0,0.0,0.0,10000.0,10000.0,0.0,Recall,1400000.0,1400000.0,,,Pending Review,,1400000.0,11435,92430,7862,,Net,USD,0.0,,2026-06-10
0.0,250000.0,0.0,0.0,10000.0,10000.0,-200000.0,Call,0.0,0.0,,,Pending Review,,0.0,11487,94306,7878,,Net,USD,0.0,,2026-06-17
0.0,250000.0,0.0,0.0,10000.0,10000.0,-100000.0,Call,2500000.0,2500000.0,,,Pending Review,,2500000.0,11788,98808,7266,,Net,USD,0.0,,2026-07-01
0.0,0.0,0.0,250000.0,10000.0,10000.0,200000.0,ITM No Calls,4500000.0,4500000.0,,,Pending Review,,4500000.0,10701,95288,7511,,Net,USD,0.0,,2026-06-10
0.0,0.0,0.0,0.0,10000.0,10000.0,200000.0,Call,4100000.0,4100000.0,,,Pending Review,,4100000.0,10584,95632,7675,,Net,USD,0.0,,2026-06-17
0.0,0.0,0.0,0.0,10000.0,10000.0,-100000.0,Call,3200000.0,3200000.0,,,Pending Review,,3200000.0,11799,99518,7837,,Net,USD,0.0,,2026-07-01
0.0,0.0,0.0,0.0,10000.0,10000.0,300000.0,ITM No Calls,800000.0,800000.0,,,No Call Required,,800000.0,11549,98585,7327,,Net,USD,0.0,,2026-06-17
0.0,250000.0,0.0,0.0,10000.0,10000.0,0.0,ITM No Calls,1600000.0,1600000.0,,,Pending Review,,1600000.0,10441,99231,7180,,Net,USD,0.0,,2026-06-03
0.0,0.0,0.0,250000.0,10000.0,10000.0,-200000.0,ITM No Calls,3600000.0,3600000.0,,,Pending Review,,3600000.0,11912,90057,7173,,Net,USD,0.0,,2026-06-10
0.0,0.0,0.0,0.0,10000.0,10000.0,200000.0,Call,4600000.0,4600000.0,,,No Call Required,,4600000.0,10855,90129,7761,,Net,USD,0.0,,2026-06-03
0.0,250000.0,0.0,0.0,10000.0,10000.0,100000.0,Recall,200000.0,200000.0,,,No Call Required,,200000.0,10706,90403,7074,,Net,USD,0.0,,2026-06-03
0.0,0.0,0.0,250000.0,10000.0,10000.0,200000.0,Recall,1300000.0,1300000.0,,,No Call Required,,1300000.0,11296,98545,7114,,Net,USD,,,2026-06-24
0.0,0.0,0.0,0.0,10000.0,10000.0,100000.0,Call,1600000.0,1600000.0,,,Pending Review,,1600000.0,11108,97163,7475,,Net,USD,0.0,,2026-06-10
0.0,250000.0,0.0,250000.0,10000.0,10000.0,-100000.0,Recall,1100000.0,1100000.0,,,Pending Review,,1100000.0,11900,98227,7622,,Net,USD,0.0,,2026-06-17
0.0,250000.0,0.0,250000.0,10000.0,10000.0,500000.0,Recall,4000000.0,4000000.0,,,Pending Review,,4000000.0,11407,98383,7852,,Net,USD,0.0,,2026-06-10
0.0,0.0,0.0,0.0,10000.0,10000.0,0.0,ITM No Calls,4800000.0,4800000.0,,,Pending Review,,4800000.0,11591,92471,7501,,Net,USD,0.0,,2026-06-10
0.0,0.0,0.0,0.0,10000.0,10000.0,-100000.0,Recall,1400000.0,1400000.0,,,No Call Required,,1400000.0,10515,98334,7407,,Net,USD,0.0,,2026-06-17
0.0,0.0,0.0,250000.0,10000.0,10000.0,100000.0,Call,4600000.0,4600000.0,,,No Call Required,,4600000.0,10837,96681,7246,,Net,USD,0.0,,2026-07-01
0.0,0.0,0.0,250000.0,10000.0,10000.0,-100000.0,Recall,3400000.0,3400000.0,,,Pending Review,,3400000.0,11080,95698,7675,,Net,USD,0.0,,2026-06-03
0.0,0.0,0.0,0.0,10000.0,10000.0,200000.0,ITM No Calls,3700000.0,3700000.0,,,No Call Required,,3700000.0,10419,92262,7928,,Net,USD,,,2026-07-01
0.0,0.0,0.0,0.0,10000.0,10000.0,-200000.0,ITM No Calls,3200000.0,3200000.0,,,Pending Review,,3200000.0,11015,92835,7586,,Net,USD,0.0,,2026-06-17
0.0,250000.0,0.0,250000.0,10000.0,10000.0,100000.0,Recall,1500000.0,1500000.0,,,Pending Review,,1500000.0,11828,93253,7689,,Net,USD,0.0,,2026-06-03
0.0,0.0,0.0,250000.0,10000.0,10000.0,400000.0,Call,3400000.0,3400000.0,,,Pending Review,,3400000.0,11730,95828,7310,,Net,USD,0.0,,2026-06-17
0.0,250000.0,0.0,250000.0,10000.0,10000.0,100000.0,Call,1100000.0,1100000.0,,,No Call Required,,1100000.0,11995,98587,7116,,Net,USD,0.0,,2026-06-10
0.0,0.0,0.0,250000.0,10000.0,10000.0,400000.0,Recall,3300000.0,3300000.0,,,No Call Required,,3300000.0,11850,91822,7011,,Net,USD,,,2026-07-01
0.0,0.0,0.0,250000.0,10000.0,10000.0,200000.0,Call,4400000.0,4400000.0,,,No Call Required,,4400000.0,11717,99907,7078,,Net,USD,0.0,,2026-07-01
0.0,250000.0,0.0,0.0,10000.0,10000.0,400000.0,ITM No Calls,1100000.0,1100000.0,,,No Call Required,,1100000.0,11482,94305,7333,,Net,USD,0.0,,2026-06-17
0.0,0.0,0.0,0.0,10000.0,10000.0,100000.0,Call,3900000.0,3900000.0,,,No Call Required,,3900000.0,10609,90807,7919,,Net,USD,0.0,,2026-06-03
0.0,0.0,0.0,0.0,10000.0,10000.0,300000.0,Recall,4100000.0,4100000.0,,,No Call Required,,4100000.0,11104,96452,7800,,Net,USD,0.0,,2026-06-17
0.0,0.0,0.0,0.0,10000.0,10000.0,100000.0,ITM No Calls,4100000.0,4100000.0,,,Pending Review,,4100000.0,10593,93556,7987,,Net,USD,0.0,,2026-06-10
0.0,250000.0,0.0,250000.0,10000.0,10000.0,0.0,Recall,2700000.0,2700000.0,,,No Call Required,,2700000.0,11448,95664,7725,,Net,USD,0.0,,2026-06-10
0.0,250000.0,0.0,0.0,10000.0,10000.0,500000.0,Recall,4000000.0,4000000.0,,,No Call Required,,4000000.0,10541,96908,7410,,Net,USD,0.0,,2026-06-17
0.0,0.0,0.0,0.0,10000.0,10000.0,-200000.0,Recall,3700000.0,3700000.0,,,Pending Review,,3700000.0,10791,92952,7794,,Net,USD,0.0,,2026-06-03
0.0,250000.0,0.0,0.0,10000.0,10000.0,-200000.0,ITM No Calls,700000.0,700000.0,,,Pending Review,,700000.0,10193,94860,7646,,Net,USD,0.0,,2026-06-24
0.0,0.0,0.0,0.0,10000.0,10000.0,400000.0,Call,600000.0,600000.0,,,Pending Review,,600000.0,11167,98190,7279,,Net,USD,0.0,,2026-06-17
0.0,0.0,0.0,250000.0,10000.0,10000.0,500000.0,Call,1700000.0,1700000.0,,,Pending Review,,1700000.0,11442,95642,7935,,Net,USD,0.0,,2026-06-24
0.0,0.0,0.0,0.0,10000.0,10000.0,0.0,ITM No Calls,2700000.0,2700000.0,,,Pending Review,,2700000.0,11346,98832,7105,,Net,USD,,,2026-06-24
0.0,0.0,0.0,0.0,10000.0,10000.0,100000.0,ITM No Calls,1100000.0,1100000.0,,,No Call Required,,1100000.0,11685,93849,7959,,Net,USD,0.0,,2026-06-24
0.0,0.0,0.0,250000.0,10000.0,10000.0,100000.0,Recall,1600000.0,1600000.0,,,No Call Required,,1600000.0,10790,98935,7154,,Net,USD,0.0,,2026-06-17
0.0,0.0,0.0,250000.0,10000.0,10000.0,0.0,Recall,3500000.0,3500000.0,,,No Call Required,,3500000.0,11900,92137,7854,,Net,USD,0.0,,2026-06-10
0.0,0.0,0.0,0.0,10000.0,10000.0,0.0,ITM No Calls,2700000.0,2700000.0,,,No Call Required,,2700000.0,11558,98696,7596,,Net,USD,0.0,,2026-06-10
0.0,0.0,0.0,0.0,10000.0,10000.0,300000.0,Recall,1500000.0,1500000.0,,,No Call Required,,1500000.0,11468,92107,7455,,Net,USD,0.0,,2026-06-10
0.0,250000.0,0.0,0.0,10000.0,10000.0,-200000.0,Call,3000000.0,3000000.0,,,No Call Required,,3000000.0,10742,90464,7412,,Net,USD,0.0,,2026-06-24
0.0,250000.0,0.0,250000.0,10000.0,10000.0,-100000.0,Call,2000000.0,2000000.0,,,Pending Review,,2000000.0,10861,95685,7278,,Net,USD,0.0,,2026-06-10
0.0,0.0,0.0,250000.0,10000.0,10000.0,-200000.0,Call,1100000.0,1100000.0,,,Pending Review,,1100000.0,10823,99508,7234,,Net,USD,0.0,,2026-06-10
0.0,250000.0,0.0,250000.0,10000.0,10000.0,200000.0,ITM No Calls,4300000.0,4300000.0,,,Pending Review,,4300000.0,10603,97053,7978,,Net,USD,0.0,,2026-06-10
0.0,0.0,0.0,250000.0,10000.0,10000.0,0.0,Call,4700000.0,4700000.0,,,No Call Required,,4700000.0,10109,90988,7408,,Net,USD,0.0,,2026-06-03
0.0,250000.0,0.0,0.0,10000.0,10000.0,500000.0,Recall,4900000.0,4900000.0,,,No Call Required,,4900000.0,10854,93674,7944,,Net,USD,0.0,,2026-07-01
0.0,250000.0,0.0,250000.0,10000.0,10000.0,300000.0,Call,1200000.0,1200000.0,,,Pending Review,,1200000.0,11223,95887,7513,,Net,USD,0.0,,2026-06-17
0.0,0.0,0.0,0.0,10000.0,10000.0,400000.0,Call,4600000.0,4600000.0,,,No Call Required,,4600000.0,10708,92147,7089,,Net,USD,0.0,,2026-06-24
0.0,0.0,0.0,0.0,10000.0,10000.0,0.0,Recall,300000.0,300000.0,,,No Call Required,,300000.0,10079,91768,7877,,Net,USD,0.0,,2026-06-24
0.0,0.0,0.0,250000.0,10000.0,10000.0,0.0,ITM No Calls,4900000.0,4900000.0,,,No Call Required,,4900000.0,10892,99805,7240,,Net,USD,0.0,,2026-06-24
0.0,250000.0,0.0,0.0,10000.0,10000.0,400000.0,Call,1900000.0,1900000.0,,,Pending Review,,1900000.0,11170,97250,7503,,Net,USD,0.0,,2026-07-01
0.0,0.0,0.0,250000.0,10000.0,10000.0,300000.0,Call,1700000.0,1700000.0,,,No Call Required,,1700000.0,10139,93672,7646,,Net,USD,0.0,,2026-07-01
0.0,0.0,0.0,0.0,10000.0,10000.0,200000.0,ITM No Calls,2500000.0,2500000.0,,,No Call Required,,2500000.0,10711,97801,7062,,Net,USD,0.0,,2026-06-03
0.0,250000.0,0.0,0.0,10000.0,10000.0,-200000.0,Call,4700000.0,4700000.0,,,No Call Required,,4700000.0,11075,94306,7567,,Net,USD,0.0,,2026-07-01
0.0,0.0,0.0,0.0,10000.0,10000.0,500000.0,Recall,2700000.0,2700000.0,,,Pending Review,,2700000.0,11233,99432,7942,,Net,USD,0.0,,2026-07-01
0.0,250000.0,0.0,0.0,10000.0,10000.0,300000.0,Call,2300000.0,2300000.0,,,No Call Required,,2300000.0,11688,93200,7222,,Net,USD,,,2026-07-01
0.0,250000.0,0.0,0.0,10000.0,10000.0,-200000.0,Call,1100000.0,1100000.0,,,Pending Review,,1100000.0,11937,90327,7954,,Net,USD,0.0,,2026-07-01
0.0,0.0,0.0,250000.0,10000.0,10000.0,0.0,ITM No Calls,1000000.0,1000000.0,,,Pending Review,,1000000.0,10611,96592,7342,,Net,USD,0.0,,2026-07-01
0.0,250000.0,0.0,0.0,10000.0,10000.0,500000.0,Recall,400000.0,400000.0,,,No Call Required,,400000.0,10130,91595,7743,,Net,USD,0.0,,2026-06-10
0.0,0.0,0.0,250000.0,10000.0,10000.0,-100000.0,ITM No Calls,200000.0,200000.0,,,No Call Required,,200000.0,10600,90402,7273,,Net,USD,,,2026-06-03
0.0,250000.0,0.0,0.0,10000.0,10000.0,100000.0,ITM No Calls,800000.0,800000.0,,,No Call Required,,800000.0,11435,93861,7895,,Net,USD,0.0,,2026-07-01
0.0,0.0,0.0,250000.0,10000.0,10000.0,300000.0,Call,300000.0,300000.0,,,No Call Required,,300000.0,10720,98986,7670,,Net,USD,0.0,,2026-07-01
0.0,250000.0,0.0,0.0,10000.0,10000.0,-100000.0,Recall,4000000.0,4000000.0,,,No Call Required,,4000000.0,10959,91264,7371,,Net,USD,,,2026-06-24
0.0,250000.0,0.0,0.0,10000.0,10000.0,100000.0,Recall,2400000.0,2400000.0,,,Pending Review,,2400000.0,11792,98353,7312,,Net,USD,0.0,,2026-06-10
0.0,0.0,0.0,250000.0,10000.0,10000.0,300000.0,Call,3000000.0,3000000.0,,,Pending Review,,3000000.0,10089,99113,7325,,Net,USD,0.0,,2026-07-01
0.0,0.0,0.0,0.0,10000.0,10000.0,400000.0,Recall,1800000.0,1800000.0,,,No Call Required,,1800000.0,10379,97840,7849,,Net,USD,0.0,,2026-06-17
0.0,0.0,0.0,250000.0,10000.0,10000.0,100000.0,Recall,2800000.0,2800000.0,,,No Call Required,,2800000.0,11692,98018,7944,,Net,USD,0.0,,2026-06-03
0.0,0.0,0.0,0.0,10000.0,10000.0,500000.0,ITM No Calls,1700000.0,1700000.0,,,Pending Review,,1700000.0,10346,92971,7405,,Net,USD,0.0,,2026-07-01
0.0,250000.0,0.0,250000.0,10000.0,10000.0,500000.0,ITM No Calls,1700000.0,1700000.0,,,No Call Required,,1700000.0,10110,93378,7592,,Net,USD,0.0,,2026-06-03
0.0,250000.0,0.0,0.0,10000.0,10000.0,400000.0,Call,3700000.0,3700000.0,,,No Call Required,,3700000.0,10804,91476,7254,,Net,USD,0.0,,2026-06-10
0.0,0.0,0.0,250000.0,10000.0,10000.0,200000.0,Call,3200000.0,3200000.0,,,No Call Required,,3200000.0,10674,92548,7926,,Net,USD,0.0,,2026-06-03
0.0,0.0,0.0,0.0,10000.0,10000.0,200000.0,ITM No Calls,3700000.0,3700000.0,,,No Call Required,,3700000.0,11353,95858,7876,,Net,USD,0.0,,2026-06-03
0.0,250000.0,0.0,0.0,10000.0,10000.0,-100000.0,ITM No Calls,500000.0,500000.0,,,No Call Required,,500000.0,11678,90030,7705,,Net,USD,0.0,,2026-06-24
0.0,0.0,0.0,0.0,10000.0,10000.0,300000.0,Call,400000.0,400000.0,,,Pending Review,,400000.0,11710,95417,7004,,Net,USD,0.0,,2026-06-03
0.0,0.0,0.0,250000.0,10000.0,10000.0,100000.0,ITM No Calls,4700000.0,4700000.0,,,No Call Required,,4700000.0,10585,93303,7192,,Net,USD,0.0,,2026-06-24
0.0,250000.0,0.0,0.0,10000.0,10000.0,-200000.0,Call,1300000.0,1300000.0,,,No Call Required,,1300000.0,10324,90326,7734,,Net,USD,0.0,,2026-06-03
0.0,250000.0,0.0,250000.0,10000.0,10000.0,0.0,Call,3600000.0,3600000.0,,,No Call Required,,3600000.0,11399,91827,7623,,Net,USD,0.0,,2026-06-03
0.0,0.0,0.0,250000.0,10000.0,10000.0,500000.0,Recall,3300000.0,3300000.0,,,Pending Review,,3300000.0,10176,96963,7633,,Net,USD,0.0,,2026-06-24
0.0,250000.0,0.0,0.0,10000.0,10000.0,0.0,ITM No Calls,2500000.0,2500000.0,,,Pending Review,,2500000.0,10935,91722,7678,,Net,USD,0.0,,2026-06-10
0.0,250000.0,0.0,0.0,10000.0,10000.0,-100000.0,ITM No Calls,200000.0,200000.0,,,No Call Required,,200000.0,11760,94248,7818,,Net,USD,0.0,,2026-07-01
0.0,0.0,0.0,0.0,10000.0,10000.0,200000.0,Recall,3000000.0,3000000.0,,,No Call Required,,3000000.0,11392,93930,7913,,Net,USD,0.0,,2026-06-17
0.0,250000.0,0.0,250000.0,10000.0,10000.0,400000.0,ITM No Calls,3300000.0,3300000.0,,,Pending Review,,3300000.0,11316,91066,7876,,Net,USD,0.0,,2026-06-10
0.0,0.0,0.0,0.0,10000.0,10000.0,-100000.0,Call,3300000.0,3300000.0,,,No Call Required,,3300000.0,10976,97297,7657,,Net,USD,0.0,,2026-07-01
0.0,0.0,0.0,250000.0,10000.0,10000.0,400000.0,ITM No Calls,2000000.0,2000000.0,,,No Call Required,,2000000.0,11538,92197,7336,,Net,USD,0.0,,2026-06-03
0.0,250000.0,0.0,0.0,10000.0,10000.0,100000.0,Call,2200000.0,2200000.0,,,No Call Required,,2200000.0,11427,97135,7074,,Net,USD,0.0,,2026-06-24
0.0,250000.0,0.0,250000.0,10000.0,10000.0,400000.0,Recall,3900000.0,3900000.0,,,Pending Review,,3900000.0,10293,95870,7669,,Net,USD,0.0,,2026-06-24
0.0,250000.0,0.0,250000.0,10000.0,10000.0,100000.0,Call,3900000.0,3900000.0,,,No Call Required,,3900000.0,10707,91009,7176,,Net,USD,0.0,,2026-06-24
0.0,250000.0,0.0,0.0,10000.0,10000.0,400000.0,ITM No Calls,1900000.0,1900000.0,,,No Call Required,,1900000.0,11723,92164,7374,,Net,USD,0.0,,2026-06-17
0.0,250000.0,0.0,250000.0,10000.0,10000.0,-100000.0,ITM No Calls,400000.0,400000.0,,,No Call Required,,400000.0,10205,92781,7003,,Net,USD,0.0,,2026-06-17
0.0,250000.0,0.0,0.0,10000.0,10000.0,0.0,Call,4200000.0,4200000.0,,,No Call Required,,4200000.0,10556,91298,7718,,Net,USD,0.0,,2026-06-03
0.0,0.0,0.0,250000.0,10000.0,10000.0,200000.0,Call,3200000.0,3200000.0,,,Pending Review,,3200000.0,11367,90026,7359,,Net,USD,0.0,,2026-06-03
0.0,250000.0,0.0,0.0,10000.0,10000.0,0.0,ITM No Calls,4600000.0,4600000.0,,,No Call Required,,4600000.0,10114,99830,7520,,Net,USD,0.0,,2026-06-17
0.0,0.0,0.0,0.0,10000.0,10000.0,200000.0,Recall,1600000.0,1600000.0,,,No Call Required,,1600000.0,10128,96362,7892,,Net,USD,,,2026-06-10
0.0,0.0,0.0,250000.0,10000.0,10000.0,100000.0,ITM No Calls,4000000.0,4000000.0,,,No Call Required,,4000000.0,11560,96571,7902,,Net,USD,0.0,,2026-06-24
0.0,250000.0,0.0,0.0,10000.0,10000.0,500000.0,ITM No Calls,600000.0,600000.0,,,No Call Required,,600000.0,11765,90621,7202,,Net,USD,0.0,,2026-06-24
0.0,0.0,0.0,250000.0,10000.0,10000.0,0.0,Call,2500000.0,2500000.0,,,No Call Required,,2500000.0,11662,97031,7734,,Net,USD,,,2026-07-01
0.0,0.0,0.0,0.0,10000.0,10000.0,100000.0,Recall,3000000.0,3000000.0,,,Pending Review,,3000000.0,11516,94336,7012,,Net,USD,0.0,,2026-06-24
0.0,250000.0,0.0,250000.0,10000.0,10000.0,-100000.0,ITM No Calls,2800000.0,2800000.0,,,Pending Review,,2800000.0,10031,95990,7394,,Net,USD,0.0,,2026-06-17
0.0,250000.0,0.0,250000.0,10000.0,10000.0,200000.0,Call,2400000.0,2400000.0,,,No Call Required,,2400000.0,10723,97412,7711,,Net,USD,0.0,,2026-06-24
0.0,250000.0,0.0,250000.0,10000.0,10000.0,300000.0,Call,4600000.0,4600000.0,,,No Call Required,,4600000.0,11796,94599,7370,,Net,USD,0.0,,2026-06-24
0.0,0.0,0.0,250000.0,10000.0,10000.0,500000.0,Call,2800000.0,2800000.0,,,Pending Review,,2800000.0,11743,91631,7514,,Net,USD,0.0,,2026-06-03
0.0,250000.0,0.0,0.0,10000.0,10000.0,-100000.0,ITM No Calls,3600000.0,3600000.0,,,Pending Review,,3600000.0,11003,94540,7209,,Net,USD,0.0,,2026-07-01
0.0,250000.0,0.0,0.0,10000.0,10000.0,400000.0,ITM No Calls,600000.0,600000.0,,,No Call Required,,600000.0,10364,98991,7446,,Net,USD,0.0,,2026-06-03
0.0,0.0,0.0,250000.0,10000.0,10000.0,-100000.0,Call,3500000.0,3500000.0,,,No Call Required,,3500000.0,10861,96906,7177,,Net,USD,0.0,,2026-07-01
0.0,250000.0,0.0,0.0,10000.0,10000.0,400000.0,Call,2300000.0,2300000.0,,,No Call Required,,2300000.0,10202,91386,7756,,Net,USD,,,2026-06-17
0.0,0.0,0.0,250000.0,10000.0,10000.0,400000.0,Call,5000000.0,5000000.0,,,No Call Required,,5000000.0,11016,91144,7756,,Net,USD,0.0,,2026-06-03
0.0,0.0,0.0,0.0,10000.0,10000.0,200000.0,Recall,300000.0,300000.0,,,Pending Review,,300000.0,10589,92955,7096,,Net,USD,,,2026-06-17
0.0,0.0,0.0,0.0,10000.0,10000.0,300000.0,Call,4400000.0,4400000.0,,,Pending Review,,4400000.0,11360,95481,7952,,Net,USD,0.0,,2026-06-24
0.0,250000.0,0.0,250000.0,10000.0,10000.0,-200000.0,Call,4500000.0,4500000.0,,,Pending Review,,4500000.0,11948,96144,7377,,Net,USD,0.0,,2026-07-01
0.0,0.0,0.0,250000.0,10000.0,10000.0,400000.0,ITM No Calls,1300000.0,1300000.0,,,Pending Review,,1300000.0,11381,97848,7374,,Net,USD,0.0,,2026-06-10
0.0,0.0,0.0,0.0,10000.0,10000.0,400000.0,Recall,3000000.0,3000000.0,,,Pending Review,,3000000.0,11751,98413,7679,,Net,USD,0.0,,2026-06-10
0.0,250000.0,0.0,250000.0,10000.0,10000.0,300000.0,Call,2800000.0,2800000.0,,,No Call Required,,2800000.0,11723,98253,7096,,Net,USD,0.0,,2026-07-01
0.0,0.0,0.0,250000.0,10000.0,10000.0,200000.0,Call,900000.0,900000.0,,,Pending Review,,900000.0,11532,98909,7372,,Net,USD,0.0,,2026-06-03
0.0,0.0,0.0,250000.0,10000.0,10000.0,300000.0,ITM No Calls,400000.0,400000.0,,,No Call Required,,400000.0,11027,91027,7702,,Net,USD,0.0,,2026-06-10
0.0,250000.0,0.0,0.0,10000.0,10000.0,300000.0,Recall,100000.0,100000.0,,,Pending Review,,100000.0,10591,97034,7123,,Net,USD,0.0,,2026-07-01
0.0,250000.0,0.0,250000.0,10000.0,10000.0,-100000.0,Recall,1700000.0,1700000.0,,,Pending Review,,1700000.0,11212,96589,7216,,Net,USD,0.0,,2026-06-17
0.0,0.0,0.0,0.0,10000.0,10000.0,-100000.0,ITM No Calls,4300000.0,4300000.0,,,Pending Review,,4300000.0,10912,90112,7222,,Net,USD,0.0,,2026-06-17
0.0,250000.0,0.0,250000.0,10000.0,10000.0,200000.0,ITM No Calls,3400000.0,3400000.0,,,Pending Review,,3400000.0,10234,94989,7235,,Net,USD,0.0,,2026-06-24
0.0,0.0,0.0,250000.0,10000.0,10000.0,400000.0,Recall,3000000.0,3000000.0,,,No Call Required,,3000000.0,11006,93091,7389,,Net,USD,0.0,,2026-06-10
0.0,250000.0,0.0,250000.0,10000.0,10000.0,-100000.0,Call,4000000.0,4000000.0,,,Pending Review,,4000000.0,10379,99276,7583,,Net,USD,0.0,,2026-06-17
0.0,250000.0,0.0,250000.0,10000.0,10000.0,-200000.0,Recall,4500000.0,4500000.0,,,Pending Review,,4500000.0,11031,94878,7211,,Net,USD,0.0,,2026-06-24
0.0,250000.0,0.0,0.0,10000.0,10000.0,300000.0,ITM No Calls,900000.0,900000.0,,,No Call Required,,900000.0,10312,96932,7938,,Net,USD,0.0,,2026-06-10
0.0,250000.0,0.0,0.0,10000.0,10000.0,0.0,Call,4300000.0,4300000.0,,,No Call Required,,4300000.0,11094,93914,7836,,Net,USD,0.0,,2026-06-10
0.0,0.0,0.0,250000.0,10000.0,10000.0,-200000.0,Call,2000000.0,2000000.0,,,Pending Review,,2000000.0,11715,90068,7882,,Net,USD,0.0,,2026-07-01
0.0,250000.0,0.0,250000.0,10000.0,10000.0,-100000.0,ITM No Calls,300000.0,300000.0,,,No Call Required,,300000.0,10607,92564,7595,,Net,USD,0.0,,2026-06-24
0.0,250000.0,0.0,250000.0,10000.0,10000.0,-100000.0,ITM No Calls,2300000.0,2300000.0,,,No Call Required,,2300000.0,10638,96107,7983,,Net,USD,0.0,,2026-06-24
0.0,250000.0,0.0,0.0,10000.0,10000.0,300000.0,Call,3800000.0,3800000.0,,,No Call Required,,3800000.0,11494,97775,7391,,Net,USD,0.0,,2026-07-01
0.0,0.0,0.0,250000.0,10000.0,10000.0,100000.0,Recall,2600000.0,2600000.0,,,Pending Review,,2600000.0,10995,97916,7697,,Net,USD,0.0,,2026-06-17
0.0,250000.0,0.0,0.0,10000.0,10000.0,-200000.0,Recall,4000000.0,4000000.0,,,No Call Required,,4000000.0,11000,97537,7979,,Net,USD,0.0,,2026-06-03
0.0,250000.0,0.0,0.0,10000.0,10000.0,-100000.0,Recall,3500000.0,3500000.0,,,Pending Review,,3500000.0,10852,99102,7967,,Net,USD,0.0,,2026-06-10
0.0,250000.0,0.0,250000.0,10000.0,10000.0,300000.0,Call,1600000.0,1600000.0,,,Pending Review,,1600000.0,11032,94081,7653,,Net,USD,0.0,,2026-06-10
0.0,0.0,0.0,0.0,10000.0,10000.0,-100000.0,Call,3300000.0,3300000.0,,,No Call Required,,3300000.0,10071,91256,7731,,Net,USD,0.0,,2026-06-03
0.0,250000.0,0.0,0.0,10000.0,10000.0,300000.0,ITM No Calls,2700000.0,2700000.0,,,No Call Required,,2700000.0,11181,98195,7124,,Net,USD,0.0,,2026-06-24
0.0,250000.0,0.0,0.0,10000.0,10000.0,500000.0,Call,1800000.0,1800000.0,,,Pending Review,,1800000.0,11745,97595,7357,,Net,USD,0.0,,2026-06-24
0.0,0.0,0.0,0.0,10000.0,10000.0,-200000.0,ITM No Calls,700000.0,700000.0,,,No Call Required,,700000.0,11501,94801,7932,,Net,USD,0.0,,2026-06-24
0.0,250000.0,0.0,250000.0,10000.0,10000.0,400000.0,Call,200000.0,200000.0,,,Pending Review,,200000.0,11370,97396,7387,,Net,USD,0.0,,2026-06-24
0.0,250000.0,0.0,0.0,10000.0,10000.0,300000.0,ITM No Calls,4700000.0,4700000.0,,,Pending Review,,4700000.0,10277,98734,7387,,Net,USD,0.0,,2026-06-10
0.0,250000.0,0.0,250000.0,10000.0,10000.0,500000.0,Recall,1400000.0,1400000.0,,,No Call Required,,1400000.0,11566,93069,7610,,Net,USD,0.0,,2026-07-01
0.0,250000.0,0.0,0.0,10000.0,10000.0,200000.0,Call,600000.0,600000.0,,,No Call Required,,600000.0,11394,90998,7717,,Net,USD,0.0,,2026-06-03
0.0,250000.0,0.0,250000.0,10000.0,10000.0,300000.0,ITM No Calls,1000000.0,1000000.0,,,Pending Review,,1000000.0,11047,99463,7180,,Net,USD,0.0,,2026-07-01
0.0,0.0,0.0,0.0,10000.0,10000.0,-200000.0,Call,3000000.0,3000000.0,,,Pending Review,,3000000.0,11876,94409,7269,,Net,USD,0.0,,2026-06-17
0.0,250000.0,0.0,0.0,10000.0,10000.0,100000.0,Call,500000.0,500000.0,,,Pending Review,,500000.0,11244,98658,7237,,Net,USD,0.0,,2026-06-03
0.0,0.0,0.0,0.0,10000.0,10000.0,-200000.0,Call,4400000.0,4400000.0,,,No Call Required,,4400000.0,10568,96625,7935,,Net,USD,0.0,,2026-07-01
0.0,0.0,0.0,250000.0,10000.0,10000.0,0.0,Call,1700000.0,1700000.0,,,No Call Required,,1700000.0,11928,99469,7150,,Net,USD,,,2026-07-01
0.0,250000.0,0.0,250000.0,10000.0,10000.0,300000.0,ITM No Calls,2800000.0,2800000.0,,,No Call Required,,2800000.0,10002,91427,7606,,Net,USD,0.0,,2026-06-24
0.0,0.0,0.0,0.0,10000.0,10000.0,200000.0,Call,3200000.0,3200000.0,,,No Call Required,,3200000.0,10593,96905,7937,,Net,USD,0.0,,2026-06-10
0.0,250000.0,0.0,0.0,10000.0,10000.0,300000.0,Recall,0.0,0.0,,,No Call Required,,0.0,11408,91522,7177,,Net,USD,0.0,,2026-06-24
0.0,0.0,0.0,250000.0,10000.0,10000.0,100000.0,ITM No Calls,4400000.0,4400000.0,,,No Call Required,,4400000.0,11856,98157,7530,,Net,USD,0.0,,2026-07-01
0.0,250000.0,0.0,0.0,10000.0,10000.0,0.0,Recall,2100000.0,2100000.0,,,Pending Review,,2100000.0,10725,98222,7716,,Net,USD,0.0,,2026-07-01
0.0,0.0,0.0,250000.0,10000.0,10000.0,200000.0,Recall,2500000.0,2500000.0,,,No Call Required,,2500000.0,11671,90578,7734,,Net,USD,0.0,,2026-06-03
0.0,0.0,0.0,250000.0,10000.0,10000.0,400000.0,Recall,1600000.0,1600000.0,,,No Call Required,,1600000.0,11576,99019,7047,,Net,USD,0.0,,2026-07-01
0.0,250000.0,0.0,0.0,10000.0,10000.0,500000.0,Call,2000000.0,2000000.0,,,Pending Review,,2000000.0,10082,99526,7421,,Net,USD,0.0,,2026-06-17
0.0,0.0,0.0,0.0,10000.0,10000.0,300000.0,Call,200000.0,200000.0,,,No Call Required,,200000.0,10129,99399,7663,,Net,USD,0.0,,2026-07-01
0.0,250000.0,0.0,0.0,10000.0,10000.0,400000.0,ITM No Calls,2200000.0,2200000.0,,,Pending Review,,2200000.0,11867,93891,7041,,Net,USD,0.0,,2026-06-10
0.0,250000.0,0.0,250000.0,10000.0,10000.0,0.0,Call,800000.0,800000.0,,,No Call Required,,800000.0,11961,97248,7560,,Net,USD,0.0,,2026-06-17
0.0,0.0,0.0,0.0,10000.0,10000.0,-200000.0,Recall,1400000.0,1400000.0,,,Pending Review,,1400000.0,11715,90964,7727,,Net,USD,0.0,,2026-06-10
0.0,250000.0,0.0,250000.0,10000.0,10000.0,500000.0,ITM No Calls,1300000.0,1300000.0,,,Pending Review,,1300000.0,10454,95949,7701,,Net,USD,0.0,,2026-06-24
0.0,250000.0,0.0,250000.0,10000.0,10000.0,100000.0,Call,4600000.0,4600000.0,,,No Call Required,,4600000.0,10763,94094,7143,,Net,USD,0.0,,2026-06-17
0.0,0.0,0.0,0.0,10000.0,10000.0,100000.0,Recall,5000000.0,5000000.0,,,No Call Required,,5000000.0,10336,92507,7167,,Net,USD,0.0,,2026-06-17
0.0,250000.0,0.0,250000.0,10000.0,10000.0,-200000.0,ITM No Calls,800000.0,800000.0,,,No Call Required,,800000.0,11929,99117,7249,,Net,USD,0.0,,2026-06-10
0.0,0.0,0.0,250000.0,10000.0,10000.0,0.0,ITM No Calls,700000.0,700000.0,,,No Call Required,,700000.0,10693,98073,7169,,Net,USD,0.0,,2026-06-10
0.0,250000.0,0.0,0.0,10000.0,10000.0,-100000.0,ITM No Calls,5000000.0,5000000.0,,,Pending Review,,5000000.0,10455,95737,7874,,Net,USD,,,2026-06-10
0.0,0.0,0.0,0.0,10000.0,10000.0,500000.0,Call,1400000.0,1400000.0,,,Pending Review,,1400000.0,11973,94150,7685,,Net,USD,0.0,,2026-06-24
0.0,0.0,0.0,0.0,10000.0,10000.0,-100000.0,Call,900000.0,900000.0,,,No Call Required,,900000.0,10233,99346,7940,,Net,USD,0.0,,2026-06-17
0.0,0.0,0.0,0.0,10000.0,10000.0,200000.0,Call,3800000.0,3800000.0,,,No Call Required,,3800000.0,11266,91740,7488,,Net,USD,0.0,,2026-07-01
0.0,0.0,0.0,250000.0,10000.0,10000.0,-100000.0,Recall,3900000.0,3900000.0,,,Pending Review,,3900000.0,10101,90431,7389,,Net,USD,0.0,,2026-07-01
0.0,250000.0,0.0,0.0,10000.0,10000.0,-100000.0,ITM No Calls,3300000.0,3300000.0,,,Pending Review,,3300000.0,10069,93757,7863,,Net,USD,0.0,,2026-06-24
0.0,0.0,0.0,250000.0,10000.0,10000.0,100000.0,Recall,2300000.0,2300000.0,,,No Call Required,,2300000.0,10987,94962,7847,,Net,USD,0.0,,2026-06-10
0.0,250000.0,0.0,250000.0,10000.0,10000.0,0.0,ITM No Calls,2700000.0,2700000.0,,,Pending Review,,2700000.0,10538,97514,7775,,Net,USD,0.0,,2026-07-01
0.0,250000.0,0.0,250000.0,10000.0,10000.0,0.0,Recall,2200000.0,2200000.0,,,Pending Review,,2200000.0,11525,96970,7673,,Net,USD,0.0,,2026-06-24
0.0,0.0,0.0,250000.0,10000.0,10000.0,-200000.0,ITM No Calls,3000000.0,3000000.0,,,No Call Required,,3000000.0,10765,99731,7451,,Net,USD,0.0,,2026-06-17
0.0,0.0,0.0,0.0,10000.0,10000.0,400000.0,ITM No Calls,0.0,0.0,,,Pending Review,,0.0,10351,96403,7600,,Net,USD,0.0,,2026-07-01
0.0,250000.0,0.0,0.0,10000.0,10000.0,100000.0,Call,3400000.0,3400000.0,,,No Call Required,,3400000.0,11046,96001,7893,,Net,USD,0.0,,2026-06-10
0.0,250000.0,0.0,0.0,10000.0,10000.0,-100000.0,Recall,4800000.0,4800000.0,,,No Call Required,,4800000.0,10862,95779,7950,,Net,USD,0.0,,2026-06-03
0.0,0.0,0.0,0.0,10000.0,10000.0,-100000.0,ITM No Calls,2600000.0,2600000.0,,,Pending Review,,2600000.0,11480,97790,7086,,Net,USD,0.0,,2026-07-01
0.0,250000.0,0.0,250000.0,10000.0,10000.0,0.0,ITM No Calls,3300000.0,3300000.0,,,Pending Review,,3300000.0,11246,91443,7953,,Net,USD,0.0,,2026-06-10
0.0,250000.0,0.0,0.0,10000.0,10000.0,300000.0,Call,1400000.0,1400000.0,,,No Call Required,,1400000.0,10378,99356,7212,,Net,USD,0.0,,2026-06-17
0.0,0.0,0.0,250000.0,10000.0,10000.0,200000.0,Recall,1100000.0,1100000.0,,,No Call Required,,1100000.0,11120,96882,7573,,Net,USD,0.0,,2026-06-03
0.0,250000.0,0.0,0.0,10000.0,10000.0,-200000.0,Call,0.0,0.0,,,No Call Required,,0.0,10332,98012,7771,,Net,USD,0.0,,2026-07-01
0.0,250000.0,0.0,250000.0,10000.0,10000.0,300000.0,Call,700000.0,700000.0,,,Pending Review,,700000.0,11966,98376,7257,,Net,USD,0.0,,2026-06-24
0.0,0.0,0.0,0.0,10000.0,10000.0,0.0,ITM No Calls,4700000.0,4700000.0,,,Pending Review,,4700000.0,11148,96097,7809,,Net,USD,0.0,,2026-06-10
0.0,250000.0,0.0,0.0,10000.0,10000.0,-100000.0,Call,3200000.0,3200000.0,,,No Call Required,,3200000.0,10059,95333,7147,,Net,USD,0.0,,2026-06-10
0.0,250000.0,0.0,250000.0,10000.0,10000.0,100000.0,ITM No Calls,4700000.0,4700000.0,,,No Call Required,,4700000.0,10470,91987,7850,,Net,USD,0.0,,2026-06-24
0.0,0.0,0.0,0.0,10000.0,10000.0,-200000.0,ITM No Calls,4500000.0,4500000.0,,,Pending Review,,4500000.0,11697,92277,7575,,Net,USD,0.0,,2026-06-10
0.0,0.0,0.0,0.0,10000.0,10000.0,-100000.0,ITM No Calls,3100000.0,3100000.0,,,Pending Review,,3100000.0,10896,96818,7532,,Net,USD,,,2026-06-03
0.0,0.0,0.0,250000.0,10000.0,10000.0,-200000.0,Recall,5000000.0,5000000.0,,,Pending Review,,5000000.0,11722,94327,7676,,Net,USD,,,2026-06-17
0.0,250000.0,0.0,0.0,10000.0,10000.0,100000.0,Call,4300000.0,4300000.0,,,Pending Review,,4300000.0,10487,91837,7429,,Net,USD,0.0,,2026-06-03
0.0,250000.0,0.0,250000.0,10000.0,10000.0,400000.0,Call,0.0,0.0,,,No Call Required,,0.0,11646,99817,7115,,Net,USD,0.0,,2026-06-03
0.0,250000.0,0.0,250000.0,10000.0,10000.0,-100000.0,Call,1000000.0,1000000.0,,,No Call Required,,1000000.0,10617,95062,7393,,Net,USD,0.0,,2026-06-24
0.0,250000.0,0.0,0.0,10000.0,10000.0,-200000.0,Call,2200000.0,2200000.0,,,Pending Review,,2200000.0,11634,98571,7952,,Net,USD,0.0,,2026-06-10
0.0,0.0,0.0,250000.0,10000.0,10000.0,300000.0,Call,500000.0,500000.0,,,No Call Required,,500000.0,11969,96201,7237,,Net,USD,0.0,,2026-06-10
0.0,0.0,0.0,0.0,10000.0,10000.0,-100000.0,ITM No Calls,4000000.0,4000000.0,,,Pending Review,,4000000.0,12000,96350,7225,,Net,USD,0.0,,2026-07-01
0.0,250000.0,0.0,250000.0,10000.0,10000.0,-200000.0,Recall,0.0,0.0,,,Pending Review,,0.0,11743,98479,7767,,Net,USD,0.0,,2026-07-01
0.0,250000.0,0.0,0.0,10000.0,10000.0,200000.0,Recall,2600000.0,2600000.0,,,Pending Review,,2600000.0,10265,98520,7816,,Net,USD,0.0,,2026-06-24
0.0,250000.0,0.0,250000.0,10000.0,10000.0,300000.0,Call,1100000.0,1100000.0,,,No Call Required,,1100000.0,11346,97425,7196,,Net,USD,0.0,,2026-06-10
0.0,0.0,0.0,250000.0,10000.0,10000.0,500000.0,ITM No Calls,2900000.0,2900000.0,,,Pending Review,,2900000.0,10798,93994,7507,,Net,USD,0.0,,2026-06-17
0.0,0.0,0.0,0.0,10000.0,10000.0,-100000.0,Recall,1000000.0,1000000.0,,,No Call Required,,1000000.0,10536,95811,7822,,Net,USD,0.0,,2026-07-01
0.0,250000.0,0.0,0.0,10000.0,10000.0,500000.0,Recall,4100000.0,4100000.0,,,No Call Required,,4100000.0,10591,95605,7735,,Net,USD,0.0,,2026-06-24
0.0,250000.0,0.0,0.0,10000.0,10000.0,-200000.0,ITM No Calls,1600000.0,1600000.0,,,No Call Required,,1600000.0,11861,95402,7369,,Net,USD,0.0,,2026-06-17
0.0,250000.0,0.0,250000.0,10000.0,10000.0,400000.0,Call,4800000.0,4800000.0,,,No Call Required,,4800000.0,11286,95229,7033,,Net,USD,0.0,,2026-06-24
0.0,250000.0,0.0,250000.0,10000.0,10000.0,500000.0,Call,3800000.0,3800000.0,,,Pending Review,,3800000.0,10874,91215,7837,,Net,USD,0.0,,2026-06-24
0.0,0.0,0.0,0.0,10000.0,10000.0,300000.0,Call,3400000.0,3400000.0,,,No Call Required,,3400000.0,10481,93343,7894,,Net,USD,,,2026-06-17
0.0,0.0,0.0,0.0,10000.0,10000.0,400000.0,Recall,200000.0,200000.0,,,No Call Required,,200000.0,11986,94512,7389,,Net,USD,0.0,,2026-06-03
0.0,0.0,0.0,250000.0,10000.0,10000.0,500000.0,Recall,3200000.0,3200000.0,,,Pending Review,,3200000.0,11808,99264,7675,,Net,USD,0.0,,2026-07-01
0.0,250000.0,0.0,0.0,10000.0,10000.0,-200000.0,ITM No Calls,3900000.0,3900000.0,,,No Call Required,,3900000.0,10085,95580,7440,,Net,USD,0.0,,2026-06-10
0.0,250000.0,0.0,250000.0,10000.0,10000.0,-200000.0,ITM No Calls,5000000.0,5000000.0,,,No Call Required,,5000000.0,11295,92486,7827,,Net,USD,0.0,,2026-06-17
0.0,0.0,0.0,250000.0,10000.0,10000.0,500000.0,ITM No Calls,800000.0,800000.0,,,Pending Review,,800000.0,11794,99933,7606,,Net,USD,,,2026-06-03
0.0,250000.0,0.0,0.0,10000.0,10000.0,500000.0,Recall,1700000.0,1700000.0,,,Pending Review,,1700000.0,11402,91523,7366,,Net,USD,0.0,,2026-06-03
0.0,250000.0,0.0,250000.0,10000.0,10000.0,100000.0,ITM No Calls,1600000.0,1600000.0,,,Pending Review,,1600000.0,10226,90947,7856,,Net,USD,0.0,,2026-07-01
0.0,0.0,0.0,0.0,10000.0,10000.0,-200000.0,Call,2900000.0,2900000.0,,,No Call Required,,2900000.0,11169,91136,7854,,Net,USD,0.0,,2026-06-24
0.0,250000.0,0.0,250000.0,10000.0,10000.0,300000.0,ITM No Calls,4200000.0,4200000.0,,,No Call Required,,4200000.0,10100,94859,7793,,Net,USD,0.0,,2026-06-03
0.0,250000.0,0.0,250000.0,10000.0,10000.0,0.0,Recall,3300000.0,3300000.0,,,Pending Review,,3300000.0,11573,96158,7166,,Net,USD,0.0,,2026-07-01
0.0,250000.0,0.0,250000.0,10000.0,10000.0,-200000.0,ITM No Calls,3800000.0,3800000.0,,,No Call Required,,3800000.0,10965,93096,7894,,Net,USD,0.0,,2026-06-10
0.0,0.0,0.0,250000.0,10000.0,10000.0,300000.0,Call,3400000.0,3400000.0,,,No Call Required,,3400000.0,10928,97866,7856,,Net,USD,0.0,,2026-06-24
0.0,0.0,0.0,0.0,10000.0,10000.0,400000.0,ITM No Calls,4800000.0,4800000.0,,,Pending Review,,4800000.0,10406,96490,7780,,Net,USD,0.0,,2026-06-10
0.0,250000.0,0.0,250000.0,10000.0,10000.0,500000.0,ITM No Calls,2100000.0,2100000.0,,,No Call Required,,2100000.0,10777,93821,7182,,Net,USD,0.0,,2026-07-01
0.0,250000.0,0.0,250000.0,10000.0,10000.0,-100000.0,Recall,3000000.0,3000000.0,,,No Call Required,,3000000.0,11585,92179,7182,,Net,USD,0.0,,2026-06-10
0.0,0.0,0.0,0.0,10000.0,10000.0,400000.0,Call,4800000.0,4800000.0,,,Pending Review,,4800000.0,10496,91769,7428,,Net,USD,0.0,,2026-07-01
0.0,250000.0,0.0,250000.0,10000.0,10000.0,-200000.0,Call,800000.0,800000.0,,,Pending Review,,800000.0,10524,97292,7572,,Net,USD,0.0,,2026-07-01
0.0,0.0,0.0,250000.0,10000.0,10000.0,200000.0,ITM No Calls,0.0,0.0,,,Pending Review,,0.0,11493,91220,7322,,Net,USD,0.0,,2026-06-24
0.0,0.0,0.0,0.0,10000.0,10000.0,200000.0,Recall,1600000.0,1600000.0,,,No Call Required,,1600000.0,10182,92369,7477,,Net,USD,0.0,,2026-06-03
0.0,0.0,0.0,250000.0,10000.0,10000.0,300000.0,Call,2100000.0,2100000.0,,,No Call Required,,2100000.0,11533,95982,7581,,Net,USD,0.0,,2026-06-03
0.0,0.0,0.0,0.0,10000.0,10000.0,400000.0,ITM No Calls,800000.0,800000.0,,,Pending Review,,800000.0,10842,92945,7769,,Net,USD,0.0,,2026-06-24
0.0,0.0,0.0,250000.0,10000.0,10000.0,0.0,ITM No Calls,3200000.0,3200000.0,,,No Call Required,,3200000.0,10007,95654,7505,,Net,USD,0.0,,2026-06-03
0.0,250000.0,0.0,0.0,10000.0,10000.0,-200000.0,Recall,4600000.0,4600000.0,,,No Call Required,,4600000.0,10872,95120,7287,,Net,USD,0.0,,2026-06-24
0.0,250000.0,0.0,0.0,10000.0,10000.0,300000.0,Recall,3600000.0,3600000.0,,,No Call Required,,3600000.0,11637,92529,7618,,Net,USD,0.0,,2026-06-03
0.0,0.0,0.0,250000.0,10000.0,10000.0,300000.0,Call,500000.0,500000.0,,,No Call Required,,500000.0,10691,97128,7242,,Net,USD,0.0,,2026-06-10
0.0,0.0,0.0,0.0,10000.0,10000.0,100000.0,ITM No Calls,3000000.0,3000000.0,,,Pending Review,,3000000.0,11517,92822,7006,,Net,USD,0.0,,2026-06-24
0.0,0.0,0.0,0.0,10000.0,10000.0,200000.0,ITM No Calls,0.0,0.0,,,Pending Review,,0.0,10182,91024,7349,,Net,USD,0.0,,2026-06-24
0.0,0.0,0.0,250000.0,10000.0,10000.0,-100000.0,ITM No Calls,3900000.0,3900000.0,,,Pending Review,,3900000.0,11576,96137,7737,,Net,USD,0.0,,2026-06-03
0.0,0.0,0.0,250000.0,10000.0,10000.0,100000.0,ITM No Calls,1600000.0,1600000.0,,,Pending Review,,1600000.0,10330,91720,7884,,Net,USD,0.0,,2026-06-24
0.0,250000.0,0.0,250000.0,10000.0,10000.0,-100000.0,Call,3800000.0,3800000.0,,,No Call Required,,3800000.0,10509,98743,7633,,Net,USD,,,2026-06-03
0.0,0.0,0.0,250000.0,10000.0,10000.0,300000.0,Recall,5000000.0,5000000.0,,,Pending Review,,5000000.0,11350,90987,7509,,Net,USD,,,2026-06-17
0.0,250000.0,0.0,250000.0,10000.0,10000.0,300000.0,Recall,4000000.0,4000000.0,,,Pending Review,,4000000.0,11940,93897,7298,,Net,USD,0.0,,2026-06-24
0.0,250000.0,0.0,0.0,10000.0,10000.0,0.0,Call,1900000.0,1900000.0,,,No Call Required,,1900000.0,11617,92376,7754,,Net,USD,0.0,,2026-06-03
0.0,250000.0,0.0,250000.0,10000.0,10000.0,-200000.0,Call,0.0,0.0,,,Pending Review,,0.0,10328,90227,7472,,Net,USD,0.0,,2026-06-10
0.0,250000.0,0.0,250000.0,10000.0,10000.0,-200000.0,Call,2900000.0,2900000.0,,,Pending Review,,2900000.0,11305,95112,7868,,Net,USD,0.0,,2026-06-24
0.0,250000.0,0.0,0.0,10000.0,10000.0,-100000.0,ITM No Calls,300000.0,300000.0,,,Pending Review,,300000.0,10303,91169,7343,,Net,USD,0.0,,2026-06-24
0.0,0.0,0.0,250000.0,10000.0,10000.0,0.0,ITM No Calls,200000.0,200000.0,,,Pending Review,,200000.0,10158,91942,7016,,Net,USD,0.0,,2026-06-03
0.0,250000.0,0.0,250000.0,10000.0,10000.0,100000.0,ITM No Calls,3400000.0,3400000.0,,,Pending Review,,3400000.0,10882,99607,7509,,Net,USD,0.0,,2026-06-10
0.0,250000.0,0.0,250000.0,10000.0,10000.0,500000.0,Call,1000000.0,1000000.0,,,Pending Review,,1000000.0,10157,90639,7246,,Net,USD,0.0,,2026-06-10
0.0,250000.0,0.0,250000.0,10000.0,10000.0,100000.0,Recall,4300000.0,4300000.0,,,Pending Review,,4300000.0,10660,98786,7952,,Net,USD,,,2026-07-01
0.0,0.0,0.0,250000.0,10000.0,10000.0,400000.0,ITM No Calls,3900000.0,3900000.0,,,No Call Required,,3900000.0,10408,94576,7074,,Net,USD,,,2026-06-03
0.0,250000.0,0.0,250000.0,10000.0,10000.0,400000.0,ITM No Calls,600000.0,600000.0,,,Pending Review,,600000.0,10237,96740,7401,,Net,USD,0.0,,2026-06-17
0.0,0.0,0.0,0.0,10000.0,10000.0,-200000.0,Call,3600000.0,3600000.0,,,No Call Required,,3600000.0,11700,92129,7496,,Net,USD,0.0,,2026-07-01
0.0,0.0,0.0,250000.0,10000.0,10000.0,-100000.0,ITM No Calls,300000.0,300000.0,,,No Call Required,,300000.0,11257,99462,7055,,Net,USD,0.0,,2026-06-03
0.0,0.0,0.0,250000.0,10000.0,10000.0,200000.0,Recall,0.0,0.0,,,Pending Review,,0.0,10719,94718,7094,,Net,USD,0.0,,2026-06-17
0.0,250000.0,0.0,250000.0,10000.0,10000.0,500000.0,ITM No Calls,4600000.0,4600000.0,,,Pending Review,,4600000.0,11685,91465,7569,,Net,USD,,,2026-07-01
0.0,0.0,0.0,0.0,10000.0,10000.0,200000.0,Recall,1200000.0,1200000.0,,,Pending Review,,1200000.0,11405,96282,7377,,Net,USD,0.0,,2026-07-01
0.0,0.0,0.0,0.0,10000.0,10000.0,0.0,Recall,4600000.0,4600000.0,,,No Call Required,,4600000.0,10646,90308,7678,,Net,USD,0.0,,2026-07-01
0.0,250000.0,0.0,250000.0,10000.0,10000.0,400000.0,Call,1400000.0,1400000.0,,,No Call Required,,1400000.0,10536,96688,7617,,Net,USD,0.0,,2026-06-17
0.0,0.0,0.0,250000.0,10000.0,10000.0,500000.0,Call,2400000.0,2400000.0,,,No Call Required,,2400000.0,10954,96929,7242,,Net,USD,0.0,,2026-06-24
0.0,250000.0,0.0,250000.0,10000.0,10000.0,-100000.0,ITM No Calls,4400000.0,4400000.0,,,No Call Required,,4400000.0,11339,98932,7015,,Net,USD,0.0,,2026-06-10
0.0,250000.0,0.0,250000.0,10000.0,10000.0,-200000.0,Call,1600000.0,1600000.0,,,Pending Review,,1600000.0,11923,90077,7132,,Net,USD,0.0,,2026-06-17
0.0,250000.0,0.0,0.0,10000.0,10000.0,100000.0,Recall,3200000.0,3200000.0,,,No Call Required,,3200000.0,11084,92389,7967,,Net,USD,0.0,,2026-06-24
0.0,0.0,0.0,250000.0,10000.0,10000.0,400000.0,Recall,3100000.0,3100000.0,,,Pending Review,,3100000.0,11313,90702,7139,,Net,USD,0.0,,2026-06-17
0.0,250000.0,0.0,250000.0,10000.0,10000.0,0.0,Recall,1700000.0,1700000.0,,,Pending Review,,1700000.0,11881,97884,7638,,Net,USD,0.0,,2026-06-03
0.0,0.0,0.0,0.0,10000.0,10000.0,-200000.0,Call,2900000.0,2900000.0,,,Pending Review,,2900000.0,11451,94975,7701,,Net,USD,0.0,,2026-06-03
0.0,0.0,0.0,0.0,10000.0,10000.0,-100000.0,ITM No Calls,4600000.0,4600000.0,,,Pending Review,,4600000.0,10869,93599,7634,,Net,USD,0.0,,2026-06-03
0.0,250000.0,0.0,0.0,10000.0,10000.0,400000.0,ITM No Calls,4900000.0,4900000.0,,,No Call Required,,4900000.0,11963,91067,7640,,Net,USD,0.0,,2026-06-24
0.0,250000.0,0.0,0.0,10000.0,10000.0,400000.0,ITM No Calls,200000.0,200000.0,,,Pending Review,,200000.0,11450,99346,7245,,Net,USD,0.0,,2026-07-01
0.0,0.0,0.0,250000.0,10000.0,10000.0,400000.0,Call,1300000.0,1300000.0,,,No Call Required,,1300000.0,10582,94994,7618,,Net,USD,0.0,,2026-06-03
0.0,0.0,0.0,0.0,10000.0,10000.0,500000.0,Recall,1200000.0,1200000.0,,,No Call Required,,1200000.0,11831,91173,7651,,Net,USD,0.0,,2026-06-17
0.0,250000.0,0.0,250000.0,10000.0,10000.0,-100000.0,Recall,2900000.0,2900000.0,,,Pending Review,,2900000.0,10869,96038,7773,,Net,USD,0.0,,2026-06-03
0.0,250000.0,0.0,250000.0,10000.0,10000.0,200000.0,ITM No Calls,3200000.0,3200000.0,,,Pending Review,,3200000.0,11223,90180,7148,,Net,USD,,,2026-06-10
0.0,250000.0,0.0,250000.0,10000.0,10000.0,400000.0,Call,2900000.0,2900000.0,,,Pending Review,,2900000.0,10881,93628,7649,,Net,USD,0.0,,2026-06-17
0.0,0.0,0.0,0.0,10000.0,10000.0,0.0,ITM No Calls,3600000.0,3600000.0,,,No Call Required,,3600000.0,10391,96344,7177,,Net,USD,0.0,,2026-06-03
0.0,0.0,0.0,0.0,10000.0,10000.0,400000.0,Recall,1600000.0,1600000.0,,,No Call Required,,1600000.0,11327,94313,7206,,Net,USD,0.0,,2026-06-03
0.0,250000.0,0.0,250000.0,10000.0,10000.0,-200000.0,Call,3800000.0,3800000.0,,,Pending Review,,3800000.0,11895,97982,7965,,Net,USD,0.0,,2026-06-17
0.0,0.0,0.0,0.0,10000.0,10000.0,200000.0,Call,4600000.0,4600000.0,,,Pending Review,,4600000.0,10671,91073,7224,,Net,USD,0.0,,2026-06-03
0.0,250000.0,0.0,0.0,10000.0,10000.0,500000.0,Recall,3700000.0,3700000.0,,,Pending Review,,3700000.0,11338,91572,7355,,Net,USD,0.0,,2026-06-24
0.0,0.0,0.0,250000.0,10000.0,10000.0,0.0,ITM No Calls,1900000.0,1900000.0,,,Pending Review,,1900000.0,11176,99047,7430,,Net,USD,0.0,,2026-06-17
0.0,0.0,0.0,0.0,10000.0,10000.0,200000.0,Recall,3800000.0,3800000.0,,,Pending Review,,3800000.0,11169,97138,7854,,Net,USD,,,2026-06-24
0.0,0.0,0.0,250000.0,10000.0,10000.0,-100000.0,ITM No Calls,4600000.0,4600000.0,,,Pending Review,,4600000.0,10261,90600,7985,,Net,USD,0.0,,2026-06-24
0.0,250000.0,0.0,0.0,10000.0,10000.0,0.0,Call,1800000.0,1800000.0,,,Pending Review,,1800000.0,11216,92356,7729,,Net,USD,0.0,,2026-06-17
0.0,250000.0,0.0,0.0,10000.0,10000.0,200000.0,Recall,3800000.0,3800000.0,,,Pending Review,,3800000.0,11734,98222,7804,,Net,USD,0.0,,2026-06-24
0.0,0.0,0.0,250000.0,10000.0,10000.0,-200000.0,Recall,4400000.0,4400000.0,,,No Call Required,,4400000.0,10133,93225,7327,,Net,USD,0.0,,2026-06-17
0.0,250000.0,0.0,250000.0,10000.0,10000.0,200000.0,Call,4000000.0,4000000.0,,,Pending Review,,4000000.0,11276,91800,7900,,Net,USD,0.0,,2026-06-17
0.0,0.0,0.0,250000.0,10000.0,10000.0,400000.0,ITM No Calls,5000000.0,5000000.0,,,No Call Required,,5000000.0,11443,96362,7859,,Net,USD,0.0,,2026-06-24
0.0,250000.0,0.0,250000.0,10000.0,10000.0,-100000.0,Recall,2900000.0,2900000.0,,,Pending Review,,2900000.0,11670,94712,7252,,Net,USD,0.0,,2026-06-10
0.0,0.0,0.0,0.0,10000.0,10000.0,200000.0,ITM No Calls,100000.0,100000.0,,,Pending Review,,100000.0,10544,94766,7500,,Net,USD,0.0,,2026-06-24
0.0,0.0,0.0,0.0,10000.0,10000.0,-100000.0,Recall,0.0,0.0,,,No Call Required,,0.0,10194,99579,7551,,Net,USD,0.0,,2026-07-01
0.0,0.0,0.0,0.0,10000.0,10000.0,200000.0,ITM No Calls,3600000.0,3600000.0,,,No Call Required,,3600000.0,11391,95966,7061,,Net,USD,,,2026-06-03
0.0,0.0,0.0,0.0,10000.0,10000.0,400000.0,ITM No Calls,3200000.0,3200000.0,,,No Call Required,,3200000.0,10219,93737,7936,,Net,USD,0.0,,2026-06-03
0.0,0.0,0.0,0.0,10000.0,10000.0,-200000.0,Call,300000.0,300000.0,,,No Call Required,,300000.0,10400,98578,7174,,Net,USD,0.0,,2026-06-03
0.0,0.0,0.0,0.0,10000.0,10000.0,0.0,Call,2200000.0,2200000.0,,,No Call Required,,2200000.0,11434,95074,7258,,Net,USD,0.0,,2026-06-10
0.0,0.0,0.0,0.0,10000.0,10000.0,500000.0,ITM No Calls,2100000.0,2100000.0,,,No Call Required,,2100000.0,11527,99527,7327,,Net,USD,0.0,,2026-06-10
0.0,250000.0,0.0,250000.0,10000.0,10000.0,300000.0,Recall,1700000.0,1700000.0,,,No Call Required,,1700000.0,10016,98863,7793,,Net,USD,0.0,,2026-06-17
0.0,250000.0,0.0,250000.0,10000.0,10000.0,100000.0,ITM No Calls,4300000.0,4300000.0,,,No Call Required,,4300000.0,11494,98793,7226,,Net,USD,0.0,,2026-07-01
0.0,250000.0,0.0,0.0,10000.0,10000.0,-200000.0,ITM No Calls,300000.0,300000.0,,,No Call Required,,300000.0,10031,97158,7589,,Net,USD,0.0,,2026-06-17
0.0,250000.0,0.0,0.0,10000.0,10000.0,0.0,Call,5000000.0,5000000.0,,,Pending Review,,5000000.0,11835,92572,7570,,Net,USD,0.0,,2026-06-24
0.0,0.0,0.0,250000.0,10000.0,10000.0,-100000.0,Call,4700000.0,4700000.0,,,No Call Required,,4700000.0,11895,98997,7222,,Net,USD,0.0,,2026-06-03
0.0,0.0,0.0,250000.0,10000.0,10000.0,300000.0,Recall,2600000.0,2600000.0,,,Pending Review,,2600000.0,11109,95542,7900,,Net,USD,0.0,,2026-07-01
0.0,250000.0,0.0,250000.0,10000.0,10000.0,200000.0,ITM No Calls,1300000.0,1300000.0,,,Pending Review,,1300000.0,10048,91818,7141,,Net,USD,0.0,,2026-06-10
0.0,250000.0,0.0,250000.0,10000.0,10000.0,300000.0,Recall,600000.0,600000.0,,,No Call Required,,600000.0,11435,96331,7180,,Net,USD,,,2026-06-03
0.0,250000.0,0.0,250000.0,10000.0,10000.0,-200000.0,Recall,100000.0,100000.0,,,No Call Required,,100000.0,10879,98961,7828,,Net,USD,0.0,,2026-06-17
0.0,250000.0,0.0,250000.0,10000.0,10000.0,0.0,Call,3600000.0,3600000.0,,,Pending Review,,3600000.0,10145,97046,7615,,Net,USD,0.0,,2026-06-24
0.0,0.0,0.0,0.0,10000.0,10000.0,300000.0,ITM No Calls,3100000.0,3100000.0,,,Pending Review,,3100000.0,11248,95179,7308,,Net,USD,0.0,,2026-06-10
0.0,0.0,0.0,250000.0,10000.0,10000.0,100000.0,Recall,500000.0,500000.0,,,Pending Review,,500000.0,11226,97380,7305,,Net,USD,0.0,,2026-06-10
0.0,250000.0,0.0,0.0,10000.0,10000.0,-100000.0,ITM No Calls,4200000.0,4200000.0,,,Pending Review,,4200000.0,10261,91784,7907,,Net,USD,0.0,,2026-06-10
0.0,0.0,0.0,0.0,10000.0,10000.0,100000.0,Recall,1500000.0,1500000.0,,,Pending Review,,1500000.0,11377,95949,7398,,Net,USD,0.0,,2026-06-10
0.0,250000.0,0.0,0.0,10000.0,10000.0,400000.0,ITM No Calls,1400000.0,1400000.0,,,Pending Review,,1400000.0,10202,98935,7850,,Net,USD,0.0,,2026-07-01
0.0,250000.0,0.0,250000.0,10000.0,10000.0,200000.0,ITM No Calls,4700000.0,4700000.0,,,Pending Review,,4700000.0,11200,97587,7752,,Net,USD,0.0,,2026-07-01
0.0,250000.0,0.0,0.0,10000.0,10000.0,200000.0,ITM No Calls,2900000.0,2900000.0,,,No Call Required,,2900000.0,10658,99969,7605,,Net,USD,0.0,,2026-06-17
0.0,250000.0,0.0,250000.0,10000.0,10000.0,200000.0,ITM No Calls,0.0,0.0,,,No Call Required,,0.0,10827,97061,7234,,Net,USD,0.0,,2026-06-03
0.0,0.0,0.0,0.0,10000.0,10000.0,-100000.0,ITM No Calls,3600000.0,3600000.0,,,No Call Required,,3600000.0,11287,96496,7786,,Net,USD,,,2026-06-03
0.0,250000.0,0.0,250000.0,10000.0,10000.0,100000.0,Recall,5000000.0,5000000.0,,,Pending Review,,5000000.0,10347,97675,7136,,Net,USD,0.0,,2026-06-03
0.0,0.0,0.0,0.0,10000.0,10000.0,400000.0,Recall,3200000.0,3200000.0,,,No Call Required,,3200000.0,10114,95411,7591,,Net,USD,0.0,,2026-06-10
0.0,250000.0,0.0,0.0,10000.0,10000.0,500000.0,ITM No Calls,2300000.0,2300000.0,,,No Call Required,,2300000.0,10840,96608,7511,,Net,USD,0.0,,2026-06-10
0.0,250000.0,0.0,250000.0,10000.0,10000.0,200000.0,Call,1300000.0,1300000.0,,,Pending Review,,1300000.0,11036,97407,7748,,Net,USD,0.0,,2026-06-17
0.0,250000.0,0.0,0.0,10000.0,10000.0,-100000.0,Recall,5000000.0,5000000.0,,,Pending Review,,5000000.0,11869,96391,7279,,Net,USD,0.0,,2026-06-03
0.0,0.0,0.0,250000.0,10000.0,10000.0,100000.0,Call,400000.0,400000.0,,,No Call Required,,400000.0,11577,99527,7629,,Net,USD,0.0,,2026-07-01
0.0,250000.0,0.0,250000.0,10000.0,10000.0,400000.0,ITM No Calls,1300000.0,1300000.0,,,Pending Review,,1300000.0,11556,92305,7730,,Net,USD,0.0,,2026-06-24
0.0,250000.0,0.0,250000.0,10000.0,10000.0,200000.0,Call,1000000.0,1000000.0,,,Pending Review,,1000000.0,11547,96258,7683,,Net,USD,0.0,,2026-07-01
0.0,250000.0,0.0,0.0,10000.0,10000.0,400000.0,ITM No Calls,2300000.0,2300000.0,,,No Call Required,,2300000.0,10902,96742,7891,,Net,USD,0.0,,2026-06-24
0.0,0.0,0.0,250000.0,10000.0,10000.0,400000.0,ITM No Calls,2700000.0,2700000.0,,,Pending Review,,2700000.0,11970,91278,7505,,Net,USD,0.0,,2026-07-01
0.0,0.0,0.0,250000.0,10000.0,10000.0,200000.0,ITM No Calls,700000.0,700000.0,,,Pending Review,,700000.0,11518,99547,7700,,Net,USD,0.0,,2026-06-10
0.0,0.0,0.0,0.0,10000.0,10000.0,0.0,Call,3100000.0,3100000.0,,,No Call Required,,3100000.0,11752,96968,7514,,Net,USD,0.0,,2026-06-10
0.0,250000.0,0.0,0.0,10000.0,10000.0,400000.0,ITM No Calls,900000.0,900000.0,,,No Call Required,,900000.0,10768,91314,7427,,Net,USD,0.0,,2026-06-10
0.0,250000.0,0.0,0.0,10000.0,10000.0,400000.0,Recall,2500000.0,2500000.0,,,Pending Review,,2500000.0,11197,94882,7591,,Net,USD,,,2026-06-24
0.0,0.0,0.0,0.0,10000.0,10000.0,100000.0,Call,700000.0,700000.0,,,No Call Required,,700000.0,11924,96393,7501,,Net,USD,0.0,,2026-07-01
0.0,250000.0,0.0,250000.0,10000.0,10000.0,200000.0,Call,2200000.0,2200000.0,,,No Call Required,,2200000.0,11770,92210,7285,,Net,USD,0.0,,2026-07-01
0.0,0.0,0.0,250000.0,10000.0,10000.0,0.0,Call,2600000.0,2600000.0,,,No Call Required,,2600000.0,10541,94234,7900,,Net,USD,0.0,,2026-07-01
0.0,0.0,0.0,0.0,10000.0,10000.0,400000.0,Recall,5000000.0,5000000.0,,,Pending Review,,5000000.0,10531,90120,7305,,Net,USD,0.0,,2026-06-10
0.0,0.0,0.0,250000.0,10000.0,10000.0,400000.0,Recall,1300000.0,1300000.0,,,Pending Review,,1300000.0,10060,90870,7463,,Net,USD,0.0,,2026-06-24
0.0,250000.0,0.0,0.0,10000.0,10000.0,100000.0,ITM No Calls,2700000.0,2700000.0,,,Pending Review,,2700000.0,11268,99221,7388,,Net,USD,0.0,,2026-06-17
0.0,0.0,0.0,250000.0,10000.0,10000.0,100000.0,Recall,200000.0,200000.0,,,Pending Review,,200000.0,10413,95059,7219,,Net,USD,0.0,,2026-06-17
0.0,250000.0,0.0,250000.0,10000.0,10000.0,200000.0,Recall,1600000.0,1600000.0,,,No Call Required,,1600000.0,10940,97577,7880,,Net,USD,,,2026-06-17
0.0,0.0,0.0,0.0,10000.0,10000.0,100000.0,ITM No Calls,1000000.0,1000000.0,,,No Call Required,,1000000.0,10252,95409,7413,,Net,USD,0.0,,2026-07-01
0.0,0.0,0.0,250000.0,10000.0,10000.0,500000.0,Recall,100000.0,100000.0,,,Pending Review,,100000.0,10553,96941,7743,,Net,USD,0.0,,2026-06-03
0.0,250000.0,0.0,250000.0,10000.0,10000.0,-100000.0,Call,3400000.0,3400000.0,,,No Call Required,,3400000.0,10171,99232,7039,,Net,USD,0.0,,2026-06-17
0.0,250000.0,0.0,0.0,10000.0,10000.0,0.0,ITM No Calls,1400000.0,1400000.0,,,No Call Required,,1400000.0,10350,90315,7325,,Net,USD,0.0,,2026-06-10
0.0,0.0,0.0,250000.0,10000.0,10000.0,300000.0,ITM No Calls,600000.0,600000.0,,,No Call Required,,600000.0,10614,96286,7051,,Net,USD,0.0,,2026-06-10
0.0,0.0,0.0,0.0,10000.0,10000.0,400000.0,Call,2700000.0,2700000.0,,,Pending Review,,2700000.0,11573,98123,7635,,Net,USD,0.0,,2026-06-10
0.0,250000.0,0.0,250000.0,10000.0,10000.0,0.0,ITM No Calls,1700000.0,1700000.0,,,No Call Required,,1700000.0,10460,92443,7266,,Net,USD,0.0,,2026-07-01
0.0,250000.0,0.0,0.0,10000.0,10000.0,-200000.0,Call,1400000.0,1400000.0,,,Pending Review,,1400000.0,11892,91933,7339,,Net,USD,0.0,,2026-07-01
0.0,0.0,0.0,250000.0,10000.0,10000.0,0.0,ITM No Calls,3500000.0,3500000.0,,,Pending Review,,3500000.0,10234,99335,7877,,Net,USD,0.0,,2026-07-01
0.0,0.0,0.0,250000.0,10000.0,10000.0,300000.0,ITM No Calls,3800000.0,3800000.0,,,Pending Review,,3800000.0,10442,95797,7761,,Net,USD,0.0,,2026-06-24
0.0,0.0,0.0,250000.0,10000.0,10000.0,0.0,Recall,3600000.0,3600000.0,,,Pending Review,,3600000.0,10751,97130,7908,,Net,USD,0.0,,2026-06-10
0.0,250000.0,0.0,250000.0,10000.0,10000.0,300000.0,ITM No Calls,4300000.0,4300000.0,,,Pending Review,,4300000.0,11437,97377,7812,,Net,USD,0.0,,2026-06-10
0.0,250000.0,0.0,250000.0,10000.0,10000.0,300000.0,Recall,3300000.0,3300000.0,,,No Call Required,,3300000.0,10385,96243,7704,,Net,USD,0.0,,2026-06-03
0.0,250000.0,0.0,0.0,10000.0,10000.0,400000.0,Recall,400000.0,400000.0,,,No Call Required,,400000.0,10087,99462,7313,,Net,USD,0.0,,2026-06-24
0.0,0.0,0.0,0.0,10000.0,10000.0,-100000.0,Call,0.0,0.0,,,Pending Review,,0.0,11533,93299,7346,,Net,USD,0.0,,2026-06-17
0.0,250000.0,0.0,250000.0,10000.0,10000.0,200000.0,Call,300000.0,300000.0,,,No Call Required,,300000.0,10989,90771,7436,,Net,USD,0.0,,2026-06-17
0.0,0.0,0.0,250000.0,10000.0,10000.0,-100000.0,Call,3200000.0,3200000.0,,,Pending Review,,3200000.0,11982,98805,7014,,Net,USD,0.0,,2026-06-10
0.0,250000.0,0.0,0.0,10000.0,10000.0,-200000.0,Recall,3900000.0,3900000.0,,,Pending Review,,3900000.0,10486,93968,7930,,Net,USD,0.0,,2026-07-01
0.0,0.0,0.0,250000.0,10000.0,10000.0,300000.0,Call,1300000.0,1300000.0,,,No Call Required,,1300000.0,10399,92417,7748,,Net,USD,0.0,,2026-06-17
0.0,250000.0,0.0,0.0,10000.0,10000.0,-100000.0,ITM No Calls,2600000.0,2600000.0,,,Pending Review,,2600000.0,10657,99368,7620,,Net,USD,0.0,,2026-06-03
0.0,0.0,0.0,250000.0,10000.0,10000.0,-200000.0,Recall,1900000.0,1900000.0,,,No Call Required,,1900000.0,10169,99754,7724,,Net,USD,0.0,,2026-06-10
0.0,0.0,0.0,0.0,10000.0,10000.0,100000.0,Recall,2400000.0,2400000.0,,,No Call Required,,2400000.0,10620,93766,7827,,Net,USD,0.0,,2026-06-24
0.0,0.0,0.0,0.0,10000.0,10000.0,-200000.0,Recall,2600000.0,2600000.0,,,No Call Required,,2600000.0,10308,91326,7544,,Net,USD,0.0,,2026-07-01
0.0,0.0,0.0,250000.0,10000.0,10000.0,100000.0,Call,1500000.0,1500000.0,,,No Call Required,,1500000.0,11457,92246,7813,,Net,USD,0.0,,2026-06-24
0.0,0.0,0.0,0.0,10000.0,10000.0,200000.0,Recall,800000.0,800000.0,,,No Call Required,,800000.0,11871,90011,7762,,Net,USD,0.0,,2026-06-17
0.0,250000.0,0.0,250000.0,10000.0,10000.0,-200000.0,Recall,4000000.0,4000000.0,,,Pending Review,,4000000.0,11548,91033,7646,,Net,USD,0.0,,2026-06-03
0.0,250000.0,0.0,0.0,10000.0,10000.0,400000.0,ITM No Calls,3700000.0,3700000.0,,,Pending Review,,3700000.0,10802,94158,7956,,Net,USD,0.0,,2026-06-10
0.0,0.0,0.0,250000.0,10000.0,10000.0,500000.0,Call,1100000.0,1100000.0,,,No Call Required,,1100000.0,10400,99934,7719,,Net,USD,0.0,,2026-06-03
0.0,0.0,0.0,0.0,10000.0,10000.0,400000.0,Recall,1200000.0,1200000.0,,,No Call Required,,1200000.0,10965,91866,7972,,Net,USD,0.0,,2026-06-24
0.0,0.0,0.0,250000.0,10000.0,10000.0,200000.0,ITM No Calls,2000000.0,2000000.0,,,Pending Review,,2000000.0,10577,90797,7307,,Net,USD,0.0,,2026-06-10
0.0,0.0,0.0,0.0,10000.0,10000.0,0.0,ITM No Calls,4200000.0,4200000.0,,,Pending Review,,4200000.0,11640,99428,7907,,Net,USD,0.0,,2026-07-01
0.0,0.0,0.0,0.0,10000.0,10000.0,100000.0,Recall,4300000.0,4300000.0,,,Pending Review,,4300000.0,10849,97259,7474,,Net,USD,0.0,,2026-06-10
0.0,0.0,0.0,0.0,10000.0,10000.0,200000.0,Recall,0.0,0.0,,,Pending Review,,0.0,11862,99860,7509,,Net,USD,0.0,,2026-06-17
0.0,250000.0,0.0,0.0,10000.0,10000.0,-100000.0,Call,2600000.0,2600000.0,,,Pending Review,,2600000.0,10449,91387,7362,,Net,USD,0.0,,2026-06-10
0.0,250000.0,0.0,0.0,10000.0,10000.0,300000.0,Recall,3900000.0,3900000.0,,,No Call Required,,3900000.0,10578,94261,7408,,Net,USD,0.0,,2026-06-03
0.0,250000.0,0.0,0.0,10000.0,10000.0,400000.0,Call,2000000.0,2000000.0,,,No Call Required,,2000000.0,11979,99753,7530,,Net,USD,0.0,,2026-06-10
0.0,0.0,0.0,0.0,10000.0,10000.0,0.0,Call,3500000.0,3500000.0,,,No Call Required,,3500000.0,11494,94464,7196,,Net,USD,0.0,,2026-06-10
0.0,250000.0,0.0,250000.0,10000.0,10000.0,400000.0,Call,500000.0,500000.0,,,Pending Review,,500000.0,11169,97045,7589,,Net,USD,0.0,,2026-06-10
0.0,0.0,0.0,0.0,10000.0,10000.0,500000.0,ITM No Calls,3500000.0,3500000.0,,,Pending Review,,3500000.0,11001,92912,7343,,Net,USD,,,2026-06-17
0.0,0.0,0.0,0.0,10000.0,10000.0,200000.0,Recall,5000000.0,5000000.0,,,No Call Required,,5000000.0,11823,93258,7332,,Net,USD,0.0,,2026-06-24
0.0,250000.0,0.0,250000.0,10000.0,10000.0,0.0,Call,600000.0,600000.0,,,Pending Review,,600000.0,10955,91243,7437,,Net,USD,0.0,,2026-06-10
0.0,250000.0,0.0,250000.0,10000.0,10000.0,400000.0,Call,3400000.0,3400000.0,,,Pending Review,,3400000.0,11376,98133,7060,,Net,USD,0.0,,2026-06-10
0.0,250000.0,0.0,0.0,10000.0,10000.0,-100000.0,Call,2400000.0,2400000.0,,,No Call Required,,2400000.0,11332,97930,7716,,Net,USD,0.0,,2026-06-03
0.0,0.0,0.0,250000.0,10000.0,10000.0,-100000.0,Recall,4400000.0,4400000.0,,,No Call Required,,4400000.0,11358,93178,7268,,Net,USD,0.0,,2026-06-10
0.0,0.0,0.0,0.0,10000.0,10000.0,100000.0,Call,4700000.0,4700000.0,,,No Call Required,,4700000.0,11371,98068,7273,,Net,USD,0.0,,2026-07-01
0.0,250000.0,0.0,0.0,10000.0,10000.0,400000.0,ITM No Calls,4200000.0,4200000.0,,,Pending Review,,4200000.0,11944,98797,7632,,Net,USD,,,2026-06-24
0.0,0.0,0.0,250000.0,10000.0,10000.0,-200000.0,ITM No Calls,1300000.0,1300000.0,,,Pending Review,,1300000.0,11403,91468,7556,,Net,USD,0.0,,2026-07-01
0.0,0.0,0.0,0.0,10000.0,10000.0,200000.0,Call,5000000.0,5000000.0,,,Pending Review,,5000000.0,10568,98127,7232,,Net,USD,0.0,,2026-06-10
0.0,0.0,0.0,0.0,10000.0,10000.0,-200000.0,Call,2200000.0,2200000.0,,,Pending Review,,2200000.0,10220,91251,7775,,Net,USD,0.0,,2026-06-03
0.0,0.0,0.0,0.0,10000.0,10000.0,200000.0,Recall,2200000.0,2200000.0,,,No Call Required,,2200000.0,11092,92433,7499,,Net,USD,0.0,,2026-07-01
0.0,250000.0,0.0,250000.0,10000.0,10000.0,-100000.0,Recall,800000.0,800000.0,,,No Call Required,,800000.0,11847,95844,7950,,Net,USD,0.0,,2026-06-10
0.0,0.0,0.0,250000.0,10000.0,10000.0,200000.0,ITM No Calls,4000000.0,4000000.0,,,No Call Required,,4000000.0,10696,90692,7312,,Net,USD,0.0,,2026-07-01
0.0,250000.0,0.0,0.0,10000.0,10000.0,-200000.0,ITM No Calls,1800000.0,1800000.0,,,No Call Required,,1800000.0,10207,94451,7858,,Net,USD,0.0,,2026-06-17
0.0,0.0,0.0,250000.0,10000.0,10000.0,300000.0,Call,3200000.0,3200000.0,,,No Call Required,,3200000.0,10766,98459,7625,,Net,USD,0.0,,2026-06-24
0.0,0.0,0.0,250000.0,10000.0,10000.0,500000.0,Recall,3600000.0,3600000.0,,,Pending Review,,3600000.0,10235,90254,7436,,Net,USD,,,2026-06-10
0.0,250000.0,0.0,0.0,10000.0,10000.0,300000.0,ITM No Calls,2000000.0,2000000.0,,,Pending Review,,2000000.0,10287,90126,7974,,Net,USD,0.0,,2026-06-24
0.0,250000.0,0.0,0.0,10000.0,10000.0,200000.0,Call,3900000.0,3900000.0,,,No Call Required,,3900000.0,10414,97614,7612,,Net,USD,0.0,,2026-07-01
0.0,250000.0,0.0,250000.0,10000.0,10000.0,-200000.0,Call,2300000.0,2300000.0,,,Pending Review,,2300000.0,10980,97086,7732,,Net,USD,0.0,,2026-06-17
0.0,0.0,0.0,250000.0,10000.0,10000.0,500000.0,ITM No Calls,3500000.0,3500000.0,,,Pending Review,,3500000.0,10110,99135,7645,,Net,USD,0.0,,2026-06-10
0.0,0.0,0.0,0.0,10000.0,10000.0,500000.0,ITM No Calls,2300000.0,2300000.0,,,No Call Required,,2300000.0,11006,94933,7590,,Net,USD,0.0,,2026-06-17
0.0,250000.0,0.0,0.0,10000.0,10000.0,200000.0,Call,400000.0,400000.0,,,No Call Required,,400000.0,11563,97746,7949,,Net,USD,0.0,,2026-06-24
0.0,0.0,0.0,0.0,10000.0,10000.0,0.0,ITM No Calls,200000.0,200000.0,,,Pending Review,,200000.0,10043,93935,7248,,Net,USD,0.0,,2026-07-01
0.0,0.0,0.0,250000.0,10000.0,10000.0,-100000.0,Call,3100000.0,3100000.0,,,Pending Review,,3100000.0,11877,99410,7662,,Net,USD,0.0,,2026-06-03
0.0,0.0,0.0,0.0,10000.0,10000.0,-100000.0,Call,2200000.0,2200000.0,,,Pending Review,,2200000.0,10057,98524,7456,,Net,USD,0.0,,2026-07-01
0.0,250000.0,0.0,0.0,10000.0,10000.0,200000.0,Recall,3300000.0,3300000.0,,,No Call Required,,3300000.0,11390,94955,7135,,Net,USD,,,2026-06-24
0.0,250000.0,0.0,250000.0,10000.0,10000.0,300000.0,ITM No Calls,2900000.0,2900000.0,,,No Call Required,,2900000.0,10936,94070,7073,,Net,USD,0.0,,2026-06-03
0.0,0.0,0.0,0.0,10000.0,10000.0,300000.0,Call,2800000.0,2800000.0,,,Pending Review,,2800000.0,10614,94508,7023,,Net,USD,0.0,,2026-07-01
0.0,0.0,0.0,0.0,10000.0,10000.0,300000.0,ITM No Calls,4400000.0,4400000.0,,,No Call Required,,4400000.0,10901,90175,7680,,Net,USD,0.0,,2026-07-01
0.0,250000.0,0.0,0.0,10000.0,10000.0,200000.0,Call,1700000.0,1700000.0,,,Pending Review,,1700000.0,10128,90682,7238,,Net,USD,0.0,,2026-06-10
0.0,250000.0,0.0,0.0,10000.0,10000.0,-200000.0,Call,1500000.0,1500000.0,,,No Call Required,,1500000.0,11924,98682,7030,,Net,USD,0.0,,2026-06-17
0.0,0.0,0.0,250000.0,10000.0,10000.0,200000.0,Call,4500000.0,4500000.0,,,No Call Required,,4500000.0,11665,98878,7992,,Net,USD,0.0,,2026-06-10
0.0,0.0,0.0,0.0,10000.0,10000.0,-100000.0,ITM No Calls,3400000.0,3400000.0,,,Pending Review,,3400000.0,11061,96318,7628,,Net,USD,0.0,,2026-06-10
0.0,250000.0,0.0,0.0,10000.0,10000.0,100000.0,Recall,1200000.0,1200000.0,,,Pending Review,,1200000.0,11752,98839,7627,,Net,USD,0.0,,2026-07-01
0.0,250000.0,0.0,250000.0,10000.0,10000.0,300000.0,ITM No Calls,2700000.0,2700000.0,,,No Call Required,,2700000.0,11768,93483,7050,,Net,USD,0.0,,2026-06-10
0.0,250000.0,0.0,250000.0,10000.0,10000.0,400000.0,Recall,2600000.0,2600000.0,,,Pending Review,,2600000.0,10194,96503,7906,,Net,USD,0.0,,2026-06-03
0.0,0.0,0.0,250000.0,10000.0,10000.0,400000.0,Recall,1100000.0,1100000.0,,,Pending Review,,1100000.0,11339,93903,7022,,Net,USD,0.0,,2026-06-24
0.0,250000.0,0.0,250000.0,10000.0,10000.0,100000.0,Call,4800000.0,4800000.0,,,Pending Review,,4800000.0,10098,98288,7189,,Net,USD,0.0,,2026-06-10
0.0,250000.0,0.0,0.0,10000.0,10000.0,0.0,Call,1500000.0,1500000.0,,,Pending Review,,1500000.0,11724,98914,7411,,Net,USD,,,2026-06-03
0.0,0.0,0.0,0.0,10000.0,10000.0,-100000.0,ITM No Calls,1400000.0,1400000.0,,,No Call Required,,1400000.0,11087,97320,7767,,Net,USD,0.0,,2026-06-17
0.0,0.0,0.0,250000.0,10000.0,10000.0,200000.0,Call,4000000.0,4000000.0,,,No Call Required,,4000000.0,11377,97064,7105,,Net,USD,0.0,,2026-06-17
0.0,0.0,0.0,250000.0,10000.0,10000.0,-200000.0,Call,100000.0,100000.0,,,Pending Review,,100000.0,11013,91992,7657,,Net,USD,0.0,,2026-06-17
0.0,0.0,0.0,250000.0,10000.0,10000.0,200000.0,ITM No Calls,1500000.0,1500000.0,,,No Call Required,,1500000.0,10876,95075,7973,,Net,USD,0.0,,2026-07-01
0.0,250000.0,0.0,0.0,10000.0,10000.0,-200000.0,ITM No Calls,500000.0,500000.0,,,No Call Required,,500000.0,11812,90432,7608,,Net,USD,0.0,,2026-07-01
0.0,0.0,0.0,250000.0,10000.0,10000.0,300000.0,Call,4000000.0,4000000.0,,,Pending Review,,4000000.0,11790,90177,7992,,Net,USD,0.0,,2026-07-01
0.0,0.0,0.0,0.0,10000.0,10000.0,-200000.0,ITM No Calls,3800000.0,3800000.0,,,No Call Required,,3800000.0,11332,94563,7431,,Net,USD,0.0,,2026-06-24
0.0,250000.0,0.0,0.0,10000.0,10000.0,300000.0,ITM No Calls,4900000.0,4900000.0,,,No Call Required,,4900000.0,11505,90066,7202,,Net,USD,0.0,,2026-06-17
0.0,0.0,0.0,250000.0,10000.0,10000.0,-100000.0,ITM No Calls,600000.0,600000.0,,,Pending Review,,600000.0,11259,99478,7242,,Net,USD,0.0,,2026-06-10
0.0,250000.0,0.0,0.0,10000.0,10000.0,0.0,Recall,4700000.0,4700000.0,,,Pending Review,,4700000.0,11181,96810,7497,,Net,USD,0.0,,2026-06-24
0.0,0.0,0.0,250000.0,10000.0,10000.0,-100000.0,ITM No Calls,2500000.0,2500000.0,,,No Call Required,,2500000.0,10238,95186,7786,,Net,USD,0.0,,2026-06-10
0.0,250000.0,0.0,0.0,10000.0,10000.0,300000.0,ITM No Calls,1100000.0,1100000.0,,,No Call Required,,1100000.0,11804,99677,7123,,Net,USD,0.0,,2026-06-03
0.0,0.0,0.0,250000.0,10000.0,10000.0,-200000.0,Recall,3000000.0,3000000.0,,,No Call Required,,3000000.0,10925,92752,7895,,Net,USD,0.0,,2026-06-17
0.0,250000.0,0.0,0.0,10000.0,10000.0,0.0,Call,1200000.0,1200000.0,,,Pending Review,,1200000.0,11543,94750,7503,,Net,USD,0.0,,2026-06-10
0.0,250000.0,0.0,250000.0,10000.0,10000.0,-200000.0,Recall,3600000.0,3600000.0,,,Pending Review,,3600000.0,10876,94672,7078,,Net,USD,0.0,,2026-06-03
0.0,250000.0,0.0,250000.0,10000.0,10000.0,0.0,Recall,1400000.0,1400000.0,,,Pending Review,,1400000.0,10162,96162,7178,,Net,USD,0.0,,2026-06-17
0.0,250000.0,0.0,250000.0,10000.0,10000.0,300000.0,ITM No Calls,3000000.0,3000000.0,,,No Call Required,,3000000.0,11521,91568,7239,,Net,USD,0.0,,2026-06-24
0.0,0.0,0.0,250000.0,10000.0,10000.0,-200000.0,ITM No Calls,4800000.0,4800000.0,,,Pending Review,,4800000.0,10494,99946,7582,,Net,USD,0.0,,2026-07-01
0.0,0.0,0.0,0.0,10000.0,10000.0,300000.0,Recall,3000000.0,3000000.0,,,No Call Required,,3000000.0,11848,94169,7061,,Net,USD,0.0,,2026-06-24
0.0,250000.0,0.0,0.0,10000.0,10000.0,-200000.0,ITM No Calls,2900000.0,2900000.0,,,No Call Required,,2900000.0,10798,92561,7589,,Net,USD,0.0,,2026-06-10
0.0,0.0,0.0,0.0,10000.0,10000.0,0.0,ITM No Calls,4800000.0,4800000.0,,,No Call Required,,4800000.0,11164,96818,7775,,Net,USD,0.0,,2026-06-03
0.0,250000.0,0.0,0.0,10000.0,10000.0,200000.0,Call,4600000.0,4600000.0,,,Pending Review,,4600000.0,11133,92714,7836,,Net,USD,0.0,,2026-06-24
0.0,0.0,0.0,0.0,10000.0,10000.0,500000.0,Recall,3600000.0,3600000.0,,,No Call Required,,3600000.0,11549,95318,7121,,Net,USD,0.0,,2026-06-17
0.0,0.0,0.0,0.0,10000.0,10000.0,200000.0,ITM No Calls,1700000.0,1700000.0,,,No Call Required,,1700000.0,10237,99614,7821,,Net,USD,0.0,,2026-06-10
0.0,250000.0,0.0,0.0,10000.0,10000.0,400000.0,Recall,3000000.0,3000000.0,,,No Call Required,,3000000.0,11249,95764,7471,,Net,USD,0.0,,2026-06-17
0.0,0.0,0.0,250000.0,10000.0,10000.0,200000.0,ITM No Calls,1600000.0,1600000.0,,,Pending Review,,1600000.0,11012,92390,7240,,Net,USD,0.0,,2026-06-10
0.0,0.0,0.0,250000.0,10000.0,10000.0,0.0,ITM No Calls,2700000.0,2700000.0,,,No Call Required,,2700000.0,10918,90054,7431,,Net,USD,0.0,,2026-06-10
0.0,250000.0,0.0,250000.0,10000.0,10000.0,300000.0,Recall,4900000.0,4900000.0,,,Pending Review,,4900000.0,10042,96745,7381,,Net,USD,0.0,,2026-06-03
0.0,250000.0,0.0,250000.0,10000.0,10000.0,-100000.0,Call,4000000.0,4000000.0,,,Pending Review,,4000000.0,10273,90082,7172,,Net,USD,0.0,,2026-06-03
0.0,250000.0,0.0,0.0,10000.0,10000.0,400000.0,Recall,1100000.0,1100000.0,,,No Call Required,,1100000.0,10378,91986,7028,,Net,USD,0.0,,2026-06-10
0.0,250000.0,0.0,0.0,10000.0,10000.0,300000.0,Call,300000.0,300000.0,,,No Call Required,,300000.0,10422,97160,7645,,Net,USD,0.0,,2026-06-17
0.0,0.0,0.0,250000.0,10000.0,10000.0,200000.0,Call,4000000.0,4000000.0,,,Pending Review,,4000000.0,11900,94700,7769,,Net,USD,0.0,,2026-06-10
0.0,0.0,0.0,250000.0,10000.0,10000.0,-200000.0,ITM No Calls,3600000.0,3600000.0,,,No Call Required,,3600000.0,11840,96023,7427,,Net,USD,0.0,,2026-06-10
0.0,250000.0,0.0,250000.0,10000.0,10000.0,-200000.0,Call,1700000.0,1700000.0,,,No Call Required,,1700000.0,11931,98229,7025,,Net,USD,,,2026-06-24
0.0,250000.0,0.0,0.0,10000.0,10000.0,0.0,Recall,100000.0,100000.0,,,Pending Review,,100000.0,11580,95133,7271,,Net,USD,,,2026-06-10
0.0,0.0,0.0,250000.0,10000.0,10000.0,300000.0,Call,4600000.0,4600000.0,,,Pending Review,,4600000.0,11774,91242,7187,,Net,USD,,,2026-06-24
0.0,0.0,0.0,250000.0,10000.0,10000.0,300000.0,Call,5000000.0,5000000.0,,,Pending Review,,5000000.0,10846,94310,7455,,Net,USD,0.0,,2026-06-24
0.0,250000.0,0.0,250000.0,10000.0,10000.0,300000.0,Call,3900000.0,3900000.0,,,Pending Review,,3900000.0,10365,96528,7650,,Net,USD,,,2026-06-24
0.0,250000.0,0.0,0.0,10000.0,10000.0,100000.0,Recall,4500000.0,4500000.0,,,Pending Review,,4500000.0,11641,91357,7027,,Net,USD,0.0,,2026-06-03
0.0,0.0,0.0,250000.0,10000.0,10000.0,300000.0,Recall,3700000.0,3700000.0,,,Pending Review,,3700000.0,10449,97128,7474,,Net,USD,0.0,,2026-06-24
0.0,250000.0,0.0,250000.0,10000.0,10000.0,500000.0,Call,1300000.0,1300000.0,,,No Call Required,,1300000.0,11548,91857,7978,,Net,USD,0.0,,2026-06-24
0.0,250000.0,0.0,0.0,10000.0,10000.0,-100000.0,Call,3000000.0,3000000.0,,,No Call Required,,3000000.0,11164,91836,7206,,Net,USD,0.0,,2026-07-01
0.0,250000.0,0.0,0.0,10000.0,10000.0,400000.0,Recall,3100000.0,3100000.0,,,Pending Review,,3100000.0,10473,98181,7733,,Net,USD,0.0,,2026-06-10
0.0,250000.0,0.0,250000.0,10000.0,10000.0,100000.0,Call,2000000.0,2000000.0,,,No Call Required,,2000000.0,11310,97965,7498,,Net,USD,0.0,,2026-06-24
0.0,250000.0,0.0,0.0,10000.0,10000.0,-100000.0,Recall,5000000.0,5000000.0,,,Pending Review,,5000000.0,11275,96147,7725,,Net,USD,0.0,,2026-06-10
0.0,0.0,0.0,250000.0,10000.0,10000.0,200000.0,ITM No Calls,1600000.0,1600000.0,,,No Call Required,,1600000.0,10188,98383,7766,,Net,USD,0.0,,2026-07-01
0.0,0.0,0.0,250000.0,10000.0,10000.0,200000.0,Recall,800000.0,800000.0,,,No Call Required,,800000.0,10522,93663,7940,,Net,USD,0.0,,2026-06-10
0.0,250000.0,0.0,250000.0,10000.0,10000.0,400000.0,ITM No Calls,2800000.0,2800000.0,,,No Call Required,,2800000.0,11587,98818,7813,,Net,USD,0.0,,2026-07-01
0.0,0.0,0.0,250000.0,10000.0,10000.0,0.0,Recall,0.0,0.0,,,Pending Review,,0.0,11055,93554,7684,,Net,USD,0.0,,2026-06-10
0.0,0.0,0.0,250000.0,10000.0,10000.0,300000.0,Call,3900000.0,3900000.0,,,No Call Required,,3900000.0,10190,96767,7218,,Net,USD,0.0,,2026-07-01
0.0,0.0,0.0,250000.0,10000.0,10000.0,-100000.0,Call,1000000.0,1000000.0,,,No Call Required,,1000000.0,11441,97622,7519,,Net,USD,0.0,,2026-06-10
0.0,0.0,0.0,0.0,10000.0,10000.0,500000.0,Recall,3400000.0,3400000.0,,,Pending Review,,3400000.0,11824,92928,7972,,Net,USD,0.0,,2026-07-01
0.0,0.0,0.0,250000.0,10000.0,10000.0,100000.0,ITM No Calls,4500000.0,4500000.0,,,Pending Review,,4500000.0,10874,95428,7314,,Net,USD,0.0,,2026-06-10
0.0,250000.0,0.0,0.0,10000.0,10000.0,300000.0,ITM No Calls,1100000.0,1100000.0,,,Pending Review,,1100000.0,10659,94353,7016,,Net,USD,0.0,,2026-07-01
0.0,0.0,0.0,250000.0,10000.0,10000.0,100000.0,Call,2200000.0,2200000.0,,,No Call Required,,2200000.0,11620,92607,7679,,Net,USD,0.0,,2026-07-01
0.0,0.0,0.0,250000.0,10000.0,10000.0,400000.0,Call,2500000.0,2500000.0,,,Pending Review,,2500000.0,11888,99245,7171,,Net,USD,0.0,,2026-07-01
0.0,0.0,0.0,250000.0,10000.0,10000.0,200000.0,Call,4000000.0,4000000.0,,,Pending Review,,4000000.0,11034,99637,7713,,Net,USD,0.0,,2026-07-01
0.0,250000.0,0.0,250000.0,10000.0,10000.0,-100000.0,Call,3500000.0,3500000.0,,,Pending Review,,3500000.0,10872,97888,7409,,Net,USD,0.0,,2026-06-17
0.0,250000.0,0.0,250000.0,10000.0,10000.0,200000.0,Recall,2200000.0,2200000.0,,,Pending Review,,2200000.0,10563,96720,7042,,Net,USD,0.0,,2026-06-03
0.0,0.0,0.0,250000.0,10000.0,10000.0,-100000.0,Call,3800000.0,3800000.0,,,No Call Required,,3800000.0,11329,91268,7256,,Net,USD,0.0,,2026-06-17
0.0,250000.0,0.0,0.0,10000.0,10000.0,200000.0,Call,2100000.0,2100000.0,,,No Call Required,,2100000.0,11152,90006,7037,,Net,USD,0.0,,2026-06-17
0.0,0.0,0.0,0.0,10000.0,10000.0,400000.0,Call,2700000.0,2700000.0,,,No Call Required,,2700000.0,11617,99161,7783,,Net,USD,0.0,,2026-06-03
0.0,0.0,0.0,0.0,10000.0,10000.0,400000.0,Recall,500000.0,500000.0,,,Pending Review,,500000.0,11364,97815,7594,,Net,USD,0.0,,2026-06-10
0.0,250000.0,0.0,250000.0,10000.0,10000.0,-100000.0,Call,5000000.0,5000000.0,,,No Call Required,,5000000.0,10231,96085,7832,,Net,USD,0.0,,2026-06-24
0.0,0.0,0.0,0.0,10000.0,10000.0,200000.0,Recall,2700000.0,2700000.0,,,No Call Required,,2700000.0,11676,91404,7774,,Net,USD,0.0,,2026-07-01
0.0,250000.0,0.0,250000.0,10000.0,10000.0,500000.0,Recall,4300000.0,4300000.0,,,No Call Required,,4300000.0,10501,92710,7755,,Net,USD,0.0,,2026-06-10
0.0,0.0,0.0,0.0,10000.0,10000.0,0.0,Call,900000.0,900000.0,,,No Call Required,,900000.0,11061,92255,7605,,Net,USD,0.0,,2026-06-24
0.0,250000.0,0.0,250000.0,10000.0,10000.0,-100000.0,ITM No Calls,1600000.0,1600000.0,,,No Call Required,,1600000.0,10615,91019,7667,,Net,USD,,,2026-06-17
0.0,250000.0,0.0,0.0,10000.0,10000.0,-100000.0,ITM No Calls,1500000.0,1500000.0,,,No Call Required,,1500000.0,11734,95597,7838,,Net,USD,0.0,,2026-06-24
0.0,250000.0,0.0,0.0,10000.0,10000.0,200000.0,Recall,3600000.0,3600000.0,,,No Call Required,,3600000.0,10307,93055,7996,,Net,USD,0.0,,2026-06-17
0.0,250000.0,0.0,250000.0,10000.0,10000.0,400000.0,Call,300000.0,300000.0,,,Pending Review,,300000.0,11449,90780,7182,,Net,USD,0.0,,2026-06-24
0.0,0.0,0.0,250000.0,10000.0,10000.0,200000.0,Recall,3900000.0,3900000.0,,,Pending Review,,3900000.0,10950,91446,7703,,Net,USD,0.0,,2026-07-01
0.0,250000.0,0.0,0.0,10000.0,10000.0,400000.0,ITM No Calls,3000000.0,3000000.0,,,No Call Required,,3000000.0,10744,96664,7667,,Net,USD,0.0,,2026-06-17
0.0,0.0,0.0,250000.0,10000.0,10000.0,500000.0,Call,3700000.0,3700000.0,,,Pending Review,,3700000.0,10764,91295,7322,,Net,USD,0.0,,2026-06-17
0.0,0.0,0.0,250000.0,10000.0,10000.0,400000.0,Call,3300000.0,3300000.0,,,No Call Required,,3300000.0,11567,95498,7130,,Net,USD,0.0,,2026-06-17
0.0,0.0,0.0,250000.0,10000.0,10000.0,500000.0,Recall,4900000.0,4900000.0,,,Pending Review,,4900000.0,10901,92873,7211,,Net,USD,0.0,,2026-06-24
0.0,0.0,0.0,0.0,10000.0,10000.0,300000.0,ITM No Calls,3800000.0,3800000.0,,,Pending Review,,3800000.0,11132,93471,7794,,Net,USD,,,2026-06-17
0.0,250000.0,0.0,0.0,10000.0,10000.0,-200000.0,Call,4300000.0,4300000.0,,,Pending Review,,4300000.0,10141,94022,7078,,Net,USD,0.0,,2026-06-24
0.0,0.0,0.0,0.0,10000.0,10000.0,-100000.0,Call,900000.0,900000.0,,,Pending Review,,900000.0,10950,96309,7365,,Net,USD,0.0,,2026-06-24
0.0,0.0,0.0,250000.0,10000.0,10000.0,-200000.0,ITM No Calls,1200000.0,1200000.0,,,Pending Review,,1200000.0,10231,96670,7267,,Net,USD,0.0,,2026-06-10
0.0,250000.0,0.0,250000.0,10000.0,10000.0,400000.0,Call,2500000.0,2500000.0,,,No Call Required,,2500000.0,10202,96788,7735,,Net,USD,,,2026-06-17
0.0,250000.0,0.0,0.0,10000.0,10000.0,300000.0,ITM No Calls,5000000.0,5000000.0,,,Pending Review,,5000000.0,11253,97781,7709,,Net,USD,0.0,,2026-06-10
0.0,250000.0,0.0,250000.0,10000.0,10000.0,200000.0,ITM No Calls,2900000.0,2900000.0,,,No Call Required,,2900000.0,10292,91695,7455,,Net,USD,0.0,,2026-06-03
0.0,0.0,0.0,0.0,10000.0,10000.0,400000.0,ITM No Calls,4700000.0,4700000.0,,,No Call Required,,4700000.0,11628,90219,7148,,Net,USD,0.0,,2026-06-24
0.0,250000.0,0.0,0.0,10000.0,10000.0,-100000.0,Call,3700000.0,3700000.0,,,No Call Required,,3700000.0,11320,96390,7339,,Net,USD,0.0,,2026-06-17
0.0,250000.0,0.0,250000.0,10000.0,10000.0,-100000.0,Recall,2800000.0,2800000.0,,,No Call Required,,2800000.0,10520,93374,7000,,Net,USD,0.0,,2026-07-01
0.0,0.0,0.0,0.0,10000.0,10000.0,0.0,ITM No Calls,4700000.0,4700000.0,,,Pending Review,,4700000.0,11468,92101,7692,,Net,USD,0.0,,2026-06-24
0.0,0.0,0.0,0.0,10000.0,10000.0,-100000.0,Recall,2300000.0,2300000.0,,,No Call Required,,2300000.0,11913,95837,7587,,Net,USD,0.0,,2026-06-24
0.0,0.0,0.0,0.0,10000.0,10000.0,-200000.0,ITM No Calls,5000000.0,5000000.0,,,Pending Review,,5000000.0,10817,98876,7147,,Net,USD,0.0,,2026-06-03
0.0,250000.0,0.0,250000.0,10000.0,10000.0,100000.0,Call,3800000.0,3800000.0,,,Pending Review,,3800000.0,10845,93147,7869,,Net,USD,0.0,,2026-07-01
0.0,0.0,0.0,250000.0,10000.0,10000.0,-200000.0,Call,3600000.0,3600000.0,,,Pending Review,,3600000.0,10063,98862,7485,,Net,USD,0.0,,2026-06-17
0.0,0.0,0.0,250000.0,10000.0,10000.0,200000.0,Recall,400000.0,400000.0,,,No Call Required,,400000.0,10266,96159,7764,,Net,USD,0.0,,2026-06-03
0.0,250000.0,0.0,0.0,10000.0,10000.0,100000.0,ITM No Calls,500000.0,500000.0,,,No Call Required,,500000.0,11836,97633,7801,,Net,USD,0.0,,2026-06-24
0.0,0.0,0.0,0.0,10000.0,10000.0,-200000.0,Call,200000.0,200000.0,,,No Call Required,,200000.0,11865,94374,7218,,Net,USD,0.0,,2026-06-03
0.0,250000.0,0.0,250000.0,10000.0,10000.0,300000.0,ITM No Calls,2500000.0,2500000.0,,,Pending Review,,2500000.0,11503,92247,7319,,Net,USD,0.0,,2026-06-17
0.0,0.0,0.0,250000.0,10000.0,10000.0,0.0,Recall,2800000.0,2800000.0,,,No Call Required,,2800000.0,11186,97307,7088,,Net,USD,,,2026-06-10
0.0,250000.0,0.0,250000.0,10000.0,10000.0,-200000.0,Call,900000.0,900000.0,,,No Call Required,,900000.0,11168,94356,7992,,Net,USD,0.0,,2026-07-01
0.0,250000.0,0.0,0.0,10000.0,10000.0,400000.0,Call,3700000.0,3700000.0,,,Pending Review,,3700000.0,10674,93088,7231,,Net,USD,0.0,,2026-06-24
0.0,0.0,0.0,0.0,10000.0,10000.0,-100000.0,ITM No Calls,100000.0,100000.0,,,Pending Review,,100000.0,10771,91572,7634,,Net,USD,,,2026-06-17
0.0,0.0,0.0,0.0,10000.0,10000.0,200000.0,Recall,1500000.0,1500000.0,,,No Call Required,,1500000.0,10041,93209,7348,,Net,USD,0.0,,2026-06-17
0.0,0.0,0.0,250000.0,10000.0,10000.0,0.0,Call,200000.0,200000.0,,,No Call Required,,200000.0,10266,99470,7681,,Net,USD,0.0,,2026-06-10
0.0,250000.0,0.0,250000.0,10000.0,10000.0,400000.0,ITM No Calls,500000.0,500000.0,,,No Call Required,,500000.0,10311,99984,7070,,Net,USD,0.0,,2026-06-10
0.0,250000.0,0.0,0.0,10000.0,10000.0,200000.0,ITM No Calls,2200000.0,2200000.0,,,No Call Required,,2200000.0,10095,96653,7425,,Net,USD,0.0,,2026-06-10
0.0,250000.0,0.0,250000.0,10000.0,10000.0,200000.0,Call,2500000.0,2500000.0,,,Pending Review,,2500000.0,10779,91331,7228,,Net,USD,0.0,,2026-06-17
0.0,0.0,0.0,250000.0,10000.0,10000.0,-200000.0,ITM No Calls,3300000.0,3300000.0,,,No Call Required,,3300000.0,11328,92323,7199,,Net,USD,0.0,,2026-06-03
0.0,0.0,0.0,250000.0,10000.0,10000.0,300000.0,Recall,100000.0,100000.0,,,No Call Required,,100000.0,10518,95229,7355,,Net,USD,0.0,,2026-06-10
0.0,250000.0,0.0,0.0,10000.0,10000.0,200000.0,Call,3100000.0,3100000.0,,,No Call Required,,3100000.0,10678,91616,7464,,Net,USD,0.0,,2026-06-17
0.0,250000.0,0.0,0.0,10000.0,10000.0,100000.0,Call,4100000.0,4100000.0,,,Pending Review,,4100000.0,11275,96374,7650,,Net,USD,0.0,,2026-06-10
0.0,0.0,0.0,250000.0,10000.0,10000.0,0.0,ITM No Calls,300000.0,300000.0,,,No Call Required,,300000.0,10494,93419,7061,,Net,USD,0.0,,2026-06-24
0.0,0.0,0.0,250000.0,10000.0,10000.0,200000.0,Call,1600000.0,1600000.0,,,No Call Required,,1600000.0,10539,98229,7080,,Net,USD,0.0,,2026-06-10
0.0,0.0,0.0,250000.0,10000.0,10000.0,200000.0,ITM No Calls,4800000.0,4800000.0,,,No Call Required,,4800000.0,10648,91614,7295,,Net,USD,0.0,,2026-06-17
0.0,0.0,0.0,250000.0,10000.0,10000.0,100000.0,Recall,4900000.0,4900000.0,,,Pending Review,,4900000.0,10330,91468,7958,,Net,USD,0.0,,2026-06-03
0.0,0.0,0.0,250000.0,10000.0,10000.0,200000.0,Call,600000.0,600000.0,,,No Call Required,,600000.0,11460,90096,7265,,Net,USD,0.0,,2026-07-01
0.0,250000.0,0.0,250000.0,10000.0,10000.0,100000.0,Call,0.0,0.0,,,No Call Required,,0.0,11450,94299,7058,,Net,USD,0.0,,2026-07-01
0.0,0.0,0.0,250000.0,10000.0,10000.0,400000.0,Recall,4400000.0,4400000.0,,,Pending Review,,4400000.0,10614,96586,7136,,Net,USD,,,2026-07-01
0.0,250000.0,0.0,250000.0,10000.0,10000.0,300000.0,Recall,2900000.0,2900000.0,,,No Call Required,,2900000.0,11625,92802,7781,,Net,USD,0.0,,2026-06-24
0.0,250000.0,0.0,0.0,10000.0,10000.0,0.0,ITM No Calls,4900000.0,4900000.0,,,No Call Required,,4900000.0,11816,94259,7647,,Net,USD,0.0,,2026-07-01
0.0,250000.0,0.0,250000.0,10000.0,10000.0,100000.0,Call,1700000.0,1700000.0,,,No Call Required,,1700000.0,10989,92254,7672,,Net,USD,0.0,,2026-06-24
0.0,250000.0,0.0,250000.0,10000.0,10000.0,200000.0,Recall,2900000.0,2900000.0,,,No Call Required,,2900000.0,11969,96410,7308,,Net,USD,0.0,,2026-06-03
0.0,250000.0,0.0,250000.0,10000.0,10000.0,100000.0,Recall,600000.0,600000.0,,,Pending Review,,600000.0,11875,94296,7703,,Net,USD,0.0,,2026-06-03
0.0,250000.0,0.0,250000.0,10000.0,10000.0,300000.0,ITM No Calls,3600000.0,3600000.0,,,No Call Required,,3600000.0,10395,96092,7686,,Net,USD,0.0,,2026-06-17
0.0,250000.0,0.0,250000.0,10000.0,10000.0,-200000.0,Recall,2100000.0,2100000.0,,,Pending Review,,2100000.0,11694,96975,7936,,Net,USD,0.0,,2026-06-24
0.0,250000.0,0.0,0.0,10000.0,10000.0,400000.0,Call,4300000.0,4300000.0,,,No Call Required,,4300000.0,10784,95437,7708,,Net,USD,0.0,,2026-06-24
0.0,0.0,0.0,0.0,10000.0,10000.0,0.0,Recall,3100000.0,3100000.0,,,Pending Review,,3100000.0,10072,92081,7913,,Net,USD,0.0,,2026-06-17
0.0,250000.0,0.0,250000.0,10000.0,10000.0,400000.0,Call,1000000.0,1000000.0,,,No Call Required,,1000000.0,10638,97781,7798,,Net,USD,0.0,,2026-07-01
0.0,250000.0,0.0,250000.0,10000.0,10000.0,300000.0,Recall,400000.0,400000.0,,,No Call Required,,400000.0,10275,90976,7871,,Net,USD,0.0,,2026-07-01
0.0,250000.0,0.0,0.0,10000.0,10000.0,100000.0,Recall,700000.0,700000.0,,,No Call Required,,700000.0,11868,93321,7495,,Net,USD,0.0,,2026-07-01
0.0,0.0,0.0,0.0,10000.0,10000.0,100000.0,Call,1400000.0,1400000.0,,,No Call Required,,1400000.0,11617,96597,7056,,Net,USD,0.0,,2026-06-17
0.0,250000.0,0.0,0.0,10000.0,10000.0,200000.0,Call,2700000.0,2700000.0,,,No Call Required,,2700000.0,11799,96864,7720,,Net,USD,0.0,,2026-07-01
0.0,250000.0,0.0,250000.0,10000.0,10000.0,300000.0,Recall,3200000.0,3200000.0,,,No Call Required,,3200000.0,10133,99338,7401,,Net,USD,,,2026-06-17
0.0,250000.0,0.0,250000.0,10000.0,10000.0,100000.0,ITM No Calls,100000.0,100000.0,,,No Call Required,,100000.0,10076,90724,7748,,Net,USD,0.0,,2026-06-10
0.0,0.0,0.0,250000.0,10000.0,10000.0,200000.0,Call,1900000.0,1900000.0,,,No Call Required,,1900000.0,11137,91497,7167,,Net,USD,0.0,,2026-06-24
0.0,250000.0,0.0,250000.0,10000.0,10000.0,400000.0,Recall,2800000.0,2800000.0,,,Pending Review,,2800000.0,10449,94524,7849,,Net,USD,0.0,,2026-06-03
0.0,0.0,0.0,0.0,10000.0,10000.0,0.0,Recall,3500000.0,3500000.0,,,Pending Review,,3500000.0,11211,97638,7112,,Net,USD,0.0,,2026-06-10
0.0,250000.0,0.0,0.0,10000.0,10000.0,100000.0,Call,2500000.0,2500000.0,,,Pending Review,,2500000.0,11483,96128,7649,,Net,USD,0.0,,2026-06-10
0.0,250000.0,0.0,250000.0,10000.0,10000.0,300000.0,Call,2700000.0,2700000.0,,,No Call Required,,2700000.0,10715,93574,7724,,Net,USD,0.0,,2026-07-01
0.0,250000.0,0.0,0.0,10000.0,10000.0,500000.0,Recall,200000.0,200000.0,,,Pending Review,,200000.0,10447,94076,7517,,Net,USD,,,2026-06-03
0.0,250000.0,0.0,250000.0,10000.0,10000.0,400000.0,Recall,900000.0,900000.0,,,Pending Review,,900000.0,11718,98818,7490,,Net,USD,0.0,,2026-06-03
0.0,250000.0,0.0,0.0,10000.0,10000.0,300000.0,Recall,300000.0,300000.0,,,Pending Review,,300000.0,11258,96124,7127,,Net,USD,0.0,,2026-06-17
0.0,0.0,0.0,250000.0,10000.0,10000.0,400000.0,ITM No Calls,4400000.0,4400000.0,,,No Call Required,,4400000.0,11071,92812,7270,,Net,USD,0.0,,2026-06-24
0.0,250000.0,0.0,0.0,10000.0,10000.0,400000.0,Call,3600000.0,3600000.0,,,No Call Required,,3600000.0,11933,92510,7853,,Net,USD,,,2026-06-03
0.0,250000.0,0.0,0.0,10000.0,10000.0,-100000.0,ITM No Calls,1200000.0,1200000.0,,,No Call Required,,1200000.0,11232,96221,7831,,Net,USD,0.0,,2026-07-01
0.0,250000.0,0.0,250000.0,10000.0,10000.0,400000.0,ITM No Calls,2000000.0,2000000.0,,,No Call Required,,2000000.0,11763,99114,7121,,Net,USD,0.0,,2026-06-10
0.0,0.0,0.0,250000.0,10000.0,10000.0,100000.0,Recall,3900000.0,3900000.0,,,No Call Required,,3900000.0,10481,97205,7139,,Net,USD,0.0,,2026-06-10
0.0,250000.0,0.0,250000.0,10000.0,10000.0,0.0,Call,3900000.0,3900000.0,,,No Call Required,,3900000.0,11621,91480,7323,,Net,USD,0.0,,2026-06-24
0.0,0.0,0.0,250000.0,10000.0,10000.0,400000.0,Recall,700000.0,700000.0,,,No Call Required,,700000.0,10553,91376,7609,,Net,USD,0.0,,2026-06-17
0.0,0.0,0.0,0.0,10000.0,10000.0,100000.0,ITM No Calls,3800000.0,3800000.0,,,No Call Required,,3800000.0,10404,92132,7622,,Net,USD,0.0,,2026-06-17
0.0,0.0,0.0,0.0,10000.0,10000.0,-100000.0,Recall,4600000.0,4600000.0,,,Pending Review,,4600000.0,11007,92344,7866,,Net,USD,0.0,,2026-06-10
0.0,250000.0,0.0,0.0,10000.0,10000.0,300000.0,ITM No Calls,2300000.0,2300000.0,,,No Call Required,,2300000.0,11240,93700,7830,,Net,USD,0.0,,2026-06-24
0.0,250000.0,0.0,0.0,10000.0,10000.0,100000.0,Call,2700000.0,2700000.0,,,No Call Required,,2700000.0,10141,93662,7883,,Net,USD,0.0,,2026-06-03
0.0,250000.0,0.0,0.0,10000.0,10000.0,500000.0,Call,900000.0,900000.0,,,No Call Required,,900000.0,10120,93437,7312,,Net,USD,0.0,,2026-06-03
0.0,0.0,0.0,250000.0,10000.0,10000.0,100000.0,Recall,3000000.0,3000000.0,,,No Call Required,,3000000.0,10467,95906,7373,,Net,USD,0.0,,2026-06-24
0.0,0.0,0.0,250000.0,10000.0,10000.0,400000.0,Recall,1500000.0,1500000.0,,,Pending Review,,1500000.0,10519,98629,7015,,Net,USD,0.0,,2026-06-10
0.0,0.0,0.0,250000.0,10000.0,10000.0,-200000.0,Recall,0.0,0.0,,,No Call Required,,0.0,10213,94539,7011,,Net,USD,0.0,,2026-06-10
0.0,250000.0,0.0,0.0,10000.0,10000.0,-100000.0,Call,4000000.0,4000000.0,,,No Call Required,,4000000.0,11266,99777,7253,,Net,USD,0.0,,2026-06-24
0.0,250000.0,0.0,0.0,10000.0,10000.0,400000.0,Recall,2600000.0,2600000.0,,,No Call Required,,2600000.0,11465,97761,7621,,Net,USD,0.0,,2026-06-17
0.0,0.0,0.0,0.0,10000.0,10000.0,400000.0,ITM No Calls,2300000.0,2300000.0,,,Pending Review,,2300000.0,10443,90671,7668,,Net,USD,0.0,,2026-06-24
0.0,250000.0,0.0,0.0,10000.0,10000.0,-100000.0,ITM No Calls,2900000.0,2900000.0,,,No Call Required,,2900000.0,11649,99800,7149,,Net,USD,0.0,,2026-07-01
0.0,0.0,0.0,0.0,10000.0,10000.0,200000.0,ITM No Calls,4800000.0,4800000.0,,,Pending Review,,4800000.0,10371,91296,7704,,Net,USD,0.0,,2026-06-10
0.0,0.0,0.0,250000.0,10000.0,10000.0,300000.0,Call,700000.0,700000.0,,,Pending Review,,700000.0,11167,94380,7878,,Net,USD,0.0,,2026-06-10
0.0,0.0,0.0,250000.0,10000.0,10000.0,-200000.0,Recall,3400000.0,3400000.0,,,Pending Review,,3400000.0,10722,99959,7347,,Net,USD,0.0,,2026-06-17
0.0,0.0,0.0,0.0,10000.0,10000.0,400000.0,ITM No Calls,200000.0,200000.0,,,Pending Review,,200000.0,11651,98973,7851,,Net,USD,0.0,,2026-06-17
0.0,250000.0,0.0,250000.0,10000.0,10000.0,-100000.0,Recall,3600000.0,3600000.0,,,Pending Review,,3600000.0,11705,95520,7748,,Net,USD,0.0,,2026-06-10
0.0,0.0,0.0,250000.0,10000.0,10000.0,400000.0,Recall,2600000.0,2600000.0,,,No Call Required,,2600000.0,10429,93202,7915,,Net,USD,0.0,,2026-06-03
0.0,250000.0,0.0,0.0,10000.0,10000.0,0.0,Recall,3300000.0,3300000.0,,,Pending Review,,3300000.0,11307,95747,7285,,Net,USD,0.0,,2026-06-24
0.0,250000.0,0.0,250000.0,10000.0,10000.0,-100000.0,Recall,4000000.0,4000000.0,,,Pending Review,,4000000.0,11946,97432,7332,,Net,USD,0.0,,2026-07-01
0.0,0.0,0.0,0.0,10000.0,10000.0,-200000.0,ITM No Calls,2700000.0,2700000.0,,,No Call Required,,2700000.0,10006,92909,7312,,Net,USD,0.0,,2026-07-01
0.0,0.0,0.0,250000.0,10000.0,10000.0,100000.0,Call,1400000.0,1400000.0,,,Pending Review,,1400000.0,10063,98853,7569,,Net,USD,0.0,,2026-06-17
0.0,250000.0,0.0,0.0,10000.0,10000.0,100000.0,Call,1800000.0,1800000.0,,,No Call Required,,1800000.0,11211,92117,7573,,Net,USD,0.0,,2026-07-01
0.0,250000.0,0.0,0.0,10000.0,10000.0,300000.0,Call,3600000.0,3600000.0,,,Pending Review,,3600000.0,10055,94797,7476,,Net,USD,0.0,,2026-06-03
0.0,0.0,0.0,250000.0,10000.0,10000.0,300000.0,Call,3000000.0,3000000.0,,,No Call Required,,3000000.0,11449,93777,7148,,Net,USD,0.0,,2026-06-10
0.0,0.0,0.0,250000.0,10000.0,10000.0,500000.0,Call,4900000.0,4900000.0,,,No Call Required,,4900000.0,10574,95498,7953,,Net,USD,0.0,,2026-06-10
0.0,250000.0,0.0,0.0,10000.0,10000.0,300000.0,Recall,4200000.0,4200000.0,,,No Call Required,,4200000.0,10569,91701,7909,,Net,USD,0.0,,2026-06-10
0.0,0.0,0.0,0.0,10000.0,10000.0,0.0,ITM No Calls,4300000.0,4300000.0,,,No Call Required,,4300000.0,11906,94841,7303,,Net,USD,0.0,,2026-06-24
0.0,250000.0,0.0,0.0,10000.0,10000.0,200000.0,ITM No Calls,1800000.0,1800000.0,,,No Call Required,,1800000.0,10440,92319,7469,,Net,USD,0.0,,2026-06-17
0.0,250000.0,0.0,0.0,10000.0,10000.0,0.0,ITM No Calls,4400000.0,4400000.0,,,No Call Required,,4400000.0,11506,92685,7973,,Net,USD,0.0,,2026-06-17
0.0,250000.0,0.0,250000.0,10000.0,10000.0,200000.0,ITM No Calls,0.0,0.0,,,Pending Review,,0.0,10589,97203,7192,,Net,USD,0.0,,2026-06-17
0.0,250000.0,0.0,0.0,10000.0,10000.0,0.0,Recall,4900000.0,4900000.0,,,Pending Review,,4900000.0,11993,95708,7166,,Net,USD,,,2026-06-24
0.0,0.0,0.0,0.0,10000.0,10000.0,-100000.0,ITM No Calls,1500000.0,1500000.0,,,Pending Review,,1500000.0,10484,93107,7882,,Net,USD,,,2026-06-10
0.0,250000.0,0.0,0.0,10000.0,10000.0,300000.0,Recall,600000.0,600000.0,,,No Call Required,,600000.0,11678,91324,7623,,Net,USD,0.0,,2026-06-10
0.0,0.0,0.0,0.0,10000.0,10000.0,-100000.0,Recall,700000.0,700000.0,,,Pending Review,,700000.0,11645,91278,7810,,Net,USD,0.0,,2026-06-03
0.0,0.0,0.0,250000.0,10000.0,10000.0,200000.0,Call,1100000.0,1100000.0,,,No Call Required,,1100000.0,10504,96588,7017,,Net,USD,0.0,,2026-06-17
0.0,0.0,0.0,250000.0,10000.0,10000.0,100000.0,Call,1800000.0,1800000.0,,,Pending Review,,1800000.0,10037,94824,7334,,Net,USD,0.0,,2026-06-24
0.0,0.0,0.0,0.0,10000.0,10000.0,0.0,Recall,200000.0,200000.0,,,No Call Required,,200000.0,11460,97529,7330,,Net,USD,0.0,,2026-06-24
0.0,250000.0,0.0,250000.0,10000.0,10000.0,100000.0,ITM No Calls,600000.0,600000.0,,,Pending Review,,600000.0,11290,96950,7858,,Net,USD,,,2026-06-03
0.0,250000.0,0.0,250000.0,10000.0,10000.0,200000.0,Call,5000000.0,5000000.0,,,No Call Required,,5000000.0,10970,92052,7012,,Net,USD,0.0,,2026-06-10
0.0,250000.0,0.0,250000.0,10000.0,10000.0,300000.0,ITM No Calls,4600000.0,4600000.0,,,Pending Review,,4600000.0,10903,92853,7700,,Net,USD,0.0,,2026-06-17
0.0,250000.0,0.0,250000.0,10000.0,10000.0,100000.0,Recall,2000000.0,2000000.0,,,Pending Review,,2000000.0,11257,97620,7137,,Net,USD,,,2026-06-10
0.0,0.0,0.0,0.0,10000.0,10000.0,200000.0,Recall,200000.0,200000.0,,,No Call Required,,200000.0,10108,90800,7932,,Net,USD,0.0,,2026-06-17
0.0,250000.0,0.0,250000.0,10000.0,10000.0,0.0,Call,2200000.0,2200000.0,,,Pending Review,,2200000.0,10073,92565,7027,,Net,USD,0.0,,2026-06-17
0.0,250000.0,0.0,250000.0,10000.0,10000.0,300000.0,Call,1400000.0,1400000.0,,,Pending Review,,1400000.0,11419,92717,7957,,Net,USD,0.0,,2026-06-10
0.0,250000.0,0.0,0.0,10000.0,10000.0,-200000.0,ITM No Calls,3800000.0,3800000.0,,,Pending Review,,3800000.0,11951,97217,7487,,Net,USD,0.0,,2026-07-01
0.0,0.0,0.0,0.0,10000.0,10000.0,100000.0,ITM No Calls,2300000.0,2300000.0,,,No Call Required,,2300000.0,10071,95896,7243,,Net,USD,0.0,,2026-06-03
0.0,0.0,0.0,0.0,10000.0,10000.0,500000.0,ITM No Calls,2600000.0,2600000.0,,,No Call Required,,2600000.0,11004,99877,7461,,Net,USD,0.0,,2026-06-03
0.0,0.0,0.0,0.0,10000.0,10000.0,-100000.0,Call,2400000.0,2400000.0,,,No Call Required,,2400000.0,11138,91236,7180,,Net,USD,0.0,,2026-06-10
0.0,250000.0,0.0,250000.0,10000.0,10000.0,500000.0,Call,1800000.0,1800000.0,,,Pending Review,,1800000.0,11089,90193,7743,,Net,USD,0.0,,2026-06-10
0.0,0.0,0.0,0.0,10000.0,10000.0,-100000.0,Recall,3400000.0,3400000.0,,,Pending Review,,3400000.0,10171,95303,7474,,Net,USD,0.0,,2026-06-10
0.0,0.0,0.0,0.0,10000.0,10000.0,100000.0,ITM No Calls,700000.0,700000.0,,,No Call Required,,700000.0,10809,93968,7268,,Net,USD,0.0,,2026-07-01
0.0,0.0,0.0,250000.0,10000.0,10000.0,100000.0,ITM No Calls,500000.0,500000.0,,,Pending Review,,500000.0,10590,99985,7660,,Net,USD,0.0,,2026-07-01
0.0,0.0,0.0,0.0,10000.0,10000.0,0.0,Call,3900000.0,3900000.0,,,No Call Required,,3900000.0,10014,91617,7398,,Net,USD,0.0,,2026-06-10
0.0,250000.0,0.0,0.0,10000.0,10000.0,-100000.0,ITM No Calls,2700000.0,2700000.0,,,Pending Review,,2700000.0,11276,99954,7067,,Net,USD,0.0,,2026-06-24
0.0,250000.0,0.0,250000.0,10000.0,10000.0,-100000.0,Recall,4200000.0,4200000.0,,,Pending Review,,4200000.0,10500,98410,7066,,Net,USD,0.0,,2026-07-01
0.0,250000.0,0.0,0.0,10000.0,10000.0,-200000.0,Call,1600000.0,1600000.0,,,Pending Review,,1600000.0,11977,98435,7223,,Net,USD,,,2026-06-17
0.0,250000.0,0.0,0.0,10000.0,10000.0,-100000.0,Call,3100000.0,3100000.0,,,Pending Review,,3100000.0,10075,90442,7716,,Net,USD,0.0,,2026-06-24
0.0,0.0,0.0,0.0,10000.0,10000.0,100000.0,ITM No Calls,900000.0,900000.0,,,Pending Review,,900000.0,11238,96806,7081,,Net,USD,0.0,,2026-06-24
0.0,0.0,0.0,0.0,10000.0,10000.0,200000.0,ITM No Calls,1800000.0,1800000.0,,,Pending Review,,1800000.0,10433,93822,7788,,Net,USD,0.0,,2026-07-01
0.0,250000.0,0.0,0.0,10000.0,10000.0,-200000.0,Recall,2300000.0,2300000.0,,,No Call Required,,2300000.0,10692,91028,7051,,Net,USD,0.0,,2026-06-17
0.0,0.0,0.0,250000.0,10000.0,10000.0,-200000.0,Recall,600000.0,600000.0,,,No Call Required,,600000.0,11531,94239,7212,,Net,USD,0.0,,2026-06-10
0.0,0.0,0.0,0.0,10000.0,10000.0,0.0,Call,900000.0,900000.0,,,No Call Required,,900000.0,11816,93465,7430,,Net,USD,0.0,,2026-07-01
0.0,0.0,0.0,250000.0,10000.0,10000.0,100000.0,ITM No Calls,1700000.0,1700000.0,,,Pending Review,,1700000.0,10367,99079,7912,,Net,USD,0.0,,2026-06-24
0.0,0.0,0.0,0.0,10000.0,10000.0,300000.0,Recall,4600000.0,4600000.0,,,No Call Required,,4600000.0,11516,96987,7904,,Net,USD,0.0,,2026-07-01
0.0,250000.0,0.0,0.0,10000.0,10000.0,-100000.0,Call,500000.0,500000.0,,,Pending Review,,500000.0,11946,99679,7073,,Net,USD,0.0,,2026-06-10
0.0,0.0,0.0,250000.0,10000.0,10000.0,500000.0,Call,3900000.0,3900000.0,,,No Call Required,,3900000.0,11365,91830,7815,,Net,USD,,,2026-06-03
0.0,0.0,0.0,250000.0,10000.0,10000.0,-100000.0,ITM No Calls,4200000.0,4200000.0,,,No Call Required,,4200000.0,10046,90622,7692,,Net,USD,0.0,,2026-06-03
0.0,250000.0,0.0,250000.0,10000.0,10000.0,200000.0,ITM No Calls,2900000.0,2900000.0,,,No Call Required,,2900000.0,11724,98940,7704,,Net,USD,,,2026-06-03
0.0,250000.0,0.0,0.0,10000.0,10000.0,400000.0,ITM No Calls,3200000.0,3200000.0,,,No Call Required,,3200000.0,11632,91794,7304,,Net,USD,0.0,,2026-06-10
0.0,250000.0,0.0,0.0,10000.0,10000.0,200000.0,Call,1700000.0,1700000.0,,,Pending Review,,1700000.0,11151,99021,7294,,Net,USD,,,2026-06-03
0.0,0.0,0.0,0.0,10000.0,10000.0,-100000.0,Recall,3500000.0,3500000.0,,,No Call Required,,3500000.0,11144,90359,7183,,Net,USD,0.0,,2026-06-24
0.0,250000.0,0.0,250000.0,10000.0,10000.0,100000.0,ITM No Calls,1800000.0,1800000.0,,,No Call Required,,1800000.0,11337,98125,7057,,Net,USD,,,2026-06-24
0.0,0.0,0.0,250000.0,10000.0,10000.0,-200000.0,Recall,400000.0,400000.0,,,No Call Required,,400000.0,11144,90211,7356,,Net,USD,0.0,,2026-06-17
0.0,0.0,0.0,0.0,10000.0,10000.0,500000.0,Call,1400000.0,1400000.0,,,No Call Required,,1400000.0,11979,99407,7447,,Net,USD,0.0,,2026-06-24
0.0,250000.0,0.0,0.0,10000.0,10000.0,-100000.0,Recall,2800000.0,2800000.0,,,No Call Required,,2800000.0,10783,91344,7180,,Net,USD,0.0,,2026-06-24
0.0,0.0,0.0,0.0,10000.0,10000.0,300000.0,ITM No Calls,4300000.0,4300000.0,,,Pending Review,,4300000.0,10481,93351,7348,,Net,USD,0.0,,2026-06-17
0.0,0.0,0.0,0.0,10000.0,10000.0,100000.0,Call,900000.0,900000.0,,,No Call Required,,900000.0,11046,95014,7622,,Net,USD,0.0,,2026-06-10
0.0,250000.0,0.0,250000.0,10000.0,10000.0,0.0,ITM No Calls,2300000.0,2300000.0,,,No Call Required,,2300000.0,10817,91734,7010,,Net,USD,0.0,,2026-07-01
0.0,250000.0,0.0,0.0,10000.0,10000.0,0.0,ITM No Calls,1500000.0,1500000.0,,,No Call Required,,1500000.0,11807,90978,7060,,Net,USD,0.0,,2026-06-17
0.0,0.0,0.0,0.0,10000.0,10000.0,300000.0,Recall,1800000.0,1800000.0,,,Pending Review,,1800000.0,11819,94392,7239,,Net,USD,0.0,,2026-07-01
0.0,250000.0,0.0,0.0,10000.0,10000.0,500000.0,Call,4500000.0,4500000.0,,,No Call Required,,4500000.0,11751,90526,7683,,Net,USD,0.0,,2026-07-01
0.0,0.0,0.0,0.0,10000.0,10000.0,-100000.0,ITM No Calls,3300000.0,3300000.0,,,No Call Required,,3300000.0,10274,94827,7557,,Net,USD,0.0,,2026-06-24
0.0,0.0,0.0,250000.0,10000.0,10000.0,100000.0,ITM No Calls,300000.0,300000.0,,,No Call Required,,300000.0,11766,90148,7217,,Net,USD,0.0,,2026-06-03
0.0,250000.0,0.0,250000.0,10000.0,10000.0,500000.0,Call,2500000.0,2500000.0,,,Pending Review,,2500000.0,11688,91682,7023,,Net,USD,0.0,,2026-06-03
0.0,250000.0,0.0,0.0,10000.0,10000.0,400000.0,ITM No Calls,3600000.0,3600000.0,,,Pending Review,,3600000.0,10620,98138,7581,,Net,USD,0.0,,2026-06-10
0.0,0.0,0.0,0.0,10000.0,10000.0,200000.0,ITM No Calls,1000000.0,1000000.0,,,No Call Required,,1000000.0,10622,91161,7446,,Net,USD,0.0,,2026-07-01
0.0,0.0,0.0,0.0,10000.0,10000.0,100000.0,Recall,1100000.0,1100000.0,,,No Call Required,,1100000.0,11995,90272,7001,,Net,USD,0.0,,2026-06-24
0.0,0.0,0.0,250000.0,10000.0,10000.0,-200000.0,ITM No Calls,1900000.0,1900000.0,,,Pending Review,,1900000.0,11471,93752,7072,,Net,USD,0.0,,2026-06-17
0.0,0.0,0.0,250000.0,10000.0,10000.0,-100000.0,Call,1400000.0,1400000.0,,,No Call Required,,1400000.0,11144,97953,7984,,Net,USD,0.0,,2026-07-01
0.0,0.0,0.0,250000.0,10000.0,10000.0,-200000.0,Recall,2900000.0,2900000.0,,,No Call Required,,2900000.0,11470,99417,7334,,Net,USD,0.0,,2026-06-10
0.0,250000.0,0.0,0.0,10000.0,10000.0,0.0,Call,3900000.0,3900000.0,,,No Call Required,,3900000.0,10471,91677,7827,,Net,USD,0.0,,2026-06-10
0.0,0.0,0.0,250000.0,10000.0,10000.0,100000.0,Call,3500000.0,3500000.0,,,No Call Required,,3500000.0,10729,92362,7435,,Net,USD,,,2026-06-10
0.0,250000.0,0.0,250000.0,10000.0,10000.0,500000.0,ITM No Calls,2700000.0,2700000.0,,,Pending Review,,2700000.0,10153,97369,7860,,Net,USD,,,2026-06-10
0.0,250000.0,0.0,0.0,10000.0,10000.0,400000.0,Recall,4100000.0,4100000.0,,,No Call Required,,4100000.0,11972,91496,7667,,Net,USD,0.0,,2026-06-10
0.0,0.0,0.0,0.0,10000.0,10000.0,400000.0,Call,1800000.0,1800000.0,,,No Call Required,,1800000.0,11011,95798,7809,,Net,USD,0.0,,2026-06-10
0.0,0.0,0.0,0.0,10000.0,10000.0,0.0,Call,3100000.0,3100000.0,,,Pending Review,,3100000.0,11074,95742,7550,,Net,USD,0.0,,2026-06-03
0.0,250000.0,0.0,0.0,10000.0,10000.0,-100000.0,Call,100000.0,100000.0,,,Pending Review,,100000.0,11041,98464,7432,,Net,USD,0.0,,2026-06-03
0.0,250000.0,0.0,0.0,10000.0,10000.0,-100000.0,Recall,4500000.0,4500000.0,,,No Call Required,,4500000.0,10475,90463,7870,,Net,USD,0.0,,2026-06-10
0.0,250000.0,0.0,0.0,10000.0,10000.0,200000.0,Call,3700000.0,3700000.0,,,Pending Review,,3700000.0,11402,97097,7210,,Net,USD,0.0,,2026-06-03
0.0,0.0,0.0,0.0,10000.0,10000.0,400000.0,Call,4600000.0,4600000.0,,,No Call Required,,4600000.0,11402,91810,7053,,Net,USD,0.0,,2026-07-01
0.0,0.0,0.0,0.0,10000.0,10000.0,-200000.0,ITM No Calls,3300000.0,3300000.0,,,Pending Review,,3300000.0,10598,99121,7786,,Net,USD,0.0,,2026-06-03
0.0,0.0,0.0,250000.0,10000.0,10000.0,0.0,ITM No Calls,2600000.0,2600000.0,,,No Call Required,,2600000.0,11252,98180,7902,,Net,USD,0.0,,2026-06-10
0.0,250000.0,0.0,0.0,10000.0,10000.0,100000.0,Call,1900000.0,1900000.0,,,No Call Required,,1900000.0,11388,92845,7290,,Net,USD,0.0,,2026-06-03
0.0,250000.0,0.0,0.0,10000.0,10000.0,100000.0,ITM No Calls,3300000.0,3300000.0,,,Pending Review,,3300000.0,10510,95537,7902,,Net,USD,,,2026-06-03
0.0,0.0,0.0,250000.0,10000.0,10000.0,100000.0,Call,2400000.0,2400000.0,,,No Call Required,,2400000.0,10688,91142,7179,,Net,USD,0.0,,2026-07-01
0.0,0.0,0.0,0.0,10000.0,10000.0,200000.0,ITM No Calls,2900000.0,2900000.0,,,Pending Review,,2900000.0,10683,90214,7274,,Net,USD,,,2026-06-17
0.0,250000.0,0.0,250000.0,10000.0,10000.0,200000.0,Call,4800000.0,4800000.0,,,Pending Review,,4800000.0,10136,97081,7591,,Net,USD,0.0,,2026-06-03
0.0,250000.0,0.0,0.0,10000.0,10000.0,200000.0,Recall,2400000.0,2400000.0,,,Pending Review,,2400000.0,11609,90791,7148,,Net,USD,0.0,,2026-07-01
0.0,0.0,0.0,250000.0,10000.0,10000.0,500000.0,Recall,4000000.0,4000000.0,,,Pending Review,,4000000.0,11697,96313,7201,,Net,USD,0.0,,2026-06-17
0.0,250000.0,0.0,250000.0,10000.0,10000.0,-200000.0,Call,4100000.0,4100000.0,,,No Call Required,,4100000.0,10593,97082,7158,,Net,USD,0.0,,2026-06-17
0.0,0.0,0.0,0.0,10000.0,10000.0,0.0,Recall,4600000.0,4600000.0,,,Pending Review,,4600000.0,11465,91696,7268,,Net,USD,0.0,,2026-06-24
0.0,0.0,0.0,250000.0,10000.0,10000.0,400000.0,Call,4200000.0,4200000.0,,,No Call Required,,4200000.0,10031,92999,7858,,Net,USD,0.0,,2026-06-24
0.0,0.0,0.0,250000.0,10000.0,10000.0,-200000.0,Recall,4400000.0,4400000.0,,,No Call Required,,4400000.0,11808,90552,7183,,Net,USD,0.0,,2026-06-24
0.0,250000.0,0.0,0.0,10000.0,10000.0,-100000.0,ITM No Calls,1400000.0,1400000.0,,,No Call Required,,1400000.0,11191,92389,7375,,Net,USD,0.0,,2026-06-24
0.0,250000.0,0.0,0.0,10000.0,10000.0,-100000.0,Call,200000.0,200000.0,,,No Call Required,,200000.0,10512,98557,7863,,Net,USD,0.0,,2026-06-10
0.0,0.0,0.0,250000.0,10000.0,10000.0,300000.0,Call,3700000.0,3700000.0,,,No Call Required,,3700000.0,11697,96574,7106,,Net,USD,0.0,,2026-06-24
0.0,250000.0,0.0,0.0,10000.0,10000.0,300000.0,Call,500000.0,500000.0,,,Pending Review,,500000.0,11285,91069,7315,,Net,USD,0.0,,2026-06-24
0.0,250000.0,0.0,250000.0,10000.0,10000.0,-200000.0,ITM No Calls,2200000.0,2200000.0,,,Pending Review,,2200000.0,10711,99269,7982,,Net,USD,0.0,,2026-06-03
0.0,0.0,0.0,0.0,10000.0,10000.0,300000.0,Recall,3000000.0,3000000.0,,,Pending Review,,3000000.0,10475,94456,7294,,Net,USD,0.0,,2026-06-24
0.0,0.0,0.0,250000.0,10000.0,10000.0,-200000.0,Recall,3900000.0,3900000.0,,,No Call Required,,3900000.0,10259,97779,7611,,Net,USD,0.0,,2026-06-03
0.0,250000.0,0.0,0.0,10000.0,10000.0,300000.0,Call,900000.0,900000.0,,,No Call Required,,900000.0,10558,96343,7081,,Net,USD,0.0,,2026-06-17
0.0,0.0,0.0,0.0,10000.0,10000.0,400000.0,Call,4900000.0,4900000.0,,,No Call Required,,4900000.0,10268,99053,7320,,Net,USD,,,2026-06-10
0.0,0.0,0.0,250000.0,10000.0,10000.0,-100000.0,Call,1600000.0,1600000.0,,,No Call Required,,1600000.0,10098,99248,7801,,Net,USD,0.0,,2026-06-17
0.0,0.0,0.0,0.0,10000.0,10000.0,-200000.0,Call,4600000.0,4600000.0,,,No Call Required,,4600000.0,11709,98185,7867,,Net,USD,0.0,,2026-06-03
0.0,250000.0,0.0,250000.0,10000.0,10000.0,100000.0,Call,4800000.0,4800000.0,,,No Call Required,,4800000.0,10268,98051,7925,,Net,USD,0.0,,2026-06-03
0.0,250000.0,0.0,0.0,10000.0,10000.0,300000.0,Call,3600000.0,3600000.0,,,Pending Review,,3600000.0,10699,90984,7831,,Net,USD,0.0,,2026-07-01
0.0,0.0,0.0,250000.0,10000.0,10000.0,100000.0,Call,2400000.0,2400000.0,,,No Call Required,,2400000.0,11006,98016,7147,,Net,USD,0.0,,2026-06-10
0.0,250000.0,0.0,0.0,10000.0,10000.0,100000.0,Call,1400000.0,1400000.0,,,Pending Review,,1400000.0,10428,94708,7097,,Net,USD,0.0,,2026-06-10
0.0,0.0,0.0,0.0,10000.0,10000.0,300000.0,ITM No Calls,4600000.0,4600000.0,,,Pending Review,,4600000.0,11586,91669,7078,,Net,USD,0.0,,2026-06-17
0.0,250000.0,0.0,250000.0,10000.0,10000.0,-200000.0,Recall,1200000.0,1200000.0,,,No Call Required,,1200000.0,10983,95869,7198,,Net,USD,0.0,,2026-06-10
0.0,0.0,0.0,250000.0,10000.0,10000.0,200000.0,Call,4300000.0,4300000.0,,,No Call Required,,4300000.0,10325,92750,7220,,Net,USD,0.0,,2026-06-17
0.0,0.0,0.0,250000.0,10000.0,10000.0,500000.0,Call,900000.0,900000.0,,,No Call Required,,900000.0,11606,91433,7614,,Net,USD,0.0,,2026-06-17
0.0,0.0,0.0,250000.0,10000.0,10000.0,-200000.0,Call,1100000.0,1100000.0,,,Pending Review,,1100000.0,10666,92220,7334,,Net,USD,0.0,,2026-07-01
0.0,0.0,0.0,0.0,10000.0,10000.0,500000.0,ITM No Calls,1500000.0,1500000.0,,,No Call Required,,1500000.0,11391,97924,7203,,Net,USD,0.0,,2026-07-01
0.0,250000.0,0.0,0.0,10000.0,10000.0,-200000.0,ITM No Calls,200000.0,200000.0,,,Pending Review,,200000.0,11634,99870,7433,,Net,USD,0.0,,2026-06-24
0.0,250000.0,0.0,0.0,10000.0,10000.0,-100000.0,ITM No Calls,1600000.0,1600000.0,,,Pending Review,,1600000.0,11952,96816,7384,,Net,USD,0.0,,2026-06-10
0.0,0.0,0.0,250000.0,10000.0,10000.0,500000.0,Recall,2900000.0,2900000.0,,,No Call Required,,2900000.0,11681,90146,7514,,Net,USD,0.0,,2026-07-01
0.0,0.0,0.0,250000.0,10000.0,10000.0,200000.0,Recall,3900000.0,3900000.0,,,Pending Review,,3900000.0,11612,91006,7657,,Net,USD,0.0,,2026-06-03
0.0,0.0,0.0,0.0,10000.0,10000.0,0.0,ITM No Calls,2700000.0,2700000.0,,,No Call Required,,2700000.0,11883,90267,7898,,Net,USD,0.0,,2026-06-24
0.0,0.0,0.0,250000.0,10000.0,10000.0,200000.0,ITM No Calls,3200000.0,3200000.0,,,Pending Review,,3200000.0,10646,99239,7393,,Net,USD,0.0,,2026-07-01
0.0,250000.0,0.0,250000.0,10000.0,10000.0,200000.0,Recall,3700000.0,3700000.0,,,Pending Review,,3700000.0,10007,91540,7635,,Net,USD,0.0,,2026-06-24
0.0,250000.0,0.0,250000.0,10000.0,10000.0,300000.0,ITM No Calls,3600000.0,3600000.0,,,No Call Required,,3600000.0,10075,99480,7045,,Net,USD,0.0,,2026-06-17
0.0,0.0,0.0,0.0,10000.0,10000.0,-200000.0,ITM No Calls,1800000.0,1800000.0,,,Pending Review,,1800000.0,10266,98009,7465,,Net,USD,0.0,,2026-07-01
0.0,250000.0,0.0,0.0,10000.0,10000.0,300000.0,ITM No Calls,800000.0,800000.0,,,Pending Review,,800000.0,11412,92925,7589,,Net,USD,0.0,,2026-07-01
0.0,250000.0,0.0,250000.0,10000.0,10000.0,500000.0,ITM No Calls,300000.0,300000.0,,,No Call Required,,300000.0,10926,98814,7866,,Net,USD,,,2026-07-01
0.0,0.0,0.0,0.0,10000.0,10000.0,-100000.0,Recall,3500000.0,3500000.0,,,No Call Required,,3500000.0,10115,91509,7474,,Net,USD,0.0,,2026-06-10
0.0,0.0,0.0,250000.0,10000.0,10000.0,-100000.0,ITM No Calls,1200000.0,1200000.0,,,No Call Required,,1200000.0,10168,96687,7024,,Net,USD,0.0,,2026-06-03
0.0,250000.0,0.0,0.0,10000.0,10000.0,200000.0,ITM No Calls,2500000.0,2500000.0,,,Pending Review,,2500000.0,10796,90209,7580,,Net,USD,0.0,,2026-07-01
0.0,0.0,0.0,0.0,10000.0,10000.0,400000.0,Recall,1300000.0,1300000.0,,,No Call Required,,1300000.0,11982,91924,7356,,Net,USD,0.0,,2026-06-03
0.0,0.0,0.0,250000.0,10000.0,10000.0,0.0,Call,1000000.0,1000000.0,,,Pending Review,,1000000.0,10182,97801,7912,,Net,USD,0.0,,2026-07-01
0.0,250000.0,0.0,0.0,10000.0,10000.0,400000.0,Call,3800000.0,3800000.0,,,Pending Review,,3800000.0,11655,97472,7511,,Net,USD,0.0,,2026-06-24
0.0,0.0,0.0,250000.0,10000.0,10000.0,100000.0,ITM No Calls,2100000.0,2100000.0,,,No Call Required,,2100000.0,11135,90550,7296,,Net,USD,0.0,,2026-07-01
0.0,250000.0,0.0,250000.0,10000.0,10000.0,200000.0,Call,2500000.0,2500000.0,,,Pending Review,,2500000.0,10067,90626,7135,,Net,USD,0.0,,2026-06-24
0.0,250000.0,0.0,250000.0,10000.0,10000.0,-100000.0,Recall,4400000.0,4400000.0,,,No Call Required,,4400000.0,10027,99900,7701,,Net,USD,0.0,,2026-06-24
0.0,250000.0,0.0,0.0,10000.0,10000.0,100000.0,Recall,3800000.0,3800000.0,,,Pending Review,,3800000.0,10437,97466,7370,,Net,USD,0.0,,2026-06-03
0.0,250000.0,0.0,0.0,10000.0,10000.0,-100000.0,ITM No Calls,1600000.0,1600000.0,,,No Call Required,,1600000.0,10371,94814,7395,,Net,USD,0.0,,2026-06-03
0.0,250000.0,0.0,250000.0,10000.0,10000.0,400000.0,Call,4200000.0,4200000.0,,,Pending Review,,4200000.0,10309,92013,7547,,Net,USD,,,2026-06-17
0.0,250000.0,0.0,250000.0,10000.0,10000.0,300000.0,ITM No Calls,4000000.0,4000000.0,,,Pending Review,,4000000.0,11335,99035,7552,,Net,USD,0.0,,2026-06-17
0.0,0.0,0.0,0.0,10000.0,10000.0,0.0,Call,5000000.0,5000000.0,,,Pending Review,,5000000.0,11130,97337,7022,,Net,USD,0.0,,2026-06-24
0.0,0.0,0.0,250000.0,10000.0,10000.0,400000.0,Call,4500000.0,4500000.0,,,Pending Review,,4500000.0,11393,91461,7534,,Net,USD,0.0,,2026-06-03
0.0,0.0,0.0,250000.0,10000.0,10000.0,300000.0,Recall,3100000.0,3100000.0,,,No Call Required,,3100000.0,11661,95303,7789,,Net,USD,0.0,,2026-06-03
0.0,0.0,0.0,0.0,10000.0,10000.0,300000.0,ITM No Calls,1500000.0,1500000.0,,,Pending Review,,1500000.0,10651,90885,7046,,Net,USD,0.0,,2026-06-10
0.0,250000.0,0.0,250000.0,10000.0,10000.0,400000.0,Call,4300000.0,4300000.0,,,No Call Required,,4300000.0,11242,93891,7927,,Net,USD,0.0,,2026-06-10
0.0,0.0,0.0,250000.0,10000.0,10000.0,0.0,Recall,2800000.0,2800000.0,,,Pending Review,,2800000.0,10470,91143,7755,,Net,USD,0.0,,2026-06-03
0.0,250000.0,0.0,250000.0,10000.0,10000.0,-100000.0,Call,1600000.0,1600000.0,,,No Call Required,,1600000.0,11414,95267,7994,,Net,USD,0.0,,2026-06-24
0.0,0.0,0.0,0.0,10000.0,10000.0,0.0,ITM No Calls,4100000.0,4100000.0,,,Pending Review,,4100000.0,11577,99452,7006,,Net,USD,0.0,,2026-06-17
0.0,0.0,0.0,250000.0,10000.0,10000.0,0.0,Call,2700000.0,2700000.0,,,No Call Required,,2700000.0,10243,95188,7801,,Net,USD,0.0,,2026-06-17
0.0,250000.0,0.0,0.0,10000.0,10000.0,-100000.0,ITM No Calls,2400000.0,2400000.0,,,No Call Required,,2400000.0,11858,93075,7061,,Net,USD,0.0,,2026-07-01
0.0,250000.0,0.0,250000.0,10000.0,10000.0,400000.0,ITM No Calls,1000000.0,1000000.0,,,No Call Required,,1000000.0,11500,98488,7367,,Net,USD,0.0,,2026-06-03
0.0,250000.0,0.0,0.0,10000.0,10000.0,400000.0,ITM No Calls,1400000.0,1400000.0,,,No Call Required,,1400000.0,10235,99695,7305,,Net,USD,0.0,,2026-06-03
0.0,250000.0,0.0,0.0,10000.0,10000.0,-200000.0,ITM No Calls,2700000.0,2700000.0,,,Pending Review,,2700000.0,11867,98720,7811,,Net,USD,0.0,,2026-06-03
0.0,0.0,0.0,0.0,10000.0,10000.0,100000.0,Call,0.0,0.0,,,Pending Review,,0.0,10508,92064,7931,,Net,USD,0.0,,2026-06-10
0.0,250000.0,0.0,0.0,10000.0,10000.0,-100000.0,Recall,4700000.0,4700000.0,,,Pending Review,,4700000.0,10522,99981,7959,,Net,USD,0.0,,2026-06-03
0.0,250000.0,0.0,0.0,10000.0,10000.0,-200000.0,ITM No Calls,4900000.0,4900000.0,,,Pending Review,,4900000.0,10954,98627,7980,,Net,USD,0.0,,2026-06-24
0.0,250000.0,0.0,250000.0,10000.0,10000.0,300000.0,ITM No Calls,1100000.0,1100000.0,,,No Call Required,,1100000.0,10701,98482,7488,,Net,USD,,,2026-06-03
0.0,0.0,0.0,250000.0,10000.0,10000.0,0.0,ITM No Calls,4300000.0,4300000.0,,,No Call Required,,4300000.0,11338,97752,7328,,Net,USD,0.0,,2026-06-17
0.0,0.0,0.0,0.0,10000.0,10000.0,-100000.0,Call,3600000.0,3600000.0,,,No Call Required,,3600000.0,11064,91437,7904,,Net,USD,0.0,,2026-06-17
0.0,250000.0,0.0,250000.0,10000.0,10000.0,-200000.0,Call,2500000.0,2500000.0,,,No Call Required,,2500000.0,10271,91697,7763,,Net,USD,0.0,,2026-06-03
0.0,0.0,0.0,250000.0,10000.0,10000.0,300000.0,ITM No Calls,5000000.0,5000000.0,,,No Call Required,,5000000.0,11014,90844,7924,,Net,USD,0.0,,2026-06-10
0.0,0.0,0.0,250000.0,10000.0,10000.0,100000.0,Call,400000.0,400000.0,,,Pending Review,,400000.0,11551,96910,7455,,Net,USD,0.0,,2026-06-24
0.0,250000.0,0.0,250000.0,10000.0,10000.0,-100000.0,Recall,1000000.0,1000000.0,,,No Call Required,,1000000.0,11278,90049,7670,,Net,USD,0.0,,2026-06-03
0.0,0.0,0.0,0.0,10000.0,10000.0,-200000.0,Recall,4500000.0,4500000.0,,,No Call Required,,4500000.0,10957,91763,7361,,Net,USD,0.0,,2026-06-17
0.0,250000.0,0.0,250000.0,10000.0,10000.0,-100000.0,Recall,3200000.0,3200000.0,,,No Call Required,,3200000.0,10428,94708,7946,,Net,USD,0.0,,2026-07-01
0.0,250000.0,0.0,0.0,10000.0,10000.0,500000.0,Recall,1200000.0,1200000.0,,,Pending Review,,1200000.0,10514,92463,7838,,Net,USD,0.0,,2026-06-24
0.0,0.0,0.0,0.0,10000.0,10000.0,100000.0,Call,2500000.0,2500000.0,,,Pending Review,,2500000.0,10038,92034,7207,,Net,USD,0.0,,2026-07-01
0.0,0.0,0.0,0.0,10000.0,10000.0,-200000.0,Call,2600000.0,2600000.0,,,Pending Review,,2600000.0,11300,96313,7540,,Net,USD,0.0,,2026-06-10
0.0,0.0,0.0,0.0,10000.0,10000.0,0.0,Call,2500000.0,2500000.0,,,Pending Review,,2500000.0,11360,93413,7472,,Net,USD,0.0,,2026-06-10
0.0,0.0,0.0,0.0,10000.0,10000.0,500000.0,Call,3000000.0,3000000.0,,,Pending Review,,3000000.0,10102,92438,7903,,Net,USD,0.0,,2026-06-24
0.0,250000.0,0.0,0.0,10000.0,10000.0,500000.0,ITM No Calls,1300000.0,1300000.0,,,Pending Review,,1300000.0,10868,92671,7058,,Net,USD,0.0,,2026-06-24
0.0,0.0,0.0,0.0,10000.0,10000.0,-100000.0,ITM No Calls,1700000.0,1700000.0,,,No Call Required,,1700000.0,11245,92276,7183,,Net,USD,0.0,,2026-06-24
0.0,250000.0,0.0,250000.0,10000.0,10000.0,300000.0,ITM No Calls,400000.0,400000.0,,,No Call Required,,400000.0,10035,94862,7040,,Net,USD,0.0,,2026-06-03
0.0,0.0,0.0,250000.0,10000.0,10000.0,200000.0,Call,3900000.0,3900000.0,,,No Call Required,,3900000.0,10763,97639,7095,,Net,USD,0.0,,2026-06-24
0.0,250000.0,0.0,250000.0,10000.0,10000.0,300000.0,Call,2700000.0,2700000.0,,,No Call Required,,2700000.0,11999,99201,7275,,Net,USD,0.0,,2026-06-17
0.0,250000.0,0.0,250000.0,10000.0,10000.0,0.0,Call,3700000.0,3700000.0,,,No Call Required,,3700000.0,10784,93397,7379,,Net,USD,0.0,,2026-06-10
0.0,0.0,0.0,0.0,10000.0,10000.0,500000.0,Call,3700000.0,3700000.0,,,Pending Review,,3700000.0,11766,90630,7495,,Net,USD,0.0,,2026-07-01
0.0,250000.0,0.0,0.0,10000.0,10000.0,100000.0,Call,1000000.0,1000000.0,,,Pending Review,,1000000.0,11245,97057,7143,,Net,USD,0.0,,2026-06-17
0.0,0.0,0.0,250000.0,10000.0,10000.0,100000.0,Call,3200000.0,3200000.0,,,No Call Required,,3200000.0,11611,97319,7205,,Net,USD,0.0,,2026-06-03
0.0,0.0,0.0,250000.0,10000.0,10000.0,-200000.0,ITM No Calls,4700000.0,4700000.0,,,Pending Review,,4700000.0,10034,95574,7565,,Net,USD,0.0,,2026-06-03
0.0,0.0,0.0,0.0,10000.0,10000.0,400000.0,Recall,3000000.0,3000000.0,,,No Call Required,,3000000.0,11633,98727,7746,,Net,USD,0.0,,2026-07-01
0.0,0.0,0.0,250000.0,10000.0,10000.0,400000.0,Call,3200000.0,3200000.0,,,Pending Review,,3200000.0,11896,93637,7773,,Net,USD,0.0,,2026-06-03
0.0,0.0,0.0,250000.0,10000.0,10000.0,0.0,Call,5000000.0,5000000.0,,,No Call Required,,5000000.0,10133,93248,7132,,Net,USD,0.0,,2026-07-01
0.0,0.0,0.0,250000.0,10000.0,10000.0,-200000.0,Call,500000.0,500000.0,,,Pending Review,,500000.0,11314,90160,7990,,Net,USD,0.0,,2026-06-24
0.0,0.0,0.0,250000.0,10000.0,10000.0,300000.0,ITM No Calls,4500000.0,4500000.0,,,Pending Review,,4500000.0,11482,93354,7456,,Net,USD,0.0,,2026-06-10
0.0,0.0,0.0,0.0,10000.0,10000.0,-200000.0,Call,3300000.0,3300000.0,,,No Call Required,,3300000.0,10064,94652,7472,,Net,USD,0.0,,2026-06-03
0.0,0.0,0.0,0.0,10000.0,10000.0,500000.0,Recall,1300000.0,1300000.0,,,Pending Review,,1300000.0,11877,99504,7880,,Net,USD,,,2026-06-10
0.0,250000.0,0.0,250000.0,10000.0,10000.0,0.0,ITM No Calls,3700000.0,3700000.0,,,Pending Review,,3700000.0,11473,94188,7625,,Net,USD,0.0,,2026-06-03
0.0,250000.0,0.0,250000.0,10000.0,10000.0,-200000.0,ITM No Calls,3400000.0,3400000.0,,,Pending Review,,3400000.0,10963,95466,7603,,Net,USD,0.0,,2026-06-10
0.0,0.0,0.0,0.0,10000.0,10000.0,-100000.0,ITM No Calls,1100000.0,1100000.0,,,Pending Review,,1100000.0,10472,99951,7325,,Net,USD,0.0,,2026-06-10
0.0,250000.0,0.0,250000.0,10000.0,10000.0,100000.0,Recall,3100000.0,3100000.0,,,No Call Required,,3100000.0,10305,91109,7104,,Net,USD,0.0,,2026-06-10
0.0,0.0,0.0,0.0,10000.0,10000.0,500000.0,Recall,4800000.0,4800000.0,,,Pending Review,,4800000.0,10827,94976,7464,,Net,USD,0.0,,2026-06-24
0.0,0.0,0.0,0.0,10000.0,10000.0,500000.0,ITM No Calls,900000.0,900000.0,,,No Call Required,,900000.0,11876,97316,7469,,Net,USD,0.0,,2026-07-01
0.0,250000.0,0.0,250000.0,10000.0,10000.0,200000.0,Call,3100000.0,3100000.0,,,No Call Required,,3100000.0,11988,94345,7183,,Net,USD,0.0,,2026-07-01
0.0,0.0,0.0,0.0,10000.0,10000.0,-100000.0,Call,3200000.0,3200000.0,,,Pending Review,,3200000.0,11436,92714,7335,,Net,USD,0.0,,2026-06-03
0.0,0.0,0.0,250000.0,10000.0,10000.0,100000.0,Call,3400000.0,3400000.0,,,No Call Required,,3400000.0,11893,99231,7222,,Net,USD,0.0,,2026-06-10
0.0,0.0,0.0,250000.0,10000.0,10000.0,-200000.0,ITM No Calls,2900000.0,2900000.0,,,No Call Required,,2900000.0,10187,93858,7271,,Net,USD,0.0,,2026-06-24
0.0,250000.0,0.0,250000.0,10000.0,10000.0,200000.0,ITM No Calls,700000.0,700000.0,,,No Call Required,,700000.0,10406,93158,7192,,Net,USD,0.0,,2026-06-24
0.0,0.0,0.0,0.0,10000.0,10000.0,-200000.0,Call,900000.0,900000.0,,,No Call Required,,900000.0,11032,90622,7728,,Net,USD,0.0,,2026-06-10
0.0,0.0,0.0,0.0,10000.0,10000.0,0.0,Call,4200000.0,4200000.0,,,No Call Required,,4200000.0,10977,99814,7732,,Net,USD,0.0,,2026-06-10
0.0,0.0,0.0,0.0,10000.0,10000.0,300000.0,ITM No Calls,900000.0,900000.0,,,Pending Review,,900000.0,10316,91439,7809,,Net,USD,0.0,,2026-06-24
0.0,250000.0,0.0,250000.0,10000.0,10000.0,-100000.0,ITM No Calls,100000.0,100000.0,,,Pending Review,,100000.0,11285,90392,7279,,Net,USD,0.0,,2026-07-01
0.0,0.0,0.0,250000.0,10000.0,10000.0,-200000.0,Call,2200000.0,2200000.0,,,No Call Required,,2200000.0,10050,94157,7702,,Net,USD,,,2026-06-24
0.0,0.0,0.0,0.0,10000.0,10000.0,0.0,ITM No Calls,4800000.0,4800000.0,,,Pending Review,,4800000.0,10455,93877,7179,,Net,USD,0.0,,2026-06-10
0.0,0.0,0.0,0.0,10000.0,10000.0,-200000.0,Call,1500000.0,1500000.0,,,No Call Required,,1500000.0,11743,90461,7152,,Net,USD,0.0,,2026-06-03
0.0,0.0,0.0,0.0,10000.0,10000.0,-100000.0,Call,3600000.0,3600000.0,,,Pending Review,,3600000.0,10597,95700,7653,,Net,USD,0.0,,2026-06-24
0.0,0.0,0.0,250000.0,10000.0,10000.0,500000.0,ITM No Calls,2800000.0,2800000.0,,,Pending Review,,2800000.0,10965,96700,7764,,Net,USD,0.0,,2026-06-24
0.0,0.0,0.0,0.0,10000.0,10000.0,500000.0,Recall,900000.0,900000.0,,,Pending Review,,900000.0,11970,90634,7968,,Net,USD,,,2026-06-03
0.0,0.0,0.0,250000.0,10000.0,10000.0,200000.0,Call,300000.0,300000.0,,,No Call Required,,300000.0,11966,95564,7754,,Net,USD,0.0,,2026-07-01
0.0,0.0,0.0,250000.0,10000.0,10000.0,100000.0,Call,2700000.0,2700000.0,,,No Call Required,,2700000.0,10998,91930,7348,,Net,USD,0.0,,2026-06-10
0.0,0.0,0.0,250000.0,10000.0,10000.0,-100000.0,ITM No Calls,4500000.0,4500000.0,,,No Call Required,,4500000.0,10269,92783,7994,,Net,USD,0.0,,2026-06-10
0.0,250000.0,0.0,250000.0,10000.0,10000.0,-200000.0,Call,2500000.0,2500000.0,,,No Call Required,,2500000.0,11855,96503,7720,,Net,USD,0.0,,2026-06-03
0.0,250000.0,0.0,250000.0,10000.0,10000.0,100000.0,Recall,1700000.0,1700000.0,,,No Call Required,,1700000.0,10130,96032,7673,,Net,USD,0.0,,2026-07-01
0.0,0.0,0.0,0.0,10000.0,10000.0,500000.0,ITM No Calls,400000.0,400000.0,,,No Call Required,,400000.0,11602,90323,7524,,Net,USD,0.0,,2026-06-10
0.0,250000.0,0.0,0.0,10000.0,10000.0,400000.0,Call,2200000.0,2200000.0,,,No Call Required,,2200000.0,10921,98673,7220,,Net,USD,0.0,,2026-06-17
0.0,0.0,0.0,0.0,10000.0,10000.0,500000.0,ITM No Calls,4100000.0,4100000.0,,,Pending Review,,4100000.0,10931,96202,7409,,Net,USD,0.0,,2026-06-10
0.0,0.0,0.0,250000.0,10000.0,10000.0,100000.0,ITM No Calls,800000.0,800000.0,,,No Call Required,,800000.0,10697,97492,7468,,Net,USD,0.0,,2026-06-24
0.0,250000.0,0.0,250000.0,10000.0,10000.0,300000.0,Call,1700000.0,1700000.0,,,No Call Required,,1700000.0,11222,90768,7851,,Net,USD,0.0,,2026-06-03
0.0,0.0,0.0,0.0,10000.0,10000.0,300000.0,ITM No Calls,1400000.0,1400000.0,,,No Call Required,,1400000.0,10888,93750,7223,,Net,USD,0.0,,2026-06-17
0.0,250000.0,0.0,0.0,10000.0,10000.0,-200000.0,Recall,2800000.0,2800000.0,,,No Call Required,,2800000.0,10006,98770,7760,,Net,USD,0.0,,2026-06-10
0.0,0.0,0.0,0.0,10000.0,10000.0,300000.0,ITM No Calls,2000000.0,2000000.0,,,Pending Review,,2000000.0,11094,99270,7469,,Net,USD,0.0,,2026-06-10
0.0,250000.0,0.0,0.0,10000.0,10000.0,-200000.0,ITM No Calls,2500000.0,2500000.0,,,Pending Review,,2500000.0,11497,95903,7267,,Net,USD,0.0,,2026-06-10
0.0,0.0,0.0,250000.0,10000.0,10000.0,100000.0,Recall,3300000.0,3300000.0,,,No Call Required,,3300000.0,10985,97028,7992,,Net,USD,0.0,,2026-06-03
0.0,0.0,0.0,0.0,10000.0,10000.0,300000.0,Recall,4800000.0,4800000.0,,,Pending Review,,4800000.0,11551,92380,7700,,Net,USD,,,2026-06-10
0.0,250000.0,0.0,0.0,10000.0,10000.0,100000.0,ITM No Calls,4400000.0,4400000.0,,,No Call Required,,4400000.0,10333,98151,7973,,Net,USD,0.0,,2026-06-03
0.0,0.0,0.0,250000.0,10000.0,10000.0,-200000.0,ITM No Calls,1200000.0,1200000.0,,,Pending Review,,1200000.0,10941,91270,7600,,Net,USD,0.0,,2026-06-24
0.0,0.0,0.0,0.0,10000.0,10000.0,400000.0,Call,0.0,0.0,,,Pending Review,,0.0,10094,98291,7833,,Net,USD,0.0,,2026-07-01
0.0,250000.0,0.0,0.0,10000.0,10000.0,500000.0,Call,4600000.0,4600000.0,,,No Call Required,,4600000.0,10763,90824,7244,,Net,USD,0.0,,2026-06-17
0.0,250000.0,0.0,250000.0,10000.0,10000.0,-200000.0,Call,400000.0,400000.0,,,No Call Required,,400000.0,10828,93052,7508,,Net,USD,0.0,,2026-06-10
0.0,250000.0,0.0,0.0,10000.0,10000.0,400000.0,Call,3100000.0,3100000.0,,,No Call Required,,3100000.0,11763,99751,7162,,Net,USD,0.0,,2026-06-24
0.0,250000.0,0.0,250000.0,10000.0,10000.0,0.0,Recall,2200000.0,2200000.0,,,Pending Review,,2200000.0,11712,98004,7628,,Net,USD,0.0,,2026-06-17
0.0,0.0,0.0,250000.0,10000.0,10000.0,-200000.0,Recall,4200000.0,4200000.0,,,Pending Review,,4200000.0,11806,90869,7319,,Net,USD,0.0,,2026-06-24
0.0,250000.0,0.0,0.0,10000.0,10000.0,300000.0,Call,2100000.0,2100000.0,,,Pending Review,,2100000.0,11241,95817,7883,,Net,USD,0.0,,2026-06-24
0.0,250000.0,0.0,0.0,10000.0,10000.0,300000.0,Recall,3200000.0,3200000.0,,,No Call Required,,3200000.0,10601,98684,7922,,Net,USD,,,2026-06-17
0.0,0.0,0.0,0.0,10000.0,10000.0,-200000.0,Recall,3300000.0,3300000.0,,,No Call Required,,3300000.0,11952,90703,7691,,Net,USD,0.0,,2026-07-01
0.0,250000.0,0.0,250000.0,10000.0,10000.0,200000.0,Call,1800000.0,1800000.0,,,Pending Review,,1800000.0,11342,92301,7282,,Net,USD,0.0,,2026-06-17
0.0,0.0,0.0,0.0,10000.0,10000.0,0.0,Call,3300000.0,3300000.0,,,Pending Review,,3300000.0,10622,95932,7913,,Net,USD,0.0,,2026-06-10
0.0,0.0,0.0,0.0,10000.0,10000.0,300000.0,ITM No Calls,1100000.0,1100000.0,,,No Call Required,,1100000.0,10775,98184,7783,,Net,USD,0.0,,2026-06-03
0.0,0.0,0.0,0.0,10000.0,10000.0,300000.0,Recall,3700000.0,3700000.0,,,Pending Review,,3700000.0,11914,91119,7740,,Net,USD,0.0,,2026-06-24
0.0,250000.0,0.0,0.0,10000.0,10000.0,-100000.0,ITM No Calls,2700000.0,2700000.0,,,No Call Required,,2700000.0,10817,95952,7563,,Net,USD,0.0,,2026-07-01
0.0,0.0,0.0,250000.0,10000.0,10000.0,500000.0,Recall,2300000.0,2300000.0,,,No Call Required,,2300000.0,11962,90094,7831,,Net,USD,0.0,,2026-06-24
0.0,250000.0,0.0,0.0,10000.0,10000.0,300000.0,Recall,4100000.0,4100000.0,,,No Call Required,,4100000.0,10040,91067,7955,,Net,USD,0.0,,2026-06-24
0.0,0.0,0.0,250000.0,10000.0,10000.0,400000.0,ITM No Calls,4600000.0,4600000.0,,,Pending Review,,4600000.0,10615,95093,7209,,Net,USD,0.0,,2026-06-24
0.0,250000.0,0.0,0.0,10000.0,10000.0,400000.0,Recall,1400000.0,1400000.0,,,No Call Required,,1400000.0,10440,95943,7791,,Net,USD,0.0,,2026-06-17
0.0,250000.0,0.0,250000.0,10000.0,10000.0,-200000.0,ITM No Calls,1600000.0,1600000.0,,,No Call Required,,1600000.0,11936,97446,7024,,Net,USD,0.0,,2026-06-10
0.0,250000.0,0.0,0.0,10000.0,10000.0,400000.0,Recall,600000.0,600000.0,,,Pending Review,,600000.0,11995,92150,7834,,Net,USD,0.0,,2026-06-03
0.0,250000.0,0.0,0.0,10000.0,10000.0,400000.0,ITM No Calls,4400000.0,4400000.0,,,No Call Required,,4400000.0,10929,95436,7295,,Net,USD,0.0,,2026-06-24
0.0,250000.0,0.0,250000.0,10000.0,10000.0,-100000.0,ITM No Calls,1800000.0,1800000.0,,,No Call Required,,1800000.0,10605,94618,7512,,Net,USD,0.0,,2026-06-24
0.0,0.0,0.0,0.0,10000.0,10000.0,-100000.0,Call,4700000.0,4700000.0,,,Pending Review,,4700000.0,10028,93203,7971,,Net,USD,0.0,,2026-06-10
0.0,0.0,0.0,0.0,10000.0,10000.0,500000.0,Recall,3300000.0,3300000.0,,,No Call Required,,3300000.0,10310,96915,7104,,Net,USD,0.0,,2026-07-01
0.0,250000.0,0.0,250000.0,10000.0,10000.0,-200000.0,Recall,3400000.0,3400000.0,,,No Call Required,,3400000.0,10513,97092,7372,,Net,USD,0.0,,2026-06-24
0.0,0.0,0.0,0.0,10000.0,10000.0,400000.0,Call,3500000.0,3500000.0,,,Pending Review,,3500000.0,10252,92807,7247,,Net,USD,0.0,,2026-07-01
0.0,0.0,0.0,250000.0,10000.0,10000.0,-100000.0,Recall,4600000.0,4600000.0,,,No Call Required,,4600000.0,11403,95780,7634,,Net,USD,0.0,,2026-06-17
0.0,250000.0,0.0,250000.0,10000.0,10000.0,200000.0,Recall,3400000.0,3400000.0,,,No Call Required,,3400000.0,10365,99123,7399,,Net,USD,0.0,,2026-06-03
0.0,250000.0,0.0,250000.0,10000.0,10000.0,-200000.0,ITM No Calls,3400000.0,3400000.0,,,Pending Review,,3400000.0,10765,94948,7222,,Net,USD,0.0,,2026-06-24
0.0,250000.0,0.0,250000.0,10000.0,10000.0,-200000.0,Recall,2300000.0,2300000.0,,,No Call Required,,2300000.0,11817,92247,7945,,Net,USD,0.0,,2026-06-10
0.0,0.0,0.0,0.0,10000.0,10000.0,100000.0,Recall,4600000.0,4600000.0,,,No Call Required,,4600000.0,11372,99527,7519,,Net,USD,0.0,,2026-07-01
0.0,250000.0,0.0,0.0,10000.0,10000.0,400000.0,Recall,2200000.0,2200000.0,,,Pending Review,,2200000.0,10773,96228,7835,,Net,USD,0.0,,2026-06-10
0.0,250000.0,0.0,250000.0,10000.0,10000.0,500000.0,Call,4000000.0,4000000.0,,,No Call Required,,4000000.0,10147,96828,7893,,Net,USD,0.0,,2026-06-03
0.0,0.0,0.0,250000.0,10000.0,10000.0,100000.0,Call,3100000.0,3100000.0,,,Pending Review,,3100000.0,10621,90551,7615,,Net,USD,0.0,,2026-06-03
0.0,250000.0,0.0,0.0,10000.0,10000.0,0.0,Recall,3500000.0,3500000.0,,,Pending Review,,3500000.0,10078,96356,7542,,Net,USD,0.0,,2026-06-03
0.0,0.0,0.0,0.0,10000.0,10000.0,-100000.0,ITM No Calls,4000000.0,4000000.0,,,Pending Review,,4000000.0,10929,99490,7517,,Net,USD,0.0,,2026-06-03
0.0,0.0,0.0,0.0,10000.0,10000.0,-100000.0,ITM No Calls,2500000.0,2500000.0,,,Pending Review,,2500000.0,11647,97695,7029,,Net,USD,0.0,,2026-06-17
0.0,250000.0,0.0,0.0,10000.0,10000.0,100000.0,ITM No Calls,800000.0,800000.0,,,No Call Required,,800000.0,11879,90514,7630,,Net,USD,0.0,,2026-06-17
0.0,0.0,0.0,0.0,10000.0,10000.0,-100000.0,Call,700000.0,700000.0,,,Pending Review,,700000.0,11911,98720,7376,,Net,USD,0.0,,2026-07-01
0.0,250000.0,0.0,250000.0,10000.0,10000.0,400000.0,Call,2100000.0,2100000.0,,,Pending Review,,2100000.0,11846,92271,7930,,Net,USD,0.0,,2026-06-24
0.0,250000.0,0.0,250000.0,10000.0,10000.0,-200000.0,ITM No Calls,3900000.0,3900000.0,,,Pending Review,,3900000.0,10140,92026,7251,,Net,USD,0.0,,2026-06-17
0.0,250000.0,0.0,250000.0,10000.0,10000.0,0.0,ITM No Calls,1200000.0,1200000.0,,,No Call Required,,1200000.0,10147,90911,7637,,Net,USD,0.0,,2026-06-24
0.0,0.0,0.0,0.0,10000.0,10000.0,-100000.0,Call,1100000.0,1100000.0,,,Pending Review,,1100000.0,11831,98827,7778,,Net,USD,0.0,,2026-06-24
0.0,250000.0,0.0,250000.0,10000.0,10000.0,100000.0,ITM No Calls,700000.0,700000.0,,,No Call Required,,700000.0,10550,98508,7586,,Net,USD,0.0,,2026-06-17
0.0,250000.0,0.0,0.0,10000.0,10000.0,200000.0,ITM No Calls,900000.0,900000.0,,,No Call Required,,900000.0,10215,97875,7463,,Net,USD,0.0,,2026-06-03
0.0,250000.0,0.0,250000.0,10000.0,10000.0,100000.0,Recall,1300000.0,1300000.0,,,No Call Required,,1300000.0,10819,96880,7577,,Net,USD,0.0,,2026-06-17
